-0.5459005376 -0.0815621809 -0.8338706217 -37.8768442509 0.8361534438 -0.1163375602 -0.5360158492 7.0175483003 -0.0532918520 -0.9898551322 0.1317072351 -3.7098138658 0.0000000000 0.0000000000 0.0000000000 1.0000000000
-0.5516129440 -0.0818253841 -0.8300769642 -37.8765419008 0.8323925568 -0.1176503498 -0.5415542693 7.0175969612 -0.0533459591 -0.9896782314 0.1330082965 -3.7098929164 0.0000000000 0.0000000000 0.0000000000 1.0000000000
-0.5525124462 -0.0819173491 -0.8294694357 -37.8763896064 0.8317900654 -0.1179878431 -0.5424058960 7.0180701667 -0.0534348565 -0.9896304445 0.1333277890 -3.7102455379 0.0000000000 0.0000000000 0.0000000000 1.0000000000
-0.5527408043 -0.0811453742 -0.8293931706 -37.8763885610 0.8315990047 -0.1182507209 -0.5426415597 7.0187052966 -0.0540434879 -0.9896626674 0.1328424110 -3.7108264445 0.0000000000 0.0000000000 0.0000000000 1.0000000000
-0.5562720964 -0.0802719069 -0.8271141250 -37.8763639367 0.8292216458 -0.1187041393 -0.5461691949 7.0191918800 -0.0543398276 -0.9896796190 0.1325950032 -3.7114435364 0.0000000000 0.0000000000 0.0000000000 1.0000000000
-0.5577086344 -0.0793537435 -0.8262348713 -37.8764370249 0.8282564181 -0.1183662156 -0.5477049798 7.0197069955 -0.0543358545 -0.9897941313 0.1317391078 -3.7122321974 0.0000000000 0.0000000000 0.0000000000 1.0000000000
-0.5581860144 -0.0777768668 -0.8260624264 -37.8765627237 0.8278300302 -0.1192915522 -0.5481486720 7.0202280758 -0.0559089828 -0.9898082059 0.1309729021 -3.7128712733 0.0000000000 0.0000000000 0.0000000000 1.0000000000
-0.5595494773 -0.0755211756 -0.8253489774 -37.8767786768 0.8267776858 -0.1203351113 -0.5495071603 7.0207013019 -0.0578190343 -0.9898565618 0.1297726714 -3.7132783573 0.0000000000 0.0000000000 0.0000000000 1.0000000000
-0.5640602615 -0.0703498061 -0.8227313815 -37.8772606427 0.8234017005 -0.1227482880 -0.5540239141 7.0217446553 -0.0620133936 -0.9899412925 0.1271635814 -3.7139535133 0.0000000000 0.0000000000 0.0000000000 1.0000000000
-0.5638341677 -0.0699505020 -0.8229203841 -37.8772557082 0.8235325009 -0.1228202854 -0.5538135042 7.0223422958 -0.0623317838 -0.9899606582 0.1268567852 -3.7143844521 0.0000000000 0.0000000000 0.0000000000 1.0000000000
-0.5626885715 -0.0707378899 -0.8236368875 -37.8770474922 0.8244061245 -0.1216859672 -0.5527631203 7.0229007382 -0.0611237545 -0.9900447850 0.1267880527 -3.7148298130 0.0000000000 0.0000000000 0.0000000000 1.0000000000
-0.5611702348 -0.0717140172 -0.8245878166 -37.8767891466 0.8254526491 -0.1218597461 -0.5511607083 7.0234452791 -0.0609581134 -0.9899531817 0.1275805878 -3.7152159038 0.0000000000 0.0000000000 0.0000000000 1.0000000000
-0.5615772342 -0.0716972115 -0.8243121495 -37.8766589716 0.8250509959 -0.1239234439 -0.5513019446 7.0239111865 -0.0626247883 -0.9896981812 0.1287464406 -3.7153504491 0.0000000000 0.0000000000 0.0000000000 1.0000000000
-0.5628691313 -0.0705534624 -0.8235293255 -37.8767042524 0.8239917936 -0.1261664281 -0.5523762817 7.0243457790 -0.0649296942 -0.9894969638 0.1291506618 -3.7154417763 0.0000000000 0.0000000000 0.0000000000 1.0000000000
-0.5639513424 -0.0698804611 -0.8228460394 -37.8768538701 0.8231428695 -0.1275559781 -0.5533220480 7.0247062057 -0.0662925315 -0.9893665618 0.1294569683 -3.7156141656 0.0000000000 0.0000000000 0.0000000000 1.0000000000
-0.5629154116 -0.0711436398 -0.8234469150 -37.8768523546 0.8240152286 -0.1257275495 -0.5524413873 7.0249565094 -0.0642272717 -0.9895105688 0.1293974179 -3.7159872876 0.0000000000 0.0000000000 0.0000000000 1.0000000000
-0.5597047270 -0.0727795408 -0.8254900103 -37.8768302337 0.8263081727 -0.1245188080 -0.5492812304 7.0251225912 -0.0628125964 -0.9895444431 0.1298320948 -3.7164392181 0.0000000000 0.0000000000 0.0000000000 1.0000000000
-0.5602297858 -0.0734805138 -0.8250716340 -37.8767589381 0.8259931924 -0.1244375187 -0.5497731806 7.0249449412 -0.0622722511 -0.9895028641 0.1304080086 -3.7167661358 0.0000000000 0.0000000000 0.0000000000 1.0000000000
-0.5606909249 -0.0730131260 -0.8247998364 -37.8769144370 0.8256133898 -0.1252678109 -0.5501549838 7.0246711313 -0.0631523348 -0.9894326955 0.1305171392 -3.7169640887 0.0000000000 0.0000000000 0.0000000000 1.0000000000
-0.5596745252 -0.0707859765 -0.8256838204 -37.8773449045 0.8261930745 -0.1252929031 -0.5492783375 7.0244520298 -0.0645711195 -0.9895913469 0.1286061296 -3.7170478202 0.0000000000 0.0000000000 0.0000000000 1.0000000000
-0.5592716868 -0.0688404939 -0.8261211574 -37.8778179295 0.8264187160 -0.1246434607 -0.5490866175 7.0241653711 -0.0651712060 -0.9898105850 0.1266006311 -3.7172936485 0.0000000000 0.0000000000 0.0000000000 1.0000000000
-0.5598988697 -0.0690304236 -0.8256803597 -37.8781254921 0.8260715743 -0.1236967757 -0.5498225731 7.0237376199 -0.0641795131 -0.9899161118 0.1262817556 -3.7178943288 0.0000000000 0.0000000000 0.0000000000 1.0000000000
-0.5610877822 -0.0693998742 -0.8248418989 -37.8783661541 0.8253889001 -0.1222184326 -0.5511767578 7.0231614034 -0.0625592863 -0.9900738923 0.1258571551 -3.7187723693 0.0000000000 0.0000000000 0.0000000000 1.0000000000
-0.5590648195 -0.0682583697 -0.8263094593 -37.8789434327 0.8267598772 -0.1210997307 -0.5493659624 7.0227429426 -0.0625670280 -0.9902906897 0.1241358804 -3.7196999823 0.0000000000 0.0000000000 0.0000000000 1.0000000000
-0.5590221610 -0.0648816449 -0.8266103046 -37.8798371418 0.8266043333 -0.1217113536 -0.5494648510 7.0223202217 -0.0649576757 -0.9904426882 0.1216707927 -3.7203083904 0.0000000000 0.0000000000 0.0000000000 1.0000000000
-0.5623456726 -0.0620144120 -0.8245735609 -37.8807153648 0.8242362331 -0.1220478560 -0.5529366626 7.0218137563 -0.0663473932 -0.9905849451 0.1197476090 -3.7205998776 0.0000000000 0.0000000000 0.0000000000 1.0000000000
-0.5620819272 -0.0596351583 -0.8249288181 -37.8816311637 0.8243324897 -0.1216463967 -0.5528816334 7.0215934177 -0.0673784345 -0.9907804005 0.1175344396 -3.7209574607 0.0000000000 0.0000000000 0.0000000000 1.0000000000
-0.5619691037 -0.0585083699 -0.8250863574 -37.8823291305 0.8244359929 -0.1204800959 -0.5529826761 7.0213695748 -0.0670523685 -0.9909900691 0.1159424975 -3.7214025554 0.0000000000 0.0000000000 0.0000000000 1.0000000000
-0.5605679010 -0.0585227697 -0.8260379615 -37.8829437649 0.8254562309 -0.1192591325 -0.5517239076 7.0211923895 -0.0662241595 -0.9911368951 0.1151608264 -3.7219216439 0.0000000000 0.0000000000 0.0000000000 1.0000000000
-0.5608504053 -0.0589031870 -0.8258191312 -37.8834122328 0.8253485953 -0.1182890925 -0.5520936395 7.0209326623 -0.0651653207 -0.9912306014 0.1149581481 -3.7223126136 0.0000000000 0.0000000000 0.0000000000 1.0000000000
-0.5598431826 -0.0574639973 -0.8266035930 -37.8841847819 0.8258837938 -0.1193862059 -0.5510561614 7.0208846315 -0.0670191770 -0.9911835465 0.1142961376 -3.7224584611 0.0000000000 0.0000000000 0.0000000000 1.0000000000
-0.5613302492 -0.0552564318 -0.8257451653 -37.8850561301 0.8248148106 -0.1190237991 -0.5527330852 7.0208344939 -0.0677412686 -0.9913526426 0.1123879821 -3.7225163883 0.0000000000 0.0000000000 0.0000000000 1.0000000000
-0.5591587306 -0.0545022685 -0.8272671979 -37.8858397173 0.8262643116 -0.1185205858 -0.5506724599 7.0209996066 -0.0680352947 -0.9914546754 0.1113050997 -3.7225263448 0.0000000000 0.0000000000 0.0000000000 1.0000000000
-0.5621762717 -0.0560431882 -0.8251163558 -37.8860714584 0.8243765061 -0.1176435131 -0.5536816595 7.0207615247 -0.0660395014 -0.9914732295 0.1123370792 -3.7221774611 0.0000000000 0.0000000000 0.0000000000 1.0000000000
-0.5607812706 -0.0576148305 -0.8259569589 -37.8862880477 0.8254926893 -0.1159243823 -0.5523797222 7.0206536347 -0.0639232862 -0.9915856337 0.1125688438 -3.7217095849 0.0000000000 0.0000000000 0.0000000000 1.0000000000
-0.5577713252 -0.0575340660 -0.8279981763 -37.8865885159 0.8274967665 -0.1158854098 -0.5493811729 7.0205652938 -0.0643447753 -0.9915948785 0.1122468122 -3.7213310949 0.0000000000 0.0000000000 0.0000000000 1.0000000000
-0.5610257768 -0.0573788239 -0.8258073313 -37.8868919840 0.8252622465 -0.1167973339 -0.5525401410 7.0200704481 -0.0647479911 -0.9914968751 0.1128788921 -3.7211373794 0.0000000000 0.0000000000 0.0000000000 1.0000000000
-0.5634392133 -0.0580708544 -0.8241140872 -37.8873699322 0.8236680153 -0.1168665054 -0.5548992886 7.0194900868 -0.0640878576 -0.9914484332 0.1136782773 -3.7213652455 0.0000000000 0.0000000000 0.0000000000 1.0000000000
-0.5638551914 -0.0585020704 -0.8237990234 -37.8880740666 0.8235089928 -0.1152566594 -0.5554717286 7.0187850690 -0.0624520773 -0.9916115218 0.1131650468 -3.7220934588 0.0000000000 0.0000000000 0.0000000000 1.0000000000
-0.5662454391 -0.0582143471 -0.8221783216 -37.8889034149 0.8219299837 -0.1144561205 -0.5579703383 7.0177767031 -0.0616214621 -0.9917211737 0.1126583736 -3.7229417776 0.0000000000 0.0000000000 0.0000000000 1.0000000000
-0.5673694768 -0.0563416198 -0.8215336260 -37.8900224130 0.8210479274 -0.1150631311 -0.5591428948 7.0167121302 -0.0630252150 -0.9917590926 0.1115424787 -3.7238518606 0.0000000000 0.0000000000 0.0000000000 1.0000000000
-0.5682062446 -0.0526914334 -0.8211974649 -37.8914572769 0.8203053156 -0.1152454503 -0.5601943193 7.0156176824 -0.0651218299 -0.9919385561 0.1087062475 -3.7246911850 0.0000000000 0.0000000000 0.0000000000 1.0000000000
-0.5688728103 -0.0489850883 -0.8209653993 -37.8931043460 0.8197189634 -0.1146895995 -0.5611658550 7.0143551678 -0.0666674339 -0.9921929031 0.1053978006 -3.7254428257 0.0000000000 0.0000000000 0.0000000000 1.0000000000
-0.5704808074 -0.0466871512 -0.8199829012 -37.8947650564 0.8187221623 -0.1115334168 -0.5632533337 7.0127108807 -0.0651588011 -0.9926633905 0.1018514790 -3.7263439944 0.0000000000 0.0000000000 0.0000000000 1.0000000000
-0.5705375975 -0.0447419113 -0.8200518345 -37.8964932382 0.8188128272 -0.1081949539 -0.5637724772 7.0109082752 -0.0635012122 -0.9931223557 0.0983645399 -3.7274762250 0.0000000000 0.0000000000 0.0000000000 1.0000000000
-0.5754292392 -0.0432862995 -0.8167052632 -37.8979724155 0.8154397864 -0.1069991146 -0.5688665435 7.0087628547 -0.0627626125 -0.9933164077 0.0968677899 -3.7284828921 0.0000000000 0.0000000000 0.0000000000 1.0000000000
-0.5757662402 -0.0418526861 -0.8165424602 -37.8995048758 0.8152490747 -0.1052973683 -0.5694571190 7.0068876621 -0.0621464622 -0.9935596695 0.0947470335 -3.7295139642 0.0000000000 0.0000000000 0.0000000000 1.0000000000
-0.5707955551 -0.0384296904 -0.8201924123 -37.9013442393 0.8186886528 -0.1030121218 -0.5649224659 7.0053884595 -0.0627799652 -0.9939374536 0.0902608127 -3.7303410083 0.0000000000 0.0000000000 0.0000000000 1.0000000000
-0.5713186077 -0.0356015757 -0.8199558380 -37.9030858522 0.8183500863 -0.1007124676 -0.5658269480 7.0036222654 -0.0624354449 -0.9942783950 0.0866734593 -3.7308650266 0.0000000000 0.0000000000 0.0000000000 1.0000000000
-0.5722363360 -0.0339775620 -0.8193845868 -37.9046496421 0.8177769802 -0.0986102650 -0.5670245376 7.0018184956 -0.0615336199 -0.9945458968 0.0842144448 -3.7311630664 0.0000000000 0.0000000000 0.0000000000 1.0000000000
-0.5685631676 -0.0317915991 -0.8220250718 -37.9062050029 0.8204185713 -0.0952920034 -0.5637666202 7.0002601528 -0.0604093736 -0.9949415703 0.0802619417 -3.7316055893 0.0000000000 0.0000000000 0.0000000000 1.0000000000
-0.5659818122 -0.0305677545 -0.8238508364 -37.9073727096 0.8223017318 -0.0924834903 -0.5614861226 6.9986859974 -0.0590292309 -0.9952449027 0.0774798909 -3.7320065297 0.0000000000 0.0000000000 0.0000000000 1.0000000000
-0.5662207897 -0.0319866271 -0.8236327295 -37.9080536237 0.8223460304 -0.0898657831 -0.5618461954 6.9969851134 -0.0560448355 -0.9954401020 0.0771879505 -3.7323181676 0.0000000000 0.0000000000 0.0000000000 1.0000000000
-0.5668714370 -0.0340136738 -0.8231037869 -37.9084825880 0.8220947840 -0.0877280501 -0.5625512914 6.9953964064 -0.0530748541 -0.9955635887 0.0776929896 -3.7324262394 0.0000000000 0.0000000000 0.0000000000 1.0000000000
-0.5638070069 -0.0341781492 -0.8251990748 -37.9091331754 0.8242718946 -0.0861171717 -0.5596067159 6.9943055388 -0.0519374886 -0.9956985924 0.0767255526 -3.7324224621 0.0000000000 0.0000000000 0.0000000000 1.0000000000
-0.5619865684 -0.0341569955 -0.8264408004 -37.9098804041 0.8256069470 -0.0840936282 -0.5579439315 6.9935016462 -0.0504407171 -0.9958722616 0.0754597423 -3.7323411388 0.0000000000 0.0000000000 0.0000000000 1.0000000000
-0.5566339758 -0.0337906094 -0.8300703655 -37.9110526163 0.8292555115 -0.0826627865 -0.5527224985 6.9932361501 -0.0499390994 -0.9960045474 0.0740339646 -3.7325384556 0.0000000000 0.0000000000 0.0000000000 1.0000000000
-0.5542763187 -0.0333054480 -0.8316661047 -37.9126913814 0.8309254565 -0.0802211733 -0.5505701128 6.9931191277 -0.0483802465 -0.9962205130 0.0721390413 -3.7330924123 0.0000000000 0.0000000000 0.0000000000 1.0000000000
-0.5480106759 -0.0325963727 -0.8358359741 -37.9153012063 0.8352026730 -0.0763363494 -0.5446184507 6.9937151100 -0.0460520810 -0.9965491650 0.0690577121 -3.7341303976 0.0000000000 0.0000000000 0.0000000000 1.0000000000
-0.5381244094 -0.0299755354 -0.8423322309 -37.9190232501 0.8416870798 -0.0719366846 -0.5351522897 6.9953578291 -0.0445531116 -0.9969586655 0.0639409068 -3.7356136001 0.0000000000 0.0000000000 0.0000000000 1.0000000000
-0.5269250785 -0.0269857129 -0.8494832152 -37.9238030817 0.8487346867 -0.0692916506 -0.5242595720 6.9982318814 -0.0447145759 -0.9972313866 0.0594152190 -3.7372943677 0.0000000000 0.0000000000 0.0000000000 1.0000000000
-0.5149576191 -0.0235932391 -0.8568908971 -37.9294575192 0.8560145341 -0.0670519002 -0.5125847834 7.0023471816 -0.0453626276 -0.9974705017 0.0547250425 -3.7392996095 0.0000000000 0.0000000000 0.0000000000 1.0000000000
-0.4920303012 -0.0202762065 -0.8703419202 -37.9361905533 0.8693381486 -0.0647812714 -0.4899536409 7.0080906526 -0.0464474550 -0.9976934711 0.0495012283 -3.7414797462 0.0000000000 0.0000000000 0.0000000000 1.0000000000
-0.4653355191 -0.0160207312 -0.8849893733 -37.9435332288 0.8838841072 -0.0615340671 -0.4636404249 7.0144419050 -0.0470291369 -0.9979763999 0.0427944567 -3.7432744220 0.0000000000 0.0000000000 0.0000000000 1.0000000000
-0.4493142806 -0.0121581141 -0.8932910262 -37.9509927798 0.8921662169 -0.0580777682 -0.4479580496 7.0204394633 -0.0464340240 -0.9982380243 0.0369422293 -3.7443716493 0.0000000000 0.0000000000 0.0000000000 1.0000000000
-0.4336893613 -0.0094777068 -0.9010126031 -37.9584486560 0.8999946461 -0.0532228393 -0.4326395340 7.0266852411 -0.0438540183 -0.9985376820 0.0316120646 -3.7451910222 0.0000000000 0.0000000000 0.0000000000 1.0000000000
-0.4178045675 -0.0100304436 -0.9084815538 -37.9652443857 0.9076776163 -0.0480882391 -0.4169039052 7.0330887547 -0.0395055471 -0.9987927270 0.0291958951 -3.7457837640 0.0000000000 0.0000000000 0.0000000000 1.0000000000
-0.4070748618 -0.0154824256 -0.9132635717 -37.9707066391 0.9127668835 -0.0439633248 -0.4061081659 7.0390043832 -0.0338625636 -0.9989131697 0.0320282098 -3.7460941947 0.0000000000 0.0000000000 0.0000000000 1.0000000000
-0.4111527602 -0.0259018178 -0.9111983887 -37.9743674650 0.9111653039 -0.0413295697 -0.4099629930 7.0435445017 -0.0270406506 -0.9988097729 0.0405936044 -3.7459597243 0.0000000000 0.0000000000 0.0000000000 1.0000000000
-0.4255299873 -0.0370250286 -0.9041865832 -37.9765375822 0.9046876701 -0.0412001446 -0.4240787282 7.0468158736 -0.0215510909 -0.9984646691 0.0510279838 -3.7455558814 0.0000000000 0.0000000000 0.0000000000 1.0000000000
-0.4558206409 -0.0456058153 -0.8889024991 -37.9775790247 0.8898926290 -0.0433799604 -0.4541027282 7.0483988542 -0.0178508301 -0.9980171785 0.0603577602 -3.7449488478 0.0000000000 0.0000000000 0.0000000000 1.0000000000
-0.4920518751 -0.0508210733 -0.8690812222 -37.9778564103 0.8704341239 -0.0460879058 -0.4901227815 7.0488391384 -0.0151455677 -0.9976437859 0.0669140369 -3.7445395747 0.0000000000 0.0000000000 0.0000000000 1.0000000000
-0.5250546122 -0.0536214586 -0.8493776507 -37.9775363750 0.8509520299 -0.0495896149 -0.5228972298 7.0486853538 -0.0140817984 -0.9973292382 0.0716665450 -3.7444561280 0.0000000000 0.0000000000 0.0000000000 1.0000000000
-0.5494277147 -0.0530186683 -0.8338574262 -37.9769437975 0.8354194291 -0.0518998953 -0.5471569960 7.0483144088 -0.0142675778 -0.9972439128 0.0728080665 -3.7447074260 0.0000000000 0.0000000000 0.0000000000 1.0000000000
-0.5643816769 -0.0488538852 -0.8240671215 -37.9764483588 0.8253518413 -0.0531771655 -0.5621089994 7.0479293508 -0.0163603452 -0.9973893357 0.0703338619 -3.7453972341 0.0000000000 0.0000000000 0.0000000000 1.0000000000
-0.5785860264 -0.0425855531 -0.8145088586 -37.9758631632 0.8153760290 -0.0546923429 -0.5763425014 7.0470963574 -0.0200035336 -0.9975947165 0.0663674645 -3.7463705782 0.0000000000 0.0000000000 0.0000000000 1.0000000000
-0.5993499529 -0.0372763051 -0.7996187286 -37.9746808160 0.8001863562 -0.0552799065 -0.5971983986 7.0453225510 -0.0219414988 -0.9977748288 0.0629600001 -3.7475705089 0.0000000000 0.0000000000 0.0000000000 1.0000000000
-0.6177494823 -0.0354086185 -0.7855773717 -37.9728649997 0.7861117417 -0.0536517576 -0.6157514259 7.0431028688 -0.0203446993 -0.9979317204 0.0609784762 -3.7491900387 0.0000000000 0.0000000000 0.0000000000 1.0000000000
-0.6311163766 -0.0342963912 -0.7749295947 -37.9708498983 0.7754549573 -0.0523909828 -0.6292255511 7.0407441408 -0.0190191574 -0.9980375456 0.0596601138 -3.7507960679 0.0000000000 0.0000000000 0.0000000000 1.0000000000
-0.6459501614 -0.0296058892 -0.7628052702 -37.9692915075 0.7630871356 -0.0526987897 -0.6441435096 7.0382006921 -0.0211284731 -0.9981714927 0.0566326649 -3.7520090524 0.0000000000 0.0000000000 0.0000000000 1.0000000000
-0.6627112935 -0.0225577385 -0.7485351628 -37.9686646636 0.7484619275 -0.0531451708 -0.6610448804 7.0355011914 -0.0248693515 -0.9983319785 0.0521035133 -3.7526446056 0.0000000000 0.0000000000 0.0000000000 1.0000000000
-0.6774621209 -0.0165309784 -0.7353718797 -37.9687678056 0.7351244537 -0.0495232763 -0.6761209084 7.0326877702 -0.0252410847 -0.9986361559 0.0457024702 -3.7530024955 0.0000000000 0.0000000000 0.0000000000 1.0000000000
-0.6844806930 -0.0173106133 -0.7288254410 -37.9694450035 0.7287673947 -0.0431280075 -0.6834018286 7.0299898288 -0.0196026843 -0.9989195752 0.0421356990 -3.7528545603 0.0000000000 0.0000000000 0.0000000000 1.0000000000
-0.6848116287 -0.0209246057 -0.7284196552 -37.9710721979 0.7286194150 -0.0362797261 -0.6839572571 7.0275534207 -0.0121153296 -0.9991225862 0.0400908523 -3.7515908695 0.0000000000 0.0000000000 0.0000000000 1.0000000000
-0.6764850668 -0.0221934473 -0.7361218685 -37.9745508321 0.7364179954 -0.0305861441 -0.6758350567 7.0258664210 -0.0075160198 -0.9992857142 0.0370347237 -3.7487929679 0.0000000000 0.0000000000 0.0000000000 1.0000000000
-0.6589897802 -0.0217516804 -0.7518373056 -37.9799773886 0.7521462946 -0.0229139196 -0.6585976798 7.0251280830 -0.0029019334 -0.9995007837 0.0314604847 -3.7457601770 0.0000000000 0.0000000000 0.0000000000 1.0000000000
-0.6415344584 -0.0245637769 -0.7667008279 -37.9866685054 0.7670772263 -0.0138902614 -0.6414043885 7.0247228862 0.0051056393 -0.9996017615 0.0277533952 -3.7430179640 0.0000000000 0.0000000000 0.0000000000 1.0000000000
-0.6329288161 -0.0319057504 -0.7735522845 -37.9941175909 0.7740981086 -0.0090938716 -0.6330003316 7.0239619046 0.0131617654 -0.9994495108 0.0304539544 -3.7398762309 0.0000000000 0.0000000000 0.0000000000 1.0000000000
-0.6256323006 -0.0403222209 -0.7790753127 -38.0029389382 0.7799020731 -0.0088286648 -0.6258392853 7.0232572912 0.0183570351 -0.9991477234 0.0369708816 -3.7348907874 0.0000000000 0.0000000000 0.0000000000 1.0000000000
-0.6240640102 -0.0405700392 -0.7803192828 -38.0129874630 0.7812313685 -0.0133681749 -0.6240984224 7.0227628112 0.0148882528 -0.9990872654 0.0400371841 -3.7282863970 0.0000000000 0.0000000000 0.0000000000 1.0000000000
-0.6122303699 -0.0294074982 -0.7901323771 -38.0246051680 0.7906754398 -0.0195923199 -0.6119219638 7.0233817911 0.0025145677 -0.9993754750 0.0352467998 -3.7233518745 0.0000000000 0.0000000000 0.0000000000 1.0000000000
-0.5922468057 -0.0197515884 -0.8055144914 -38.0372380866 0.8057533594 -0.0173591731 -0.5919967761 7.0236839058 -0.0022901889 -0.9996542071 0.0261958236 -3.7219784543 0.0000000000 0.0000000000 0.0000000000 1.0000000000
-0.5989363004 -0.0157488086 -0.8006417945 -38.0500016034 0.8007881487 -0.0163913734 -0.5987233616 7.0209321855 -0.0036944390 -0.9997416156 0.0224288479 -3.7233989549 0.0000000000 0.0000000000 0.0000000000 1.0000000000
-0.6055368726 -0.0109987685 -0.7957412412 -38.0643667357 0.7957692174 -0.0193542058 -0.6052906470 7.0162651453 -0.0087434880 -0.9997521902 0.0204721666 -3.7268448990 0.0000000000 0.0000000000 0.0000000000 1.0000000000
-0.5914237496 -0.0033309294 -0.8063540496 -38.0811284965 0.8063238708 -0.0120300173 -0.5913519206 7.0104660728 -0.0077307017 -0.9999220888 0.0098006458 -3.7321396195 0.0000000000 0.0000000000 0.0000000000 1.0000000000
-0.5672846992 0.0029377526 -0.8235165084 -38.0992358063 0.8235211369 0.0008050697 -0.5672850156 7.0027558322 -0.0010035548 -0.9999953607 -0.0028760051 -3.7376899210 0.0000000000 0.0000000000 0.0000000000 1.0000000000
-0.5541181874 0.0055599699 -0.8324194382 -38.1176119839 0.8324379847 0.0034727923 -0.5541073374 6.9922562157 -0.0001900003 -0.9999785130 -0.0065526675 -3.7419809376 0.0000000000 0.0000000000 0.0000000000 1.0000000000
-0.5598009326 0.0034609704 -0.8286198993 -38.1354830877 0.8286249965 0.0000704295 -0.5598040820 6.9791288583 -0.0018791061 -0.9999940083 -0.0029072731 -3.7454068315 0.0000000000 0.0000000000 0.0000000000 1.0000000000
-0.5563009552 0.0000358573 -0.8309808938 -38.1535917730 0.8309742019 -0.0039894702 -0.5562966474 6.9655611293 -0.0033351208 -0.9999920414 0.0021895496 -3.7477955727 0.0000000000 0.0000000000 0.0000000000 1.0000000000
-0.5276828818 0.0019506251 -0.8494392099 -38.1722033386 0.8494410926 0.0002949905 -0.5276833740 6.9527192066 -0.0007787359 -0.9999980540 -0.0018126025 -3.7497082159 0.0000000000 0.0000000000 0.0000000000 1.0000000000
-0.4889377253 0.0117259015 -0.8722398775 -38.1906216366 0.8723145104 0.0034762674 -0.4889328281 6.9397537356 -0.0027010391 -0.9999252066 -0.0119283523 -3.7513503021 0.0000000000 0.0000000000 0.0000000000 1.0000000000
-0.4751965364 0.0201117032 -0.8796498003 -38.2080491016 0.8798420742 0.0016182370 -0.4752634067 6.9247848277 -0.0081348747 -0.9997964296 -0.0184641033 -3.7523055550 0.0000000000 0.0000000000 0.0000000000 1.0000000000
-0.4793909838 0.0206541713 -0.8773583589 -38.2252868932 0.8775131874 -0.0028961110 -0.4795437607 6.9087213435 -0.0124455061 -0.9997824852 -0.0167359382 -3.7521257979 0.0000000000 0.0000000000 0.0000000000 1.0000000000
-0.4755564940 0.0211405832 -0.8794311211 -38.2429261271 0.8796046929 -0.0020959128 -0.4757007372 6.8934084273 -0.0118998020 -0.9997743160 -0.0175986312 -3.7520694126 0.0000000000 0.0000000000 0.0000000000 1.0000000000
-0.4560617982 0.0248792867 -0.8896002795 -38.2608342111 0.8898328612 -0.0033386511 -0.4562744048 6.8801281672 -0.0143218467 -0.9996848876 -0.0206157757 -3.7520544743 0.0000000000 0.0000000000 0.0000000000 1.0000000000
-0.4657816091 0.0208061438 -0.8846550723 -38.2772807149 0.8846924973 -0.0106844748 -0.4660526013 6.8669284071 -0.0191488323 -0.9997264358 -0.0134304075 -3.7516209280 0.0000000000 0.0000000000 0.0000000000 1.0000000000
-0.4849600710 0.0123912823 -0.8744485037 -38.2930366531 0.8741967032 -0.0209936637 -0.4851179136 6.8552504360 -0.0243691108 -0.9997028169 -0.0006513295 -3.7503903668 0.0000000000 0.0000000000 0.0000000000 1.0000000000
-0.4747956867 0.0097316066 -0.8800422443 -38.3099806186 0.8797676278 -0.0220667749 -0.4748915439 6.8472093008 -0.0240411518 -0.9997091343 0.0019156570 -3.7488016157 0.0000000000 0.0000000000 0.0000000000 1.0000000000
-0.4516928524 0.0124453794 -0.8920866996 -38.3284354271 0.8918606547 -0.0201789951 -0.4518599129 6.8413544102 -0.0236249812 -0.9997189208 -0.0019848364 -3.7468409261 0.0000000000 0.0000000000 0.0000000000 1.0000000000
-0.4456567014 0.0174018435 -0.8950347928 -38.3475926033 0.8949023669 -0.0172897161 -0.4459269216 6.8354467342 -0.0232348480 -0.9996990755 -0.0078676731 -3.7449184422 0.0000000000 0.0000000000 0.0000000000 1.0000000000
-0.4380863973 0.0213377720 -0.8986795914 -38.3670775698 0.8987304510 -0.0108180602 -0.4383680485 6.8299470811 -0.0190757674 -0.9997137936 -0.0144376604 -3.7437149841 0.0000000000 0.0000000000 0.0000000000 1.0000000000
-0.4147559236 0.0275829251 -0.9095145442 -38.3866624554 0.9098594237 -0.0001135152 -0.4149166378 6.8254115801 -0.0115478583 -0.9996195123 -0.0250495032 -3.7439412292 0.0000000000 0.0000000000 0.0000000000 1.0000000000
-0.3943358595 0.0321592117 -0.9184035143 -38.4059296247 0.9189594088 0.0099035701 -0.3942277569 6.8206211355 -0.0035825803 -0.9994336918 -0.0334583430 -3.7450740938 0.0000000000 0.0000000000 0.0000000000 1.0000000000
-0.3978469957 0.0309503090 -0.9169295755 -38.4247699092 0.9174514613 0.0125888390 -0.3976485097 6.8143651444 -0.0007642654 -0.9994416439 -0.0334038380 -3.7460622664 0.0000000000 0.0000000000 0.0000000000 1.0000000000
-0.4054168614 0.0249231568 -0.9137921015 -38.4437848100 0.9141215128 0.0158234134 -0.4051314348 6.8078885457 0.0043621559 -0.9995641329 -0.0291978724 -3.7467228116 0.0000000000 0.0000000000 0.0000000000 1.0000000000
-0.4064796516 0.0173148596 -0.9134957517 -38.4634526164 0.9135636651 0.0222085488 -0.4060889191 6.8020610961 0.0132560423 -0.9996034094 -0.0248455498 -3.7469200338 0.0000000000 0.0000000000 0.0000000000 1.0000000000
-0.4067390303 0.0143076724 -0.9134323465 -38.4835405951 0.9132295774 0.0326155884 -0.4061378613 6.7965545154 0.0239812460 -0.9993655557 -0.0263322224 -3.7467659156 0.0000000000 0.0000000000 0.0000000000 1.0000000000
-0.3960306934 0.0102684795 -0.9181798562 -38.5040532610 0.9177839416 0.0358435567 -0.3954590699 6.7916249088 0.0288500684 -0.9993046571 -0.0236193942 -3.7460962259 0.0000000000 0.0000000000 0.0000000000 1.0000000000
-0.4109909021 -0.0005143832 -0.9116393003 -38.5252541989 0.9109221715 0.0394289915 -0.4106898490 6.7854145293 0.0361562702 -0.9992222426 -0.0157363937 -3.7438488044 0.0000000000 0.0000000000 0.0000000000 1.0000000000
-0.4329622910 -0.0023780665 -0.9014088969 -38.5472620324 0.9007842211 0.0361742391 -0.4327576821 6.7795374151 0.0336369075 -0.9993426686 -0.0135199567 -3.7410801095 0.0000000000 0.0000000000 0.0000000000 1.0000000000
-0.4431665817 -0.0045098002 -0.8964279349 -38.5692316732 0.8958845022 0.0329474592 -0.4430636791 6.7751254187 0.0315331515 -0.9994469104 -0.0105609528 -3.7407304802 0.0000000000 0.0000000000 0.0000000000 1.0000000000
-0.4529255547 -0.0169688707 -0.8913868404 -38.5903638784 0.8906929885 0.0351733821 -0.4532425768 6.7711601794 0.0390441046 -0.9992371543 -0.0008168695 -3.7426360843 0.0000000000 0.0000000000 0.0000000000 1.0000000000
-0.4394155535 -0.0258334131 -0.8979123599 -38.6126784094 0.8970054791 0.0406913400 -0.4401424603 6.7684676197 0.0479076391 -0.9988377494 0.0052923054 -3.7444443633 0.0000000000 0.0000000000 0.0000000000 1.0000000000
-0.4226224416 -0.0229413939 -0.9060154327 -38.6365749956 0.9047300264 0.0482460101 -0.4232444941 6.7651610067 0.0534214483 -0.9985719879 0.0003659213 -3.7460566953 0.0000000000 0.0000000000 0.0000000000 1.0000000000
-0.3976644093 -0.0144148631 -0.9174176962 -38.6625348517 0.9154832646 0.0605298747 -0.3977769810 6.7608390564 0.0612650789 -0.9980622956 -0.0108740110 -3.7486232659 0.0000000000 0.0000000000 0.0000000000 1.0000000000
-0.3803847289 -0.0058144798 -0.9248100615 -38.6901438688 0.9222637995 0.0720333467 -0.3797903120 6.7549453238 0.0688254469 -0.9973852760 -0.0220379008 -3.7523658530 0.0000000000 0.0000000000 0.0000000000 1.0000000000
-0.3645818812 0.0020769400 -0.9311690170 -38.7197643375 0.9284063764 0.0778160788 -0.3633266548 6.7484208205 0.0717053139 -0.9969655682 -0.0302985767 -3.7568524027 0.0000000000 0.0000000000 0.0000000000 1.0000000000
-0.3753778239 0.0040233235 -0.9268631518 -38.7501854829 0.9241082418 0.0787891421 -0.3739200830 6.7403448555 0.0715223511 -0.9968831847 -0.0332936831 -3.7623604146 0.0000000000 0.0000000000 0.0000000000 1.0000000000
-0.3890142298 -0.0023996636 -0.9212286202 -38.7806832599 0.9184710632 0.0763488654 -0.3880486526 6.7325675196 0.0712659461 -0.9970782780 -0.0274967735 -3.7686571437 0.0000000000 0.0000000000 0.0000000000 1.0000000000
-0.3689839315 -0.0091304990 -0.9293909254 -38.8120077915 0.9270438394 0.0680779807 -0.3687209086 6.7269086785 0.0666376634 -0.9976382223 -0.0166553082 -3.7745892805 0.0000000000 0.0000000000 0.0000000000 1.0000000000
-0.3616184349 -0.0144408239 -0.9322143370 -38.8435617166 0.9301218578 0.0631284196 -0.3617846491 6.7198516331 0.0640736862 -0.9979009296 -0.0093966743 -3.7792483645 0.0000000000 0.0000000000 0.0000000000 1.0000000000
-0.3465848096 -0.0166041590 -0.9378716712 -38.8758873335 0.9361005084 0.0577859960 -0.3469533353 6.7120810167 0.0599567170 -0.9981909039 -0.0044845867 -3.7814581456 0.0000000000 0.0000000000 0.0000000000 1.0000000000
-0.3254055480 -0.0163026741 -0.9454340020 -38.9092208370 0.9441557279 0.0491505405 -0.3258131150 6.7034615249 0.0517802172 -0.9986583235 -0.0006015955 -3.7803745886 0.0000000000 0.0000000000 0.0000000000 1.0000000000
-0.3329038948 -0.0095937416 -0.9429119561 -38.9428064500 0.9426515230 0.0222209982 -0.3330380360 6.6922805830 0.0241475257 -0.9997070508 0.0016460982 -3.7748930440 0.0000000000 0.0000000000 0.0000000000 1.0000000000
-0.3579013392 0.0057857932 -0.9337414824 -38.9756962820 0.9335909458 -0.0167769288 -0.3579475946 6.6801351067 -0.0177363251 -0.9998425172 0.0006029211 -3.7657878606 0.0000000000 0.0000000000 0.0000000000 1.0000000000
-0.3674627349 0.0275704032 -0.9296295022 -39.0079227700 0.9285917935 -0.0448496019 -0.3683826738 6.6700228020 -0.0518499720 -0.9986132315 -0.0091210928 -3.7570837938 0.0000000000 0.0000000000 0.0000000000 1.0000000000
-0.3771569052 0.0374178653 -0.9253931987 -39.0387548335 0.9235200936 -0.0600422836 -0.3788212783 6.6607442381 -0.0697374044 -0.9974942744 -0.0119107886 -3.7514555235 0.0000000000 0.0000000000 0.0000000000 1.0000000000
-0.3987665706 0.0271031457 -0.9166518650 -39.0676568274 0.9149586441 -0.0557486648 -0.3996783281 6.6494089892 -0.0619346575 -0.9980769038 -0.0025675536 -3.7483438733 0.0000000000 0.0000000000 0.0000000000 1.0000000000
-0.4152935736 0.0102371118 -0.9096298419 -39.0958348998 0.9077982392 -0.0597465429 -0.4151297479 6.6373866579 -0.0585969680 -0.9981610853 0.0155191232 -3.7462956384 0.0000000000 0.0000000000 0.0000000000 1.0000000000
-0.3989578532 0.0107995069 -0.9169056669 -39.1258416833 0.9146309182 -0.0666782243 -0.3987534299 6.6272448586 -0.0654439821 -0.9977160844 0.0167242383 -3.7461081734 0.0000000000 0.0000000000 0.0000000000 1.0000000000
-0.3758501332 0.0198219952 -0.9264684376 -39.1572782540 0.9235272935 -0.0743929596 -0.3762486222 6.6169233627 -0.0763807275 -0.9970319835 0.0096544502 -3.7478360170 0.0000000000 0.0000000000 0.0000000000 1.0000000000
-0.3576015104 0.0223634168 -0.9336064681 -39.1900262359 0.9310475048 -0.0691877847 -0.3582786545 6.6041002862 -0.0726064982 -0.9973529606 0.0039202529 -3.7495099978 0.0000000000 0.0000000000 0.0000000000 1.0000000000
-0.3448749102 0.0167393142 -0.9384993829 -39.2235322672 0.9369312627 -0.0543156892 -0.3452674540 6.5884745835 -0.0567547812 -0.9983834941 0.0030485317 -3.7504166780 0.0000000000 0.0000000000 0.0000000000 1.0000000000
-0.3070685237 0.0100476994 -0.9516343654 -39.2583535357 0.9511010632 -0.0318556724 -0.3072327842 6.5723044200 -0.0334019353 -0.9994419742 0.0002254967 -3.7485460286 0.0000000000 0.0000000000 0.0000000000 1.0000000000
-0.2563847338 0.0045057861 -0.9665643104 -39.2942445381 0.9664290767 -0.0161694013 -0.2564242387 6.5557608029 -0.0167841590 -0.9998591143 -0.0002089351 -3.7450573405 0.0000000000 0.0000000000 0.0000000000 1.0000000000
-0.2196379298 -0.0043916829 -0.9755715724 -39.3312073155 0.9755718827 0.0034416413 -0.2196534927 6.5376103150 0.0043222159 -0.9999844340 0.0035284874 -3.7420990441 0.0000000000 0.0000000000 0.0000000000 1.0000000000
-0.1987489212 -0.0155677337 -0.9799267891 -39.3690828252 0.9798653739 0.0162738559 -0.1989950017 6.5177935215 0.0190450886 -0.9997463715 0.0120198719 -3.7392807822 0.0000000000 0.0000000000 0.0000000000 1.0000000000
-0.2285362315 -0.0297056037 -0.9730820973 -39.4076436948 0.9732680362 0.0164527722 -0.2290821600 6.4945134946 0.0228149220 -0.9994232754 0.0251514601 -3.7344370925 0.0000000000 0.0000000000 0.0000000000 1.0000000000
-0.2478996982 -0.0403124374 -0.9679466137 -39.4482498559 0.9686265776 0.0077945612 -0.2483984660 6.4712214822 0.0175582668 -0.9991567205 0.0371154289 -3.7276213850 0.0000000000 0.0000000000 0.0000000000 1.0000000000
-0.2689514298 -0.0467969152 -0.9620162042 -39.4899963024 0.9630920521 -0.0017622909 -0.2691664792 6.4470812299 0.0109008085 -0.9989028697 0.0455437077 -3.7234369370 0.0000000000 0.0000000000 0.0000000000 1.0000000000
-0.2890062397 -0.0536509810 -0.9558226643 -39.5322036337 0.9573256184 -0.0143740820 -0.2886538516 6.4234870747 0.0017474890 -0.9984562875 0.0555156580 -3.7216203232 0.0000000000 0.0000000000 0.0000000000 1.0000000000
-0.2887745312 -0.0511152225 -0.9560316439 -39.5754020047 0.9573202168 -0.0280738976 -0.2876627517 6.4023581651 -0.0121355889 -0.9982980969 0.0570406625 -3.7217296829 0.0000000000 0.0000000000 0.0000000000 1.0000000000
-0.2782660049 -0.0437132225 -0.9595088247 -39.6194731256 0.9602458229 -0.0358232689 -0.2768477074 6.3826250077 -0.0222708372 -0.9984016464 0.0519438373 -3.7234400287 0.0000000000 0.0000000000 0.0000000000 1.0000000000
-0.2820351160 -0.0402480683 -0.9585594850 -39.6638325217 0.9590902147 -0.0373824413 -0.2806216548 6.3621692213 -0.0245388142 -0.9984901833 0.0491446897 -3.7267370231 0.0000000000 0.0000000000 0.0000000000 1.0000000000
-0.2718451450 -0.0366279390 -0.9616437028 -39.7084181932 0.9619148384 -0.0400779657 -0.2703952667 6.3421010078 -0.0286367020 -0.9985249875 0.0461279584 -3.7312470328 0.0000000000 0.0000000000 0.0000000000 1.0000000000
-0.2359721691 -0.0354175869 -0.9711141694 -39.7525397643 0.9712079247 -0.0422708250 -0.2344532880 6.3231703753 -0.0327460274 -0.9984782281 0.0443725793 -3.7341726886 0.0000000000 0.0000000000 0.0000000000 1.0000000000
-0.2273993663 -0.0340567718 -0.9732058695 -39.7948635257 0.9730483506 -0.0472469351 -0.2257091815 6.3031583517 -0.0382940685 -0.9983024909 0.0438828088 -3.7350012971 0.0000000000 0.0000000000 0.0000000000 1.0000000000
-0.2593895760 -0.0329921767 -0.9652090779 -39.8349105507 0.9648114729 -0.0534328279 -0.2574563162 6.2815405588 -0.0430798063 -0.9980262768 0.0456911492 -3.7338349171 0.0000000000 0.0000000000 0.0000000000 1.0000000000
-0.2645740401 -0.0346084665 -0.9637441732 -39.8740893452 0.9630044749 -0.0625545260 -0.2621246129 6.2620614720 -0.0512148290 -0.9974413192 0.0498784118 -3.7312843751 0.0000000000 0.0000000000 0.0000000000 1.0000000000
-0.2726458116 -0.0359917572 -0.9614410303 -39.9122474231 0.9603689632 -0.0703483783 -0.2697082873 6.2427890267 -0.0579285421 -0.9968729604 0.0537455572 -3.7256647451 0.0000000000 0.0000000000 0.0000000000 1.0000000000
-0.2831887688 -0.0335408108 -0.9584775090 -39.9494458932 0.9573561925 -0.0695039202 -0.2804252589 6.2243842181 -0.0572122538 -0.9970176624 0.0517932325 -3.7199800233 0.0000000000 0.0000000000 0.0000000000 1.0000000000
-0.2840311354 -0.0309296433 -0.9583160602 -39.9858952122 0.9570760967 -0.0693142399 -0.2814265115 6.2080040232 -0.0577205277 -0.9971152859 0.0492894245 -3.7162808243 0.0000000000 0.0000000000 0.0000000000 1.0000000000
-0.2752497978 -0.0364234417 -0.9606825083 -40.0218797414 0.9598569822 -0.0665039436 -0.2724918331 6.1933378438 -0.0539640850 -0.9971211353 0.0532664919 -3.7146053351 0.0000000000 0.0000000000 0.0000000000 1.0000000000
-0.2556529905 -0.0416637112 -0.9658704280 -40.0578475420 0.9654850646 -0.0624679285 -0.2528563783 6.1801612867 -0.0498009897 -0.9971769618 0.0561958036 -3.7158469584 0.0000000000 0.0000000000 0.0000000000 1.0000000000
-0.2574402290 -0.0470169792 -0.9651496942 -40.0933834491 0.9653408448 -0.0568718563 -0.2547207202 6.1669204151 -0.0429136559 -0.9972737817 0.0600285142 -3.7202369537 0.0000000000 0.0000000000 0.0000000000 1.0000000000
-0.2529523753 -0.0547677453 -0.9659273212 -40.1291815494 0.9667215657 -0.0537999863 -0.2501099276 6.1551621818 -0.0382689199 -0.9970486726 0.0665539948 -3.7269627630 0.0000000000 0.0000000000 0.0000000000 1.0000000000
-0.2469984406 -0.0616779774 -0.9670509797 -40.1656351008 0.9684536281 -0.0497037861 -0.2441866168 6.1443162481 -0.0330051584 -0.9968577435 0.0720090187 -3.7346873795 0.0000000000 0.0000000000 0.0000000000 1.0000000000
-0.2482601694 -0.0721449811 -0.9660031004 -40.2027896871 0.9683683055 -0.0443165101 -0.2455582861 6.1338965525 -0.0250940883 -0.9964091271 0.0808649374 -3.7420433008 0.0000000000 0.0000000000 0.0000000000 1.0000000000
-0.2430972176 -0.0821194972 -0.9665195968 -40.2410153294 0.9697604595 -0.0428068901 -0.2402753032 6.1252665160 -0.0216424111 -0.9957027460 0.0900424772 -3.7484533299 0.0000000000 0.0000000000 0.0000000000 1.0000000000
-0.2542119266 -0.0886809520 -0.9630742366 -40.2797382519 0.9669489316 -0.0435349261 -0.2512259418 6.1172111240 -0.0196484100 -0.9951082348 0.0968170492 -3.7534371154 0.0000000000 0.0000000000 0.0000000000 1.0000000000
-0.2814415099 -0.0928506153 -0.9550756199 -40.3189494999 0.9595057726 -0.0394749022 -0.2789093124 6.1088883976 -0.0118046154 -0.9948972285 0.1002005775 -3.7553682058 0.0000000000 0.0000000000 0.0000000000 1.0000000000
-0.3057736142 -0.0931759041 -0.9475340351 -40.3589239739 0.9520904834 -0.0352746580 -0.3037752623 6.1005571958 -0.0051194043 -0.9950245974 0.0994979512 -3.7538235585 0.0000000000 0.0000000000 0.0000000000 1.0000000000
-0.3167927016 -0.0927545314 -0.9439486115 -40.3997575907 0.9484896048 -0.0342730562 -0.3149489278 6.0924043319 -0.0031390636 -0.9950989672 0.0988341629 -3.7505859361 0.0000000000 0.0000000000 0.0000000000 1.0000000000
-0.3308724882 -0.0904793314 -0.9393278912 -40.4409152472 0.9436690940 -0.0353834040 -0.3289933977 6.0828355375 -0.0034695156 -0.9952695641 0.0970899436 -3.7465346433 0.0000000000 0.0000000000 0.0000000000 1.0000000000
-0.3446262460 -0.0843507511 -0.9349426193 -40.4821543023 0.9387396537 -0.0317971983 -0.3431571079 6.0715736597 -0.0007829960 -0.9959286566 0.0901415440 -3.7425925411 0.0000000000 0.0000000000 0.0000000000 1.0000000000
-0.3622289408 -0.0771576785 -0.9288901372 -40.5232766899 0.9320716074 -0.0238692965 -0.3614868951 6.0585759061 0.0057195355 -0.9967331385 0.0805626314 -3.7406013506 0.0000000000 0.0000000000 0.0000000000 1.0000000000
-0.3698307099 -0.0722455286 -0.9262860409 -40.5644761685 0.9290129312 -0.0151724067 -0.3697360838 6.0451894801 0.0126577903 -0.9972714684 0.0727282522 -3.7416694734 0.0000000000 0.0000000000 0.0000000000 1.0000000000
-0.3665311783 -0.0699008494 -0.9277762481 -40.6057014089 0.9302369555 -0.0085375240 -0.3668600785 6.0318267286 0.0177229191 -0.9975174093 0.0681536221 -3.7455404198 0.0000000000 0.0000000000 0.0000000000 1.0000000000
-0.3656127774 -0.0708281811 -0.9280682441 -40.6466030227 0.9305007702 -0.0039649546 -0.3662684750 6.0179681898 0.0222623814 -0.9974806504 0.0673553151 -3.7510914762 0.0000000000 0.0000000000 0.0000000000 1.0000000000
-0.3615884207 -0.0702691868 -0.9296859983 -40.6873822459 0.9320965123 -0.0045598248 -0.3621813078 6.0039994640 0.0212109807 -0.9975176436 0.0671464438 -3.7568845786 0.0000000000 0.0000000000 0.0000000000 1.0000000000
-0.3652929843 -0.0711348343 -0.9281707122 -40.7277907103 0.9306991763 -0.0075834708 -0.3657068966 5.9888131441 0.0189757441 -0.9974378809 0.0689753204 -3.7618981501 0.0000000000 0.0000000000 0.0000000000 1.0000000000
-0.3694156448 -0.0722074866 -0.9264546186 -40.7679457163 0.9291256089 -0.0114785213 -0.3695860475 5.9723788181 0.0160525505 -0.9973235796 0.0713301703 -3.7655872209 0.0000000000 0.0000000000 0.0000000000 1.0000000000
-0.3716525840 -0.0775559012 -0.9251267151 -40.8076883046 0.9282845596 -0.0173771936 -0.3714644121 5.9548678428 0.0127331512 -0.9968365540 0.0784522245 -3.7670896196 0.0000000000 0.0000000000 0.0000000000 1.0000000000
-0.3575274228 -0.0886857803 -0.9296821900 -40.8472861952 0.9338449386 -0.0228837546 -0.3569453241 5.9372818175 0.0103813555 -0.9957967494 0.0910003369 -3.7670002249 0.0000000000 0.0000000000 0.0000000000 1.0000000000
-0.3346559846 -0.1045761109 -0.9365197323 -40.8865627083 0.9422931066 -0.0271830691 -0.3336836556 5.9189721688 0.0094378584 -0.9941453203 0.1076383251 -3.7646879898 0.0000000000 0.0000000000 0.0000000000 1.0000000000
-0.3171128388 -0.1202030288 -0.9407394322 -40.9252183576 0.9482693530 -0.0245096551 -0.3165193692 5.8987076379 0.0149893878 -0.9924467284 0.1217571747 -3.7599475057 0.0000000000 0.0000000000 0.0000000000 1.0000000000
-0.3105893085 -0.1223076921 -0.9426426205 -40.9636070815 0.9504202507 -0.0239440839 -0.3100452031 5.8764848405 0.0153501992 -0.9922033609 0.1236804838 -3.7552686969 0.0000000000 0.0000000000 0.0000000000 1.0000000000
-0.3409728712 -0.1166454929 -0.9328083030 -41.0012648931 0.9399412222 -0.0256799730 -0.3403689731 5.8508237070 0.0157480146 -0.9928415624 0.1183960813 -3.7509725831 0.0000000000 0.0000000000 0.0000000000 1.0000000000
-0.3662175725 -0.1124524560 -0.9237094428 -41.0391506547 0.9302552378 -0.0201550447 -0.3663590681 5.8240453696 0.0225805718 -0.9934526759 0.1119906177 -3.7475138538 0.0000000000 0.0000000000 0.0000000000 1.0000000000
-0.3623808657 -0.1143223682 -0.9249921645 -41.0780432671 0.9317267477 -0.0191159855 -0.3626566512 5.7983386003 0.0237776304 -0.9932597723 0.1134444757 -3.7459659662 0.0000000000 0.0000000000 0.0000000000 1.0000000000
-0.3561915423 -0.1171995152 -0.9270339038 -41.1172839474 0.9342869518 -0.0283769292 -0.3553908294 5.7727163752 0.0153452574 -0.9927028878 0.1196056000 -3.7463015136 0.0000000000 0.0000000000 0.0000000000 1.0000000000
-0.3694074291 -0.1163104039 -0.9219598914 -41.1562138404 0.9291916467 -0.0335533003 -0.3680720850 5.7455801749 0.0118758158 -0.9926459923 0.1204694941 -3.7473856611 0.0000000000 0.0000000000 0.0000000000 1.0000000000
-0.3984365551 -0.1089330775 -0.9107040662 -41.1951003781 0.9171029738 -0.0331830858 -0.3972669358 5.7173407251 0.0130555388 -0.9934950767 0.1131242037 -3.7495099455 0.0000000000 0.0000000000 0.0000000000 1.0000000000
-0.4276661494 -0.1041557227 -0.8979160596 -41.2342590980 0.9038298299 -0.0339933726 -0.4265396689 5.6893176889 0.0139033523 -0.9939798972 0.1086768639 -3.7527787602 0.0000000000 0.0000000000 0.0000000000 1.0000000000
-0.4284614655 -0.1081101073 -0.8970691040 -41.2742291073 0.9034809305 -0.0381218681 -0.4269296563 5.6634061817 0.0119574609 -0.9934077350 0.1140091718 -3.7569554969 0.0000000000 0.0000000000 0.0000000000 1.0000000000
-0.4105729726 -0.1188733359 -0.9040458861 -41.3143175946 0.9117738192 -0.0427399071 -0.4084627314 5.6389104680 0.0099164902 -0.9919891281 0.1259334462 -3.7616290564 0.0000000000 0.0000000000 0.0000000000 1.0000000000
-0.4040361246 -0.1275117144 -0.9058121067 -41.3534157766 0.9147425562 -0.0553137108 -0.4002329938 5.6142018393 0.0009305663 -0.9902934697 0.1389891289 -3.7634974717 0.0000000000 0.0000000000 0.0000000000 1.0000000000
-0.4212281386 -0.1291901612 -0.8977063871 -41.3911363931 0.9069146563 -0.0693015612 -0.4155756248 5.5883076663 -0.0085241722 -0.9891952264 0.1463562182 -3.7606141923 0.0000000000 0.0000000000 0.0000000000 1.0000000000
-0.4426411009 -0.1215963375 -0.8884161111 -41.4285569022 0.8965406678 -0.0786233494 -0.4359279757 5.5624015088 -0.0168430050 -0.9894608126 0.1438179876 -3.7558239221 0.0000000000 0.0000000000 0.0000000000 1.0000000000
-0.4495829245 -0.1098680336 -0.8864559826 -41.4663062280 0.8929411132 -0.0808905982 -0.4428463385 5.5375596741 -0.0230512983 -0.9906491439 0.1344727159 -3.7512304994 0.0000000000 0.0000000000 0.0000000000 1.0000000000
-0.4489689271 -0.1015655168 -0.8877563564 -41.5044912616 0.8932344569 -0.0773053610 -0.4428951186 5.5137166739 -0.0236454540 -0.9918207131 0.1254295242 -3.7501252244 0.0000000000 0.0000000000 0.0000000000 1.0000000000
-0.4291344086 -0.0917782729 -0.8985657505 -41.5439877563 0.9028135863 -0.0741717310 -0.4235872788 5.4914165550 -0.0277720682 -0.9930132441 0.1146883136 -3.7539982337 0.0000000000 0.0000000000 0.0000000000 1.0000000000
-0.4190981354 -0.0874118026 -0.9037233701 -41.5835326955 0.9077614010 -0.0601341463 -0.4151543368 5.4680681947 -0.0180552444 -0.9943556010 0.1045511690 -3.7598306523 0.0000000000 0.0000000000 0.0000000000 1.0000000000
-0.4047406106 -0.0855150319 -0.9104241964 -41.6234912328 0.9144310171 -0.0389131130 -0.4028668323 5.4438747984 -0.0009762697 -0.9955766916 0.0939473147 -3.7663105416 0.0000000000 0.0000000000 0.0000000000 1.0000000000
-0.3872625843 -0.0838577771 -0.9181478988 -41.6637004877 0.9219200761 -0.0249141034 -0.3865781431 5.4185611760 0.0095427521 -0.9961662314 0.0869584683 -3.7728196066 0.0000000000 0.0000000000 0.0000000000 1.0000000000
-0.3735943973 -0.0780780470 -0.9243003002 -41.7038989816 0.9274919195 -0.0167938532 -0.3734658026 5.3911831214 0.0136369170 -0.9968057910 0.0786908472 -3.7800110345 0.0000000000 0.0000000000 0.0000000000 1.0000000000
-0.3764902122 -0.0698459156 -0.9237838861 -41.7434434790 0.9262850798 -0.0113256667 -0.3766532627 5.3608632446 0.0158452236 -0.9974934974 0.0689612322 -3.7876679007 0.0000000000 0.0000000000 0.0000000000 1.0000000000
-0.3830725809 -0.0666856180 -0.9213079974 -41.7820883952 0.9235378094 -0.0079366571 -0.3834252522 5.3284410408 0.0182568443 -0.9977424707 0.0646270053 -3.7925245874 0.0000000000 0.0000000000 0.0000000000 1.0000000000
-0.3593393231 -0.0673684961 -0.9307721185 -41.8204148334 0.9330976702 -0.0106729999 -0.3594646365 5.2968489014 0.0142824613 -0.9976710745 0.0666966153 -3.7914944829 0.0000000000 0.0000000000 0.0000000000 1.0000000000
-0.3472394211 -0.0704648648 -0.9351253859 -41.8573537703 0.9377064992 -0.0139050983 -0.3471500678 5.2652460283 0.0114588722 -0.9974173405 0.0709037600 -3.7856074827 0.0000000000 0.0000000000 0.0000000000 1.0000000000
-0.3553487451 -0.0717216480 -0.9319781513 -41.8934614554 0.9346633910 -0.0150264707 -0.3552162027 5.2345179835 0.0114723491 -0.9973114911 0.0723752363 -3.7796992262 0.0000000000 0.0000000000 0.0000000000 1.0000000000
-0.3608902772 -0.0633930244 -0.9304512520 -41.9303701051 0.9325702699 -0.0155223557 -0.3606546107 5.2066113230 0.0084201913 -0.9978679176 0.0647203171 -3.7779462486 0.0000000000 0.0000000000 0.0000000000 1.0000000000
-0.3574723421 -0.0629037731 -0.9318028976 -41.9685531511 0.9338785340 -0.0142610459 -0.3573059003 5.1813230832 0.0091874054 -0.9979177010 0.0638424129 -3.7780506363 0.0000000000 0.0000000000 0.0000000000 1.0000000000
-0.3181743847 -0.0648294427 -0.9458129859 -42.0086864884 0.9479832605 -0.0116191618 -0.3181080524 5.1589823768 0.0096332137 -0.9978287120 0.0651541461 -3.7790624344 0.0000000000 0.0000000000 0.0000000000 1.0000000000
-0.2765228386 -0.0648003219 -0.9588201281 -42.0497164022 0.9609567039 -0.0084021555 -0.2765711789 5.1374089324 0.0098657456 -0.9978628774 0.0645936917 -3.7817937309 0.0000000000 0.0000000000 0.0000000000 1.0000000000
-0.2884265319 -0.0632803404 -0.9554086739 -42.0905362618 0.9573855696 -0.0034973787 -0.2887916886 5.1136615754 0.0149334104 -0.9979896627 0.0615924216 -3.7861257405 0.0000000000 0.0000000000 0.0000000000 1.0000000000
-0.3221063706 -0.0609703075 -0.9447381159 -42.1319362653 0.9465055724 -0.0003360688 -0.3226872922 5.0893975312 0.0193568465 -0.9981395236 0.0578169857 -3.7907142067 0.0000000000 0.0000000000 0.0000000000 1.0000000000
-0.3282042695 -0.0637505973 -0.9424530858 -42.1749337970 0.9443589911 0.0007066272 -0.3289157894 5.0670386814 0.0216345410 -0.9979656116 0.0599715317 -3.7945387536 0.0000000000 0.0000000000 0.0000000000 1.0000000000
-0.3097600872 -0.0731548321 -0.9479963391 -42.2192311874 0.9505081959 0.0014910860 -0.3106959064 5.0463234354 0.0241424509 -0.9973194810 0.0690723885 -3.7976395033 0.0000000000 0.0000000000 0.0000000000 1.0000000000
-0.2941772777 -0.0835541693 -0.9520916080 -42.2638812173 0.9554158846 0.0006638825 -0.2952626741 5.0258926342 0.0253025044 -0.9965030156 0.0796336814 -3.7997812169 0.0000000000 0.0000000000 0.0000000000 1.0000000000
-0.2951344650 -0.0930611482 -0.9509128615 -42.3080820820 0.9551666966 -0.0042591358 -0.2960379056 5.0045836561 0.0234995604 -0.9956512856 0.0901459272 -3.7983253621 0.0000000000 0.0000000000 0.0000000000 1.0000000000
-0.3050814936 -0.1009369309 -0.9469619941 -42.3513824127 0.9521248518 -0.0118797426 -0.3054785397 4.9821746212 0.0195844015 -0.9948218975 0.0997288500 -3.7926016086 0.0000000000 0.0000000000 0.0000000000 1.0000000000
-0.3229195117 -0.1049435174 -0.9405901590 -42.3934252728 0.9463245264 -0.0212189632 -0.3225207689 4.9586777558 0.0138881159 -0.9942517859 0.1061626416 -3.7851678504 0.0000000000 0.0000000000 0.0000000000 1.0000000000
-0.3463931113 -0.1037251115 -0.9323373390 -42.4342176398 0.9380590613 -0.0303002077 -0.3451479319 4.9342025073 0.0075504927 -0.9941443550 0.1077960639 -3.7790449158 0.0000000000 0.0000000000 0.0000000000 1.0000000000
-0.3605930464 -0.1008197744 -0.9272583394 -42.4741679196 0.9327191869 -0.0360438393 -0.3587976589 4.9095680858 0.0027519484 -0.9942515852 0.1070336958 -3.7754710237 0.0000000000 0.0000000000 0.0000000000 1.0000000000
-0.3581258174 -0.1030387596 -0.9279703190 -42.5136569565 0.9336656450 -0.0354877156 -0.3563833404 4.8850190802 0.0037897506 -0.9940440816 0.1089128171 -3.7744742663 0.0000000000 0.0000000000 0.0000000000 1.0000000000
-0.3495072054 -0.1049702012 -0.9310348921 -42.5529410358 0.9368945236 -0.0300713928 -0.3483164695 4.8598998316 0.0085653339 -0.9940206075 0.1088561751 -3.7767057601 0.0000000000 0.0000000000 0.0000000000 1.0000000000
-0.3540889494 -0.1022486562 -0.9296054153 -42.5920614132 0.9351155539 -0.0244527529 -0.3534981806 4.8331489612 0.0134133024 -0.9944582823 0.1042727584 -3.7817693288 0.0000000000 0.0000000000 0.0000000000 1.0000000000
-0.3667709638 -0.0952042208 -0.9254270454 -42.6313924131 0.9302656601 -0.0276818685 -0.3658408339 4.8052562683 0.0092120418 -0.9950727966 0.0987181229 -3.7890723972 0.0000000000 0.0000000000 0.0000000000 1.0000000000
-0.3641625465 -0.0861754148 -0.9273399795 -42.6716561019 0.9313021018 -0.0421149785 -0.3618048144 4.7774834099 -0.0078762233 -0.9953894346 0.0955920428 -3.7979814406 0.0000000000 0.0000000000 0.0000000000 1.0000000000
-0.3574562963 -0.0782789903 -0.9306435386 -42.7125331083 0.9335792710 -0.0572512816 -0.3537683359 4.7491777127 -0.0255879072 -0.9952862354 0.0935444738 -3.8055137903 0.0000000000 0.0000000000 0.0000000000 1.0000000000
-0.3562201546 -0.0730140457 -0.9315450341 -42.7534290140 0.9338684310 -0.0615070067 -0.3522877257 4.7204967431 -0.0315745945 -0.9954324875 0.0900955478 -3.8083232833 0.0000000000 0.0000000000 0.0000000000 1.0000000000
-0.3523770729 -0.0712942449 -0.9331385369 -42.7942160940 0.9352603989 -0.0624576411 -0.3484064140 4.6928201143 -0.0334422597 -0.9954979526 0.0886873247 -3.8053626946 0.0000000000 0.0000000000 0.0000000000 1.0000000000
-0.3326644424 -0.0717694162 -0.9403103316 -42.8348902735 0.9423284732 -0.0641665948 -0.3284808926 4.6666899975 -0.0367616302 -0.9953551120 0.0889763088 -3.7969247878 0.0000000000 0.0000000000 0.0000000000 1.0000000000
-0.3160539658 -0.0755213175 -0.9457306283 -42.8749347437 0.9481065148 -0.0615978248 -0.3119290697 4.6409098175 -0.0346976552 -0.9952397895 0.0910704900 -3.7859966406 0.0000000000 0.0000000000 0.0000000000 1.0000000000
-0.2925937935 -0.0747069065 -0.9533140879 -42.9150200602 0.9557859187 -0.0534607168 -0.2891629805 4.6164187495 -0.0293623827 -0.9957714747 0.0870460832 -3.7784920390 0.0000000000 0.0000000000 0.0000000000 1.0000000000
-0.2797077016 -0.0716383171 -0.9574087702 -42.9551260130 0.9598389849 -0.0434485119 -0.2771666464 4.5923771772 -0.0217422342 -0.9964839077 0.0809141330 -3.7754863555 0.0000000000 0.0000000000 0.0000000000 1.0000000000
-0.2639745638 -0.0712296553 -0.9618959226 -42.9958140582 0.9644004175 -0.0358156901 -0.2620096774 4.5691975048 -0.0157881072 -0.9968167196 0.0781483405 -3.7750117343 0.0000000000 0.0000000000 0.0000000000 1.0000000000
-0.2317813132 -0.0683052415 -0.9703668465 -43.0374402993 0.9726873525 -0.0291119131 -0.2302863669 4.5473471763 -0.0125194694 -0.9972396354 0.0731872420 -3.7762068178 0.0000000000 0.0000000000 0.0000000000 1.0000000000
-0.2241188517 -0.0615012898 -0.9726193149 -43.0794463385 0.9745249220 -0.0228272246 -0.2231145314 4.5245693299 -0.0084803681 -0.9978459346 0.0650505510 -3.7792249555 0.0000000000 0.0000000000 0.0000000000 1.0000000000
-0.2363197100 -0.0557759039 -0.9700732154 -43.1219873191 0.9716580819 -0.0195176587 -0.2355836008 4.5012432175 -0.0057936696 -0.9982525279 0.0588075152 -3.7838787432 0.0000000000 0.0000000000 0.0000000000 1.0000000000
-0.2376483826 -0.0535327209 -0.9698749889 -43.1656031426 0.9713275260 -0.0200749397 -0.2368962516 4.4791208467 -0.0067884810 -0.9983642845 0.0567685823 -3.7899035239 0.0000000000 0.0000000000 0.0000000000 1.0000000000
-0.2391918983 -0.0516719714 -0.9695964331 -43.2101120163 0.9709175577 -0.0233332596 -0.2382743277 4.4576510530 -0.0103117411 -0.9983914895 0.0557503509 -3.7968104980 0.0000000000 0.0000000000 0.0000000000 1.0000000000
-0.2538966334 -0.0506837346 -0.9659025099 -43.2549973062 0.9671341636 -0.0274597601 -0.2527794912 4.4360062491 -0.0137116426 -0.9983371778 0.0559899120 -3.8036432193 0.0000000000 0.0000000000 0.0000000000 1.0000000000
-0.2750805268 -0.0467385927 -0.9602844410 -43.3000016788 0.9611695651 -0.0362196096 -0.2735712103 4.4142634625 -0.0219947942 -0.9982502912 0.0548870221 -3.8079844396 0.0000000000 0.0000000000 0.0000000000 1.0000000000
-0.2995808880 -0.0409833356 -0.9531902526 -43.3448076035 0.9534974569 -0.0474953605 -0.2976353312 4.3920167408 -0.0330740260 -0.9980303387 0.0533062085 -3.8085937316 0.0000000000 0.0000000000 0.0000000000 1.0000000000
-0.2968029212 -0.0425035687 -0.9539923860 -43.3899065169 0.9544534633 -0.0450488716 -0.2949392913 4.3708233566 -0.0304403081 -0.9980801801 0.0539383150 -3.8053776077 0.0000000000 0.0000000000 0.0000000000 1.0000000000
-0.2682880018 -0.0369889505 -0.9626283632 -43.4349876542 0.9629284068 -0.0394599972 -0.2668553765 4.3506361487 -0.0281146122 -0.9985362919 0.0462043550 -3.8004877339 0.0000000000 0.0000000000 0.0000000000 1.0000000000
-0.2884699568 -0.0282281180 -0.9570727545 -43.4784176671 0.9573406379 -0.0260956437 -0.2877810284 4.3267883741 -0.0168519127 -0.9992608222 0.0345517337 -3.7960575649 0.0000000000 0.0000000000 0.0000000000 1.0000000000
-0.3300869501 -0.0241347858 -0.9436419435 -43.5208021260 0.9439496283 -0.0070569085 -0.3300140896 4.3008634556 0.0013056245 -0.9996838061 0.0251114155 -3.7935240560 0.0000000000 0.0000000000 0.0000000000 1.0000000000
-0.3190314679 -0.0232835058 -0.9474580734 -43.5640401763 0.9475807436 0.0107253320 -0.3193363457 4.2774407472 0.0175970721 -0.9996713688 0.0186412834 -3.7929755682 0.0000000000 0.0000000000 0.0000000000 1.0000000000
-0.2766012306 -0.0283653761 -0.9605660647 -43.6077357772 0.9604833854 0.0241250132 -0.2772898307 4.2554988438 0.0310390994 -0.9993064541 0.0205714641 -3.7937879824 0.0000000000 0.0000000000 0.0000000000 1.0000000000
-0.2581078891 -0.0309437265 -0.9656204241 -43.6508897777 0.9653884523 0.0305236016 -0.2590240257 4.2322409717 0.0374893817 -0.9990549512 0.0219943338 -3.7956903993 0.0000000000 0.0000000000 0.0000000000 1.0000000000
-0.2839466122 -0.0258802882 -0.9584907574 -43.6933808001 0.9581109113 0.0313196660 -0.2846797502 4.2068724735 0.0373872043 -0.9991743037 0.0159030735 -3.7989223219 0.0000000000 0.0000000000 0.0000000000 1.0000000000
-0.3187948411 -0.0163920889 -0.9476819871 -43.7360577484 0.9473411099 0.0263930379 -0.3191366932 4.1815756727 0.0302435237 -0.9995172370 0.0071149354 -3.8024778174 0.0000000000 0.0000000000 0.0000000000 1.0000000000
-0.3193817121 -0.0095419936 -0.9475781088 -43.7798775783 0.9474235571 0.0174606155 -0.3195054466 4.1586180495 0.0195940160 -0.9998020190 0.0034637083 -3.8047372055 0.0000000000 0.0000000000 0.0000000000 1.0000000000
-0.3026601346 -0.0045195098 -0.9530878328 -43.8242188842 0.9530683637 0.0065233624 -0.3026848856 4.1370672301 0.0075853246 -0.9999685094 0.0023330400 -3.8049977651 0.0000000000 0.0000000000 0.0000000000 1.0000000000
-0.2802550645 0.0046612367 -0.9599142523 -43.8688516465 0.9599093165 -0.0044582325 -0.2802752721 4.1157942811 -0.0055859503 -0.9999791983 -0.0032249223 -3.8017967910 0.0000000000 0.0000000000 0.0000000000 1.0000000000
-0.2872818067 0.0132749108 -0.9577541127 -43.9123944078 0.9577052246 -0.0131680388 -0.2874496575 4.0934717466 -0.0164276119 -0.9998251745 -0.0089305135 -3.7951402483 0.0000000000 0.0000000000 0.0000000000 1.0000000000
-0.3006075290 0.0212021220 -0.9535122356 -43.9550943815 0.9534986468 -0.0161755949 -0.3009629225 4.0719264066 -0.0218046803 -0.9996443468 -0.0153536890 -3.7896613567 0.0000000000 0.0000000000 0.0000000000 1.0000000000
-0.2949034402 0.0265063191 -0.9551593459 -43.9974525005 0.9552760969 -0.0147303147 -0.2953482630 4.0527743850 -0.0218983930 -0.9995401107 -0.0209768325 -3.7857419436 0.0000000000 0.0000000000 0.0000000000 1.0000000000
-0.2949718009 0.0287219225 -0.9550741792 -44.0393616013 0.9552705069 -0.0133239167 -0.2954331259 4.0339050589 -0.0212107361 -0.9994986365 -0.0235070258 -3.7827494774 0.0000000000 0.0000000000 0.0000000000 1.0000000000
-0.2920059447 0.0292087104 -0.9559703863 -44.0812091625 0.9562350138 -0.0105551766 -0.2924092793 4.0154884117 -0.0186313342 -0.9995176034 -0.0248482173 -3.7811499677 0.0000000000 0.0000000000 0.0000000000 1.0000000000
-0.2920363681 0.0268137334 -0.9560312670 -44.1229775578 0.9562633937 -0.0091484629 -0.2923638615 3.9974335340 -0.0165855832 -0.9995985841 -0.0229693078 -3.7816775185 0.0000000000 0.0000000000 0.0000000000 1.0000000000
-0.3059311814 0.0186305451 -0.9518713227 -44.1646925350 0.9519821964 -0.0062610539 -0.3060893609 3.9789777705 -0.0116623293 -0.9998068323 -0.0158204956 -3.7838477873 0.0000000000 0.0000000000 0.0000000000 1.0000000000
-0.3232235908 0.0088204742 -0.9462815171 -44.2068559872 0.9462998310 -0.0039277502 -0.3232664576 3.9602308234 -0.0065681209 -0.9999533849 -0.0070772717 -3.7865886329 0.0000000000 0.0000000000 0.0000000000 1.0000000000
-0.3383091662 0.0013172206 -0.9410340977 -44.2495772210 0.9410303668 -0.0026710621 -0.3383115637 3.9418096392 -0.0029591915 -0.9999955652 -0.0003358998 -3.7888150166 0.0000000000 0.0000000000 0.0000000000 1.0000000000
-0.3588215408 -0.0042757635 -0.9333963894 -44.2924156364 0.9334028296 -0.0043240820 -0.3588042085 3.9239480488 -0.0025019205 -0.9999815099 0.0055425835 -3.7898859052 0.0000000000 0.0000000000 0.0000000000 1.0000000000
-0.3626360607 -0.0112004710 -0.9318635291 -44.3354494702 0.9319118375 -0.0107435004 -0.3625257292 3.9076142982 -0.0059510173 -0.9998795561 0.0143338322 -3.7869243921 0.0000000000 0.0000000000 0.0000000000 1.0000000000
-0.3525314985 -0.0199790186 -0.9355866509 -44.3779076439 0.9357958658 -0.0104794407 -0.3523865476 3.8917653825 -0.0027640874 -0.9997454777 0.0223906160 -3.7774302263 0.0000000000 0.0000000000 0.0000000000 1.0000000000
-0.3541903186 -0.0287412140 -0.9347315983 -44.4183981174 0.9351617262 -0.0058991604 -0.3541719155 3.8748424485 0.0046651992 -0.9995694786 0.0289671088 -3.7651731385 0.0000000000 0.0000000000 0.0000000000 1.0000000000
-0.3649683079 -0.0384628011 -0.9302251056 -44.4567883675 0.9309859369 -0.0065375918 -0.3649965003 3.8570720577 0.0079573557 -0.9992386466 0.0381943408 -3.7544049448 0.0000000000 0.0000000000 0.0000000000 1.0000000000
-0.3691870322 -0.0485664291 -0.9280852532 -44.4938885961 0.9293172356 -0.0102756274 -0.3691393872 3.8392024091 0.0083911236 -0.9987670967 0.0489272481 -3.7470201953 0.0000000000 0.0000000000 0.0000000000 1.0000000000
-0.3732068703 -0.0581314689 -0.9259251397 -44.5305427768 0.9277271723 -0.0166723963 -0.3728864773 3.8209367746 0.0062390478 -0.9981697068 0.0601523961 -3.7446782019 0.0000000000 0.0000000000 0.0000000000 1.0000000000
-0.3664818343 -0.0673639633 -0.9279833843 -44.5677296516 0.9304251091 -0.0260770104 -0.3655531506 3.8027803005 0.0004260766 -0.9973876308 0.0722338735 -3.7462122779 0.0000000000 0.0000000000 0.0000000000 1.0000000000
-0.3568320859 -0.0717775676 -0.9314069160 -44.6056885566 0.9341634587 -0.0307060805 -0.3555218263 3.7838605029 -0.0030813638 -0.9969479010 0.0780088956 -3.7494279089 0.0000000000 0.0000000000 0.0000000000 1.0000000000
-0.3668528013 -0.0668159097 -0.9278764230 -44.6440508148 0.9302517809 -0.0339781192 -0.3653451951 3.7627033994 -0.0071166242 -0.9971866032 0.0746205872 -3.7534447653 0.0000000000 0.0000000000 0.0000000000 1.0000000000
-0.3938246613 -0.0588127597 -0.9173021288 -44.6826485983 0.9190762246 -0.0405887532 -0.3919839876 3.7394428589 -0.0141784897 -0.9974435385 0.0700382612 -3.7570628054 0.0000000000 0.0000000000 0.0000000000 1.0000000000
-0.4006440251 -0.0514697634 -0.9147869854 -44.7221552881 0.9158533918 -0.0512644660 -0.3982267185 3.7163409812 -0.0263994314 -0.9973579187 0.0676775594 -3.7597948313 0.0000000000 0.0000000000 0.0000000000 1.0000000000
-0.3849076774 -0.0471966356 -0.9217475563 -44.7621730355 0.9221688150 -0.0608803578 -0.3819663056 3.6935881191 -0.0380887965 -0.9970286152 0.0669565826 -3.7609512907 0.0000000000 0.0000000000 0.0000000000 1.0000000000
-0.3729332397 -0.0465913578 -0.9266876734 -44.8015816816 0.9268159100 -0.0660307263 -0.3696650000 3.6700359733 -0.0439666658 -0.9967292454 0.0678066643 -3.7593932328 0.0000000000 0.0000000000 0.0000000000 1.0000000000
-0.3499184877 -0.0459344809 -0.9356532880 -44.8406534418 0.9354956085 -0.0694221361 -0.3464513436 3.6469938372 -0.0490409873 -0.9965292723 0.0672635941 -3.7546250685 0.0000000000 0.0000000000 0.0000000000 1.0000000000
-0.3407871260 -0.0418450507 -0.9392087768 -44.8789008218 0.9381918449 -0.0794246201 -0.3368794916 3.6233313664 -0.0604995609 -0.9959622089 0.0663255733 -3.7470841155 0.0000000000 0.0000000000 0.0000000000 1.0000000000
-0.3408529178 -0.0378993103 -0.9393523996 -44.9165892705 0.9375795887 -0.0870609332 -0.3366970578 3.5988968422 -0.0690203102 -0.9954818111 0.0652085928 -3.7393281313 0.0000000000 0.0000000000 0.0000000000 1.0000000000
-0.3284615582 -0.0325859654 -0.9439550623 -44.9543322153 0.9418863798 -0.0858432291 -0.3247783668 3.5745861300 -0.0704489341 -0.9957756248 0.0588884778 -3.7324920163 0.0000000000 0.0000000000 0.0000000000 1.0000000000
-0.3255371968 -0.0273029021 -0.9451349560 -44.9915265994 0.9431428369 -0.0803494893 -0.3225299193 3.5490404341 -0.0671351082 -0.9963927494 0.0519072841 -3.7263505711 0.0000000000 0.0000000000 0.0000000000 1.0000000000
-0.3205103372 -0.0244174950 -0.9469302560 -45.0282517176 0.9452032422 -0.0738449409 -0.3180216278 3.5231602469 -0.0621607173 -0.9969707672 0.0467475623 -3.7214046209 0.0000000000 0.0000000000 0.0000000000 1.0000000000
-0.3191855497 -0.0251572854 -0.9473582722 -45.0643956249 0.9460871962 -0.0666138193 -0.3169883536 3.4969230412 -0.0551325862 -0.9974616334 0.0450631542 -3.7174044762 0.0000000000 0.0000000000 0.0000000000 1.0000000000
-0.3140337270 -0.0284255969 -0.9489861979 -45.1001404642 0.9481751960 -0.0603901619 -0.3119564488 3.4709157942 -0.0484418819 -0.9977700205 0.0459169935 -3.7142291710 0.0000000000 0.0000000000 0.0000000000 1.0000000000
-0.3118069075 -0.0352032111 -0.9494931208 -45.1353335736 0.9493355072 -0.0527967926 -0.3097976653 3.4448325250 -0.0392243187 -0.9979845854 0.0498820629 -3.7112388455 0.0000000000 0.0000000000 0.0000000000 1.0000000000
-0.3147232997 -0.0435960437 -0.9481817492 -45.1699001264 0.9487609786 -0.0442503037 -0.3128809935 3.4188402832 -0.0283169569 -0.9980687830 0.0552888267 -3.7089860544 0.0000000000 0.0000000000 0.0000000000 1.0000000000
-0.3144808916 -0.0539770648 -0.9477279384 -45.2039808022 0.9490517358 -0.0389804068 -0.3127000651 3.3939643287 -0.0200641889 -0.9977810403 0.0634856201 -3.7084053279 0.0000000000 0.0000000000 0.0000000000 1.0000000000
-0.3084250954 -0.0672508316 -0.9488684241 -45.2376425417 0.9511075452 -0.0389810103 -0.3063901407 3.3707794518 -0.0163828581 -0.9969743259 0.0759854951 -3.7094684090 0.0000000000 0.0000000000 0.0000000000 1.0000000000
-0.3152029987 -0.0843775699 -0.9452658331 -45.2704396564 0.9489355533 -0.0416412164 -0.3127096495 3.3476117830 -0.0129763388 -0.9955633756 0.0931943122 -3.7099378971 0.0000000000 0.0000000000 0.0000000000 1.0000000000
-0.3367706802 -0.0987375776 -0.9363954292 -45.3022694300 0.9415246047 -0.0467332675 -0.3336876091 3.3236057484 -0.0108133119 -0.9940155394 0.1087022530 -3.7073299867 0.0000000000 0.0000000000 0.0000000000 1.0000000000
-0.3490873957 -0.1135985859 -0.9301792040 -45.3339473447 0.9370656746 -0.0494943214 -0.3456273045 3.2995013705 -0.0067758155 -0.9922931389 0.1237271793 -3.7041488533 0.0000000000 0.0000000000 0.0000000000 1.0000000000
-0.3516129632 -0.1257981800 -0.9276546459 -45.3658603163 0.9361397206 -0.0507192839 -0.3479511141 3.2747523227 -0.0032783625 -0.9907584833 0.1355982308 -3.7017832268 0.0000000000 0.0000000000 0.0000000000 1.0000000000
-0.3543035419 -0.1325438076 -0.9256895480 -45.3980687849 0.9351134733 -0.0442487483 -0.3515748005 3.2486804238 0.0056384589 -0.9901889655 0.1396209886 -3.6994204738 0.0000000000 0.0000000000 0.0000000000 1.0000000000
-0.3506884564 -0.1387366350 -0.9261586002 -45.4310035374 0.9364026264 -0.0382711274 -0.3488344050 3.2226108947 0.0129509777 -0.9895895447 0.1433345920 -3.6976328734 0.0000000000 0.0000000000 0.0000000000 1.0000000000
-0.3534403493 -0.1460644548 -0.9239832761 -45.4647686526 0.9352955613 -0.0368241364 -0.3519462970 3.1962022632 0.0173819577 -0.9885894790 0.1496285718 -3.6985285066 0.0000000000 0.0000000000 0.0000000000 1.0000000000
-0.3520783969 -0.1495331869 -0.9239483906 -45.4996364792 0.9357850972 -0.0365896866 -0.3506671452 3.1694637994 0.0186293937 -0.9880794608 0.1528133661 -3.7019799115 0.0000000000 0.0000000000 0.0000000000 1.0000000000
-0.3515178746 -0.1503496072 -0.9240293174 -45.5353502257 0.9359986129 -0.0369511069 -0.3500588699 3.1417387942 0.0184873074 -0.9879421093 0.1537159983 -3.7060746142 0.0000000000 0.0000000000 0.0000000000 1.0000000000
-0.3552408822 -0.1499636495 -0.9226672312 -45.5717167971 0.9346156152 -0.0387659524 -0.3535404542 3.1125433610 0.0172501428 -0.9879312247 0.1539296197 -3.7103563587 0.0000000000 0.0000000000 0.0000000000 1.0000000000
-0.3517233779 -0.1483098463 -0.9242807230 -45.6089114462 0.9359997968 -0.0409876953 -0.3496060487 3.0828560502 0.0139658827 -0.9880911893 0.1532343167 -3.7146267637 0.0000000000 0.0000000000 0.0000000000 1.0000000000
-0.3382156905 -0.1471534224 -0.9294923437 -45.6466938862 0.9409940205 -0.0404458892 -0.3359975943 3.0532697416 0.0118490515 -0.9882863959 0.1521499249 -3.7180282651 0.0000000000 0.0000000000 0.0000000000 1.0000000000
-0.3173817980 -0.1460810741 -0.9369787159 -45.6849461387 0.9482507440 -0.0390415405 -0.3151131300 3.0244851444 0.0094509720 -0.9885019362 0.1509125615 -3.7195505236 0.0000000000 0.0000000000 0.0000000000 1.0000000000
-0.2976789842 -0.1409359715 -0.9442056314 -45.7236613115 0.9546654591 -0.0428674841 -0.2945780711 2.9966855193 0.0010409268 -0.9890902036 0.1473074530 -3.7176981282 0.0000000000 0.0000000000 0.0000000000 1.0000000000
-0.2986230965 -0.1313270969 -0.9452922510 -45.7629947524 0.9543634485 -0.0450649398 -0.2952279786 2.9684173053 -0.0038281050 -0.9903142657 0.1387912129 -3.7146239344 0.0000000000 0.0000000000 0.0000000000 1.0000000000
-0.2972504362 -0.1172809533 -0.9475691828 -45.8039136796 0.9547971066 -0.0342674933 -0.2952765215 2.9406424941 0.0021594913 -0.9925073888 0.1221655422 -3.7124217202 0.0000000000 0.0000000000 0.0000000000 1.0000000000
-0.3068150131 -0.0970599560 -0.9468072205 -45.8462767273 0.9516945647 -0.0188309671 -0.3064683509 2.9126042187 0.0119165090 -0.9951003767 0.0981490560 -3.7115163301 0.0000000000 0.0000000000 0.0000000000 1.0000000000
-0.3123602771 -0.0745554396 -0.9470335494 -45.8902244624 0.9498485268 -0.0089876481 -0.3125811869 2.8856454677 0.0147930235 -0.9971763679 0.0736237587 -3.7127661518 0.0000000000 0.0000000000 0.0000000000 1.0000000000
-0.3082446419 -0.0520897272 -0.9498799403 -45.9357694543 0.9512055341 -0.0022845097 -0.3085495306 2.8602410470 0.0139022510 -0.9986397956 0.0502522246 -3.7167544141 0.0000000000 0.0000000000 0.0000000000 1.0000000000
-0.3086622434 -0.0308323546 -0.9506718600 -45.9825188214 0.9510928711 0.0028636245 -0.3088918100 2.8358722195 0.0122462291 -0.9995204678 0.0284405399 -3.7229981338 0.0000000000 0.0000000000 0.0000000000 1.0000000000
-0.3152828710 -0.0124016914 -0.9489167030 -46.0302246398 0.9489280615 0.0079969262 -0.3153911593 2.8120527830 0.0114998007 -0.9998911177 0.0092470191 -3.7300887463 0.0000000000 0.0000000000 0.0000000000 1.0000000000
-0.3181052410 0.0006090836 -0.9480552118 -46.0790109076 0.9479746697 0.0132548506 -0.3180697007 2.7893214183 0.0123725992 -0.9999119651 -0.0047938333 -3.7374537559 0.0000000000 0.0000000000 0.0000000000 1.0000000000
-0.3186322963 0.0116055916 -0.9478073486 -46.1286179270 0.9477856325 0.0178900347 -0.3184059382 2.7677168966 0.0132610171 -0.9997726026 -0.0166999558 -3.7451091939 0.0000000000 0.0000000000 0.0000000000 1.0000000000
-0.3184915806 0.0191893970 -0.9477314388 -46.1785808042 0.9477867918 0.0235612150 -0.3180331216 2.7472864414 0.0162268404 -0.9995382115 -0.0256915056 -3.7518553049 0.0000000000 0.0000000000 0.0000000000 1.0000000000
-0.3144783043 0.0215138283 -0.9490208382 -46.2286892252 0.9490198696 0.0298282060 -0.3138017928 2.7279213447 0.0215565112 -0.9993234878 -0.0297973742 -3.7544673752 0.0000000000 0.0000000000 0.0000000000 1.0000000000
-0.3193484751 0.0261332994 -0.9472769406 -46.2777973591 0.9473104689 0.0350572678 -0.3183926248 2.7086014458 0.0248882916 -0.9990435619 -0.0359518331 -3.7513109941 0.0000000000 0.0000000000 0.0000000000 1.0000000000
-0.3290849008 0.0256395010 -0.9439521937 -46.3251916102 0.9439548520 0.0359700330 -0.3281088144 2.6899680236 0.0255414453 -0.9990239100 -0.0360397261 -3.7454779589 0.0000000000 0.0000000000 0.0000000000 1.0000000000
-0.3327999594 0.0258342694 -0.9426435050 -46.3707763965 0.9426628145 0.0357423881 -0.3318272138 2.6726314242 0.0251198164 -0.9990270628 -0.0362480704 -3.7407634744 0.0000000000 0.0000000000 0.0000000000 1.0000000000
-0.3369306999 0.0255725432 -0.9411821017 -46.4145134038 0.9411295198 0.0382802374 -0.3358717768 2.6556849577 0.0274395787 -0.9989397722 -0.0369648625 -3.7378785191 0.0000000000 0.0000000000 0.0000000000 1.0000000000
-0.3273035817 0.0221311858 -0.9446600320 -46.4573635086 0.9445164209 0.0368506961 -0.3263904976 2.6398219399 0.0275879710 -0.9990756912 -0.0329646332 -3.7364590145 0.0000000000 0.0000000000 0.0000000000 1.0000000000
-0.3170159692 0.0184510879 -0.9482407040 -46.4999737874 0.9480659696 0.0334884902 -0.3163059251 2.6237937665 0.0259189611 -0.9992687718 -0.0281092347 -3.7369428997 0.0000000000 0.0000000000 0.0000000000 1.0000000000
-0.3165017479 0.0201432222 -0.9483780334 -46.5430313209 0.9483088425 0.0311420819 -0.3158172098 2.6064113384 0.0231728902 -0.9993119740 -0.0289585190 -3.7393504048 0.0000000000 0.0000000000 0.0000000000 1.0000000000
-0.3201744769 0.0256493941 -0.9470113056 -46.5871095780 0.9471476175 0.0297622216 -0.3194144655 2.5875927707 0.0199923728 -0.9992278613 -0.0338228662 -3.7423755489 0.0000000000 0.0000000000 0.0000000000 1.0000000000
-0.3264613204 0.0327412377 -0.9446433283 -46.6319875529 0.9450829886 0.0277261183 -0.3256522792 2.5674141627 0.0155290340 -0.9990792129 -0.0399946919 -3.7458152660 0.0000000000 0.0000000000 0.0000000000 1.0000000000
-0.3320612940 0.0423180097 -0.9423080617 -46.6772461109 0.9431985105 0.0260982184 -0.3312030385 2.5462368235 0.0105767082 -0.9987632698 -0.0485804919 -3.7497525812 0.0000000000 0.0000000000 0.0000000000 1.0000000000
-0.3343386170 0.0512914592 -0.9410562552 -46.7221761481 0.9424140139 0.0272792592 -0.3333341692 2.5246063778 0.0085741216 -0.9983110879 -0.0574582997 -3.7535678726 0.0000000000 0.0000000000 0.0000000000 1.0000000000
-0.3345280569 0.0513259323 -0.9409870498 -46.7662571138 0.9423040892 0.0313661650 -0.3332854138 2.5029550597 0.0124089705 -0.9981892668 -0.0588574981 -3.7558644514 0.0000000000 0.0000000000 0.0000000000 1.0000000000
-0.3162711296 0.0472801897 -0.9474899241 -46.8100368913 0.9484384943 0.0377667906 -0.3147031809 2.4829405300 0.0209044275 -0.9981674475 -0.0567868975 -3.7551109786 0.0000000000 0.0000000000 0.0000000000 1.0000000000
-0.3044762447 0.0447525662 -0.9514680364 -46.8532675500 0.9521867133 0.0407197245 -0.3027909626 2.4639445822 0.0251928437 -0.9981678776 -0.0550109877 -3.7526747962 0.0000000000 0.0000000000 0.0000000000 1.0000000000
-0.2951403321 0.0408705979 -0.9545793726 -46.8962442363 0.9551760425 0.0367150042 -0.2937528489 2.4464994887 0.0230415311 -0.9984896608 -0.0498746945 -3.7510239655 0.0000000000 0.0000000000 0.0000000000 1.0000000000
-0.2707326259 0.0401443388 -0.9618171746 -46.9400286286 0.9623547281 0.0362222911 -0.2693720902 2.4309619227 0.0240254573 -0.9985371188 -0.0484396502 -3.7499367758 0.0000000000 0.0000000000 0.0000000000 1.0000000000
-0.2657707529 0.0398699959 -0.9632114463 -46.9841101856 0.9637171168 0.0366949830 -0.2643913710 2.4144443227 0.0248037448 -0.9985308516 -0.0481758507 -3.7490097439 0.0000000000 0.0000000000 0.0000000000 1.0000000000
-0.2670917206 0.0361749023 -0.9629918947 -47.0289417783 0.9634232393 0.0326873957 -0.2659834509 2.3973531129 0.0218557718 -0.9988107481 -0.0435822743 -3.7491455077 0.0000000000 0.0000000000 0.0000000000 1.0000000000
-0.2591102890 0.0313963654 -0.9653373122 -47.0753151781 0.9656075881 0.0307074832 -0.2581841132 2.3803631453 0.0215370365 -0.9990351939 -0.0382731935 -3.7510011650 0.0000000000 0.0000000000 0.0000000000 1.0000000000
-0.2564489463 0.0303273934 -0.9660818739 -47.1233890643 0.9662534917 0.0331220611 -0.2554547297 2.3624963805 0.0242513467 -0.9989910802 -0.0377980674 -3.7533949698 0.0000000000 0.0000000000 0.0000000000 1.0000000000
-0.2682077709 0.0285742104 -0.9629372285 -47.1729008557 0.9629963675 0.0354546544 -0.2671721611 2.3438958643 0.0265063731 -0.9989627030 -0.0370260746 -3.7553001034 0.0000000000 0.0000000000 0.0000000000 1.0000000000
-0.2823623092 0.0280137611 -0.9588987202 -47.2236265365 0.9588622164 0.0387054540 -0.2812207991 2.3256131874 0.0292365580 -0.9988579063 -0.0377902984 -3.7572118142 0.0000000000 0.0000000000 0.0000000000 1.0000000000
-0.3010735447 0.0304162701 -0.9531157176 -47.2747580360 0.9531982615 0.0386416180 -0.2998664697 2.3076693425 0.0277091140 -0.9987901060 -0.0406267046 -3.7597705423 0.0000000000 0.0000000000 0.0000000000 1.0000000000
-0.3169583846 0.0269278381 -0.9480571048 -47.3260114119 0.9480750709 0.0367011454 -0.3159219617 2.2903168177 0.0262876863 -0.9989634215 -0.0371623478 -3.7600252954 0.0000000000 0.0000000000 0.0000000000 1.0000000000
-0.3180114430 0.0235224349 -0.9477950291 -47.3773088283 0.9475928613 0.0401537372 -0.3169470723 2.2733071245 0.0306021457 -0.9989165993 -0.0350590393 -3.7554386911 0.0000000000 0.0000000000 0.0000000000 1.0000000000
-0.3020933842 0.0205468235 -0.9530568793 -47.4278314044 0.9527183497 0.0407707685 -0.3011071080 2.2569969941 0.0326700668 -0.9989572426 -0.0318919152 -3.7485513149 0.0000000000 0.0000000000 0.0000000000 1.0000000000
-0.3062836752 0.0194248236 -0.9517420798 -47.4765142709 0.9515023234 0.0365711604 -0.3054601099 2.2394565523 0.0288728035 -0.9991422454 -0.0296839142 -3.7430569253 0.0000000000 0.0000000000 0.0000000000 1.0000000000
-0.3225561928 0.0206702200 -0.9463245978 -47.5236222442 0.9461994629 0.0342595822 -0.3217652210 2.2208070851 0.0257697274 -0.9991991909 -0.0306087915 -3.7404741012 0.0000000000 0.0000000000 0.0000000000 1.0000000000
-0.3227860098 0.0176074596 -0.9463081788 -47.5701196011 0.9462053353 0.0297340958 -0.3221976831 2.2028857584 0.0224645354 -0.9994027521 -0.0262580224 -3.7404303125 0.0000000000 0.0000000000 0.0000000000 1.0000000000
-0.3079169783 0.0125293372 -0.9513307260 -47.6167014392 0.9512086124 0.0247909102 -0.3075509494 2.1856660221 0.0197309450 -0.9996141388 -0.0195515556 -3.7424453760 0.0000000000 0.0000000000 0.0000000000 1.0000000000
-0.2925703242 0.0099327893 -0.9561924205 -47.6634793903 0.9560846234 0.0212948622 -0.2923161331 2.1682410301 0.0174584713 -0.9997238962 -0.0157268319 -3.7460064663 0.0000000000 0.0000000000 0.0000000000 1.0000000000
-0.2970473865 0.0082472072 -0.9548271224 -47.7102262582 0.9547575042 0.0174108672 -0.2968753439 2.1494194716 0.0141759758 -0.9998144054 -0.0130459355 -3.7500884762 0.0000000000 0.0000000000 0.0000000000 1.0000000000
-0.3053040863 0.0070020010 -0.9522291672 -47.7571833508 0.9522176786 0.0110874627 -0.3052188736 2.1303287910 0.0084206625 -0.9999140164 -0.0100524768 -3.7546898541 0.0000000000 0.0000000000 0.0000000000 1.0000000000
-0.2974958325 0.0073045008 -0.9546951733 -47.8046179625 0.9547231128 0.0021853633 -0.2974878183 2.1122697657 -0.0000866442 -0.9999709338 -0.0076239123 -3.7597273125 0.0000000000 0.0000000000 0.0000000000 1.0000000000
-0.2881882260 0.0021491871 -0.9575713693 -47.8518033128 0.9575524843 -0.0060225486 -0.2881960595 2.0945809475 -0.0063864073 -0.9999795547 -0.0003223318 -3.7626737582 0.0000000000 0.0000000000 0.0000000000 1.0000000000
-0.2658054942 -0.0020822520 -0.9640244310 -47.8988795090 0.9639528150 -0.0129529190 -0.2657577701 2.0781156624 -0.0119335557 -0.9999139394 0.0054501497 -3.7620365512 0.0000000000 0.0000000000 0.0000000000 1.0000000000
-0.2486614424 -0.0042633615 -0.9685810812 -47.9455769340 0.9683621220 -0.0228066638 -0.2485048425 2.0621950232 -0.0210306371 -0.9997308037 0.0097996157 -3.7569516851 0.0000000000 0.0000000000 0.0000000000 1.0000000000
-0.2464432933 -0.0067002878 -0.9691340513 -47.9919130837 0.9687365735 -0.0311618697 -0.2461267744 2.0458780501 -0.0285509088 -0.9994918929 0.0141704476 -3.7507736304 0.0000000000 0.0000000000 0.0000000000 1.0000000000
-0.2267134057 -0.0067791345 -0.9739379215 -48.0387955425 0.9736536917 -0.0267166057 -0.2264612806 2.0302320449 -0.0244851040 -0.9996200610 0.0126575420 -3.7452988836 0.0000000000 0.0000000000 0.0000000000 1.0000000000
-0.2199230982 -0.0044056370 -0.9755072635 -48.0859306207 0.9753530879 -0.0193356527 -0.2198010155 2.0134055285 -0.0178937062 -0.9998033421 0.0085494083 -3.7422256563 0.0000000000 0.0000000000 0.0000000000 1.0000000000
-0.2162310942 -0.0018032247 -0.9763405463 -48.1335307248 0.9761215444 -0.0216589882 -0.2161425891 1.9963607210 -0.0207567947 -0.9997637904 0.0064435132 -3.7435433530 0.0000000000 0.0000000000 0.0000000000 1.0000000000
-0.2039095257 -0.0015645911 -0.9789884868 -48.1820132981 0.9786619359 -0.0262016015 -0.2037996351 1.9796530386 -0.0253322031 -0.9996554547 0.0068739619 -3.7481270152 0.0000000000 0.0000000000 0.0000000000 1.0000000000
-0.2049600045 0.0001823584 -0.9787703322 -48.2313766467 0.9784515101 -0.0254844339 -0.2048979895 1.9618979699 -0.0249807727 -0.9996752024 0.0050448608 -3.7541546433 0.0000000000 0.0000000000 0.0000000000 1.0000000000
-0.2109675099 0.0026407538 -0.9774895069 -48.2816875407 0.9772716972 -0.0207114835 -0.2109764544 1.9439385643 -0.0208023947 -0.9997820067 0.0017887162 -3.7605787340 0.0000000000 0.0000000000 0.0000000000 1.0000000000
-0.2225531551 0.0038482966 -0.9749129622 -48.3324806272 0.9747818923 -0.0159869817 -0.2225863402 1.9261179993 -0.0164424939 -0.9998647944 -0.0001932967 -3.7671437383 0.0000000000 0.0000000000 0.0000000000 1.0000000000
-0.2452829698 0.0049798368 -0.9694387376 -48.3832278295 0.9693322972 -0.0144231076 -0.2453301277 1.9081326002 -0.0152040232 -0.9998835808 -0.0012893740 -3.7740698423 0.0000000000 0.0000000000 0.0000000000 1.0000000000
-0.2679511645 0.0033453900 -0.9634266873 -48.4337760728 0.9632877374 -0.0164040393 -0.2679694805 1.8905167609 -0.0167005516 -0.9998598481 0.0011729083 -3.7786365930 0.0000000000 0.0000000000 0.0000000000 1.0000000000
-0.2721942946 0.0028750540 -0.9622380163 -48.4844276004 0.9620704674 -0.0180849867 -0.2722009349 1.8739641983 -0.0181846541 -0.9998323196 0.0021566257 -3.7768067811 0.0000000000 0.0000000000 0.0000000000 1.0000000000
-0.2785367892 0.0059092107 -0.9604073814 -48.5343994187 0.9602144349 -0.0192529037 -0.2785992905 1.8575434098 -0.0201369327 -0.9997971829 -0.0003114674 -3.7707821563 0.0000000000 0.0000000000 0.0000000000 1.0000000000
-0.2729180101 0.0085723934 -0.9619991028 -48.5836966990 0.9618252697 -0.0185615907 -0.2730340965 1.8420092818 -0.0201967893 -0.9997909689 -0.0031793522 -3.7641794030 0.0000000000 0.0000000000 0.0000000000 1.0000000000
-0.2692146567 0.0131907159 -0.9629898616 -48.6319773678 0.9629906675 -0.0099469562 -0.2693511321 1.8259895954 -0.0131317522 -0.9998635222 -0.0100246700 -3.7590808532 0.0000000000 0.0000000000 0.0000000000 1.0000000000
-0.2723043132 0.0154385929 -0.9620873198 -48.6794032877 0.9621857258 -0.0029042587 -0.2723787701 1.8092580418 -0.0069992954 -0.9998766000 -0.0140639515 -3.7565668230 0.0000000000 0.0000000000 0.0000000000 1.0000000000
-0.2664167493 0.0125286993 -0.9637765028 -48.7267346850 0.9638554798 0.0012068707 -0.2664228921 1.7927522511 -0.0021747786 -0.9999207844 -0.0123973861 -3.7569154815 0.0000000000 0.0000000000 0.0000000000 1.0000000000
-0.2536166453 0.0123085131 -0.9672264976 -48.7744954653 0.9672988369 0.0067413712 -0.2535498255 1.7761588462 0.0033996115 -0.9999015224 -0.0136157343 -3.7606327424 0.0000000000 0.0000000000 0.0000000000 1.0000000000
-0.2533525038 0.0140633830 -0.9672717974 -48.8224360145 0.9673395334 0.0121268555 -0.2531939305 1.7583647094 0.0081692021 -0.9998275655 -0.0166764355 -3.7660966499 0.0000000000 0.0000000000 0.0000000000 1.0000000000
-0.2637624179 0.0157446145 -0.9644591718 -48.8704652684 0.9645441050 0.0138086496 -0.2635602221 1.7395316980 0.0091682246 -0.9997806901 -0.0188285779 -3.7724308198 0.0000000000 0.0000000000 0.0000000000 1.0000000000
-0.2696767614 0.0154298430 -0.9628272765 -48.9185810210 0.9629320646 0.0105755881 -0.2695366317 1.7207929872 0.0060235568 -0.9998250231 -0.0177098809 -3.7789925701 0.0000000000 0.0000000000 0.0000000000 1.0000000000
-0.2641805595 0.0122101948 -0.9643959473 -48.9667115658 0.9644643210 0.0076448686 -0.2641024979 1.7026095631 0.0041479374 -0.9998962282 -0.0137959229 -3.7839471903 0.0000000000 0.0000000000 0.0000000000 1.0000000000
-0.2490548848 0.0061108132 -0.9684700937 -49.0145010139 0.9684724349 0.0074854122 -0.2490082557 1.6849222820 0.0057277549 -0.9999533122 -0.0077824326 -3.7849756443 0.0000000000 0.0000000000 0.0000000000 1.0000000000
-0.2353460363 -0.0007815394 -0.9719113295 -49.0616295418 0.9718796499 0.0079246863 -0.2353447376 1.6675343043 0.0078860236 -0.9999682938 -0.0011054813 -3.7801794047 0.0000000000 0.0000000000 0.0000000000 1.0000000000
-0.2346956051 -0.0103389738 -0.9720139292 -49.1078188524 0.9720406076 0.0051347878 -0.2347566636 1.6501559312 0.0074182282 -0.9999333676 0.0088447902 -3.7730305731 0.0000000000 0.0000000000 0.0000000000 1.0000000000
-0.2149587245 -0.0187841701 -0.9764424723 -49.1542918726 0.9765774544 0.0055357910 -0.2150949341 1.6345419904 0.0094457613 -0.9998082366 0.0171542305 -3.7676556077 0.0000000000 0.0000000000 0.0000000000 1.0000000000
-0.1888061297 -0.0218295367 -0.9817717233 -49.2015423400 0.9818212611 0.0156300789 -0.1891631887 1.6193359530 0.0194745143 -0.9996395210 0.0184816486 -3.7633901039 0.0000000000 0.0000000000 0.0000000000 1.0000000000
-0.1864831039 -0.0213664816 -0.9822258016 -49.2494089251 0.9821413399 0.0213338891 -0.1869311470 1.6027162462 0.0249487572 -0.9995440654 0.0170064950 -3.7609396316 0.0000000000 0.0000000000 0.0000000000 1.0000000000
-0.1877491405 -0.0198497248 -0.9820164197 -49.2982412496 0.9819566006 0.0192277795 -0.1881263594 1.5861414693 0.0226162517 -0.9996180675 0.0158815692 -3.7616692578 0.0000000000 0.0000000000 0.0000000000 1.0000000000
-0.1944325036 -0.0173995938 -0.9807615692 -49.3481494555 0.9807184047 0.0166143991 -0.1947187008 1.5693362634 0.0196827904 -0.9997105661 0.0138337227 -3.7658705680 0.0000000000 0.0000000000 0.0000000000 1.0000000000
-0.2073449142 -0.0159718569 -0.9781375089 -49.3990972807 0.9780773368 0.0163499888 -0.2075991354 1.5520372511 0.0193082810 -0.9997387547 0.0122316242 -3.7721608552 0.0000000000 0.0000000000 0.0000000000 1.0000000000
-0.2101599243 -0.0166137673 -0.9775258508 -49.4512265162 0.9773963116 0.0199573762 -0.2104712647 1.5351996973 0.0230055718 -0.9996627861 0.0120439942 -3.7785851169 0.0000000000 0.0000000000 0.0000000000 1.0000000000
-0.2191398510 -0.0165592053 -0.9755529296 -49.5037589518 0.9753222889 0.0238588432 -0.2194930260 1.5184464837 0.0269101945 -0.9995781852 0.0109221386 -3.7846971238 0.0000000000 0.0000000000 0.0000000000 1.0000000000
-0.2385613770 -0.0182805639 -0.9709553493 -49.5557747775 0.9708015594 0.0214096725 -0.2389266796 1.5020482095 0.0251555505 -0.9996036449 0.0126392790 -3.7892531186 0.0000000000 0.0000000000 0.0000000000 1.0000000000
-0.2473952956 -0.0260480988 -0.9685644348 -49.6071985908 0.9686703692 0.0157956805 -0.2478471552 1.4867454634 0.0217550815 -0.9995358888 0.0213242444 -3.7880176184 0.0000000000 0.0000000000 0.0000000000 1.0000000000
-0.2457482881 -0.0299867318 -0.9688697409 -49.6579107338 0.9691645802 0.0110679658 -0.2461656284 1.4720291274 0.0181051199 -0.9994890175 0.0263421447 -3.7814737707 0.0000000000 0.0000000000 0.0000000000 1.0000000000
-0.2463032922 -0.0323830429 -0.9686516540 -49.7073426445 0.9691304463 0.0031079953 -0.2465289404 1.4575910241 0.0109939220 -0.9994706994 0.0306178834 -3.7742172840 0.0000000000 0.0000000000 0.0000000000 1.0000000000
-0.2472629042 -0.0287335715 -0.9685222961 -49.7555634398 0.9689400781 -0.0031826833 -0.2472751416 1.4429391476 0.0040225982 -0.9995820389 0.0286280685 -3.7683577546 0.0000000000 0.0000000000 0.0000000000 1.0000000000
-0.2666271914 -0.0274785204 -0.9634079467 -49.8022717607 0.9637954951 -0.0046345877 -0.2666022584 1.4264807052 0.0028608370 -0.9996116504 0.0277193812 -3.7640686687 0.0000000000 0.0000000000 0.0000000000 1.0000000000
-0.2684326188 -0.0305795556 -0.9628129725 -49.8486347494 0.9632983861 -0.0089210168 -0.2682846151 1.4103535965 -0.0003852464 -0.9994925244 0.0318519285 -3.7618637783 0.0000000000 0.0000000000 0.0000000000 1.0000000000
-0.2604893282 -0.0330521570 -0.9649108067 -49.8949528749 0.9654699618 -0.0126588224 -0.2602066622 1.3940226299 -0.0036142431 -0.9993734583 0.0352083528 -3.7631426956 0.0000000000 0.0000000000 0.0000000000 1.0000000000
-0.2604764131 -0.0343415780 -0.9648692628 -49.9410948782 0.9654707379 -0.0136919966 -0.2601514626 1.3763145217 -0.0042769749 -0.9993163589 0.0367222308 -3.7670607415 0.0000000000 0.0000000000 0.0000000000 1.0000000000
-0.2594701006 -0.0366581162 -0.9650551535 -49.9872225123 0.9657449419 -0.0134294390 -0.2591454368 1.3576980458 -0.0034603658 -0.9992376257 0.0388869282 -3.7719689433 0.0000000000 0.0000000000 0.0000000000 1.0000000000
-0.2512417906 -0.0370564097 -0.9672147565 -50.0335318566 0.9679132170 -0.0144129367 -0.2508710257 1.3386186688 -0.0046440256 -0.9992092322 0.0394885208 -3.7774743262 0.0000000000 0.0000000000 0.0000000000 1.0000000000
-0.2491488358 -0.0379413358 -0.9677217124 -50.0796056364 0.9684495373 -0.0154449157 -0.2487306743 1.3185391365 -0.0055092063 -0.9991606025 0.0405923519 -3.7827132301 0.0000000000 0.0000000000 0.0000000000 1.0000000000
-0.2446548344 -0.0405433571 -0.9687622248 -50.1252953465 0.9696012013 -0.0145433162 -0.2442580651 1.2981517750 -0.0041859734 -0.9990719334 0.0428689804 -3.7865688687 0.0000000000 0.0000000000 0.0000000000 1.0000000000
-0.2209183874 -0.0428721783 -0.9743495484 -50.1708586328 0.9752801544 -0.0146964331 -0.2204827326 1.2787347128 -0.0048668880 -0.9989724677 0.0450590970 -3.7867166557 0.0000000000 0.0000000000 0.0000000000 1.0000000000
-0.2077488147 -0.0439889827 -0.9771926112 -50.2158526423 0.9781710826 -0.0141067234 -0.2073218117 1.2589549736 -0.0046651103 -0.9989324150 0.0459594059 -3.7830757322 0.0000000000 0.0000000000 0.0000000000 1.0000000000
-0.2083061452 -0.0420173110 -0.9771607316 -50.2605038358 0.9780547339 -0.0132203173 -0.2079282585 1.2388753442 -0.0041817886 -0.9990294134 0.0438491032 -3.7783508143 0.0000000000 0.0000000000 0.0000000000 1.0000000000
-0.2070528091 -0.0367387558 -0.9776397077 -50.3052370365 0.9783191336 -0.0124344963 -0.2067294273 1.2192663888 -0.0045614753 -0.9992475405 0.0385168252 -3.7737338846 0.0000000000 0.0000000000 0.0000000000 1.0000000000
-0.2102364469 -0.0347853175 -0.9770315338 -50.3499001846 0.9776385922 -0.0124270884 -0.2099246306 1.1996091738 -0.0048393624 -0.9993175417 0.0366200958 -3.7713209166 0.0000000000 0.0000000000 0.0000000000 1.0000000000
-0.2117918707 -0.0362126391 -0.9766436650 -50.3947441306 0.9773024183 -0.0128761698 -0.2114572947 1.1800195521 -0.0049180029 -0.9992611516 0.0381177679 -3.7725681765 0.0000000000 0.0000000000 0.0000000000 1.0000000000
-0.2131695282 -0.0389481386 -0.9762385952 -50.4399422338 0.9770107243 -0.0115311515 -0.2128780805 1.1603257304 -0.0029659502 -0.9991746970 0.0405108393 -3.7770029504 0.0000000000 0.0000000000 0.0000000000 1.0000000000
-0.2141258082 -0.0449668764 -0.9757705254 -50.4857704329 0.9768057637 -0.0090401604 -0.2139363819 1.1405446470 0.0007989287 -0.9989475740 0.0458596357 -3.7826804388 0.0000000000 0.0000000000 0.0000000000 1.0000000000
-0.2142468804 -0.0518088918 -0.9754045894 -50.5324230647 0.9767667778 -0.0062585015 -0.2142136619 1.1207396130 0.0049936014 -0.9986374066 0.0519460687 -3.7880700600 0.0000000000 0.0000000000 0.0000000000 1.0000000000
-0.2219053269 -0.0571248330 -0.9733934350 -50.5797270997 0.9750257025 -0.0036778470 -0.2220615971 1.1007606441 0.0091052395 -0.9983602691 0.0565143143 -3.7930690534 0.0000000000 0.0000000000 0.0000000000 1.0000000000
-0.2351751943 -0.0626945771 -0.9699288726 -50.6272701147 0.9718868274 -0.0035244837 -0.2354221159 1.0808772236 0.0113411915 -0.9980265367 0.0617609048 -3.7971321749 0.0000000000 0.0000000000 0.0000000000 1.0000000000
-0.2422496383 -0.0715581663 -0.9675714659 -50.6748231431 0.9700997796 -0.0025659725 -0.2426928787 1.0613152611 0.0148838956 -0.9974331279 0.0700401673 -3.7976024686 0.0000000000 0.0000000000 0.0000000000 1.0000000000
-0.2498586420 -0.0745269279 -0.9654099627 -50.7220723855 0.9681368188 -0.0019441748 -0.2504142973 1.0413659250 0.0167856825 -0.9972171064 0.0726380318 -3.7932586218 0.0000000000 0.0000000000 0.0000000000 1.0000000000
-0.2675124723 -0.0757533753 -0.9605719667 -50.7684642529 0.9634112024 -0.0038421972 -0.2680001729 1.0207520553 0.0166112107 -0.9971191823 0.0740094860 -3.7866359461 0.0000000000 0.0000000000 0.0000000000 1.0000000000
-0.2799112095 -0.0763356511 -0.9569861980 -50.8142436368 0.9598607013 -0.0037616070 -0.2804519289 1.0001190163 0.0178086746 -0.9970750818 0.0743245076 -3.7813981860 0.0000000000 0.0000000000 0.0000000000 1.0000000000
-0.2838734350 -0.0749605897 -0.9559271849 -50.8597600450 0.9586154175 0.0004102197 -0.2847039043 0.9791516055 0.0217337127 -0.9971864127 0.0717419266 -3.7781318777 0.0000000000 0.0000000000 0.0000000000 1.0000000000
-0.2811383028 -0.0739600869 -0.9568130226 -50.9053888555 0.9593733781 0.0030124003 -0.2821234601 0.9582515499 0.0237481794 -0.9972566525 0.0701084373 -3.7760005135 0.0000000000 0.0000000000 0.0000000000 1.0000000000
-0.2874517068 -0.0710820594 -0.9551538395 -50.9512602669 0.9575117764 0.0029289908 -0.2883792974 0.9370227872 0.0232962312 -0.9974661708 0.0672199656 -3.7758703459 0.0000000000 0.0000000000 0.0000000000 1.0000000000
-0.2987039157 -0.0653476865 -0.9521059031 -50.9974403373 0.9540835121 0.0029421597 -0.2995262852 0.9155916869 0.0223745974 -0.9978582182 0.0614683156 -3.7784203152 0.0000000000 0.0000000000 0.0000000000 1.0000000000
-0.3060149087 -0.0604961476 -0.9501026743 -51.0438553895 0.9517988467 0.0023930260 -0.3067135941 0.8942515168 0.0208286113 -0.9981655622 0.0568478618 -3.7830674249 0.0000000000 0.0000000000 0.0000000000 1.0000000000
-0.3040651969 -0.0590010332 -0.9508223988 -51.0902938158 0.9524939675 -0.0006944129 -0.3045566607 0.8731085331 0.0173088943 -0.9982576801 0.0564092750 -3.7891814824 0.0000000000 0.0000000000 0.0000000000 1.0000000000
-0.2910650486 -0.0592056576 -0.9548695343 -51.1366516456 0.9566137346 -0.0043566248 -0.2913265911 0.8519521018 0.0130881742 -0.9982362996 0.0579050065 -3.7953495354 0.0000000000 0.0000000000 0.0000000000 1.0000000000
-0.2747569499 -0.0600940896 -0.9596339505 -51.1826158526 0.9614365272 -0.0045250283 -0.2749896876 0.8304112116 0.0121828841 -0.9981824605 0.0590199357 -3.7992175987 0.0000000000 0.0000000000 0.0000000000 1.0000000000
-0.2570619679 -0.0614485507 -0.9644393295 -51.2278978887 0.9663089212 -0.0030302203 -0.2573672212 0.8089652438 0.0128923791 -0.9981056524 0.0601572371 -3.7993626497 0.0000000000 0.0000000000 0.0000000000 1.0000000000
-0.2439959900 -0.0632694121 -0.9677101520 -51.2720980567 0.9697192300 -0.0050977344 -0.2441692612 0.7880542218 0.0105153163 -0.9979834641 0.0625973923 -3.7963285845 0.0000000000 0.0000000000 0.0000000000 1.0000000000
-0.2384206377 -0.0659653501 -0.9689190741 -51.3154712391 0.9711586581 -0.0135833156 -0.2380469582 0.7676709175 0.0025417173 -0.9977294554 0.0673013636 -3.7919845623 0.0000000000 0.0000000000 0.0000000000 1.0000000000
-0.2244816178 -0.0651052874 -0.9723010361 -51.3587573381 0.9744698671 -0.0191543173 -0.2236997770 0.7479138017 -0.0040597243 -0.9976945493 0.0677429329 -3.7861732192 0.0000000000 0.0000000000 0.0000000000 1.0000000000
-0.2262265440 -0.0619337990 -0.9721037781 -51.4017375548 0.9740746390 -0.0147786894 -0.2257436333 0.7268685698 -0.0003852590 -0.9979708387 0.0636714748 -3.7809403608 0.0000000000 0.0000000000 0.0000000000 1.0000000000
-0.2348030662 -0.0615988939 -0.9700892208 -51.4445937339 0.9720387315 -0.0119351169 -0.2345170730 0.7055878885 0.0028678640 -0.9980296234 0.0626789127 -3.7798413003 0.0000000000 0.0000000000 0.0000000000 1.0000000000
-0.2278082053 -0.0634240590 -0.9716382096 -51.4880807283 0.9737051716 -0.0135181587 -0.2274104178 0.6856629954 0.0012885322 -0.9978951088 0.0648358818 -3.7835510713 0.0000000000 0.0000000000 0.0000000000 1.0000000000
-0.2207427503 -0.0658911978 -0.9731037911 -51.5324260151 0.9753311757 -0.0135650825 -0.2203294947 0.6658148415 0.0013175411 -0.9977346033 0.0672601330 -3.7898777235 0.0000000000 0.0000000000 0.0000000000 1.0000000000
-0.2201506101 -0.0694388374 -0.9729912419 -51.5779344807 0.9754506425 -0.0100936130 -0.2199867338 0.6455981731 0.0054546260 -0.9975351457 0.0699562736 -3.7957797734 0.0000000000 0.0000000000 0.0000000000 1.0000000000
-0.2206669148 -0.0716284336 -0.9727155187 -51.6248676886 0.9753098469 -0.0072431760 -0.2207220851 0.6257245974 0.0087644275 -0.9974050852 0.0714582459 -3.8006307830 0.0000000000 0.0000000000 0.0000000000 1.0000000000
-0.2317941202 -0.0717648181 -0.9701140638 -51.6729876981 0.9727039336 -0.0059372245 -0.2319737204 0.6058510921 0.0108877669 -0.9974039103 0.0711821346 -3.8051010218 0.0000000000 0.0000000000 0.0000000000 1.0000000000
-0.2408081495 -0.0726941599 -0.9678465758 -51.7221956202 0.9705160565 -0.0072583715 -0.2409271679 0.5867519736 0.0104890081 -0.9973278674 0.0722987244 -3.8077301028 0.0000000000 0.0000000000 0.0000000000 1.0000000000
-0.2434702330 -0.0700541939 -0.9673751369 -51.7722962162 0.9698761492 -0.0094549632 -0.2434149930 0.5682856266 0.0079057448 -0.9974983777 0.0702458939 -3.8064388130 0.0000000000 0.0000000000 0.0000000000 1.0000000000
-0.2588239102 -0.0608874719 -0.9640035785 -51.8224539413 0.9659244626 -0.0159629887 -0.2583314065 0.5494766583 0.0003407680 -0.9980169832 0.0629443018 -3.8030819622 0.0000000000 0.0000000000 0.0000000000 1.0000000000
-0.2704702700 -0.0534593642 -0.9612429086 -51.8725437499 0.9627018473 -0.0224240006 -0.2696336727 0.5310283312 -0.0071404668 -0.9983182161 0.0575304542 -3.7997316094 0.0000000000 0.0000000000 0.0000000000 1.0000000000
-0.2669214857 -0.0416809140 -0.9628165048 -51.9227066814 0.9636509192 -0.0233556100 -0.2661417317 0.5125954184 -0.0113941362 -0.9988579563 0.0463999652 -3.7968190709 0.0000000000 0.0000000000 0.0000000000 1.0000000000
-0.2682526102 -0.0314754407 -0.9628342712 -51.9725381177 0.9633051186 -0.0182608281 -0.2677868379 0.4927501980 -0.0091534423 -0.9993377001 0.0352189679 -3.7940755491 0.0000000000 0.0000000000 0.0000000000 1.0000000000
-0.2664138901 -0.0225864917 -0.9635940481 -52.0222610143 0.9638214910 -0.0150298733 -0.2661244755 0.4723226247 -0.0084718782 -0.9996319089 0.0257735131 -3.7928058761 0.0000000000 0.0000000000 0.0000000000 1.0000000000
-0.2707026393 -0.0143347206 -0.9625562824 -52.0717502888 0.9626359942 -0.0115225068 -0.2705534597 0.4508269563 -0.0072127530 -0.9998308595 0.0169182910 -3.7945096152 0.0000000000 0.0000000000 0.0000000000 1.0000000000
-0.2802893959 -0.0067091348 -0.9598920992 -52.1209034124 0.9599001064 -0.0076304898 -0.2802384010 0.4284865158 -0.0054442896 -0.9999483802 0.0085788446 -3.7987585944 0.0000000000 0.0000000000 0.0000000000 1.0000000000
-0.2936640591 -0.0032145356 -0.9559032834 -52.1695316318 0.9558934020 -0.0066428017 -0.2936386849 0.4057023941 -0.0054059640 -0.9999727696 0.0050235055 -3.8042033843 0.0000000000 0.0000000000 0.0000000000 1.0000000000
-0.2895184905 -0.0030697980 -0.9571674984 -52.2178152778 0.9571298025 -0.0103650171 -0.2894738461 0.3840138532 -0.0090324313 -0.9999415697 0.0059390593 -3.8098109564 0.0000000000 0.0000000000 0.0000000000 1.0000000000
-0.2758764043 -0.0059175063 -0.9611749022 -52.2654914478 0.9611055636 -0.0151950294 -0.2757629540 0.3629755172 -0.0129732519 -0.9998670383 0.0098792983 -3.8143887770 0.0000000000 0.0000000000 0.0000000000 1.0000000000
-0.2661149207 -0.0101186268 -0.9638882001 -52.3122801442 0.9638148518 -0.0189897195 -0.2658953216 0.3418714553 -0.0156134710 -0.9997684752 0.0148059305 -3.8164949996 0.0000000000 0.0000000000 0.0000000000 1.0000000000
-0.2430603377 -0.0137938245 -0.9699130903 -52.3587029931 0.9698440310 -0.0220169217 -0.2427299131 0.3220934894 -0.0180063268 -0.9996624358 0.0187292988 -3.8143143388 0.0000000000 0.0000000000 0.0000000000 1.0000000000
-0.2402343112 -0.0184138704 -0.9705402645 -52.4043862832 0.9704628452 -0.0273402460 -0.2396964268 0.3021095744 -0.0221210706 -0.9994565725 0.0244380422 -3.8092457981 0.0000000000 0.0000000000 0.0000000000 1.0000000000
-0.2377970002 -0.0162062952 -0.9711796655 -52.4503482767 0.9709260314 -0.0322550990 -0.2371966487 0.2827069375 -0.0274814174 -0.9993482699 0.0234052797 -3.8045333328 0.0000000000 0.0000000000 0.0000000000 1.0000000000
-0.2429369671 -0.0093203059 -0.9699973000 -52.4968718979 0.9696111595 -0.0321353294 -0.2425314825 0.2628137330 -0.0289107152 -0.9994400695 0.0168439321 -3.8009463351 0.0000000000 0.0000000000 0.0000000000 1.0000000000
-0.2454306409 -0.0036394766 -0.9694073214 -52.5441383274 0.9690071573 -0.0298949187 -0.2452170936 0.2429176472 -0.0280878912 -0.9995464212 0.0108638080 -3.7996659252 0.0000000000 0.0000000000 0.0000000000 1.0000000000
-0.2386199678 0.0015724514 -0.9711117538 -52.5921149254 0.9707560360 -0.0267261753 -0.2385758372 0.2236733227 -0.0263292518 -0.9996415552 0.0048509324 -3.8010558023 0.0000000000 0.0000000000 0.0000000000 1.0000000000
-0.2437631927 0.0061482137 -0.9698152945 -52.6401697562 0.9695829335 -0.0212427291 -0.2438394585 0.2042076704 -0.0221007007 -0.9997554431 -0.0007830077 -3.8045262980 0.0000000000 0.0000000000 0.0000000000 1.0000000000
-0.2501372834 0.0062550347 -0.9681901745 -52.6880530840 0.9680644468 -0.0157455234 -0.2502065256 0.1855300559 -0.0168097116 -0.9998564662 -0.0021167342 -3.8088042647 0.0000000000 0.0000000000 0.0000000000 1.0000000000
-0.2531774395 0.0038731267 -0.9674121061 -52.7356442311 0.9673566662 -0.0104160695 -0.2532046323 0.1681039944 -0.0110573254 -0.9999382503 -0.0011095811 -3.8131460607 0.0000000000 0.0000000000 0.0000000000 1.0000000000
-0.2638783363 0.0003439893 -0.9645559109 -52.7823679504 0.9645428484 -0.0051224208 -0.2638765895 0.1514271066 -0.0050316320 -0.9999868212 0.0010199035 -3.8175660915 0.0000000000 0.0000000000 0.0000000000 1.0000000000
-0.2789107356 -0.0069487748 -0.9602918911 -52.8280199996 0.9603168784 -0.0014528916 -0.2789074797 0.1357187340 0.0005428653 -0.9999748015 0.0070782528 -3.8214135444 0.0000000000 0.0000000000 0.0000000000 1.0000000000
-0.2826760810 -0.0176657787 -0.9590527376 -52.8728649412 0.9592020687 0.0000704814 -0.2827213938 0.1214128013 0.0050620890 -0.9998439455 0.0169251281 -3.8223569666 0.0000000000 0.0000000000 0.0000000000 1.0000000000
-0.2911026797 -0.0242661806 -0.9563840141 -52.9167407103 0.9566560750 0.0012575872 -0.2912173977 0.1068334695 0.0082694702 -0.9997047419 0.0228483021 -3.8205110513 0.0000000000 0.0000000000 0.0000000000 1.0000000000
-0.2907501077 -0.0318421128 -0.9562690284 -52.9600674661 0.9566927049 0.0052240678 -0.2910528774 0.0923587606 0.0142633528 -0.9994792589 0.0289442188 -3.8171114150 0.0000000000 0.0000000000 0.0000000000 1.0000000000
-0.2864734069 -0.0349067027 -0.9574520924 -53.0030909851 0.9577872910 0.0146099394 -0.2871063475 0.0772165103 0.0240102529 -0.9992837794 0.0292478371 -3.8137044298 0.0000000000 0.0000000000 0.0000000000 1.0000000000
-0.2915047296 -0.0388917580 -0.9557784387 -53.0458063229 0.9559666216 0.0236208776 -0.2925232854 0.0611185280 0.0339530703 -0.9989642062 0.0302936250 -3.8112499900 0.0000000000 0.0000000000 0.0000000000 1.0000000000
-0.2886694349 -0.0413460545 -0.9565356560 -53.0890778951 0.9566094446 0.0288690368 -0.2899395614 0.0455812322 0.0396021199 -0.9987277319 0.0312184177 -3.8100668494 0.0000000000 0.0000000000 0.0000000000 1.0000000000
-0.2874450576 -0.0409315153 -0.9569221232 -53.1331160872 0.9568835570 0.0313540893 -0.2887746169 0.0302820262 0.0418234043 -0.9986698815 0.0301541159 -3.8098332646 0.0000000000 0.0000000000 0.0000000000 1.0000000000
-0.2933786902 -0.0367095331 -0.9552912406 -53.1779127355 0.9551011673 0.0319775781 -0.2945491380 0.0147472396 0.0413606615 -0.9988142193 0.0256797779 -3.8105239269 0.0000000000 0.0000000000 0.0000000000 1.0000000000
-0.3072821719 -0.0342222368 -0.9510028945 -53.2229195179 0.9508205462 0.0298740373 -0.3082982823 -0.0012545687 0.0389609527 -0.9989676573 0.0233594469 -3.8131164014 0.0000000000 0.0000000000 0.0000000000 1.0000000000
-0.3154649317 -0.0353363764 -0.9482790820 -53.2680440041 0.9483106300 0.0245700270 -0.3163909967 -0.0171328548 0.0344793540 -0.9990733978 0.0257588795 -3.8178425242 0.0000000000 0.0000000000 0.0000000000 1.0000000000
-0.3103706063 -0.0405308588 -0.9497511970 -53.3132008430 0.9501285856 0.0187514840 -0.3112941578 -0.0328869201 0.0304262639 -0.9990023180 0.0326896181 -3.8227544210 0.0000000000 0.0000000000 0.0000000000 1.0000000000
-0.3021728344 -0.0480844612 -0.9520396330 -53.3581538288 0.9528009526 0.0155239166 -0.3031985367 -0.0494196250 0.0293585222 -0.9987226305 0.0411240145 -3.8256153973 0.0000000000 0.0000000000 0.0000000000 1.0000000000
-0.2881696819 -0.0556387769 -0.9559615897 -53.4030644778 0.9570901833 0.0151708080 -0.2893928604 -0.0663034049 0.0306041746 -0.9983357016 0.0488795603 -3.8245422086 0.0000000000 0.0000000000 0.0000000000 1.0000000000
-0.2735694644 -0.0596387196 -0.9600015475 -53.4479567865 0.9611729759 0.0205528946 -0.2751801028 -0.0832020982 0.0361421996 -0.9980084176 0.0517004813 -3.8194789248 0.0000000000 0.0000000000 0.0000000000 1.0000000000
-0.2761958267 -0.0600879753 -0.9592211948 -53.4924760765 0.9602269947 0.0253110400 -0.2780709801 -0.1003624689 0.0409876082 -0.9978721293 0.0507072923 -3.8137343617 0.0000000000 0.0000000000 0.0000000000 1.0000000000
-0.2699600572 -0.0577734885 -0.9611367184 -53.5375269810 0.9620448054 0.0251714132 -0.2717281590 -0.1162948434 0.0398918531 -0.9980123366 0.0487854084 -3.8087088412 0.0000000000 0.0000000000 0.0000000000 1.0000000000
-0.2659514813 -0.0525218088 -0.9625545539 -53.5833149763 0.9631968260 0.0259277655 -0.2675436886 -0.1321742230 0.0390087672 -0.9982831315 0.0436933119 -3.8052315747 0.0000000000 0.0000000000 0.0000000000 1.0000000000
-0.2737040743 -0.0470938126 -0.9606603211 -53.6298051516 0.9609823724 0.0281347642 -0.2751750625 -0.1488574442 0.0399869944 -0.9984941702 0.0375557241 -3.8045436713 0.0000000000 0.0000000000 0.0000000000 1.0000000000
-0.2724778829 -0.0414593936 -0.9612683923 -53.6773972228 0.9613147133 0.0301890720 -0.2737930640 -0.1650033959 0.0403710951 -0.9986840034 0.0316296707 -3.8074064617 0.0000000000 0.0000000000 0.0000000000 1.0000000000
-0.2707875139 -0.0374444346 -0.9619106178 -53.7260429616 0.9617777683 0.0317387717 -0.2719856152 -0.1808258902 0.0407142091 -0.9987945558 0.0274187616 -3.8123860525 0.0000000000 0.0000000000 0.0000000000 1.0000000000
-0.2768571222 -0.0348980087 -0.9602771802 -53.7755556730 0.9600430342 0.0324224988 -0.2779679011 -0.1968407839 0.0408351120 -0.9988648110 0.0245271905 -3.8174985910 0.0000000000 0.0000000000 0.0000000000 1.0000000000
-0.2847133153 -0.0320526512 -0.9580766961 -53.8259826248 0.9577457935 0.0329840990 -0.2857184702 -0.2126096619 0.0407593311 -0.9989417785 0.0213072797 -3.8223137200 0.0000000000 0.0000000000 0.0000000000 1.0000000000
-0.2988950546 -0.0286922654 -0.9538545488 -53.8769594355 0.9534434623 0.0330139487 -0.2997593092 -0.2283403187 0.0400912788 -0.9990429586 0.0174887469 -3.8264404426 0.0000000000 0.0000000000 0.0000000000 1.0000000000
-0.3150914067 -0.0271403347 -0.9486731827 -53.9281378351 0.9482480923 0.0323689484 -0.3158762520 -0.2440572973 0.0392805405 -0.9991074284 0.0155365931 -3.8277885511 0.0000000000 0.0000000000 0.0000000000 1.0000000000
-0.3192437223 -0.0287266518 -0.9472371537 -53.9791773263 0.9468837049 0.0311081598 -0.3200680111 -0.2592201633 0.0386612871 -0.9991031287 0.0172697137 -3.8249243359 0.0000000000 0.0000000000 0.0000000000 1.0000000000
-0.3255087697 -0.0290549091 -0.9450925104 -54.0293715910 0.9448709602 0.0275712677 -0.3262800848 -0.2743141420 0.0355374368 -0.9991974967 0.0184784505 -3.8195709341 0.0000000000 0.0000000000 0.0000000000 1.0000000000
-0.3435184685 -0.0290137032 -0.9386976440 -54.0783030342 0.9385658224 0.0245197058 -0.3442280946 -0.2898255587 0.0330039219 -0.9992782341 0.0188082984 -3.8146765009 0.0000000000 0.0000000000 0.0000000000 1.0000000000
-0.3515516306 -0.0267426637 -0.9357864505 -54.1266572790 0.9355969217 0.0248881951 -0.3521916778 -0.3049602057 0.0327085794 -0.9993324810 0.0162708682 -3.8110493068 0.0000000000 0.0000000000 0.0000000000 1.0000000000
-0.3509764170 -0.0243594623 -0.9360673968 -54.1748718328 0.9358644281 0.0241810743 -0.3515295831 -0.3198011855 0.0311981869 -0.9994107725 0.0143101674 -3.8080886119 0.0000000000 0.0000000000 0.0000000000 1.0000000000
-0.3495785430 -0.0197302684 -0.9366992894 -54.2232862449 0.9365677794 0.0195445955 -0.3499411428 -0.3345263150 0.0252118414 -0.9996142883 0.0116463625 -3.8064207335 0.0000000000 0.0000000000 0.0000000000 1.0000000000
-0.3556849320 -0.0139593957 -0.9345016663 -54.2718275455 0.9344415250 0.0134417757 -0.3558628319 -0.3494843821 0.0175289918 -0.9998122093 0.0082632019 -3.8071364134 0.0000000000 0.0000000000 0.0000000000 1.0000000000
-0.3572234115 -0.0067815167 -0.9339943497 -54.3207529876 0.9339737902 0.0072417680 -0.3572681290 -0.3642476439 0.0091865902 -0.9999507827 0.0037468298 -3.8102451931 0.0000000000 0.0000000000 0.0000000000 1.0000000000
-0.3593490084 -0.0029218381 -0.9331986675 -54.3696510233 0.9332025455 0.0000963033 -0.3593508032 -0.3794152148 0.0011398350 -0.9999957268 0.0026920602 -3.8145545216 0.0000000000 0.0000000000 0.0000000000 1.0000000000
-0.3555264053 -0.0015793227 -0.9346649030 -54.4186171242 0.9346459780 -0.0071848194 -0.3555070663 -0.3949686807 -0.0061539382 -0.9999729417 0.0040305007 -3.8191628412 0.0000000000 0.0000000000 0.0000000000 1.0000000000
-0.3463739693 0.0011921003 -0.9380957586 -54.4675817751 0.9380033632 -0.0136520598 -0.3463572026 -0.4112886171 -0.0132198319 -0.9999060957 0.0036105240 -3.8227630569 0.0000000000 0.0000000000 0.0000000000 1.0000000000
-0.3481776310 0.0031427540 -0.9374233091 -54.5160233841 0.9371680085 -0.0224092824 -0.3481579354 -0.4296523848 -0.0221011584 -0.9997439408 0.0048571223 -3.8235507711 0.0000000000 0.0000000000 0.0000000000 1.0000000000
-0.3450828561 0.0041869760 -0.9385628864 -54.5642593330 0.9381475169 -0.0285409591 -0.3450574592 -0.4494389040 -0.0282322323 -0.9995838549 0.0059209946 -3.8199059759 0.0000000000 0.0000000000 0.0000000000 1.0000000000
-0.3471368481 0.0040277260 -0.9378058360 -54.6119275498 0.9375322678 -0.0230403678 -0.3471345392 -0.4706328955 -0.0230055542 -0.9997264220 0.0042220376 -3.8135655215 0.0000000000 0.0000000000 0.0000000000 1.0000000000
-0.3440294321 0.0053201714 -0.9389437926 -54.6593225190 0.9387493013 -0.0191772072 -0.3440668308 -0.4913804060 -0.0198368142 -0.9998019456 0.0016032165 -3.8088839997 0.0000000000 0.0000000000 0.0000000000 1.0000000000
-0.3267409278 0.0078583196 -0.9450812732 -54.7072854061 0.9448596896 -0.0204772789 -0.3268345881 -0.5108755011 -0.0219210635 -0.9997594350 -0.0007342443 -3.8054170684 0.0000000000 0.0000000000 0.0000000000 1.0000000000
-0.3292436419 0.0112503603 -0.9441779777 -54.7553785859 0.9440581466 -0.0159697175 -0.3293921430 -0.5315840625 -0.0187840359 -0.9998091806 -0.0053630664 -3.8036538317 0.0000000000 0.0000000000 0.0000000000 1.0000000000
-0.3374725415 0.0150558362 -0.9412149624 -54.8039787536 0.9412081675 -0.0110402408 -0.3376467067 -0.5526606324 -0.0154747933 -0.9998257023 -0.0104448979 -3.8050169499 0.0000000000 0.0000000000 0.0000000000 1.0000000000
-0.3430780890 0.0184288437 -0.9391260845 -54.8533147282 0.9391890711 -0.0091045991 -0.3432797621 -0.5732486886 -0.0148766156 -0.9997887197 -0.0141845801 -3.8094373645 0.0000000000 0.0000000000 0.0000000000 1.0000000000
-0.3528288974 0.0197432100 -0.9354795427 -54.9031608164 0.9355636670 -0.0088448663 -0.3530472961 -0.5938720301 -0.0152444784 -0.9997659596 -0.0153503055 -3.8149071931 0.0000000000 0.0000000000 0.0000000000 1.0000000000
-0.3690269794 0.0159908592 -0.9292811097 -54.9530692127 0.9293044810 -0.0093251856 -0.3691967260 -0.6147398956 -0.0145694917 -0.9998286520 -0.0114191321 -3.8193418374 0.0000000000 0.0000000000 0.0000000000 1.0000000000
-0.3827510862 0.0119342965 -0.9237744197 -55.0028440773 0.9237550695 -0.0095034949 -0.3828658450 -0.6351652664 -0.0133483200 -0.9998836213 -0.0073868939 -3.8223719780 0.0000000000 0.0000000000 0.0000000000 1.0000000000
-0.4057155158 0.0053624852 -0.9139836782 -55.0517733874 0.9138946151 -0.0127621799 -0.4057508586 -0.6556979433 -0.0138402571 -0.9999041807 0.0002770681 -3.8230816695 0.0000000000 0.0000000000 0.0000000000 1.0000000000
-0.4162331202 -0.0046897601 -0.9092458390 -55.1004713621 0.9091801358 -0.0152276262 -0.4161245008 -0.6755077013 -0.0118941317 -0.9998730547 0.0106020791 -3.8188935262 0.0000000000 0.0000000000 0.0000000000 1.0000000000
-0.4247941655 -0.0104612871 -0.9052295170 -55.1486649722 0.9052609550 -0.0129133866 -0.4246596847 -0.6960608042 -0.0072470918 -0.9998618934 0.0149557261 -3.8112500894 0.0000000000 0.0000000000 0.0000000000 1.0000000000
-0.4332627872 -0.0144543757 -0.9011517232 -55.1965679299 0.9012582316 -0.0115169700 -0.4331292641 -0.7171316273 -0.0041179242 -0.9998292006 0.0180169996 -3.8038841023 0.0000000000 0.0000000000 0.0000000000 1.0000000000
-0.4374951948 -0.0123084297 -0.8991365064 -55.2447084412 0.8992181688 -0.0083834603 -0.4374201669 -0.7390887068 -0.0021539199 -0.9998891039 0.0147356872 -3.7985993315 0.0000000000 0.0000000000 0.0000000000 1.0000000000
-0.4431996338 -0.0065754832 -0.8963988217 -55.2933602123 0.8964211431 -0.0052522826 -0.4431721422 -0.7623279132 -0.0017940690 -0.9999645876 0.0082222119 -3.7957660026 0.0000000000 0.0000000000 0.0000000000 1.0000000000
-0.4465234327 -0.0005139019 -0.8947717921 -55.3427120177 0.8947611774 -0.0051611216 -0.4465151713 -0.7865822964 -0.0043885610 -0.9999865493 0.0027643812 -3.7952496919 0.0000000000 0.0000000000 0.0000000000 1.0000000000
-0.4456211223 0.0086460010 -0.8951799049 -55.3927232214 0.8951946294 -0.0034665167 -0.4456619332 -0.8119982413 -0.0069563496 -0.9999566140 -0.0061951006 -3.7970263527 0.0000000000 0.0000000000 0.0000000000 1.0000000000
-0.4507112795 0.0196825519 -0.8924527661 -55.4425235548 0.8926271938 0.0001714057 -0.4507955896 -0.8389836608 -0.0087198361 -0.9998062651 -0.0176464356 -3.8001001928 0.0000000000 0.0000000000 0.0000000000 1.0000000000
-0.4598728068 0.0260600950 -0.8876023169 -55.4912313044 0.8879301936 0.0024103503 -0.4599719138 -0.8672673972 -0.0098474792 -0.9996574722 -0.0242479997 -3.8033089264 0.0000000000 0.0000000000 0.0000000000 1.0000000000
-0.4522297317 0.0279000483 -0.8914650061 -55.5387341184 0.8918227341 0.0008627155 -0.4523842026 -0.8951478515 -0.0118524604 -0.9996103456 -0.0252720429 -3.8064968390 0.0000000000 0.0000000000 0.0000000000 1.0000000000
-0.4425331788 0.0252991555 -0.8963951910 -55.5841285582 0.8966403778 -0.0032974214 -0.4427472867 -0.9231050001 -0.0141569251 -0.9996744869 -0.0212250260 -3.8091804080 0.0000000000 0.0000000000 0.0000000000 1.0000000000
-0.4430527588 0.0189267802 -0.8962957268 -55.6269707679 0.8963552132 -0.0083365030 -0.4432582030 -0.9517540804 -0.0158614226 -0.9997861170 -0.0132716075 -3.8109122498 0.0000000000 0.0000000000 0.0000000000 1.0000000000
-0.4190745634 0.0075508802 -0.9079204230 -55.6688931242 0.9077994061 -0.0148370619 -0.4191420999 -0.9788693435 -0.0166357633 -0.9998614133 -0.0006368493 -3.8096645792 0.0000000000 0.0000000000 0.0000000000 1.0000000000
-0.3980028234 -0.0040190341 -0.9173753866 -55.7101092835 0.9171580661 -0.0239446911 -0.3978036370 -1.0059537444 -0.0203674839 -0.9997052061 0.0132161442 -3.8043027474 0.0000000000 0.0000000000 0.0000000000 1.0000000000
-0.3984213730 -0.0072092977 -0.9171741577 -55.7510560289 0.9169210549 -0.0279006449 -0.3980921164 -1.0344843882 -0.0227197859 -0.9995847038 0.0177265701 -3.7975664643 0.0000000000 0.0000000000 0.0000000000 1.0000000000
-0.4111615174 -0.0057411715 -0.9115444287 -55.7921553060 0.9113078268 -0.0262252535 -0.4108896214 -1.0639119012 -0.0215464959 -0.9996395726 0.0160147896 -3.7917613183 0.0000000000 0.0000000000 0.0000000000 1.0000000000
-0.4150187188 -0.0066512679 -0.9097885599 -55.8339159297 0.9095556987 -0.0268076009 -0.4147165098 -1.0930261321 -0.0216308580 -0.9996184838 0.0171753548 -3.7884580089 0.0000000000 0.0000000000 0.0000000000 1.0000000000
-0.4144378542 -0.0105077460 -0.9100169516 -55.8760864354 0.9098316697 -0.0280291791 -0.4140298274 -1.1221165823 -0.0211565079 -0.9995518758 0.0211766330 -3.7883652108 0.0000000000 0.0000000000 0.0000000000 1.0000000000
-0.4189933279 -0.0158314898 -0.9078512847 -55.9184298392 0.9078316314 -0.0259370475 -0.4185319564 -1.1517211240 -0.0169209975 -0.9995382101 0.0252397770 -3.7909206873 0.0000000000 0.0000000000 0.0000000000 1.0000000000
-0.4228675175 -0.0234801538 -0.9058872695 -55.9611933827 0.9061057568 -0.0247084979 -0.4223290750 -1.1809781999 -0.0124667621 -0.9994189174 0.0317239237 -3.7948016928 0.0000000000 0.0000000000 0.0000000000 1.0000000000
-0.4291539518 -0.0324278484 -0.9026490571 -56.0040670535 0.9031933415 -0.0245757209 -0.4285298377 -1.2100780400 -0.0082869507 -0.9991718914 0.0398353845 -3.7989450379 0.0000000000 0.0000000000 0.0000000000 1.0000000000
-0.4393662609 -0.0425788328 -0.8972983516 -56.0467647808 0.8983005059 -0.0249093555 -0.4386749652 -1.2387065674 -0.0036728557 -0.9987825424 0.0491929175 -3.8030316096 0.0000000000 0.0000000000 0.0000000000 1.0000000000
-0.4415756171 -0.0555599308 -0.8955021320 -56.0896306391 0.8972236807 -0.0264534504 -0.4407832595 -1.2661611195 0.0008007662 -0.9981048587 0.0615308843 -3.8051524913 0.0000000000 0.0000000000 0.0000000000 1.0000000000
-0.4427111564 -0.0635803859 -0.8944072710 -56.1324613999 0.8966598613 -0.0282597964 -0.4418172439 -1.2933444124 0.0028151435 -0.9975765226 0.0695209072 -3.8029000423 0.0000000000 0.0000000000 0.0000000000 1.0000000000
-0.4471258288 -0.0693252781 -0.8917805218 -56.1750091530 0.8944661128 -0.0313350506 -0.4460364196 -1.3205420527 0.0029776110 -0.9971018606 0.0760198225 -3.7971366562 0.0000000000 0.0000000000 0.0000000000 1.0000000000
-0.4396619590 -0.0728320737 -0.8952054797 -56.2178145301 0.8981576622 -0.0321120648 -0.4384992920 -1.3472468146 0.0031899164 -0.9968271186 0.0795331383 -3.7905013184 0.0000000000 0.0000000000 0.0000000000 1.0000000000
-0.4467394001 -0.0709953329 -0.8918427951 -56.2602413023 0.8946386528 -0.0279264764 -0.4459168003 -1.3753336967 0.0067519849 -0.9970856406 0.0759910263 -3.7851292809 0.0000000000 0.0000000000 0.0000000000 1.0000000000
-0.4488850862 -0.0691399852 -0.8909106812 -56.3030828115 0.8935590583 -0.0265021996 -0.4481627414 -1.4034035048 0.0073748726 -0.9972548801 0.0736771022 -3.7820304346 0.0000000000 0.0000000000 0.0000000000 1.0000000000
-0.4422068013 -0.0682158611 -0.8943152359 -56.3467174362 0.8968917487 -0.0267485469 -0.4414404902 -1.4313072283 0.0061916101 -0.9973119429 0.0730106324 -3.7812233100 0.0000000000 0.0000000000 0.0000000000 1.0000000000
-0.4416250564 -0.0643719170 -0.8948874599 -56.3907153626 0.8971800324 -0.0250798637 -0.4409523669 -1.4599939899 0.0059412936 -0.9976107742 0.0688290948 -3.7825120696 0.0000000000 0.0000000000 0.0000000000 1.0000000000
-0.4470580974 -0.0610661184 -0.8924180560 -56.4346726187 0.8944869683 -0.0241979934 -0.4464387088 -1.4893885958 0.0056675528 -0.9978403611 0.0654407560 -3.7852024996 0.0000000000 0.0000000000 0.0000000000 1.0000000000
-0.4451417289 -0.0586633953 -0.8935364834 -56.4786801719 0.8954574134 -0.0267049207 -0.4443454377 -1.5187933901 0.0022049912 -0.9979205646 0.0644180468 -3.7887351378 0.0000000000 0.0000000000 0.0000000000 1.0000000000
-0.4375632464 -0.0567866727 -0.8973927118 -56.5226469949 0.8991857986 -0.0296512825 -0.4365612226 -1.5483872951 -0.0018179855 -0.9979459280 0.0640360811 -3.7918655071 0.0000000000 0.0000000000 0.0000000000 1.0000000000
-0.4406705248 -0.0573725678 -0.8958336213 -56.5656746219 0.8976676385 -0.0298502115 -0.4396609780 -1.5789603957 -0.0015163438 -0.9979064853 0.0646556059 -3.7932194369 0.0000000000 0.0000000000 0.0000000000 1.0000000000
-0.4342374181 -0.0599395599 -0.8988020438 -56.6083311762 0.9007984146 -0.0285792631 -0.4332960211 -1.6084782914 0.0002844727 -0.9977928016 0.0664036460 -3.7929094018 0.0000000000 0.0000000000 0.0000000000 1.0000000000
-0.4159735268 -0.0659717908 -0.9069805664 -56.6507112895 0.9093741287 -0.0325597180 -0.4147029766 -1.6358471855 -0.0021723335 -0.9972901221 0.0735370205 -3.7905153831 0.0000000000 0.0000000000 0.0000000000 1.0000000000
-0.4093164517 -0.0697449306 -0.9097228628 -56.6928107264 0.9123505991 -0.0408410837 -0.4073676353 -1.6625743434 -0.0087422402 -0.9967284738 0.0803487567 -3.7872997316 0.0000000000 0.0000000000 0.0000000000 1.0000000000
-0.4030753536 -0.0663668273 -0.9127571986 -56.7353286725 0.9150808784 -0.0428938833 -0.4009826690 -1.6888527276 -0.0125397532 -0.9968728901 0.0780204818 -3.7831892110 0.0000000000 0.0000000000 0.0000000000 1.0000000000
-0.4140184559 -0.0628711835 -0.9080946715 -56.7777017469 0.9102054956 -0.0403299126 -0.4121886145 -1.7158917607 -0.0107085927 -0.9972064543 0.0739230249 -3.7793554505 0.0000000000 0.0000000000 0.0000000000 1.0000000000
-0.4170645787 -0.0612605721 -0.9068099467 -56.8204311464 0.9088050483 -0.0406503976 -0.4152359923 -1.7419670063 -0.0114245905 -0.9972936817 0.0726277582 -3.7778419656 0.0000000000 0.0000000000 0.0000000000 1.0000000000
-0.4169952030 -0.0622941767 -0.9067714355 -56.8633900793 0.9088356243 -0.0412268609 -0.4151122186 -1.7670438731 -0.0115242660 -0.9972059875 0.0738065702 -3.7799815180 0.0000000000 0.0000000000 0.0000000000 1.0000000000
-0.4202581647 -0.0674727412 -0.9048925374 -56.9064507007 0.9073385686 -0.0432759361 -0.4181673292 -1.7912368011 -0.0109451756 -0.9967821339 0.0794076859 -3.7850525801 0.0000000000 0.0000000000 0.0000000000 1.0000000000
-0.4176303921 -0.0746872595 -0.9055421961 -56.9501531238 0.9085301094 -0.0481080928 -0.4150405424 -1.8141697738 -0.0125656673 -0.9960458949 0.0879470257 -3.7910762903 0.0000000000 0.0000000000 0.0000000000 1.0000000000
-0.4218072845 -0.0822081340 -0.9029509607 -56.9944238345 0.9066096646 -0.0511226178 -0.4188620226 -1.8367715120 -0.0117273516 -0.9953031200 0.0960945814 -3.7965013322 0.0000000000 0.0000000000 0.0000000000 1.0000000000
-0.4326294174 -0.0883549628 -0.8972319587 -57.0391486226 0.9015183030 -0.0532411147 -0.4294532955 -1.8593278045 -0.0098252997 -0.9946651619 0.1026872885 -3.8003305535 0.0000000000 0.0000000000 0.0000000000 1.0000000000
-0.4399386251 -0.0980020908 -0.8926643246 -57.0844342163 0.8979947462 -0.0565429384 -0.4363580319 -1.8813993526 -0.0077098645 -0.9935786261 0.1128807852 -3.8014716390 0.0000000000 0.0000000000 0.0000000000 1.0000000000
-0.4449559257 -0.1035503679 -0.8895456961 -57.1303044435 0.8954994412 -0.0622551633 -0.4406870153 -1.9036704820 -0.0097455100 -0.9926739726 0.1204301004 -3.8000385125 0.0000000000 0.0000000000 0.0000000000 1.0000000000
-0.4508619661 -0.1081642582 -0.8860157904 -57.1764795237 0.8924740892 -0.0708767701 -0.4454957728 -1.9262590301 -0.0146112177 -0.9916032355 0.1284894377 -3.7965256574 0.0000000000 0.0000000000 0.0000000000 1.0000000000
-0.4383434825 -0.1098980078 -0.8920635735 -57.2234569187 0.8986000172 -0.0749106531 -0.4323267319 -1.9484807855 -0.0193132183 -0.9911159478 0.1315909483 -3.7927264949 0.0000000000 0.0000000000 0.0000000000 1.0000000000
-0.4319591436 -0.1051141074 -0.8957467961 -57.2703156660 0.9016958209 -0.0711092952 -0.4264834284 -1.9721619677 -0.0188664984 -0.9919145591 0.1254972616 -3.7891748104 0.0000000000 0.0000000000 0.0000000000 1.0000000000
-0.4394260195 -0.1018422639 -0.8924869336 -57.3164711474 0.8981773492 -0.0647449765 -0.4348396686 -1.9977601212 -0.0134989893 -0.9926914129 0.1199230419 -3.7863288312 0.0000000000 0.0000000000 0.0000000000 1.0000000000
-0.4296688285 -0.0986605291 -0.8975805244 -57.3631742148 0.9029230078 -0.0587338829 -0.4257703288 -2.0234239985 -0.0107116634 -0.9933863453 0.1143189804 -3.7858461194 0.0000000000 0.0000000000 0.0000000000 1.0000000000
-0.4264626232 -0.0941183472 -0.8995951132 -57.4098684649 0.9044871831 -0.0506496850 -0.4234826385 -2.0504841996 -0.0057067231 -0.9942717667 0.1067290363 -3.7883288711 0.0000000000 0.0000000000 0.0000000000 1.0000000000
-0.4322921574 -0.0904329142 -0.8971874825 -57.4562173048 0.9017328698 -0.0420848816 -0.4302402750 -2.0788361300 0.0011498529 -0.9950129400 0.0997392955 -3.7929317056 0.0000000000 0.0000000000 0.0000000000 1.0000000000
-0.4329526921 -0.0885680646 -0.8970549952 -57.5027439609 0.9014071296 -0.0379666749 -0.4313046698 -2.1073550753 0.0041416245 -0.9953462862 0.0962736590 -3.7986503186 0.0000000000 0.0000000000 0.0000000000 1.0000000000
-0.4231847372 -0.0879816002 -0.9017615628 -57.5493022015 0.9060393655 -0.0381159238 -0.4214734210 -2.1352751871 0.0027104310 -0.9953925931 0.0958448704 -3.8039826149 0.0000000000 0.0000000000 0.0000000000 1.0000000000
-0.4177280133 -0.0876968677 -0.9043298990 -57.5954814160 0.9085720159 -0.0398313199 -0.4158249125 -2.1632135607 0.0004458889 -0.9953505540 0.0963175780 -3.8070395956 0.0000000000 0.0000000000 0.0000000000 1.0000000000
-0.4110336643 -0.0889324187 -0.9072719282 -57.6413083379 0.9116077780 -0.0452858636 -0.4085589916 -2.1908505772 -0.0047524535 -0.9950076459 0.0996854990 -3.8057907039 0.0000000000 0.0000000000 0.0000000000 1.0000000000
-0.4006142299 -0.0861145236 -0.9121910587 -57.6871822725 0.9161962747 -0.0481075459 -0.3978316858 -2.2179697275 -0.0096241871 -0.9951230843 0.0981703732 -3.7993477745 0.0000000000 0.0000000000 0.0000000000 1.0000000000
-0.4203674981 -0.0771322996 -0.9040695631 -57.7325448877 0.9073348691 -0.0421933124 -0.4182859783 -2.2460758834 -0.0058823301 -0.9961276689 0.0877215222 -3.7917281293 0.0000000000 0.0000000000 0.0000000000 1.0000000000
-0.4236645841 -0.0644583491 -0.9035227952 -57.7795272270 0.9057905205 -0.0380766044 -0.4220114989 -2.2718875138 -0.0072009155 -0.9971937091 0.0745174703 -3.7864259667 0.0000000000 0.0000000000 0.0000000000 1.0000000000
-0.4018619421 -0.0534565056 -0.9141386008 -57.8278358662 0.9156425674 -0.0346650065 -0.4004959751 -2.2950758522 -0.0102795052 -0.9979683058 0.0628775989 -3.7834496791 0.0000000000 0.0000000000 0.0000000000 1.0000000000
-0.3920008881 -0.0431499452 -0.9189523306 -57.8762526569 0.9198869129 -0.0313859598 -0.3909258102 -2.3177847632 -0.0119737737 -0.9985754873 0.0519963940 -3.7829873706 0.0000000000 0.0000000000 0.0000000000 1.0000000000
-0.3872996066 -0.0362997535 -0.9212390258 -57.9243052209 0.9218348731 -0.0313036068 -0.3863166458 -2.3392609156 -0.0148149052 -0.9988505454 0.0455862533 -3.7845793595 0.0000000000 0.0000000000 0.0000000000 1.0000000000
-0.3811307937 -0.0335760392 -0.9239112336 -57.9719124833 0.9243336164 -0.0339650712 -0.3800707033 -2.3595986816 -0.0186194420 -0.9988588607 0.0439805963 -3.7876733979 0.0000000000 0.0000000000 0.0000000000 1.0000000000
-0.3884027102 -0.0363983290 -0.9207705992 -58.0185097946 0.9212908182 -0.0360992111 -0.3871951385 -2.3799411083 -0.0191458362 -0.9986851399 0.0475544778 -3.7917987643 0.0000000000 0.0000000000 0.0000000000 1.0000000000
-0.3936514047 -0.0456089007 -0.9181276598 -58.0645449125 0.9191206565 -0.0369047374 -0.3922438772 -2.3994207989 -0.0159934482 -0.9982774507 0.0564476845 -3.7965769342 0.0000000000 0.0000000000 0.0000000000 1.0000000000
-0.3980483865 -0.0547131092 -0.9157313785 -58.1107838393 0.9173021932 -0.0353653635 -0.3966181759 -2.4181691133 -0.0106849595 -0.9978756269 0.0642655809 -3.8017487985 0.0000000000 0.0000000000 0.0000000000 1.0000000000
-0.4112262222 -0.0648327150 -0.9092247870 -58.1573091320 0.9115213852 -0.0343523853 -0.4098154193 -2.4366940196 -0.0046645939 -0.9973046840 0.0732230078 -3.8052368435 0.0000000000 0.0000000000 0.0000000000 1.0000000000
-0.4175835903 -0.0749497570 -0.9055420913 -58.2048849634 0.9086384367 -0.0340395735 -0.4161940638 -2.4545603364 0.0003693774 -0.9966061616 0.0823165974 -3.8039644553 0.0000000000 0.0000000000 0.0000000000 1.0000000000
-0.4245847588 -0.0767173191 -0.9021320500 -58.2532568549 0.9053874952 -0.0347384162 -0.4231627654 -2.4723306492 0.0011252743 -0.9964475377 0.0842083034 -3.7990913031 0.0000000000 0.0000000000 0.0000000000 1.0000000000
-0.4245183090 -0.0783775536 -0.9020206009 -58.3018770197 0.9054180103 -0.0350324457 -0.4230732257 -2.4892985310 0.0015594568 -0.9963080281 0.0858363632 -3.7928440876 0.0000000000 0.0000000000 0.0000000000 1.0000000000
-0.4236593412 -0.0750634435 -0.9027060663 -58.3500551566 0.9058196179 -0.0330253046 -0.4223744181 -2.5061882389 0.0018927355 -0.9966317317 0.0819854185 -3.7871517731 0.0000000000 0.0000000000 0.0000000000 1.0000000000
-0.4285236034 -0.0721477127 -0.9006454513 -58.3973218255 0.9035217170 -0.0298008258 -0.4275048744 -2.5234701329 0.0040035207 -0.9969486538 0.0779573825 -3.7826119129 0.0000000000 0.0000000000 0.0000000000 1.0000000000
-0.4254768287 -0.0713854956 -0.9021494218 -58.4445353967 0.9049604002 -0.0291361833 -0.4244970634 -2.5401160523 0.0040177423 -0.9970231662 0.0769978175 -3.7799950010 0.0000000000 0.0000000000 0.0000000000 1.0000000000
-0.4246522262 -0.0715798421 -0.9025224723 -58.4911245561 0.9053428169 -0.0280824630 -0.4237520020 -2.5571527353 0.0049870475 -0.9970394684 0.0767295763 -3.7802032909 0.0000000000 0.0000000000 0.0000000000 1.0000000000
-0.4244963123 -0.0737036025 -0.9024248776 -58.5370083727 0.9053931516 -0.0256023130 -0.4238015605 -2.5746194663 0.0081315375 -0.9969515036 0.0775988244 -3.7829322002 0.0000000000 0.0000000000 0.0000000000 1.0000000000
-0.4260158679 -0.0811434378 -0.9010694883 -58.5820982349 0.9046418793 -0.0254839619 -0.4254099646 -2.5925056118 0.0115564065 -0.9963765905 0.0842623242 -3.7868439586 0.0000000000 0.0000000000 0.0000000000 1.0000000000
-0.4189614740 -0.0884420693 -0.9036864963 -58.6270940880 0.9079404888 -0.0290330053 -0.4180922786 -2.6102579542 0.0107402114 -0.9956581165 0.0924638463 -3.7912222746 0.0000000000 0.0000000000 0.0000000000 1.0000000000
-0.4151724039 -0.0952705678 -0.9047405119 -58.6719494439 0.9097007134 -0.0339153951 -0.4138772258 -2.6285553944 0.0087456864 -0.9948734919 0.1007484396 -3.7949211693 0.0000000000 0.0000000000 0.0000000000 1.0000000000
-0.4168804019 -0.1020862058 -0.9032104611 -58.7167551957 0.9089287210 -0.0383994283 -0.4151795564 -2.6475696718 0.0077013403 -0.9940341496 0.1087970536 -3.7967108246 0.0000000000 0.0000000000 0.0000000000 1.0000000000
-0.3959523843 -0.1101795394 -0.9116370870 -58.7623351774 0.9182609446 -0.0428521302 -0.3936502667 -2.6653509572 0.0043066139 -0.9929874944 0.1181409711 -3.7955400784 0.0000000000 0.0000000000 0.0000000000 1.0000000000
-0.3765681518 -0.1150528282 -0.9192166631 -58.8080636737 0.9263881269 -0.0480644319 -0.3734900919 -2.6826878000 -0.0012105354 -0.9921958764 0.1246831083 -3.7912775122 0.0000000000 0.0000000000 0.0000000000 1.0000000000
-0.3778436395 -0.1141901374 -0.9188007383 -58.8536493824 0.9258285373 -0.0559241578 -0.3737833706 -2.7007263153 -0.0087007830 -0.9918836127 0.1268510752 -3.7859053178 0.0000000000 0.0000000000 0.0000000000 1.0000000000
-0.3708290693 -0.1072281169 -0.9224900717 -58.9002652387 0.9285600624 -0.0601224505 -0.3662806321 -2.7186260107 -0.0161867812 -0.9924149444 0.1218628993 -3.7803918684 0.0000000000 0.0000000000 0.0000000000 1.0000000000
-0.3749328118 -0.0975764910 -0.9219024976 -58.9475576141 0.9268970622 -0.0576364891 -0.3708636828 -2.7379604642 -0.0169476464 -0.9935576800 0.1120531738 -3.7765469680 0.0000000000 0.0000000000 0.0000000000 1.0000000000
-0.3764554695 -0.0909942003 -0.9219551697 -58.9958754132 0.9262769009 -0.0553368076 -0.3727585552 -2.7574917791 -0.0170991892 -0.9943127743 0.1051176698 -3.7772817600 0.0000000000 0.0000000000 0.0000000000 1.0000000000
-0.3678111064 -0.0861891018 -0.9258976340 -59.0453965038 0.9296962739 -0.0549517217 -0.3642048140 -2.7764590907 -0.0194891833 -0.9947621560 0.1003415404 -3.7830442696 0.0000000000 0.0000000000 0.0000000000 1.0000000000
-0.3660653221 -0.0797985537 -0.9271614589 -59.0957516464 0.9303704710 -0.0529811974 -0.3627723521 -2.7959684650 -0.0201734153 -0.9954020211 0.0936367971 -3.7911778207 0.0000000000 0.0000000000 0.0000000000 1.0000000000
-0.3706974025 -0.0749064342 -0.9257280712 -59.1470444832 0.9286113379 -0.0473444678 -0.3680210380 -2.8155659919 -0.0162609592 -0.9960660257 0.0871094353 -3.7985325624 0.0000000000 0.0000000000 0.0000000000 1.0000000000
-0.3758326271 -0.0717218561 -0.9239079022 -59.1989175187 0.9266295764 -0.0402391736 -0.3738160470 -2.8348448241 -0.0103665097 -0.9966126551 0.0815827875 -3.8036444550 0.0000000000 0.0000000000 0.0000000000 1.0000000000
-0.3938749462 -0.0680775553 -0.9166395001 -59.2504410087 0.9191354894 -0.0370309756 -0.3921972194 -2.8539857704 -0.0072442271 -0.9969925543 0.0771580707 -3.8073677395 0.0000000000 0.0000000000 0.0000000000 1.0000000000
-0.4200557174 -0.0701063073 -0.9047863283 -59.3010723199 0.9074768747 -0.0393030956 -0.4182594751 -2.8724015340 -0.0062382763 -0.9967649534 0.0801293427 -3.8092789318 0.0000000000 0.0000000000 0.0000000000 1.0000000000
-0.4338084822 -0.0758228357 -0.8978090545 -59.3509250865 0.9009611683 -0.0463453529 -0.4314175257 -2.8894212668 -0.0088979773 -0.9960436767 0.0884184379 -3.8079760217 0.0000000000 0.0000000000 0.0000000000 1.0000000000
-0.4444191018 -0.0815004817 -0.8921038804 -59.3996721040 0.8957506111 -0.0527337442 -0.4414181634 -2.9059961029 -0.0110681849 -0.9952772597 0.0964399896 -3.8039648874 0.0000000000 0.0000000000 0.0000000000 1.0000000000
-0.4409523692 -0.0853247865 -0.8934655499 -59.4489294274 0.8974749730 -0.0529905690 -0.4378706115 -2.9224839444 -0.0099840314 -0.9949430539 0.0999431774 -3.7998093042 0.0000000000 0.0000000000 0.0000000000 1.0000000000
-0.4406633746 -0.0794217867 -0.8941520956 -59.4988711195 0.8976497040 -0.0460744435 -0.4382945979 -2.9402889110 -0.0063874201 -0.9957757405 0.0915962631 -3.7965304960 0.0000000000 0.0000000000 0.0000000000 1.0000000000
-0.4450205322 -0.0717324031 -0.8926428111 -59.5497100148 0.8955155617 -0.0389116337 -0.4433257984 -2.9590980776 -0.0029333652 -0.9966646111 0.0815539592 -3.7943713751 0.0000000000 0.0000000000 0.0000000000 1.0000000000
-0.4408682145 -0.0628739770 -0.8953670088 -59.6016953308 0.8975653891 -0.0346656891 -0.4395163959 -2.9775300931 -0.0034043706 -0.9974192464 0.0717165061 -3.7938648409 0.0000000000 0.0000000000 0.0000000000 1.0000000000
-0.4425816961 -0.0550442221 -0.8950371925 -59.6534670794 0.8967240716 -0.0301911562 -0.4415590940 -2.9960131028 -0.0027169309 -0.9980273682 0.0627215320 -3.7950886017 0.0000000000 0.0000000000 0.0000000000 1.0000000000
-0.4521904011 -0.0497474250 -0.8905330060 -59.7040141531 0.8919174365 -0.0282096835 -0.4513175160 -3.0142974469 -0.0026697700 -0.9983633644 0.0571267439 -3.7982238474 0.0000000000 0.0000000000 0.0000000000 1.0000000000
-0.4600859844 -0.0519166490 -0.8863552045 -59.7529508099 0.8878598151 -0.0326171386 -0.4589565023 -3.0318209974 -0.0050828869 -0.9981186221 0.0611013948 -3.8034188060 0.0000000000 0.0000000000 0.0000000000 1.0000000000
-0.4465813007 -0.0595191334 -0.8927612305 -59.8008781692 0.8946671216 -0.0427038345 -0.4446876702 -3.0477847083 -0.0116569030 -0.9973133185 0.0723205457 -3.8102150122 0.0000000000 0.0000000000 0.0000000000 1.0000000000
-0.4316422226 -0.0680334201 -0.8994756503 -59.8475030750 0.9018524846 -0.0531426511 -0.4287632850 -3.0638152725 -0.0186302880 -0.9962666874 0.0842947210 -3.8168450497 0.0000000000 0.0000000000 0.0000000000 1.0000000000
-0.4276576270 -0.0763619037 -0.9007096168 -59.8926844079 0.9036683649 -0.0605776245 -0.4239266892 -3.0807906104 -0.0221909999 -0.9952382685 0.0949123198 -3.8209137850 0.0000000000 0.0000000000 0.0000000000 1.0000000000
-0.4065014558 -0.0888525068 -0.9093194150 -59.9374163397 0.9133033052 -0.0669379152 -0.4017416933 -3.0965885537 -0.0251721894 -0.9937930104 0.1083596481 -3.8201712193 0.0000000000 0.0000000000 0.0000000000 1.0000000000
-0.4065199378 -0.1015936198 -0.9079759229 -59.9812494270 0.9131926164 -0.0763441405 -0.4003133992 -3.1136684199 -0.0286493542 -0.9918922868 0.1238099587 -3.8154222868 0.0000000000 0.0000000000 0.0000000000 1.0000000000
-0.4033870911 -0.1067367679 -0.9087827667 -60.0256474961 0.9143537154 -0.0851810538 -0.3958553664 -3.1315341089 -0.0351587514 -0.9906318441 0.1319560978 -3.8095013072 0.0000000000 0.0000000000 0.0000000000 1.0000000000
-0.3971006597 -0.1049372170 -0.9117561333 -60.0709804177 0.9171533225 -0.0819344050 -0.3900211998 -3.1509175508 -0.0337764570 -0.9910978427 0.1287797235 -3.8034413866 0.0000000000 0.0000000000 0.0000000000 1.0000000000
-0.4003279408 -0.1032089450 -0.9105412970 -60.1170172664 0.9159847819 -0.0739496908 -0.3943390960 -3.1720508121 -0.0266349253 -0.9919069296 0.1241419504 -3.8002503316 0.0000000000 0.0000000000 0.0000000000 1.0000000000
-0.3923207523 -0.1045667187 -0.9138655419 -60.1643880015 0.9195184498 -0.0703771701 -0.3866948079 -3.1926947139 -0.0238798635 -0.9920246243 0.1237614514 -3.8014689160 0.0000000000 0.0000000000 0.0000000000 1.0000000000
-0.3930388369 -0.1046121157 -0.9135517380 -60.2126416096 0.9192503284 -0.0688450923 -0.3876070007 -3.2136539286 -0.0223451653 -0.9921273399 0.1232235167 -3.8066392437 0.0000000000 0.0000000000 0.0000000000 1.0000000000
-0.3986844410 -0.1043747612 -0.9111293134 -60.2618638087 0.9168884177 -0.0660997882 -0.3936323762 -3.2346990762 -0.0191401694 -0.9923390183 0.1220529668 -3.8138856548 0.0000000000 0.0000000000 0.0000000000 1.0000000000
-0.3997019035 -0.1058232291 -0.9105162451 -60.3122445923 0.9165242890 -0.0622698992 -0.3951021226 -3.2552360417 -0.0148867724 -0.9924333246 0.1218789570 -3.8217188402 0.0000000000 0.0000000000 0.0000000000 1.0000000000
-0.4074663335 -0.1048856053 -0.9071770483 -60.3634057840 0.9131673997 -0.0574808408 -0.4035111560 -3.2757932003 -0.0098227877 -0.9928217175 0.1191996229 -3.8299854653 0.0000000000 0.0000000000 0.0000000000 1.0000000000
-0.4231661576 -0.1025243090 -0.9002328416 -60.4147727681 0.9060178550 -0.0565196379 -0.4194486583 -3.2961451708 -0.0078771504 -0.9931235052 0.1168060526 -3.8389122340 0.0000000000 0.0000000000 0.0000000000 1.0000000000
-0.4380750512 -0.1070619618 -0.8925401873 -60.4653970013 0.8989133064 -0.0595913879 -0.4340549897 -3.3158072676 -0.0067169298 -0.9924649126 0.1223449223 -3.8456288328 0.0000000000 0.0000000000 0.0000000000 1.0000000000
-0.4410540391 -0.1083944474 -0.8909107578 -60.5149785871 0.8974044177 -0.0661939006 -0.4362151748 -3.3347800989 -0.0116895553 -0.9919017145 0.1264687431 -3.8481860127 0.0000000000 0.0000000000 0.0000000000 1.0000000000
-0.4364022473 -0.1102529660 -0.8929710869 -60.5632687237 0.8996638872 -0.0673338981 -0.4313595209 -3.3536887466 -0.0125685575 -0.9916201035 0.1285752764 -3.8463242258 0.0000000000 0.0000000000 0.0000000000 1.0000000000
-0.4358489216 -0.1088460006 -0.8934138267 -60.6102247785 0.8999891414 -0.0609076853 -0.4316361884 -3.3736598169 -0.0074338953 -0.9921909101 0.1245067676 -3.8416540388 0.0000000000 0.0000000000 0.0000000000 1.0000000000
-0.4421395940 -0.1090776764 -0.8902890766 -60.6557014953 0.8969462522 -0.0537642447 -0.4388585497 -3.3947216902 0.0000039511 -0.9925781916 0.1216081143 -3.8360211741 0.0000000000 0.0000000000 0.0000000000 1.0000000000
-0.4317500900 -0.1101308699 -0.8952446879 -60.7017035266 0.9019840017 -0.0482154934 -0.4290689069 -3.4154276323 0.0040890676 -0.9927469253 0.1201533264 -3.8321181462 0.0000000000 0.0000000000 0.0000000000 1.0000000000
-0.4207478959 -0.1103096801 -0.9004459909 -60.7476907046 0.9071483301 -0.0431857243 -0.4185891786 -3.4364208281 0.0072880261 -0.9929585931 0.1182375447 -3.8309464409 0.0000000000 0.0000000000 0.0000000000 1.0000000000
-0.4209073638 -0.1092441699 -0.9005013617 -60.7932598119 0.9070401404 -0.0389422062 -0.4192394164 -3.4582798732 0.0107319523 -0.9932518391 0.1154799086 -3.8323810710 0.0000000000 0.0000000000 0.0000000000 1.0000000000
-0.4259782511 -0.1104002961 -0.8979723293 -60.8382805395 0.9046468837 -0.0382491907 -0.4244420045 -3.4806091675 0.0125118081 -0.9931509321 0.1161666072 -3.8363288733 0.0000000000 0.0000000000 0.0000000000 1.0000000000
-0.4195465397 -0.1149424659 -0.9004270823 -60.8829978036 0.9076699782 -0.0413565598 -0.4176420067 -3.5027592272 0.0107662356 -0.9925108889 0.1216808271 -3.8418508296 0.0000000000 0.0000000000 0.0000000000 1.0000000000
-0.4114382186 -0.1207401440 -0.9034048981 -60.9273221715 0.9113919663 -0.0445773487 -0.4091180071 -3.5256258013 0.0091255719 -0.9916827505 0.1283824222 -3.8467876449 0.0000000000 0.0000000000 0.0000000000 1.0000000000
-0.4105829258 -0.1280701161 -0.9027844185 -60.9710061888 0.9117638408 -0.0463615848 -0.4080898211 -3.5497361483 0.0104095944 -0.9906809016 0.1358049761 -3.8495758999 0.0000000000 0.0000000000 0.0000000000 1.0000000000
-0.3944406995 -0.1370456993 -0.9086446010 -61.0147559293 0.9188674309 -0.0481061135 -0.3916228367 -3.5732079960 0.0099588652 -0.9893959158 0.1449018387 -3.8486825278 0.0000000000 0.0000000000 0.0000000000 1.0000000000
-0.3861077897 -0.1430303211 -0.9112974827 -61.0579271814 0.9223742174 -0.0468965034 -0.3834403749 -3.5967385910 0.0121069345 -0.9886066180 0.1500345858 -3.8437034339 0.0000000000 0.0000000000 0.0000000000 1.0000000000
-0.3945312652 -0.1435776435 -0.9075960231 -61.1006450793 0.9187659701 -0.0459077082 -0.3921244375 -3.6202104314 0.0146346493 -0.9885736910 0.1500262792 -3.8371845776 0.0000000000 0.0000000000 0.0000000000 1.0000000000
-0.3929685604 -0.1390427553 -0.9089790001 -61.1440508097 0.9194656317 -0.0458734242 -0.3904850588 -3.6419258591 0.0125961393 -0.9892233020 0.1458718483 -3.8307940898 0.0000000000 0.0000000000 0.0000000000 1.0000000000
-0.3953430172 -0.1351211439 -0.9085406844 -61.1881066136 0.9184414583 -0.0441444776 -0.3930859356 -3.6630049283 0.0130071674 -0.9898452109 0.1415530714 -3.8266040547 0.0000000000 0.0000000000 0.0000000000 1.0000000000
-0.3928526351 -0.1322076642 -0.9100483178 -61.2332695527 0.9195271351 -0.0438944779 -0.3905676927 -3.6832940723 0.0116899466 -0.9902496697 0.1388125960 -3.8262605589 0.0000000000 0.0000000000 0.0000000000 1.0000000000
-0.3855321089 -0.1296351830 -0.9135423977 -61.2797392098 0.9226382361 -0.0432366561 -0.3832352762 -3.7030939928 0.0101822567 -0.9906186506 0.1362754958 -3.8295285242 0.0000000000 0.0000000000 0.0000000000 1.0000000000
-0.3844615670 -0.1271750868 -0.9143389967 -61.3273438793 0.9230874119 -0.0422897514 -0.3822580370 -3.7231373785 0.0099465302 -0.9909783419 0.1336525059 -3.8349790836 0.0000000000 0.0000000000 0.0000000000 1.0000000000
-0.3841525899 -0.1276370227 -0.9144044937 -61.3761736241 0.9231961015 -0.0406046744 -0.3821782549 -3.7431889374 0.0116509979 -0.9909894302 0.1334323926 -3.8410404380 0.0000000000 0.0000000000 0.0000000000 1.0000000000
-0.3790263905 -0.1294160613 -0.9162916994 -61.4263331676 0.9252705439 -0.0373690581 -0.3774625465 -3.7629596863 0.0146087583 -0.9908859857 0.1339087287 -3.8471721614 0.0000000000 0.0000000000 0.0000000000 1.0000000000
-0.3797063886 -0.1284630084 -0.9161442648 -61.4774537814 0.9249371711 -0.0337397217 -0.3786196783 -3.7829599048 0.0177281704 -0.9911401953 0.1316313994 -3.8520791711 0.0000000000 0.0000000000 0.0000000000 1.0000000000
-0.3764785786 -0.1310549093 -0.9171087670 -61.5291903313 0.9261490752 -0.0290685189 -0.3760357852 -3.8030050305 0.0226223422 -0.9909488544 0.1323200578 -3.8520370288 0.0000000000 0.0000000000 0.0000000000 1.0000000000
-0.3632542003 -0.1280467458 -0.9228490759 -61.5813299742 0.9313396696 -0.0227419075 -0.3634408144 -3.8231113852 0.0255500653 -0.9915073558 0.1275161073 -3.8461166872 0.0000000000 0.0000000000 0.0000000000 1.0000000000
-0.3740989907 -0.1218041711 -0.9193550397 -61.6324974098 0.9268602537 -0.0156426749 -0.3750804939 -3.8447630734 0.0313051967 -0.9924308795 0.1187473538 -3.8379580394 0.0000000000 0.0000000000 0.0000000000 1.0000000000
-0.3858280125 -0.1126414933 -0.9156684109 -61.6831375064 0.9218968967 -0.0091462766 -0.3873273260 -3.8663988298 0.0352541718 -0.9935935988 0.1073727328 -3.8309342074 0.0000000000 0.0000000000 0.0000000000 1.0000000000
-0.3873372952 -0.1014197048 -0.9163426560 -61.7334505657 0.9212308462 -0.0036531181 -0.3889992066 -3.8878326731 0.0361046767 -0.9948370209 0.0948459493 -3.8254906416 0.0000000000 0.0000000000 0.0000000000 1.0000000000
-0.3787566193 -0.0910962076 -0.9210021196 -61.7836498183 0.9248127836 0.0009861311 -0.3804212702 -3.9089931681 0.0355631638 -0.9958416081 0.0838734337 -3.8218442454 0.0000000000 0.0000000000 0.0000000000 1.0000000000
-0.3791809467 -0.0809405723 -0.9217756958 -61.8333489010 0.9247301625 0.0024927061 -0.3806151769 -3.9308360758 0.0331049261 -0.9967158121 0.0739030020 -3.8207522234 0.0000000000 0.0000000000 0.0000000000 1.0000000000
-0.3873149156 -0.0717263956 -0.9191531321 -61.8825859222 0.9214669724 0.0020668644 -0.3884512155 -3.9533520927 0.0297619704 -0.9974222036 0.0652929772 -3.8226819874 0.0000000000 0.0000000000 0.0000000000 1.0000000000
-0.3883060030 -0.0640893334 -0.9192991925 -61.9316649707 0.9212141441 -0.0008592858 -0.3890549606 -3.9758386197 0.0241443323 -0.9979437955 0.0593736662 -3.8267220464 0.0000000000 0.0000000000 0.0000000000 1.0000000000
-0.3913960137 -0.0604722453 -0.9182332318 -61.9803198843 0.9200364409 -0.0056591047 -0.3917919371 -3.9989901878 0.0184961601 -0.9981538369 0.0578516203 -3.8311671751 0.0000000000 0.0000000000 0.0000000000 1.0000000000
-0.3872711228 -0.0591281731 -0.9200678978 -62.0286618955 0.9218901517 -0.0120446407 -0.3872640893 -4.0222999170 0.0118163308 -0.9981777326 0.0591742220 -3.8347635077 0.0000000000 0.0000000000 0.0000000000 1.0000000000
-0.3806337092 -0.0590114032 -0.9228410663 -62.0765104852 0.9247148389 -0.0194100125 -0.3801653825 -4.0460613429 0.0045217360 -0.9980685877 0.0619568253 -3.8361357224 0.0000000000 0.0000000000 0.0000000000 1.0000000000
-0.3667149955 -0.0629227848 -0.9282030140 -62.1237774010 0.9303326609 -0.0260027046 -0.3657936570 -4.0700027466 -0.0011190332 -0.9976795991 0.0680747035 -3.8327258153 0.0000000000 0.0000000000 0.0000000000 1.0000000000
-0.3467591844 -0.0656934373 -0.9356508111 -62.1707485084 0.9379503990 -0.0271238501 -0.3457070229 -4.0938471984 -0.0026677697 -0.9974711370 0.0710226298 -3.8237900341 0.0000000000 0.0000000000 0.0000000000 1.0000000000
-0.3462342212 -0.0644126674 -0.9359342244 -62.2172283272 0.9381401664 -0.0278757779 -0.3451318141 -4.1179431780 -0.0038590339 -0.9975339339 0.0700796587 -3.8137550238 0.0000000000 0.0000000000 0.0000000000 1.0000000000
-0.3388469788 -0.0628992300 -0.9387366041 -62.2643401553 0.9407837575 -0.0337059437 -0.3373274832 -4.1404345000 -0.0104233641 -0.9974505483 0.0705957312 -3.8059990673 0.0000000000 0.0000000000 0.0000000000 1.0000000000
-0.3264122692 -0.0582114473 -0.9434333352 -62.3123408690 0.9451230217 -0.0349395053 -0.3248410455 -4.1623038154 -0.0140536266 -0.9976926673 0.0664216621 -3.8016361392 0.0000000000 0.0000000000 0.0000000000 1.0000000000
-0.3255597306 -0.0501906167 -0.9441884154 -62.3609051341 0.9454110831 -0.0325384484 -0.3242516511 -4.1850710155 -0.0144480357 -0.9982094727 0.0580439738 -3.8006786994 0.0000000000 0.0000000000 0.0000000000 1.0000000000
-0.3202981454 -0.0453785937 -0.9462292964 -62.4101589043 0.9472384701 -0.0281854790 -0.3192880510 -4.2076710398 -0.0121810832 -0.9985721616 0.0520121063 -3.8025546413 0.0000000000 0.0000000000 0.0000000000 1.0000000000
-0.3144169918 -0.0408994779 -0.9484034943 -62.4599886701 0.9492221166 -0.0250422811 -0.3136084462 -4.2300248938 -0.0109237651 -0.9988493965 0.0466964077 -3.8064643818 0.0000000000 0.0000000000 0.0000000000 1.0000000000
-0.3221747016 -0.0397950273 -0.9458434423 -62.5098054029 0.9466591399 -0.0202121570 -0.3216021479 -4.2528257246 -0.0063193699 -0.9990034157 0.0441841719 -3.8110393116 0.0000000000 0.0000000000 0.0000000000 1.0000000000
-0.3248068969 -0.0418740844 -0.9448529202 -62.5598770065 0.9457803283 -0.0146179056 -0.3244778691 -4.2748917972 -0.0002245571 -0.9990159548 0.0443516818 -3.8149972608 0.0000000000 0.0000000000 0.0000000000 1.0000000000
-0.3330478724 -0.0451076244 -0.9418303546 -62.6098208953 0.9428943660 -0.0101953572 -0.3329358335 -4.2967047940 0.0054156476 -0.9989301061 0.0459272669 -3.8176811878 0.0000000000 0.0000000000 0.0000000000 1.0000000000
-0.3405901334 -0.0531718774 -0.9387071495 -62.6597583053 0.9401585399 -0.0086265420 -0.3406281003 -4.3179358081 0.0100140389 -0.9985481131 0.0529281097 -3.8176710357 0.0000000000 0.0000000000 0.0000000000 1.0000000000
-0.3446999020 -0.0579783578 -0.9369207478 -62.7096952557 0.9386204697 -0.0072790173 -0.3448748031 -4.3389265828 0.0131754124 -0.9982913031 0.0569287500 -3.8144743146 0.0000000000 0.0000000000 0.0000000000 1.0000000000
-0.3567282635 -0.0601794997 -0.9322678659 -62.7591479972 0.9340641535 -0.0054528836 -0.3570636121 -4.3604268793 0.0164043614 -0.9981726774 0.0581567112 -3.8092038533 0.0000000000 0.0000000000 0.0000000000 1.0000000000
-0.3656818160 -0.0604831395 -0.9287726306 -62.8084862821 0.9305401991 -0.0030866200 -0.3661767479 -4.3818389689 0.0192807512 -0.9981644467 0.0574107135 -3.8035471843 0.0000000000 0.0000000000 0.0000000000 1.0000000000
-0.3719235011 -0.0539083695 -0.9266967125 -62.8580489863 0.9280768436 -0.0015820077 -0.3723853779 -4.4031238665 0.0186086472 -0.9985446334 0.0506194952 -3.7988612028 0.0000000000 0.0000000000 0.0000000000 1.0000000000
-0.3758470113 -0.0474152296 -0.9254678925 -62.9078845646 0.9265568106 -0.0028307961 -0.3761442056 -4.4240060655 0.0152151530 -0.9988712543 0.0449968502 -3.7954381315 0.0000000000 0.0000000000 0.0000000000 1.0000000000
-0.3767817032 -0.0402317706 -0.9254279836 -62.9579277681 0.9262612283 -0.0069808921 -0.3768174679 -4.4444972159 0.0086997211 -0.9991659881 0.0398954016 -3.7943061683 0.0000000000 0.0000000000 0.0000000000 1.0000000000
-0.3842382254 -0.0336007359 -0.9226223370 -63.0076054083 0.9232219677 -0.0088857126 -0.3841643431 -4.4656533178 0.0047100477 -0.9993958348 0.0344351680 -3.7965112590 0.0000000000 0.0000000000 0.0000000000 1.0000000000
-0.3839942359 -0.0299763198 -0.9228487672 -63.0570253512 0.9233272925 -0.0082548114 -0.3839252128 -4.4870785503 0.0038907224 -0.9995165223 0.0308477542 -3.8011032760 0.0000000000 0.0000000000 0.0000000000 1.0000000000
-0.3786619882 -0.0315252984 -0.9249979753 -63.1059663128 0.9255145138 -0.0062425251 -0.3786606866 -4.5090534845 0.0061630681 -0.9994834598 0.0315409282 -3.8064454715 0.0000000000 0.0000000000 0.0000000000 1.0000000000
-0.3618101486 -0.0340450953 -0.9316299415 -63.1546259558 0.9322248520 -0.0056144727 -0.3618360166 -4.5309633119 0.0070881308 -0.9994045273 0.0337690571 -3.8106342217 0.0000000000 0.0000000000 0.0000000000 1.0000000000
-0.3533306499 -0.0372861857 -0.9347551509 -63.2023617737 0.9354561550 -0.0045745536 -0.3534131512 -4.5535192061 0.0089013408 -0.9992941578 0.0364959219 -3.8121266512 0.0000000000 0.0000000000 0.0000000000 1.0000000000
-0.3518331445 -0.0411992795 -0.9351556329 -63.2491555351 0.9360176413 -0.0056788802 -0.3519072683 -4.5761929285 0.0091876891 -0.9991348106 0.0405612707 -3.8102329455 0.0000000000 0.0000000000 0.0000000000 1.0000000000
-0.3333024043 -0.0456687462 -0.9417132647 -63.2955433681 0.9427847572 -0.0075108036 -0.3333174005 -4.5973803790 0.0081491644 -0.9989284026 0.0455591667 -3.8046324303 0.0000000000 0.0000000000 0.0000000000 1.0000000000
-0.3271092872 -0.0483727898 -0.9437476291 -63.3411521849 0.9449716032 -0.0111335936 -0.3269628607 -4.6187521729 0.0053088032 -0.9987672984 0.0493528146 -3.7983448788 0.0000000000 0.0000000000 0.0000000000 1.0000000000
-0.3161456952 -0.0460085331 -0.9475943828 -63.3869883641 0.9486996258 -0.0105161959 -0.3160038445 -4.6398448854 0.0045737851 -0.9988856914 0.0469729282 -3.7924483012 0.0000000000 0.0000000000 0.0000000000 1.0000000000
-0.3178007325 -0.0425374974 -0.9472028588 -63.4329280708 0.9480960605 -0.0028818034 -0.3179709974 -4.6620567534 0.0107960381 -0.9990907149 0.0412454730 -3.7878973013 0.0000000000 0.0000000000 0.0000000000 1.0000000000
-0.3204350251 -0.0400654684 -0.9464228193 -63.4794000302 0.9471419837 0.0029057380 -0.3208015264 -4.6842321411 0.0156031202 -0.9991928317 0.0370165870 -3.7867705143 0.0000000000 0.0000000000 0.0000000000 1.0000000000
-0.3148005590 -0.0392335552 -0.9483466329 -63.5269524298 0.9490276320 0.0035388116 -0.3151730167 -4.7053934060 0.0157213780 -0.9992238012 0.0361197081 -3.7896783233 0.0000000000 0.0000000000 0.0000000000 1.0000000000
-0.3154688850 -0.0371502430 -0.9482084381 -63.5755977335 0.9488275265 0.0027537258 -0.3157827450 -4.7264656452 0.0143425117 -0.9993058973 0.0343804583 -3.7951260015 0.0000000000 0.0000000000 0.0000000000 1.0000000000
-0.3212935030 -0.0360941560 -0.9462915496 -63.6254156635 0.9468649079 0.0033116104 -0.3216144887 -4.7474916062 0.0147421524 -0.9993429067 0.0331122908 -3.8009739870 0.0000000000 0.0000000000 0.0000000000 1.0000000000
-0.3266464800 -0.0349925310 -0.9444985971 -63.6763298373 0.9449969401 0.0056906989 -0.3270296610 -4.7681503944 0.0168184527 -0.9993713718 0.0312089880 -3.8064161056 0.0000000000 0.0000000000 0.0000000000 1.0000000000
-0.3296863362 -0.0335498856 -0.9434942103 -63.7283092289 0.9439390720 0.0061860127 -0.3300617543 -4.7881331239 0.0169100012 -0.9994178998 0.0296296040 -3.8108911065 0.0000000000 0.0000000000 0.0000000000 1.0000000000
-0.3289792352 -0.0358229719 -0.9436574471 -63.7810049948 0.9442146577 0.0036168530 -0.3293107931 -4.8076000708 0.0152099615 -0.9993516063 0.0326347056 -3.8124531926 0.0000000000 0.0000000000 0.0000000000 1.0000000000
-0.3226086390 -0.0348412337 -0.9458909845 -63.8338442162 0.9464485822 0.0014282385 -0.3228514232 -4.8271485788 0.0125994998 -0.9993918394 0.0325146741 -3.8100592926 0.0000000000 0.0000000000 0.0000000000 1.0000000000
-0.3427990850 -0.0296290248 -0.9389413764 -63.8857211356 0.9392985794 0.0044959659 -0.3430713703 -4.8485919884 0.0143863185 -0.9995508527 0.0262892879 -3.8064363856 0.0000000000 0.0000000000 0.0000000000 1.0000000000
-0.3558799679 -0.0236891630 -0.9342313803 -63.9373115764 0.9343072712 0.0128872083 -0.3562356562 -4.8700605507 0.0204785589 -0.9996363056 0.0175466580 -3.8036279976 0.0000000000 0.0000000000 0.0000000000 1.0000000000
-0.3257022811 -0.0169587350 -0.9453202766 -63.9892708734 0.9451400298 0.0206682744 -0.3260109606 -4.8897360124 0.0250668723 -0.9996425480 0.0092966752 -3.8007509456 0.0000000000 0.0000000000 0.0000000000 1.0000000000
-0.3167134031 -0.0106490039 -0.9484615011 -64.0401460464 0.9480005007 0.0295770080 -0.3168915450 -4.9109537611 0.0314272327 -0.9995057775 0.0007278261 -3.7980194287 0.0000000000 0.0000000000 0.0000000000 1.0000000000
-0.3368707913 -0.0038188140 -0.9415431412 -64.0900230131 0.9407970326 0.0386427003 -0.3367605755 -4.9337553634 0.0376697954 -0.9992457948 -0.0094248681 -3.7967145572 0.0000000000 0.0000000000 0.0000000000 1.0000000000
-0.3484577554 0.0011549509 -0.9373237748 -64.1400015152 0.9364269457 0.0441804327 -0.3480699137 -4.9553630202 0.0410093663 -0.9990229004 -0.0164765416 -3.7981266165 0.0000000000 0.0000000000 0.0000000000 1.0000000000
-0.3476923400 0.0028004644 -0.9376044977 -64.1901228064 0.9367203714 0.0445567475 -0.3472313956 -4.9753166337 0.0408041977 -0.9990029297 -0.0181152919 -3.8018977524 0.0000000000 0.0000000000 0.0000000000 1.0000000000
-0.3433382660 0.0011404244 -0.9392111235 -64.2401045810 0.9384806221 0.0398681663 -0.3430228144 -4.9945889880 0.0370534336 -0.9992042978 -0.0147585333 -3.8063586367 0.0000000000 0.0000000000 0.0000000000 1.0000000000
-0.3344589553 0.0002314086 -0.9424102895 -64.2899652118 0.9419127310 0.0325737561 -0.3342743746 -5.0133851586 0.0306204890 -0.9994693076 -0.0111125511 -3.8103817581 0.0000000000 0.0000000000 0.0000000000 1.0000000000
-0.3330061898 -0.0033164782 -0.9429188080 -64.3393643044 0.9426161768 0.0244055772 -0.3329851514 -5.0324260100 0.0241168158 -0.9996966384 -0.0050010423 -3.8127618636 0.0000000000 0.0000000000 0.0000000000 1.0000000000
-0.3307865331 -0.0065244022 -0.9436830515 -64.3882936105 0.9435702751 0.0146477404 -0.3308482729 -5.0513062169 0.0159814116 -0.9998714297 0.0013109567 -3.8117009880 0.0000000000 0.0000000000 0.0000000000 1.0000000000
-0.3275831001 -0.0075151267 -0.9447924827 -64.4366471425 0.9447856838 0.0062065841 -0.3276301115 -5.0694622652 0.0083261158 -0.9999524995 0.0050670121 -3.8075496767 0.0000000000 0.0000000000 0.0000000000 1.0000000000
-0.3275643912 -0.0154188973 -0.9447030365 -64.4843613857 0.9448229482 -0.0018093371 -0.3275764382 -5.0865121280 0.0033415812 -0.9998794847 0.0151608024 -3.8005014387 0.0000000000 0.0000000000 0.0000000000 1.0000000000
-0.3041237452 -0.0223980317 -0.9523691909 -64.5325440411 0.9526311950 -0.0088275604 -0.3039998034 -5.1011811432 -0.0015980993 -0.9997101592 0.0240217344 -3.7938091571 0.0000000000 0.0000000000 0.0000000000 1.0000000000
-0.2862334121 -0.0265032437 -0.9577933033 -64.5812529249 0.9581570427 -0.0103674211 -0.2860552360 -5.1157406942 -0.0023484548 -0.9995949653 0.0283617719 -3.7885120500 0.0000000000 0.0000000000 0.0000000000 1.0000000000
-0.2893781448 -0.0284085841 -0.9567932074 -64.6304953387 0.9572148027 -0.0082405783 -0.2892609798 -5.1315464576 0.0003329656 -0.9995624269 0.0295777605 -3.7862698829 0.0000000000 0.0000000000 0.0000000000 1.0000000000
-0.2805421197 -0.0311667364 -0.9593355793 -64.6808919972 0.9598412626 -0.0081383330 -0.2804256018 -5.1469110723 0.0009325584 -0.9994810664 0.0321982648 -3.7874835171 0.0000000000 0.0000000000 0.0000000000 1.0000000000
-0.2686124387 -0.0345558042 -0.9626283053 -64.7324546487 0.9632474043 -0.0082459239 -0.2684891857 -5.1624130359 0.0013401000 -0.9993687513 0.0355007465 -3.7910044514 0.0000000000 0.0000000000 0.0000000000 1.0000000000
-0.2710890678 -0.0373319074 -0.9618300505 -64.7848691771 0.9625414363 -0.0053543998 -0.2710817473 -5.1791018100 0.0049699760 -0.9992885765 0.0373850270 -3.7951072711 0.0000000000 0.0000000000 0.0000000000 1.0000000000
-0.2775203750 -0.0376176994 -0.9599829947 -64.8379592550 0.9606454547 0.0015611704 -0.2777730605 -5.1961458542 0.0119478805 -0.9992909844 0.0357040153 -3.7991031129 0.0000000000 0.0000000000 0.0000000000 1.0000000000
-0.3027166995 -0.0376676135 -0.9523359443 -64.8907934880 0.9528379863 0.0105828584 -0.3032948647 -5.2138563780 0.0215028302 -0.9992342838 0.0326875251 -3.8027315150 0.0000000000 0.0000000000 0.0000000000 1.0000000000
-0.3364746941 -0.0404020426 -0.9408254116 -64.9429600249 0.9413523357 0.0124208650 -0.3371965336 -5.2312700997 0.0253092942 -0.9991062992 0.0338532505 -3.8049235838 0.0000000000 0.0000000000 0.0000000000 1.0000000000
-0.3418379805 -0.0437243233 -0.9387411670 -64.9949458463 0.9394526504 0.0096004420 -0.3425442294 -5.2471150833 0.0239898448 -0.9989975050 0.0377951357 -3.8029829719 0.0000000000 0.0000000000 0.0000000000 1.0000000000
-0.3466999969 -0.0455892132 -0.9368675124 -65.0460556614 0.9376070751 0.0111696350 -0.3475172110 -5.2637288958 0.0263075044 -0.9988978240 0.0388722565 -3.7971985111 0.0000000000 0.0000000000 0.0000000000 1.0000000000
-0.3509298380 -0.0469917143 -0.9352219135 -65.0964081653 0.9357664197 0.0191856093 -0.3520981684 -5.2812036087 0.0344884988 -0.9987110148 0.0372404655 -3.7900532627 0.0000000000 0.0000000000 0.0000000000 1.0000000000
-0.3525848382 -0.0462171468 -0.9346378482 -65.1462773698 0.9347988490 0.0283258406 -0.3540462663 -5.2992628938 0.0428374110 -0.9985297302 0.0332164737 -3.7838796529 0.0000000000 0.0000000000 0.0000000000 1.0000000000
-0.3575740727 -0.0486062847 -0.9326190067 -65.1958931857 0.9325992815 0.0337948285 -0.3593278304 -5.3176565808 0.0489832902 -0.9982461313 0.0332460318 -3.7804323924 0.0000000000 0.0000000000 0.0000000000 1.0000000000
-0.3553846145 -0.0499788836 -0.9333830334 -65.2459782859 0.9333283081 0.0354998409 -0.3572646507 -5.3355223348 0.0509906376 -0.9981191675 0.0340306096 -3.7809798196 0.0000000000 0.0000000000 0.0000000000 1.0000000000
-0.3528508510 -0.0509798273 -0.9342897485 -65.2965494867 0.9342109837 0.0367278562 -0.3548251717 -5.3534502394 0.0524033855 -0.9980241088 0.0346664593 -3.7853400793 0.0000000000 0.0000000000 0.0000000000 1.0000000000
-0.3489625969 -0.0557184690 -0.9354787855 -65.3476322101 0.9354502426 0.0391485590 -0.3512836943 -5.3716060063 0.0561956360 -0.9976787271 0.0384604726 -3.7912897193 0.0000000000 0.0000000000 0.0000000000 1.0000000000
-0.3394137265 -0.0573421991 -0.9388877433 -65.3993047342 0.9391164763 0.0360764578 -0.3416997703 -5.3892876237 0.0534655603 -0.9977025415 0.0416061590 -3.7977303767 0.0000000000 0.0000000000 0.0000000000 1.0000000000
-0.3400908003 -0.0544523519 -0.9388147788 -65.4510602718 0.9394405793 0.0252375728 -0.3417813087 -5.4067652725 0.0423042025 -0.9981973784 0.0425716827 -3.8040911603 0.0000000000 0.0000000000 0.0000000000 1.0000000000
-0.3429750829 -0.0548238926 -0.9377432662 -65.5025825600 0.9388282568 0.0130861175 -0.3441369752 -5.4238554439 0.0311383471 -0.9984102836 0.0469820073 -3.8078841454 0.0000000000 0.0000000000 0.0000000000 1.0000000000
-0.3240183504 -0.0563870362 -0.9443688955 -65.5542774607 0.9458708656 0.0001591456 -0.3245431872 -5.4394005211 0.0184503206 -0.9984089727 0.0532832886 -3.8075912157 0.0000000000 0.0000000000 0.0000000000 1.0000000000
-0.3016172754 -0.0587804422 -0.9516154049 -65.6057302893 0.9533853791 -0.0090376736 -0.3016200248 -5.4542918864 0.0091289690 -0.9982300236 0.0587663326 -3.8026850584 0.0000000000 0.0000000000 0.0000000000 1.0000000000
-0.2942696883 -0.0558903064 -0.9540868012 -65.6568353669 0.9557203470 -0.0151277988 -0.2938873391 -5.4694244903 0.0019922202 -0.9983223043 0.0578671557 -3.7955394373 0.0000000000 0.0000000000 0.0000000000 1.0000000000
-0.2832462174 -0.0476092116 -0.9578647834 -65.7083144595 0.9590366803 -0.0187444216 -0.2826610912 -5.4840472525 -0.0044973497 -0.9986901470 0.0509682668 -3.7887582594 0.0000000000 0.0000000000 0.0000000000 1.0000000000
-0.2807569603 -0.0397113785 -0.9589570041 -65.7602096773 0.9597585900 -0.0181155371 -0.2802414605 -5.4991042941 -0.0062432465 -0.9990469627 0.0431993998 -3.7838954093 0.0000000000 0.0000000000 0.0000000000 1.0000000000
-0.2829781851 -0.0331121923 -0.9585546043 -65.8126253044 0.9591057918 -0.0163118864 -0.2825774273 -5.5145335142 -0.0062790757 -0.9993185203 0.0363740034 -3.7833225773 0.0000000000 0.0000000000 0.0000000000 1.0000000000
-0.2731761238 -0.0312573486 -0.9614560747 -65.8658480340 0.9619412081 -0.0157615922 -0.2728015475 -5.5293925204 -0.0066270255 -0.9993870874 0.0343734224 -3.7869292348 0.0000000000 0.0000000000 0.0000000000 1.0000000000
-0.2624441192 -0.0308681955 -0.9644533368 -65.9197302466 0.9649042705 -0.0178221416 -0.2619964123 -5.5445686936 -0.0091012675 -0.9993645610 0.0344621699 -3.7928114709 0.0000000000 0.0000000000 0.0000000000 1.0000000000
-0.2617426774 -0.0314777525 -0.9646242387 -65.9741630100 0.9650928983 -0.0181658846 -0.2612770526 -5.5607810627 -0.0092988382 -0.9993393576 0.0351337427 -3.7990050755 0.0000000000 0.0000000000 0.0000000000 1.0000000000
-0.2703806781 -0.0323291804 -0.9622105347 -66.0288555044 0.9627416107 -0.0140448046 -0.2700580207 -5.5780237119 -0.0047833045 -0.9993785907 0.0349220910 -3.8042327654 0.0000000000 0.0000000000 0.0000000000 1.0000000000
-0.2920624797 -0.0319448540 -0.9558655942 -66.0832489633 0.9563970389 -0.0076105473 -0.2919705183 -5.5962396842 0.0020522953 -0.9994606575 0.0327747191 -3.8083036570 0.0000000000 0.0000000000 0.0000000000 1.0000000000
-0.3158668229 -0.0376530390 -0.9480561159 -66.1369971746 0.9487561117 -0.0025441337 -0.3159989997 -5.6146206977 0.0094863411 -0.9992876343 0.0365271583 -3.8087549943 0.0000000000 0.0000000000 0.0000000000 1.0000000000
-0.3096790968 -0.0431592858 -0.9498611125 -66.1908430376 0.9507471811 -0.0000124217 -0.3099674135 -5.6314409465 0.0133661733 -0.9990682038 0.0410374161 -3.8041834892 0.0000000000 0.0000000000 0.0000000000 1.0000000000
-0.3049007935 -0.0454303054 -0.9512999493 -66.2442295902 0.9522501285 0.0022123163 -0.3053109865 -5.6482065100 0.0159749478 -0.9989650610 0.0425864772 -3.7979567777 0.0000000000 0.0000000000 0.0000000000 1.0000000000
-0.3027304444 -0.0424854976 -0.9521288046 -66.2972234707 0.9529088470 0.0052289919 -0.3032117856 -5.6651515350 0.0178607774 -0.9990834000 0.0389018315 -3.7920828476 0.0000000000 0.0000000000 0.0000000000 1.0000000000
-0.3033299879 -0.0345341519 -0.9522595816 -66.3499452650 0.9527507095 0.0058213182 -0.3036975433 -5.6828501771 0.0160313432 -0.9993865642 0.0311366573 -3.7876212539 0.0000000000 0.0000000000 0.0000000000 1.0000000000
-0.3047260637 -0.0289224809 -0.9520007963 -66.4027518562 0.9523498023 0.0045059665 -0.3049746716 -5.7013231211 0.0131103078 -0.9995715014 0.0261712335 -3.7853299625 0.0000000000 0.0000000000 0.0000000000 1.0000000000
-0.2994133051 -0.0223723068 -0.9538611810 -66.4559735944 0.9540706416 0.0035038716 -0.2995612354 -5.7205516987 0.0100440830 -0.9997435685 0.0202956553 -3.7862313663 0.0000000000 0.0000000000 0.0000000000 1.0000000000
-0.2980582360 -0.0145207152 -0.9544372356 -66.5093479727 0.9545168603 0.0035018601 -0.2981363787 -5.7414612022 0.0076714592 -0.9998884367 0.0128165092 -3.7902609898 0.0000000000 0.0000000000 0.0000000000 1.0000000000
-0.2959246511 -0.0095542132 -0.9551635032 -66.5626586014 0.9551935319 0.0031367936 -0.2959653308 -5.7640274193 0.0058238666 -0.9999494375 0.0081978681 -3.7961519830 0.0000000000 0.0000000000 0.0000000000 1.0000000000
-0.2870972873 -0.0047132060 -0.9578898336 -66.6157148211 0.9578948868 0.0022831960 -0.2871100361 -5.7876881987 0.0035402590 -0.9999862863 0.0038592565 -3.8030850301 0.0000000000 0.0000000000 0.0000000000 1.0000000000
-0.2841907922 0.0013764361 -0.9587667595 -66.6679070567 0.9587670600 0.0016055024 -0.2841885764 -5.8123547234 0.0011481349 -0.9999977639 -0.0017759506 -3.8095103828 0.0000000000 0.0000000000 0.0000000000 1.0000000000
-0.2917889478 0.0021956369 -0.9564802084 -66.7190403931 0.9564701448 -0.0044597365 -0.2917961152 -5.8374622718 -0.0049063280 -0.9999876449 -0.0007987593 -3.8119335930 0.0000000000 0.0000000000 0.0000000000 1.0000000000
-0.2721632121 0.0054436152 -0.9622357056 -66.7704266172 0.9621600412 -0.0122174392 -0.2722109280 -5.8604932142 -0.0132378678 -0.9999105466 -0.0019124916 -3.8082720100 0.0000000000 0.0000000000 0.0000000000 1.0000000000
-0.2691067808 0.0156870947 -0.9629825832 -66.8215166124 0.9629300601 -0.0149631731 -0.2693358549 -5.8836891647 -0.0186343722 -0.9997649816 -0.0110788837 -3.8011168411 0.0000000000 0.0000000000 0.0000000000 1.0000000000
-0.2805102864 0.0329091330 -0.9592866976 -66.8721053746 0.9595725165 -0.0144589022 -0.2810898890 -5.9066554218 -0.0231206571 -0.9993537557 -0.0275228288 -3.7946029956 0.0000000000 0.0000000000 0.0000000000 1.0000000000
-0.2887181690 0.0444623059 -0.9563811595 -66.9221612930 0.9570675856 -0.0134710885 -0.2895516645 -5.9285485129 -0.0257576299 -0.9989202336 -0.0386640837 -3.7897761330 0.0000000000 0.0000000000 0.0000000000 1.0000000000
-0.2845618012 0.0528236635 -0.9572012546 -66.9717236927 0.9582162400 -0.0146256259 -0.2856706643 -5.9491759697 -0.0290898385 -0.9984967459 -0.0464545978 -3.7882737083 0.0000000000 0.0000000000 0.0000000000 1.0000000000
-0.2784934479 0.0560637098 -0.9588004276 -67.0207052798 0.9599307082 -0.0161984267 -0.2797689163 -5.9694765478 -0.0312159417 -0.9982957835 -0.0493061209 -3.7894938689 0.0000000000 0.0000000000 0.0000000000 1.0000000000
-0.2751224717 0.0588975125 -0.9596034121 -67.0693619457 0.9608583631 -0.0169374598 -0.2765218409 -5.9901992116 -0.0325396928 -0.9981203362 -0.0519322916 -3.7930290359 0.0000000000 0.0000000000 0.0000000000 1.0000000000
-0.2752093459 0.0591982127 -0.9595599968 -67.1180328736 0.9608649029 -0.0158680213 -0.2765625503 -6.0115087658 -0.0315983271 -0.9981201218 -0.0525144572 -3.7976208372 0.0000000000 0.0000000000 0.0000000000 1.0000000000
-0.2778478853 0.0582408754 -0.9588579421 -67.1668540101 0.9601940222 -0.0130613722 -0.2790283863 -6.0333164333 -0.0287748579 -0.9982171111 -0.0522934658 -3.8028137107 0.0000000000 0.0000000000 0.0000000000 1.0000000000
-0.2862736476 0.0573404540 -0.9564305887 -67.2157416284 0.9578111445 -0.0093369393 -0.2872466414 -6.0556555077 -0.0254009872 -0.9983110206 -0.0522484062 -3.8081705162 0.0000000000 0.0000000000 0.0000000000 1.0000000000
-0.3033706089 0.0547602014 -0.9512978472 -67.2643018797 0.9526569309 -0.0038115050 -0.3040234274 -6.0785644892 -0.0202742606 -0.9984922597 -0.0510113868 -3.8127706955 0.0000000000 0.0000000000 0.0000000000 1.0000000000
-0.3088789749 0.0508295258 -0.9497421430 -67.3128160459 0.9509898260 0.0012138229 -0.3092197884 -6.1007238047 -0.0145646765 -0.9987066065 -0.0487132863 -3.8147740841 0.0000000000 0.0000000000 0.0000000000 1.0000000000
-0.3109556971 0.0473241466 -0.9492454791 -67.3610931478 0.9503631566 0.0041435213 -0.3111152549 -6.1223676456 -0.0107900450 -0.9988709909 -0.0462635769 -3.8135350568 0.0000000000 0.0000000000 0.0000000000 1.0000000000
-0.3006801824 0.0478332667 -0.9525247538 -67.4094065780 0.9536853694 0.0059718456 -0.3007466596 -6.1434153734 -0.0086973644 -0.9988374821 -0.0474135022 -3.8104761261 0.0000000000 0.0000000000 0.0000000000 1.0000000000
-0.2987888460 0.0511288666 -0.9529486159 -67.4573095118 0.9542903727 0.0082397164 -0.2987674541 -6.1653308514 -0.0074236150 -0.9986580727 -0.0512537205 -3.8063141697 0.0000000000 0.0000000000 0.0000000000 1.0000000000
-0.3130258524 0.0542143264 -0.9481959832 -67.5045704566 0.9497111885 0.0094928876 -0.3129832958 -6.1883813407 -0.0079670607 -0.9984841971 -0.0544594716 -3.8030405276 0.0000000000 0.0000000000 0.0000000000 1.0000000000
-0.3150562596 0.0534762936 -0.9475652164 -67.5517678606 0.9490211777 0.0073180215 -0.3151273566 -6.2106802360 -0.0099175404 -0.9985423039 -0.0530557236 -3.8018116446 0.0000000000 0.0000000000 0.0000000000 1.0000000000
-0.3058005202 0.0519457279 -0.9506774864 -67.5991791658 0.9520253659 0.0045544700 -0.3059852274 -6.2322104515 -0.0115647932 -0.9986395236 -0.0508464099 -3.8033413946 0.0000000000 0.0000000000 0.0000000000 1.0000000000
-0.3012658652 0.0516205868 -0.9521418978 -67.6465438412 0.9534499153 0.0025685038 -0.3015404812 -6.2539849831 -0.0131201165 -0.9986634657 -0.0499914467 -3.8072478473 0.0000000000 0.0000000000 0.0000000000 1.0000000000
-0.2950488345 0.0482846261 -0.9542613794 -67.6939484462 0.9553714026 -0.0002988693 -0.2954071660 -6.2756979239 -0.0145488240 -0.9988335725 -0.0460415699 -3.8124224159 0.0000000000 0.0000000000 0.0000000000 1.0000000000
-0.2774736076 0.0467094833 -0.9595971140 -67.7413941761 0.9605896377 -0.0037817333 -0.2779446823 -6.2966790967 -0.0166115928 -0.9989013578 -0.0438193145 -3.8179192145 0.0000000000 0.0000000000 0.0000000000 1.0000000000
-0.2745613480 0.0430897811 -0.9606036315 -67.7879410498 0.9613656868 -0.0082707468 -0.2751501607 -6.3183225956 -0.0198010696 -0.9990369690 -0.0391542096 -3.8224999134 0.0000000000 0.0000000000 0.0000000000 1.0000000000
-0.2646087804 0.0386640585 -0.9635804501 -67.8337070273 0.9640049187 -0.0163483304 -0.2653813272 -6.3391874101 -0.0260136508 -0.9991185228 -0.0329464308 -3.8251955717 0.0000000000 0.0000000000 0.0000000000 1.0000000000
-0.2380606011 0.0289766951 -0.9708179548 -67.8790328746 0.9708290923 -0.0223352972 -0.2387299897 -6.3585994390 -0.0286011137 -0.9993305187 -0.0228142643 -3.8234736294 0.0000000000 0.0000000000 0.0000000000 1.0000000000
-0.2189727058 0.0200817034 -0.9755243100 -67.9239374756 0.9753480100 -0.0235042216 -0.2194169796 -6.3782653900 -0.0273352062 -0.9995220241 -0.0144398664 -3.8186682881 0.0000000000 0.0000000000 0.0000000000 1.0000000000
-0.2031420668 0.0170478759 -0.9790008532 -67.9690973490 0.9789468380 -0.0167942499 -0.2034233061 -6.3982297227 -0.0199095203 -0.9997136205 -0.0132773456 -3.8129938978 0.0000000000 0.0000000000 0.0000000000 1.0000000000
-0.2023939398 0.0136479808 -0.9792090817 -68.0144418736 0.9792669580 -0.0058982864 -0.2024881112 -6.4190496840 -0.0085392095 -0.9998894653 -0.0121712392 -3.8088904185 0.0000000000 0.0000000000 0.0000000000 1.0000000000
-0.2009246083 0.0077090387 -0.9795763740 -68.0602825993 0.9796053102 -0.0001079229 -0.2009313928 -6.4393633139 -0.0016547067 -0.9999702791 -0.0075301309 -3.8087097262 0.0000000000 0.0000000000 0.0000000000 1.0000000000
-0.1951864459 -0.0009292871 -0.9807657150 -68.1069341507 0.9807658230 0.0006382032 -0.1951870721 -6.4588044868 0.0008073126 -0.9999993646 0.0007868444 -3.8120828128 0.0000000000 0.0000000000 0.0000000000 1.0000000000
-0.1931326215 -0.0073869367 -0.9811448536 -68.1547734291 0.9811718450 -0.0027436613 -0.1931172778 -6.4780144196 -0.0012653841 -0.9999689523 0.0077777448 -3.8168366891 0.0000000000 0.0000000000 0.0000000000 1.0000000000
-0.2028858107 -0.0103601418 -0.9791475963 -68.2038516687 0.9791990706 -0.0047556812 -0.2028461577 -6.4976096243 -0.0025549988 -0.9999350234 0.0111095015 -3.8212802121 0.0000000000 0.0000000000 0.0000000000 1.0000000000
-0.2344291915 -0.0136675961 -0.9720371140 -68.2534323995 0.9721231862 0.0012420518 -0.2344674140 -6.5180324871 0.0044119264 -0.9999058226 0.0129954139 -3.8249586670 0.0000000000 0.0000000000 0.0000000000 1.0000000000
-0.2623215347 -0.0170602309 -0.9648297057 -68.3030779524 0.9648972133 0.0085007433 -0.2624902001 -6.5377150385 0.0126799130 -0.9998183264 0.0142314412 -3.8288306627 0.0000000000 0.0000000000 0.0000000000 1.0000000000
-0.2730570693 -0.0279860836 -0.9615906697 -68.3523331787 0.9617946072 0.0126033781 -0.2734817882 -6.5556512423 0.0197729750 -0.9995288560 0.0234754228 -3.8311399180 0.0000000000 0.0000000000 0.0000000000 1.0000000000
-0.2770223659 -0.0354826657 -0.9602080968 -68.4012025066 0.9606429804 0.0111795742 -0.2775609508 -6.5726926681 0.0205833201 -0.9993077592 0.0309891817 -3.8307742120 0.0000000000 0.0000000000 0.0000000000 1.0000000000
-0.2661272454 -0.0384560664 -0.9631705042 -68.4503754615 0.9636614987 0.0133130194 -0.2667944517 -6.5884795637 0.0230825728 -0.9991716041 0.0335156734 -3.8276194700 0.0000000000 0.0000000000 0.0000000000 1.0000000000
-0.2686486971 -0.0317219481 -0.9627157397 -68.4996641317 0.9628444391 0.0197320904 -0.2693347930 -6.6045666398 0.0275402184 -0.9993019377 0.0252423009 -3.8231093881 0.0000000000 0.0000000000 0.0000000000 1.0000000000
-0.2926978327 -0.0245872746 -0.9558888244 -68.5489556487 0.9557835357 0.0221542086 -0.2932354411 -6.6209451519 0.0283868207 -0.9994521784 0.0170156234 -3.8189063642 0.0000000000 0.0000000000 0.0000000000 1.0000000000
-0.3001692964 -0.0201833752 -0.9536723886 -68.5989413482 0.9535438837 0.0204230193 -0.3005610790 -6.6356137033 0.0255432066 -0.9995876808 0.0131153706 -3.8171045723 0.0000000000 0.0000000000 0.0000000000 1.0000000000
-0.2856209863 -0.0163899212 -0.9582024956 -68.6498523335 0.9580928550 0.0179441969 -0.2858952376 -6.6486297014 0.0218799747 -0.9997046445 0.0105778272 -3.8184265657 0.0000000000 0.0000000000 0.0000000000 1.0000000000
-0.2785808420 -0.0140460318 -0.9603100663 -68.7011107434 0.9601654701 0.0186168497 -0.2788111958 -6.6619881906 0.0217941391 -0.9997280240 0.0083002171 -3.8222447826 0.0000000000 0.0000000000 0.0000000000 1.0000000000
-0.2783805703 -0.0124959079 -0.9603895618 -68.7526936352 0.9602391839 0.0183396479 -0.2785756039 -6.6755782123 0.0210942615 -0.9997537245 0.0068936587 -3.8283426556 0.0000000000 0.0000000000 0.0000000000 1.0000000000
-0.2718043904 -0.0109541396 -0.9622901746 -68.8046754430 0.9622036289 0.0144954859 -0.2719449530 -6.6887676333 0.0169277866 -0.9998349302 0.0066001762 -3.8354888390 0.0000000000 0.0000000000 0.0000000000 1.0000000000
-0.2699463958 -0.0102168258 -0.9628211463 -68.8569611015 0.9627932772 0.0101916355 -0.2700467291 -6.7023547366 0.0125717426 -0.9998958681 0.0070854959 -3.8412774753 0.0000000000 0.0000000000 0.0000000000 1.0000000000
-0.2691590153 -0.0107833288 -0.9630353806 -68.9093793202 0.9630400550 0.0077401954 -0.2692469905 -6.7163282237 0.0103574608 -0.9999119007 0.0083014342 -3.8430899897 0.0000000000 0.0000000000 0.0000000000 1.0000000000
-0.2460671146 -0.0123598255 -0.9691739833 -68.9620536775 0.9691803153 0.0090903293 -0.2461846507 -6.7291171685 0.0118529100 -0.9998822934 0.0097420685 -3.8379116646 0.0000000000 0.0000000000 0.0000000000 1.0000000000
-0.2420061453 -0.0142388463 -0.9701702330 -69.0139233819 0.9701388155 0.0131837121 -0.2421918010 -6.7426799081 0.0162389769 -0.9998117048 0.0106231181 -3.8286823438 0.0000000000 0.0000000000 0.0000000000 1.0000000000
-0.2476998586 -0.0135977791 -0.9687413899 -69.0652721073 0.9686297403 0.0171966137 -0.2479126917 -6.7560776869 0.0200301335 -0.9997596596 0.0089116144 -3.8204543389 0.0000000000 0.0000000000 0.0000000000 1.0000000000
-0.2338898297 -0.0128546049 -0.9721781250 -69.1169640144 0.9719689179 0.0215046300 -0.2341238425 -6.7678336379 0.0239159003 -0.9996861057 0.0074645622 -3.8148297998 0.0000000000 0.0000000000 0.0000000000 1.0000000000
-0.2273054365 -0.0145126594 -0.9737153697 -69.1690003428 0.9734534342 0.0241772657 -0.2276046380 -6.7794189103 0.0268449238 -0.9996023422 0.0086317742 -3.8123238919 0.0000000000 0.0000000000 0.0000000000 1.0000000000
-0.2277739819 -0.0195202040 -0.9735183485 -69.2215972476 0.9733405778 0.0231233095 -0.2281960389 -6.7906988999 0.0269653993 -0.9995420322 0.0137329183 -3.8133843342 0.0000000000 0.0000000000 0.0000000000 1.0000000000
-0.2283763799 -0.0251401155 -0.9732482744 -69.2749731902 0.9732177191 0.0211060838 -0.2289144043 -6.8012736402 0.0262963942 -0.9994611087 0.0196466749 -3.8174591088 0.0000000000 0.0000000000 0.0000000000 1.0000000000
-0.2400898729 -0.0300623176 -0.9702850664 -69.3290343302 0.9703307533 0.0219638420 -0.2407816829 -6.8119570646 0.0285496433 -0.9993066830 0.0238970952 -3.8232478833 0.0000000000 0.0000000000 0.0000000000 1.0000000000
-0.2571589242 -0.0362625512 -0.9656885187 -69.3838562438 0.9657344200 0.0265685665 -0.2581688233 -6.8223966488 0.0350188198 -0.9989890583 0.0281876499 -3.8293485709 0.0000000000 0.0000000000 0.0000000000 1.0000000000
-0.2743131197 -0.0384958422 -0.9608695970 -69.4395010216 0.9608844965 0.0286385189 -0.2754647339 -6.8318797744 0.0381221291 -0.9988482895 0.0291341365 -3.8352709061 0.0000000000 0.0000000000 0.0000000000 1.0000000000
-0.2965611551 -0.0412065643 -0.9541244679 -69.4956494444 0.9542514116 0.0271283160 -0.2977722249 -6.8406523315 0.0381539604 -0.9987822954 0.0312762174 -3.8388643360 0.0000000000 0.0000000000 0.0000000000 1.0000000000
-0.3122172506 -0.0429370505 -0.9490399349 -69.5521819631 0.9492455220 0.0259877945 -0.3134606410 -6.8486573381 0.0381225302 -0.9987397280 0.0326439652 -3.8379904724 0.0000000000 0.0000000000 0.0000000000 1.0000000000
-0.3193716682 -0.0441715539 -0.9465994989 -69.6088823464 0.9467524293 0.0280954007 -0.3207342921 -6.8562062714 0.0407624243 -0.9986288211 0.0328466509 -3.8339251021 0.0000000000 0.0000000000 0.0000000000 1.0000000000
-0.2947893184 -0.0429442928 -0.9545967973 -69.6662377586 0.9546072409 0.0314176208 -0.2962059230 -6.8623413442 0.0427115140 -0.9985833570 0.0317333539 -3.8281182270 0.0000000000 0.0000000000 0.0000000000 1.0000000000
-0.2806194178 -0.0378680550 -0.9590718183 -69.7232594682 0.9588499399 0.0338323871 -0.2818903376 -6.8695871335 0.0431223278 -0.9987098578 0.0268157575 -3.8219550094 0.0000000000 0.0000000000 0.0000000000 1.0000000000
-0.2966800704 -0.0324322911 -0.9544260486 -69.7794607809 0.9539998694 0.0351324760 -0.2977414285 -6.8787290843 0.0431877870 -0.9988562738 0.0205172960 -3.8175312718 0.0000000000 0.0000000000 0.0000000000 1.0000000000
-0.3015344040 -0.0281952426 -0.9530383159 -69.8357775955 0.9525831047 0.0338359245 -0.3023914002 -6.8867669603 0.0407729314 -0.9990296084 0.0166556164 -3.8164868888 0.0000000000 0.0000000000 0.0000000000 1.0000000000
-0.2939428098 -0.0249097443 -0.9554983669 -69.8921544452 0.9551852385 0.0288568958 -0.2945987774 -6.8937067657 0.0349110970 -0.9992731279 0.0153111430 -3.8190223488 0.0000000000 0.0000000000 0.0000000000 1.0000000000
-0.2940936662 -0.0240902163 -0.9554729598 -69.9480208647 0.9553101486 0.0238194887 -0.2946441107 -6.9014902804 0.0298569177 -0.9994259820 0.0160084674 -3.8242753558 0.0000000000 0.0000000000 0.0000000000 1.0000000000
-0.2910563798 -0.0258112457 -0.9563576545 -70.0033686058 0.9563710769 0.0185949726 -0.2915623266 -6.9100393903 0.0253090312 -0.9994938752 0.0192729435 -3.8316913800 0.0000000000 0.0000000000 0.0000000000 1.0000000000
-0.2826306610 -0.0317668654 -0.9587026524 -70.0582221862 0.9590056875 0.0121979556 -0.2831241799 -6.9194564479 0.0206881801 -0.9994208704 0.0270170883 -3.8393901353 0.0000000000 0.0000000000 0.0000000000 1.0000000000
-0.2674541810 -0.0377083755 -0.9628324566 -70.1126058316 0.9634617292 0.0045536727 -0.2678073194 -6.9298247449 0.0144830028 -0.9992784109 0.0351126779 -3.8448520355 0.0000000000 0.0000000000 0.0000000000 1.0000000000
-0.2442981231 -0.0418944373 -0.9687947580 -70.1663774892 0.9696263621 0.0017729194 -0.2445844941 -6.9411684266 0.0119643248 -0.9991204697 0.0401888300 -3.8453365206 0.0000000000 0.0000000000 0.0000000000 1.0000000000
-0.2328963053 -0.0480530904 -0.9713136525 -70.2191075376 0.9722967630 0.0089916969 -0.2335768698 -6.9546241617 0.0199578484 -0.9988043101 0.0446277313 -3.8390247463 0.0000000000 0.0000000000 0.0000000000 1.0000000000
-0.2239020251 -0.0444738626 -0.9735964044 -70.2713904843 0.9742393486 0.0173961115 -0.2248445397 -6.9691002287 0.0269364967 -0.9988590746 0.0394331623 -3.8307110087 0.0000000000 0.0000000000 0.0000000000 1.0000000000
-0.2343592534 -0.0381330566 -0.9714018789 -70.3234540293 0.9715240181 0.0266677533 -0.2354355817 -6.9848522957 0.0348829840 -0.9989167638 0.0307973456 -3.8232421079 0.0000000000 0.0000000000 0.0000000000 1.0000000000
-0.2577509280 -0.0367586586 -0.9655119161 -70.3757863563 0.9654565179 0.0296945232 -0.2588666593 -7.0009465054 0.0381860071 -0.9988828942 0.0278350956 -3.8193383121 0.0000000000 0.0000000000 0.0000000000 1.0000000000
-0.2578468229 -0.0392487743 -0.9653882896 -70.4293947334 0.9656312109 0.0233811826 -0.2588622892 -7.0152811560 0.0327319474 -0.9989558819 0.0318710778 -3.8202307200 0.0000000000 0.0000000000 0.0000000000 1.0000000000
-0.2539366082 -0.0412659771 -0.9663401669 -70.4841433750 0.9668600440 0.0164573031 -0.2547760046 -7.0293116971 0.0264169338 -0.9990126507 0.0357193127 -3.8252430528 0.0000000000 0.0000000000 0.0000000000 1.0000000000
-0.2659158640 -0.0431993122 -0.9630278151 -70.5393720480 0.9636831741 0.0135454563 -0.2667044443 -7.0448547959 0.0245660997 -0.9989746443 0.0380284986 -3.8324397009 0.0000000000 0.0000000000 0.0000000000 1.0000000000
-0.2813251150 -0.0481608509 -0.9584032096 -70.5948673087 0.9592009974 0.0151330137 -0.2823197450 -7.0613802983 0.0281002881 -0.9987249493 0.0419386393 -3.8395330673 0.0000000000 0.0000000000 0.0000000000 1.0000000000
-0.2886609139 -0.0527026342 -0.9559797640 -70.6505731505 0.9569309724 0.0163972678 -0.2898521064 -7.0779880892 0.0309514258 -0.9984756191 0.0456995327 -3.8460339441 0.0000000000 0.0000000000 0.0000000000 1.0000000000
-0.3087844108 -0.0596559572 -0.9492593715 -70.7057308823 0.9504999993 0.0170240736 -0.3102578479 -7.0958099729 0.0346689903 -0.9980738188 0.0514462188 -3.8502291107 0.0000000000 0.0000000000 0.0000000000 1.0000000000
-0.3348719162 -0.0668420248 -0.9398898571 -70.7601062262 0.9415792616 0.0142730981 -0.3364888896 -7.1148082392 0.0359067388 -0.9976614768 0.0581574047 -3.8506135978 0.0000000000 0.0000000000 0.0000000000 1.0000000000
-0.3504414225 -0.0723282157 -0.9337876839 -70.8142089908 0.9359086149 0.0108312295 -0.3520763398 -7.1342025775 0.0355791222 -0.9973220712 0.0638968887 -3.8477583832 0.0000000000 0.0000000000 0.0000000000 1.0000000000
-0.3440764720 -0.0741975586 -0.9360053973 -70.8682269486 0.9382726948 0.0104522378 -0.3457384862 -7.1533620029 0.0354363026 -0.9971887850 0.0660211741 -3.8435664073 0.0000000000 0.0000000000 0.0000000000 1.0000000000
-0.3424307768 -0.0696665956 -0.9369566311 -70.9217874289 0.9388994211 0.0115331494 -0.3439983482 -7.1737438312 0.0347712546 -0.9975036601 0.0614606209 -3.8393520276 0.0000000000 0.0000000000 0.0000000000 1.0000000000
-0.3498924203 -0.0654438823 -0.9345011463 -70.9749924554 0.9360774438 0.0144729440 -0.3514961638 -7.1954852579 0.0365282563 -0.9977512877 0.0561965686 -3.8360683584 0.0000000000 0.0000000000 0.0000000000 1.0000000000
-0.3377676963 -0.0590782301 -0.9393735924 -71.0288052761 0.9406237686 0.0146129004 -0.3391362396 -7.2166344471 0.0337625416 -0.9981463950 0.0506346218 -3.8349636972 0.0000000000 0.0000000000 0.0000000000 1.0000000000
-0.3309066014 -0.0521130916 -0.9422234591 -71.0827383594 0.9432058541 0.0128276342 -0.3319610951 -7.2386202039 0.0293860168 -0.9985588002 0.0449086242 -3.8370137927 0.0000000000 0.0000000000 0.0000000000 1.0000000000
-0.3298168750 -0.0454584775 -0.9429498161 -71.1365504242 0.9436968482 0.0112458015 -0.3306203120 -7.2617961953 0.0256337225 -0.9989029276 0.0391899668 -3.8423805200 0.0000000000 0.0000000000 0.0000000000 1.0000000000
-0.3272827033 -0.0403001539 -0.9440666977 -71.1901042919 0.9446759642 0.0090492496 -0.3278802125 -7.2859971916 0.0217567182 -0.9991466402 0.0351089239 -3.8503214731 0.0000000000 0.0000000000 0.0000000000 1.0000000000
-0.3158621813 -0.0379192258 -0.9480470530 -71.2432672643 0.9486148443 0.0073870933 -0.3163468161 -7.3109687453 0.0189989384 -0.9992535030 0.0336374371 -3.8590318391 0.0000000000 0.0000000000 0.0000000000 1.0000000000
-0.3006749658 -0.0377585599 -0.9529789379 -71.2958438294 0.9535495377 0.0073555444 -0.3011464346 -7.3371089836 0.0183805346 -0.9992598196 0.0337930292 -3.8657103230 0.0000000000 0.0000000000 0.0000000000 1.0000000000
-0.2827069207 -0.0381175575 -0.9584486678 -71.3476040787 0.9589774521 0.0105955139 -0.2832842767 -7.3637006118 0.0209533609 -0.9992170870 0.0335584531 -3.8676149437 0.0000000000 0.0000000000 0.0000000000 1.0000000000
-0.2688228389 -0.0411001295 -0.9623123509 -71.3984416474 0.9629221481 0.0120767009 -0.2695089793 -7.3903652370 0.0226984123 -0.9990820450 0.0363297319 -3.8635091917 0.0000000000 0.0000000000 0.0000000000 1.0000000000
-0.2459535549 -0.0384396611 -0.9685190970 -71.4491645959 0.9690140921 0.0137233132 -0.2466239240 -7.4158013976 0.0227714310 -0.9991666844 0.0338732756 -3.8567758006 0.0000000000 0.0000000000 0.0000000000 1.0000000000
-0.2463322939 -0.0338016347 -0.9685958138 -71.4993746870 0.9687963698 0.0197270517 -0.2470717251 -7.4416041015 0.0274589678 -0.9992338530 0.0278874911 -3.8499198270 0.0000000000 0.0000000000 0.0000000000 1.0000000000
-0.2602727785 -0.0322722295 -0.9649956394 -71.5492703301 0.9651053570 0.0211210423 -0.2610087193 -7.4668773268 0.0288050469 -0.9992559256 0.0256488692 -3.8469135610 0.0000000000 0.0000000000 0.0000000000 1.0000000000
-0.2532893913 -0.0350140941 -0.9667566899 -71.5995954453 0.9671078435 0.0149934633 -0.2539244280 -7.4899850215 0.0233859648 -0.9992743413 0.0300647199 -3.8496181914 0.0000000000 0.0000000000 0.0000000000 1.0000000000
-0.2458649351 -0.0396906400 -0.9684911392 -71.6502959377 0.9691147575 0.0096822897 -0.2464200482 -7.5128970643 0.0191577812 -0.9991651047 0.0360842495 -3.8566999150 0.0000000000 0.0000000000 0.0000000000 1.0000000000
-0.2470456525 -0.0452856442 -0.9679450687 -71.7015203768 0.9688167448 0.0080853758 -0.2476464048 -7.5366423813 0.0190410266 -0.9989413582 0.0418760335 -3.8652644305 0.0000000000 0.0000000000 0.0000000000 1.0000000000
-0.2533205722 -0.0534211717 -0.9659062408 -71.7533123815 0.9671002721 0.0101272683 -0.2541938280 -7.5611422298 0.0233613238 -0.9985207143 0.0490981842 -3.8730229057 0.0000000000 0.0000000000 0.0000000000 1.0000000000
-0.2596680234 -0.0598616249 -0.9638408082 -71.8055709044 0.9652413734 0.0145987609 -0.2609520400 -7.5859294182 0.0296918946 -0.9980999259 0.0539900856 -3.8797709010 0.0000000000 0.0000000000 0.0000000000 1.0000000000
-0.2669699914 -0.0683171618 -0.9612802864 -71.8579286267 0.9630946689 0.0165765254 -0.2686519637 -7.6107720348 0.0342882267 -0.9975259316 0.0613704595 -3.8835587563 0.0000000000 0.0000000000 0.0000000000 1.0000000000
-0.2731879913 -0.0753592545 -0.9590043296 -71.9103616902 0.9614089750 0.0123695791 -0.2748450041 -7.6353036456 0.0325745945 -0.9970797241 0.0690718432 -3.8823406918 0.0000000000 0.0000000000 0.0000000000 1.0000000000
-0.2782322485 -0.0759790343 -0.9575040482 -71.9628061855 0.9601833369 0.0041470080 -0.2793398681 -7.6589035764 0.0251947504 -0.9971007916 0.0717999713 -3.8778382680 0.0000000000 0.0000000000 0.0000000000 1.0000000000
-0.2698650493 -0.0708159546 -0.9602905580 -72.0154480160 0.9626998172 0.0003977208 -0.2705714395 -7.6813641999 0.0195427023 -0.9974893194 0.0680671756 -3.8713886282 0.0000000000 0.0000000000 0.0000000000 1.0000000000
-0.2787657547 -0.0608565126 -0.9584289952 -72.0677460972 0.9601836235 0.0014169370 -0.2793660705 -7.7049447834 0.0183592783 -0.9981455190 0.0580384333 -3.8646828628 0.0000000000 0.0000000000 0.0000000000 1.0000000000
-0.2897722079 -0.0521080318 -0.9556761065 -72.1202677154 0.9569540709 0.0013996933 -0.2902360196 -7.7287310705 0.0164612812 -0.9986404728 0.0494594009 -3.8602446427 0.0000000000 0.0000000000 0.0000000000 1.0000000000
-0.2859417580 -0.0456296042 -0.9571599920 -72.1734491709 0.9581611232 -0.0002423099 -0.2862292844 -7.7520809598 0.0128285996 -0.9989583978 0.0437897994 -3.8603539065 0.0000000000 0.0000000000 0.0000000000 1.0000000000
-0.2826994026 -0.0390064350 -0.9584151219 -72.2268524496 0.9591646070 -0.0019312155 -0.2828418765 -7.7762477663 0.0091817472 -0.9992370932 0.0379595453 -3.8654522297 0.0000000000 0.0000000000 0.0000000000 1.0000000000
-0.2829389326 -0.0373250694 -0.9584113937 -72.2798709421 0.9591056974 -0.0028188239 -0.2830341243 -7.8017038398 0.0078626754 -0.9992992012 0.0365962417 -3.8729772709 0.0000000000 0.0000000000 0.0000000000 1.0000000000
-0.2705322148 -0.0384017166 -0.9619447120 -72.3323946207 0.9626902624 -0.0042448947 -0.2705724293 -7.8275656935 0.0063070917 -0.9992533658 0.0381173394 -3.8805012036 0.0000000000 0.0000000000 0.0000000000 1.0000000000
-0.2615290378 -0.0394198968 -0.9643902914 -72.3841945913 0.9651790567 -0.0048295620 -0.2615455292 -7.8545729007 0.0056525150 -0.9992110623 0.0393103296 -3.8859311866 0.0000000000 0.0000000000 0.0000000000 1.0000000000
-0.2639168018 -0.0415149336 -0.9636516134 -72.4349386089 0.9645332110 -0.0063264963 -0.2638856955 -7.8828669447 0.0048586587 -0.9991178538 0.0417122009 -3.8872474594 0.0000000000 0.0000000000 0.0000000000 1.0000000000
-0.2470908074 -0.0458783676 -0.9679056298 -72.4854434072 0.9689698202 -0.0048903263 -0.2471306785 -7.9096744117 0.0066045778 -0.9989350630 0.0456631083 -3.8823295836 0.0000000000 0.0000000000 0.0000000000 1.0000000000
-0.2419412144 -0.0477641900 -0.9691145603 -72.5357784260 0.9702356143 -0.0012464099 -0.2421596565 -7.9360113359 0.0103586459 -0.9988578621 0.0466440762 -3.8734379240 0.0000000000 0.0000000000 0.0000000000 1.0000000000
-0.2355463589 -0.0416016908 -0.9709723024 -72.5865998457 0.9717683976 0.0038663102 -0.2359051358 -7.9606165492 0.0135681326 -0.9991267942 0.0395165131 -3.8644883766 0.0000000000 0.0000000000 0.0000000000 1.0000000000
-0.2405587866 -0.0341435721 -0.9700338585 -72.6379413349 0.9704750450 0.0096576040 -0.2410081280 -7.9841832627 0.0175970812 -0.9993702753 0.0308122632 -3.8575713282 0.0000000000 0.0000000000 0.0000000000 1.0000000000
-0.2527436428 -0.0280410909 -0.9671268522 -72.6896618376 0.9673827388 0.0103085668 -0.2531094037 -8.0065252875 0.0170671555 -0.9995536157 0.0245210426 -3.8555664479 0.0000000000 0.0000000000 0.0000000000 1.0000000000
-0.2464321235 -0.0275920029 -0.9687672011 -72.7425790965 0.9691031781 0.0038136584 -0.2466262073 -8.0256527753 0.0104994582 -0.9996119934 0.0257996897 -3.8589794280 0.0000000000 0.0000000000 0.0000000000 1.0000000000
-0.2399284174 -0.0298846036 -0.9703304927 -72.7962460624 0.9707898064 -0.0061222218 -0.2398534350 -8.0429838311 0.0012273464 -0.9995346061 0.0304805635 -3.8657661106 0.0000000000 0.0000000000 0.0000000000 1.0000000000
-0.2466880799 -0.0351028012 -0.9684589741 -72.8503206030 0.9690837101 -0.0137451898 -0.2463490055 -8.0599794504 -0.0046641122 -0.9992891789 0.0374083273 -3.8728235705 0.0000000000 0.0000000000 0.0000000000 1.0000000000
-0.2503431447 -0.0455017848 -0.9670873267 -72.9047505321 0.9681424481 -0.0172745455 -0.2498035034 -8.0763190003 -0.0053394887 -0.9988148866 0.0483767734 -3.8776545307 0.0000000000 0.0000000000 0.0000000000 1.0000000000
-0.2496780376 -0.0545599886 -0.9667906108 -72.9593373854 0.9683258693 -0.0165699046 -0.2491394168 -8.0923758984 -0.0024265845 -0.9983729994 0.0569689896 -3.8799287521 0.0000000000 0.0000000000 0.0000000000 1.0000000000
-0.2563652210 -0.0659499080 -0.9643274771 -73.0136536802 0.9665710565 -0.0132027608 -0.2560587430 -8.1088579473 0.0041552655 -0.9977355846 0.0671300010 -3.8773050922 0.0000000000 0.0000000000 0.0000000000 1.0000000000
-0.2752761178 -0.0714287544 -0.9587079806 -73.0676045082 0.9613163438 -0.0103975514 -0.2752503914 -8.1262174348 0.0096925771 -0.9973915099 0.0715278266 -3.8705410002 0.0000000000 0.0000000000 0.0000000000 1.0000000000
-0.2901563992 -0.0739625708 -0.9541167654 -73.1213916938 0.9568839638 -0.0083549256 -0.2903502628 -8.1429944800 0.0135034773 -0.9972260192 0.0731978331 -3.8632551559 0.0000000000 0.0000000000 0.0000000000 1.0000000000
-0.2761234854 -0.0738538131 -0.9582804574 -73.1755411249 0.9610245689 -0.0070069403 -0.2763741681 -8.1579453413 0.0136966722 -0.9972444620 0.0729101096 -3.8570766756 0.0000000000 0.0000000000 0.0000000000 1.0000000000
-0.2586523886 -0.0665961433 -0.9636720892 -73.2297122330 0.9659004164 -0.0058165806 -0.2588485137 -8.1730790402 0.0116330363 -0.9977630586 0.0658297150 -3.8512059064 0.0000000000 0.0000000000 0.0000000000 1.0000000000
-0.2682409066 -0.0615705306 -0.9613822787 -73.2833415583 0.9632442769 -0.0022277798 -0.2686177582 -8.1902294424 0.0143971899 -0.9981002488 0.0599050429 -3.8456995300 0.0000000000 0.0000000000 0.0000000000 1.0000000000
-0.2753367765 -0.0572043376 -0.9596443733 -73.3370424898 0.9612136235 0.0002980943 -0.2758047880 -8.2076759453 0.0160632947 -0.9983624467 0.0549035123 -3.8433346810 0.0000000000 0.0000000000 0.0000000000 1.0000000000
-0.2796322458 -0.0535226595 -0.9586141727 -73.3907892656 0.9599739155 0.0010489025 -0.2800874529 -8.2255906220 0.0159965181 -0.9985660843 0.0510870500 -3.8461031890 0.0000000000 0.0000000000 0.0000000000 1.0000000000
-0.2888533987 -0.0523333058 -0.9559419120 -73.4444894823 0.9572336437 0.0012695916 -0.2893132205 -8.2445211080 0.0163543730 -0.9986288666 0.0497284752 -3.8529128177 0.0000000000 0.0000000000 0.0000000000 1.0000000000
-0.2863623241 -0.0541962549 -0.9565873642 -73.4984128984 0.9580222803 -0.0018355972 -0.2866878808 -8.2635292694 0.0137815003 -0.9985286158 0.0524468656 -3.8610111336 0.0000000000 0.0000000000 0.0000000000 1.0000000000
-0.2808589166 -0.0558980855 -0.9581198636 -73.5523226464 0.9597146235 -0.0078998626 -0.2808655080 -8.2830926423 0.0081308289 -0.9984052265 0.0558649569 -3.8679243273 0.0000000000 0.0000000000 0.0000000000 1.0000000000
-0.2925145018 -0.0587895995 -0.9544522247 -73.6058311946 0.9562471843 -0.0126010365 -0.2922884474 -8.3041775608 0.0051564335 -0.9981908619 0.0599033749 -3.8714744053 0.0000000000 0.0000000000 0.0000000000 1.0000000000
-0.2873545422 -0.0617434453 -0.9558321579 -73.6596380068 0.9578188816 -0.0151704317 -0.2869718593 -8.3240217351 0.0032182449 -0.9979767557 0.0634983302 -3.8691307699 0.0000000000 0.0000000000 0.0000000000 1.0000000000
-0.2795680590 -0.0644129656 -0.9579627708 -73.7136495218 0.9601151380 -0.0140363554 -0.2792523994 -8.3424521150 0.0045411692 -0.9978246091 0.0657679800 -3.8611754144 0.0000000000 0.0000000000 0.0000000000 1.0000000000
-0.2705442045 -0.0636774904 -0.9605992977 -73.7682580181 0.9626938751 -0.0125756538 -0.2703004917 -8.3589742783 0.0051318928 -0.9978912918 0.0647042002 -3.8523608121 0.0000000000 0.0000000000 0.0000000000 1.0000000000
-0.2519562646 -0.0608655969 -0.9658226648 -73.8240810134 0.9677202788 -0.0097015451 -0.2518399134 -8.3729087611 0.0059584145 -0.9980988223 0.0613452375 -3.8453802136 0.0000000000 0.0000000000 0.0000000000 1.0000000000
-0.2397240003 -0.0539033723 -0.9693435047 -73.8809533521 0.9708182324 -0.0064596755 -0.2397294981 -8.3852394667 0.0066605839 -0.9985252621 0.0538789158 -3.8424976266 0.0000000000 0.0000000000 0.0000000000 1.0000000000
-0.2349432938 -0.0475614170 -0.9708447663 -73.9385693205 0.9720025446 -0.0078337249 -0.2348397027 -8.3960987549 0.0035639782 -0.9988375966 0.0480702995 -3.8445820482 0.0000000000 0.0000000000 0.0000000000 1.0000000000
-0.2302782375 -0.0443508457 -0.9721136435 -73.9967998324 0.9731183704 -0.0141346554 -0.2298713744 -8.4054848549 -0.0035455015 -0.9989160195 0.0464135262 -3.8502769870 0.0000000000 0.0000000000 0.0000000000 1.0000000000
-0.2330423532 -0.0430165796 -0.9715147119 -74.0553125518 0.9724242375 -0.0196313355 -0.2323912926 -8.4145998978 -0.0090754527 -0.9988814667 0.0464052972 -3.8575320719 0.0000000000 0.0000000000 0.0000000000 1.0000000000
-0.2488493323 -0.0440246726 -0.9675411299 -74.1137339280 0.9685170104 -0.0185169555 -0.2482577753 -8.4241193172 -0.0069864487 -0.9988588241 0.0472465763 -3.8646824661 0.0000000000 0.0000000000 0.0000000000 1.0000000000
-0.2672152146 -0.0439010148 -0.9626363436 -74.1719189898 0.9636252756 -0.0170752294 -0.2667110135 -8.4331310959 -0.0047283523 -0.9988899526 0.0468668885 -3.8714936607 0.0000000000 0.0000000000 0.0000000000 1.0000000000
-0.2860732806 -0.0482874966 -0.9569902799 -74.2294701231 0.9582029406 -0.0175780892 -0.2855488321 -8.4415292121 -0.0030336222 -0.9986787914 0.0512978429 -3.8752197770 0.0000000000 0.0000000000 0.0000000000 1.0000000000
-0.2899961987 -0.0518535747 -0.9556220024 -74.2864770938 0.9570251614 -0.0180560749 -0.2894422545 -8.4492236051 -0.0022461669 -0.9984914546 0.0548613687 -3.8726753204 0.0000000000 0.0000000000 0.0000000000 1.0000000000
-0.2915975495 -0.0523819466 -0.9551057537 -74.3427018883 0.9565404331 -0.0147925374 -0.2912242789 -8.4572864985 0.0011264570 -0.9985175574 0.0544189175 -3.8646175181 0.0000000000 0.0000000000 0.0000000000 1.0000000000
-0.2894996649 -0.0490923899 -0.9559183445 -74.3983321986 0.9571707981 -0.0109430053 -0.2893169784 -8.4655515529 0.0037426423 -0.9987342929 0.0501577984 -3.8542341859 0.0000000000 0.0000000000 0.0000000000 1.0000000000
-0.2989480749 -0.0390447842 -0.9534702687 -74.4532564769 0.9542598555 -0.0077676279 -0.2988775537 -8.4747947501 0.0042634074 -0.9992072702 0.0395809875 -3.8448099542 0.0000000000 0.0000000000 0.0000000000 1.0000000000
-0.3207133150 -0.0317196051 -0.9466450424 -74.5074633523 0.9471641863 -0.0056825376 -0.3206987885 -8.4848713545 0.0047930928 -0.9994806528 0.0318661394 -3.8390086872 0.0000000000 0.0000000000 0.0000000000 1.0000000000
-0.3270488358 -0.0260370301 -0.9446486818 -74.5617029366 0.9450066346 -0.0077069819 -0.3269603385 -8.4942092203 0.0012326859 -0.9996312698 0.0271257257 -3.8385418207 0.0000000000 0.0000000000 0.0000000000 1.0000000000
-0.3163742608 -0.0208236697 -0.9484058740 -74.6159887797 0.9486329554 -0.0087217765 -0.3162585122 -8.5032134612 -0.0016861213 -0.9997451202 0.0225133649 -3.8427561329 0.0000000000 0.0000000000 0.0000000000 1.0000000000
-0.3129199876 -0.0181936877 -0.9496052185 -74.6697627673 0.9497792757 -0.0053211816 -0.3128753944 -8.5136330333 0.0006393354 -0.9998203212 0.0189450916 -3.8494427973 0.0000000000 0.0000000000 0.0000000000 1.0000000000
-0.3133618507 -0.0183644444 -0.9494562116 -74.7231950496 0.9496227452 -0.0012360353 -0.3133929066 -8.5253839924 0.0045817252 -0.9998305954 0.0178266204 -3.8566398900 0.0000000000 0.0000000000 0.0000000000 1.0000000000
-0.3061850386 -0.0211397169 -0.9517372718 -74.7766810940 0.9519655281 -0.0031076975 -0.3061894440 -8.5375508776 0.0035150466 -0.9997717012 0.0210758123 -3.8630000393 0.0000000000 0.0000000000 0.0000000000 1.0000000000
-0.3056596887 -0.0239593462 -0.9518393270 -74.8298567173 0.9521407952 -0.0079502308 -0.3055563775 -8.5509843831 -0.0002464113 -0.9996813210 0.0252427361 -3.8672486162 0.0000000000 0.0000000000 0.0000000000 1.0000000000
-0.2921106789 -0.0269813398 -0.9560038486 -74.8830623195 0.9563844725 -0.0085579953 -0.2919854473 -8.5645786706 -0.0003033179 -0.9995993037 0.0283044162 -3.8670356874 0.0000000000 0.0000000000 0.0000000000 1.0000000000
-0.2674981576 -0.0326472241 -0.9630051373 -74.9363598370 0.9635348531 -0.0020803335 -0.2675747728 -8.5781480212 0.0067322017 -0.9994647723 0.0320132236 -3.8604625409 0.0000000000 0.0000000000 0.0000000000 1.0000000000
-0.2572533981 -0.0301958912 -0.9658720916 -74.9896407287 0.9662593990 0.0051862571 -0.2575186919 -8.5923722753 0.0127852674 -0.9995305453 0.0278428814 -3.8524415724 0.0000000000 0.0000000000 0.0000000000 1.0000000000
-0.2487341561 -0.0217872774 -0.9683267187 -75.0434470590 0.9684266956 0.0117100465 -0.2490233123 -8.6059855469 0.0167646909 -0.9996940479 0.0181866925 -3.8457797549 0.0000000000 0.0000000000 0.0000000000 1.0000000000
-0.2504094724 -0.0140175584 -0.9680385344 -75.0976746078 0.9679630178 0.0154941652 -0.2506142993 -8.6194340492 0.0185119496 -0.9997816956 0.0096885924 -3.8416132505 0.0000000000 0.0000000000 0.0000000000 1.0000000000
-0.2461536256 -0.0086915739 -0.9691918536 -75.1526178236 0.9691261746 0.0124869625 -0.2462489259 -8.6317169315 0.0142425530 -0.9998842595 0.0053495207 -3.8412983408 0.0000000000 0.0000000000 0.0000000000 1.0000000000
-0.2444773389 -0.0036905006 -0.9696479830 -75.2081433415 0.9696366992 0.0052143425 -0.2444943398 -8.6433417034 0.0059583832 -0.9999795952 0.0023036563 -3.8451203137 0.0000000000 0.0000000000 0.0000000000 1.0000000000
-0.2596251002 0.0000634265 -0.9657094818 -75.2637761958 0.9657081392 -0.0016517647 -0.2596248477 -8.6557414327 -0.0016115920 -0.9999986338 0.0003675881 -3.8516934960 0.0000000000 0.0000000000 0.0000000000 1.0000000000
-0.2713522457 -0.0007552504 -0.9624798119 -75.3194591626 0.9624770360 -0.0027396065 -0.2713493133 -8.6684886653 -0.0024318793 -0.9999959621 0.0014703096 -3.8589036977 0.0000000000 0.0000000000 0.0000000000 1.0000000000
-0.2774084917 -0.0030420351 -0.9607472481 -75.3748921244 0.9607482794 0.0019285267 -0.2774148958 -8.6817129506 0.0026967325 -0.9999935134 0.0023876403 -3.8655208088 0.0000000000 0.0000000000 0.0000000000 1.0000000000
-0.2899619211 -0.0061225080 -0.9570185992 -75.4295592749 0.9569848226 0.0087046898 -0.2900073753 -8.6961346974 0.0101061225 -0.9999433700 0.0033351186 -3.8703008726 0.0000000000 0.0000000000 0.0000000000 1.0000000000
-0.2910700691 -0.0141527822 -0.9565970487 -75.4838898669 0.9565170107 0.0153431679 -0.2912727165 -8.7109026877 0.0187995484 -0.9997821192 0.0090714399 -3.8694140729 0.0000000000 0.0000000000 0.0000000000 1.0000000000
-0.2919231375 -0.0153007206 -0.9563193869 -75.5377513988 0.9561399938 0.0204472101 -0.2921955235 -8.7264238925 0.0240248655 -0.9996738466 0.0086606172 -3.8636328093 0.0000000000 0.0000000000 0.0000000000 1.0000000000
-0.3071666469 -0.0165473037 -0.9515118695 -75.5907308096 0.9512677328 0.0232098752 -0.3074914670 -8.7429750128 0.0271726264 -0.9995936617 0.0086116166 -3.8569178034 0.0000000000 0.0000000000 0.0000000000 1.0000000000
-0.2982440655 -0.0118613837 -0.9544159392 -75.6437635034 0.9541106337 0.0244710796 -0.2984527851 -8.7588531005 0.0268956514 -0.9996301685 0.0040187181 -3.8513004444 0.0000000000 0.0000000000 0.0000000000 1.0000000000
-0.2997979397 -0.0056835199 -0.9539857929 -75.6962031248 0.9535849156 0.0278066285 -0.2998376230 -8.7764929422 0.0282312616 -0.9995971634 -0.0029166511 -3.8468530109 0.0000000000 0.0000000000 0.0000000000 1.0000000000
-0.3102808855 -0.0016238034 -0.9506435375 -75.7482045328 0.9501806657 0.0307189777 -0.3101822801 -8.7955026614 0.0297064727 -0.9995267418 -0.0079886051 -3.8443890589 0.0000000000 0.0000000000 0.0000000000 1.0000000000
-0.3130681913 0.0026978803 -0.9497268181 -75.8001004066 0.9492577858 0.0324409039 -0.3128214248 -8.8148076985 0.0299660416 -0.9994700142 -0.0127171990 -3.8451794467 0.0000000000 0.0000000000 0.0000000000 1.0000000000
-0.3168305781 0.0060029407 -0.9484631513 -75.8516005124 0.9480134745 0.0334363121 -0.3164687427 -8.8348120141 0.0298133669 -0.9994228223 -0.0162845147 -3.8486655576 0.0000000000 0.0000000000 0.0000000000 1.0000000000
-0.3264371373 0.0061542759 -0.9451988787 -75.9025247149 0.9448242981 0.0310167935 -0.3261058176 -8.8560903582 0.0273100932 -0.9994999167 -0.0159397427 -3.8526933534 0.0000000000 0.0000000000 0.0000000000 1.0000000000
-0.3236941070 0.0053829675 -0.9461464732 -75.9531365979 0.9458462089 0.0276660528 -0.3234339789 -8.8775321454 0.0244351037 -0.9996027277 -0.0140467977 -3.8566002726 0.0000000000 0.0000000000 0.0000000000 1.0000000000
-0.3234124167 0.0011414801 -0.9462574204 -76.0029866858 0.9459234819 0.0269820589 -0.3232657342 -8.8998325394 0.0251629721 -0.9996352662 -0.0098060857 -3.8597054373 0.0000000000 0.0000000000 0.0000000000 1.0000000000
-0.3237302402 -0.0030674055 -0.9461444512 -76.0522787078 0.9458215682 0.0252738930 -0.3237017015 -8.9228519051 0.0249056780 -0.9996758581 -0.0052807051 -3.8598045663 0.0000000000 0.0000000000 0.0000000000 1.0000000000
-0.3097293527 -0.0109805414 -0.9507613558 -76.1016979406 0.9504333492 0.0251131325 -0.3099125349 -8.9452296245 0.0272796033 -0.9996243086 0.0026579984 -3.8538804416 0.0000000000 0.0000000000 0.0000000000 1.0000000000
-0.3158512482 -0.0172893911 -0.9486511825 -76.1507878463 0.9482749987 0.0277790098 -0.3162322776 -8.9682720024 0.0318200541 -0.9994645584 0.0076210624 -3.8449939235 0.0000000000 0.0000000000 0.0000000000 1.0000000000
-0.3115326829 -0.0138653123 -0.9501342750 -76.2006524130 0.9495664096 0.0329719670 -0.3118276496 -8.9896755850 0.0356513837 -0.9993600965 0.0028941895 -3.8376588930 0.0000000000 0.0000000000 0.0000000000 1.0000000000
-0.3045756611 -0.0093162466 -0.9524425832 -76.2511563042 0.9517543408 0.0362670402 -0.3047103158 -9.0095717319 0.0373810299 -0.9992987088 -0.0021792796 -3.8322058570 0.0000000000 0.0000000000 0.0000000000 1.0000000000
-0.3127847260 -0.0072453385 -0.9497964099 -76.3017879312 0.9492688736 0.0318000513 -0.3128535796 -9.0289481150 0.0324703047 -0.9994679894 -0.0030687960 -3.8308078250 0.0000000000 0.0000000000 0.0000000000 1.0000000000
-0.3130178458 -0.0089992002 -0.9497046081 -76.3531737698 0.9494860631 0.0204843090 -0.3131399194 -9.0465132771 0.0222720515 -0.9997496724 0.0021326609 -3.8346875877 0.0000000000 0.0000000000 0.0000000000 1.0000000000
-0.3093458032 -0.0121847137 -0.9508715512 -76.4057013597 0.9508911025 0.0071289305 -0.3094435158 -9.0630636026 0.0105491778 -0.9999003506 0.0093810311 -3.8425160766 0.0000000000 0.0000000000 0.0000000000 1.0000000000
-0.3103782529 -0.0176206014 -0.9504498169 -76.4593692132 0.9506077936 -0.0024001737 -0.3103853443 -9.0797694202 0.0031879318 -0.9998418643 0.0174952428 -3.8513353653 0.0000000000 0.0000000000 0.0000000000 1.0000000000
-0.3204928380 -0.0241515991 -0.9469429978 -76.5139588740 0.9472479085 -0.0056428595 -0.3204521150 -9.0973329316 0.0023959647 -0.9996923819 0.0246860478 -3.8592135108 0.0000000000 0.0000000000 0.0000000000 1.0000000000
-0.3349558761 -0.0266946364 -0.9418555927 -76.5691762080 0.9422273313 -0.0057815215 -0.3349242157 -9.1155302766 0.0034953218 -0.9996269156 0.0270889706 -3.8658946247 0.0000000000 0.0000000000 0.0000000000 1.0000000000
-0.3488993968 -0.0324452317 -0.9365983759 -76.6245044115 0.9371493147 -0.0072656489 -0.3488529378 -9.1341550537 0.0045136194 -0.9994471058 0.0329410072 -3.8682343947 0.0000000000 0.0000000000 0.0000000000 1.0000000000
-0.3643690097 -0.0419977040 -0.9303071631 -76.7341357033 0.9312546120 -0.0167210971 -0.3639852368 -9.1735511490 -0.0002692122 -0.9989777764 0.0452032052 -3.8578633391 0.0000000000 0.0000000000 0.0000000000 1.0000000000
-0.3517781222 -0.0404229434 -0.9352102108 -76.7887389171 0.9360746500 -0.0195132061 -0.3512598532 -9.1936229100 -0.0040499924 -0.9989921023 0.0447032116 -3.8503260720 0.0000000000 0.0000000000 0.0000000000 1.0000000000
-0.3573778425 -0.0337276922 -0.9333506953 -76.8425150460 0.9339503230 -0.0174291819 -0.3569776152 -9.2161727924 -0.0042275079 -0.9992790733 0.0377287925 -3.8438262917 0.0000000000 0.0000000000 0.0000000000 1.0000000000
-0.3741866421 -0.0321892077 -0.9267945898 -76.8958603376 0.9273533520 -0.0126190036 -0.3739739581 -9.2403430413 0.0003427012 -0.9994021291 0.0345726322 -3.8405494914 0.0000000000 0.0000000000 0.0000000000 1.0000000000
-0.3685242086 -0.0300780121 -0.9291314336 -76.9499816819 0.9296172351 -0.0105202512 -0.3683763301 -9.2639489139 0.0013053316 -0.9994921898 0.0318380057 -3.8430090809 0.0000000000 0.0000000000 0.0000000000 1.0000000000
-0.3625410443 -0.0268522996 -0.9315808850 -77.0043137566 0.9319656945 -0.0083179528 -0.3624510393 -9.2883767866 0.0019837981 -0.9996048047 0.0280410213 -3.8507886468 0.0000000000 0.0000000000 0.0000000000 1.0000000000
-0.3658306664 -0.0268535563 -0.9302939374 -77.0583025130 0.9306698155 -0.0055616833 -0.3658179357 -9.3144702766 0.0046495123 -0.9996239064 0.0270264286 -3.8609493936 0.0000000000 0.0000000000 0.0000000000 1.0000000000
-0.3590012508 -0.0295928965 -0.9328678161 -77.1122574294 0.9333173711 -0.0048873157 -0.3590192180 -9.3410301171 0.0060651991 -0.9995500861 0.0293741168 -3.8709057150 0.0000000000 0.0000000000 0.0000000000 1.0000000000
-0.3493859973 -0.0310197587 -0.9364652687 -77.1660566210 0.9369720317 -0.0077450244 -0.3493185170 -9.3679947078 0.0035828298 -0.9994887639 0.0317706494 -3.8787971894 0.0000000000 0.0000000000 0.0000000000 1.0000000000
-0.3540380028 -0.0340365642 -0.9346114727 -77.2191794270 0.9352309342 -0.0124161555 -0.3538204895 -9.3958721163 0.0004385524 -0.9993434602 0.0362278387 -3.8824717106 0.0000000000 0.0000000000 0.0000000000 1.0000000000
-0.3330896413 -0.0381713950 -0.9421221977 -77.2727006974 0.9428948721 -0.0126978413 -0.3328483514 -9.4217360351 0.0007423678 -0.9991905271 0.0402211320 -3.8804838129 0.0000000000 0.0000000000 0.0000000000 1.0000000000
-0.3113951726 -0.0429070879 -0.9493113442 -77.3264178968 0.9502773037 -0.0114652772 -0.3111938197 -9.4462993932 0.0024683029 -0.9990132778 0.0443438638 -3.8746847273 0.0000000000 0.0000000000 0.0000000000 1.0000000000
-0.2854040049 -0.0391174993 -0.9576086754 -77.3810162833 0.9584070974 -0.0109980166 -0.2851927056 -9.4694258141 0.0006242294 -0.9991740914 0.0406293669 -3.8682816322 0.0000000000 0.0000000000 0.0000000000 1.0000000000
-0.2610457204 -0.0295390975 -0.9648743823 -77.4365678294 0.9653264171 -0.0077800072 -0.2609298373 -9.4920434119 0.0002009023 -0.9995333477 0.0305458087 -3.8615151088 0.0000000000 0.0000000000 0.0000000000 1.0000000000
-0.2732161243 -0.0198269633 -0.9617483252 -77.4922181303 0.9619522764 -0.0047208498 -0.2731767405 -9.5169817985 0.0008759958 -0.9997922810 0.0203624048 -3.8572344367 0.0000000000 0.0000000000 0.0000000000 1.0000000000
-0.2827554235 -0.0130767278 -0.9591028984 -77.5483822749 0.9591915898 -0.0028854839 -0.2827422291 -9.5421986475 0.0009298672 -0.9999103326 0.0133589736 -3.8581755647 0.0000000000 0.0000000000 0.0000000000 1.0000000000
-0.2852223437 -0.0081936614 -0.9584263553 -77.6050147697 0.9584604546 -0.0038269447 -0.2851997746 -9.5672497527 -0.0013310143 -0.9999591084 0.0089448306 -3.8643218258 0.0000000000 0.0000000000 0.0000000000 1.0000000000
-0.2969478176 -0.0069899681 -0.9548681239 -77.6615630190 0.9548907383 -0.0046676372 -0.2969206816 -9.5931040403 -0.0023815119 -0.9999646761 0.0080607004 -3.8728474927 0.0000000000 0.0000000000 0.0000000000 1.0000000000
-0.3114644137 -0.0093530393 -0.9502117867 -77.7179454308 0.9502577471 -0.0034494181 -0.3114455258 -9.6196368194 -0.0003647155 -0.9999503099 0.0099621690 -3.8811124708 0.0000000000 0.0000000000 0.0000000000 1.0000000000
-0.3205410424 -0.0111652118 -0.9471688224 -77.7741364821 0.9472299819 -0.0006464796 -0.3205541193 -9.6464630347 0.0029667293 -0.9999374581 0.0107832466 -3.8876734419 0.0000000000 0.0000000000 0.0000000000 1.0000000000
-0.3201634372 -0.0186944047 -0.9471778570 -77.8301717561 0.9473234333 0.0027416947 -0.3202667574 -9.6735586731 0.0085840689 -0.9998214852 0.0168318572 -3.8878801630 0.0000000000 0.0000000000 0.0000000000 1.0000000000
-0.3166521269 -0.0198410525 -0.9483342044 -77.8858224879 0.9484378468 0.0081740956 -0.3168577519 -9.7015367340 0.0140385658 -0.9997697319 0.0162296604 -3.8807406444 0.0000000000 0.0000000000 0.0000000000 1.0000000000
-0.3365810294 -0.0147008364 -0.9415397475 -77.9398997003 0.9414911170 0.0133719068 -0.3367724288 -9.7308994966 0.0175410182 -0.9998025193 0.0093399767 -3.8704168140 0.0000000000 0.0000000000 0.0000000000 1.0000000000
-0.3519581780 -0.0068197430 -0.9359908825 -77.9925486146 0.9359238421 0.0114470365 -0.3520163735 -9.7598604502 0.0131149830 -0.9999112243 0.0023538820 -3.8605528949 0.0000000000 0.0000000000 0.0000000000 1.0000000000
-0.3637278147 -0.0005135669 -0.9315051331 -78.0436687818 0.9314856292 0.0062940548 -0.3637236691 -9.7891991429 0.0060497408 -0.9999800604 -0.0018109427 -3.8521181242 0.0000000000 0.0000000000 0.0000000000 1.0000000000
-0.3718629307 -0.0022412737 -0.9282849441 -78.0935921679 0.9282876032 -0.0012146297 -0.3718610633 -9.8189309985 -0.0002940801 -0.9999967507 0.0025322224 -3.8465287480 0.0000000000 0.0000000000 0.0000000000 1.0000000000
-0.3787650158 -0.0043543927 -0.9254826319 -78.1426415193 0.9254614504 -0.0100226124 -0.3787091907 -9.8492245041 -0.0076267052 -0.9999402915 0.0078260376 -3.8459442134 0.0000000000 0.0000000000 0.0000000000 1.0000000000
-0.3898956072 -0.0067134928 -0.9208345913 -78.1907529666 0.9207551915 -0.0178613285 -0.3897317672 -9.8805557847 -0.0138308677 -0.9998179344 0.0131455368 -3.8504183523 0.0000000000 0.0000000000 0.0000000000 1.0000000000
-0.3972617339 -0.0122384747 -0.9176237434 -78.2381134802 0.9175116986 -0.0258374520 -0.3968686293 -9.9127103210 -0.0188519927 -0.9995912394 0.0214931747 -3.8578324443 0.0000000000 0.0000000000 0.0000000000 1.0000000000
-0.3945991224 -0.0183279940 -0.9186705706 -78.2849782047 0.9185302124 -0.0343824717 -0.3938528843 -9.9453428328 -0.0243676316 -0.9992406769 0.0304021093 -3.8660616874 0.0000000000 0.0000000000 0.0000000000 1.0000000000
-0.3832307856 -0.0249709651 -0.9233150144 -78.3314511531 0.9232154674 -0.0411073493 -0.3820777233 -9.9783028795 -0.0284141833 -0.9988426486 0.0388071830 -3.8727535803 0.0000000000 0.0000000000 0.0000000000 1.0000000000
-0.3814071414 -0.0338683999 -0.9237865143 -78.3769980255 0.9239521945 -0.0453162829 -0.3798141344 -10.0120452451 -0.0289988740 -0.9983984004 0.0485767363 -3.8760740311 0.0000000000 0.0000000000 0.0000000000 1.0000000000
-0.3572214803 -0.0431874078 -0.9330207188 -78.4226311551 0.9334204424 -0.0522843579 -0.3549543966 -10.0439310630 -0.0334528289 -0.9976979471 0.0589891050 -3.8753585296 0.0000000000 0.0000000000 0.0000000000 1.0000000000
-0.3260266105 -0.0583200174 -0.9435599742 -78.4683359798 0.9445276540 -0.0619840120 -0.3225298330 -10.0745688697 -0.0396756873 -0.9963717970 0.0752933065 -3.8707897914 0.0000000000 0.0000000000 0.0000000000 1.0000000000
-0.2720528525 -0.0653431262 -0.9600612070 -78.5152914179 0.9610907014 -0.0680862122 -0.2677105366 -10.1035253886 -0.0478738877 -0.9955373140 0.0813237193 -3.8652631792 0.0000000000 0.0000000000 0.0000000000 1.0000000000
-0.2340611194 -0.0644607752 -0.9700825742 -78.5628353262 0.9711940045 -0.0613727780 -0.2302511404 -10.1334739925 -0.0446944955 -0.9960312197 0.0769688995 -3.8582828736 0.0000000000 0.0000000000 0.0000000000 1.0000000000
-0.2611672755 -0.0620989081 -0.9632940256 -78.6102157007 0.9647340390 -0.0507642311 -0.2582851659 -10.1671554235 -0.0328616537 -0.9967781691 0.0731668863 -3.8536160305 0.0000000000 0.0000000000 0.0000000000 1.0000000000
-0.2933860441 -0.0629890865 -0.9539166652 -78.6581508689 0.9556776835 -0.0449930963 -0.2909566748 -10.2008660490 -0.0245925692 -0.9969994966 0.0733976108 -3.8547039283 0.0000000000 0.0000000000 0.0000000000 1.0000000000
-0.2993573472 -0.0703965012 -0.9515405989 -78.7071095276 0.9538881667 -0.0450406577 -0.2967637185 -10.2325352596 -0.0219668870 -0.9965017169 0.0806336412 -3.8613818499 0.0000000000 0.0000000000 0.0000000000 1.0000000000
-0.2891514943 -0.0829423418 -0.9536833758 -78.7569217473 0.9570057574 -0.0490358822 -0.2858941456 -10.2625404964 -0.0230519757 -0.9953472008 0.0935550972 -3.8712302222 0.0000000000 0.0000000000 0.0000000000 1.0000000000
-0.2926394730 -0.0967076466 -0.9513200145 -78.8068995598 0.9559734511 -0.0523090970 -0.2887533880 -10.2926542932 -0.0218380303 -0.9939373167 0.1077576493 -3.8804039222 0.0000000000 0.0000000000 0.0000000000 1.0000000000
-0.3170445276 -0.1020740362 -0.9429017227 -78.8567818777 0.9482792729 -0.0506653246 -0.3133679076 -10.3232954599 -0.0157856948 -0.9934857402 0.1128578567 -3.8872760151 0.0000000000 0.0000000000 0.0000000000 1.0000000000
-0.3508129001 -0.1091749334 -0.9300597524 -78.9060043816 0.9364010956 -0.0505770482 -0.3472678366 -10.3537141522 -0.0091267340 -0.9927350080 0.1199746082 -3.8871459934 0.0000000000 0.0000000000 0.0000000000 1.0000000000
-0.3898453116 -0.1121738827 -0.9140227859 -78.9545680424 0.9208530329 -0.0551323971 -0.3859923712 -10.3840959658 -0.0070940042 -0.9921579707 0.1247887666 -3.8802421649 0.0000000000 0.0000000000 0.0000000000 1.0000000000
-0.4204485018 -0.1150672175 -0.8999903293 -79.0032603556 0.9073103126 -0.0569563559 -0.4165860898 -10.4140945026 -0.0033247673 -0.9917235043 0.1283488876 -3.8718009476 0.0000000000 0.0000000000 0.0000000000 1.0000000000
-0.4224501597 -0.1103022236 -0.8996495329 -79.0533772451 0.9063781522 -0.0555804861 -0.4187952421 -10.4431214459 -0.0038089119 -0.9923427981 0.1234555109 -3.8647692796 0.0000000000 0.0000000000 0.0000000000 1.0000000000
-0.4270924231 -0.0982178243 -0.8988577869 -79.1040744904 0.9042042913 -0.0492294629 -0.4242535321 -10.4729847857 -0.0025810272 -0.9939465373 0.1098345088 -3.8583930520 0.0000000000 0.0000000000 0.0000000000 1.0000000000
-0.4449008050 -0.0898683386 -0.8910594568 -79.1547970836 0.8955735118 -0.0408997102 -0.4430296815 -10.5037318807 0.0033702679 -0.9951135088 0.0986800176 -3.8530014011 0.0000000000 0.0000000000 0.0000000000 1.0000000000
-0.4493352604 -0.0831971633 -0.8894807788 -79.2064055520 0.8933361461 -0.0340945525 -0.4480938423 -10.5336560785 0.0069536875 -0.9959496943 0.0896429178 -3.8513063483 0.0000000000 0.0000000000 0.0000000000 1.0000000000
-0.4407120945 -0.0775969175 -0.8942883026 -79.2586734316 0.8976069097 -0.0285040267 -0.4398742503 -10.5626800940 0.0086420683 -0.9965772619 0.0822135987 -3.8535949507 0.0000000000 0.0000000000 0.0000000000 1.0000000000
-0.4428836466 -0.0750764160 -0.8934302476 -79.3102435329 0.8965155538 -0.0252193059 -0.4422938485 -10.5923686633 0.0106741462 -0.9968588257 0.0784763928 -3.8581087582 0.0000000000 0.0000000000 0.0000000000 1.0000000000
-0.4426729196 -0.0768767359 -0.8933815835 -79.3612404563 0.8966112790 -0.0253343443 -0.4420931864 -10.6220172834 0.0113534445 -0.9967186857 0.0801433767 -3.8637730389 0.0000000000 0.0000000000 0.0000000000 1.0000000000
-0.4353629229 -0.0830700365 -0.8964142426 -79.4118060244 0.9001603732 -0.0257290452 -0.4347980207 -10.6514129481 0.0130548049 -0.9962115163 0.0859778274 -3.8686069785 0.0000000000 0.0000000000 0.0000000000 1.0000000000
-0.4300608086 -0.0922944079 -0.8980698431 -79.4616855389 0.9025918366 -0.0225988187 -0.4299037914 -10.6808890851 0.0193823983 -0.9954752813 0.0930230454 -3.8710321333 0.0000000000 0.0000000000 0.0000000000 1.0000000000
-0.4108302794 -0.1045276737 -0.9056999762 -79.5115494027 0.9113479765 -0.0190194934 -0.4111971847 -10.7087577289 0.0257555304 -0.9943400949 0.1030748677 -3.8693970559 0.0000000000 0.0000000000 0.0000000000 1.0000000000
-0.3963549256 -0.1188618901 -0.9103705971 -79.5615060827 0.9175481812 -0.0169914567 -0.3972614072 -10.7355692300 0.0317507191 -0.9927654010 0.1157961587 -3.8648394831 0.0000000000 0.0000000000 0.0000000000 1.0000000000
-0.3649156043 -0.1265349411 -0.9224020330 -79.6134691131 0.9304006270 -0.0128331940 -0.3663195088 -10.7602336687 0.0345148532 -0.9918791347 0.1224112213 -3.8605341757 0.0000000000 0.0000000000 0.0000000000 1.0000000000
-0.3320248932 -0.1187142778 -0.9357704796 -79.6677185462 0.9424291273 0.0001453666 -0.3344059193 -10.7842446124 0.0398347870 -0.9929284461 0.1118315279 -3.8570804166 0.0000000000 0.0000000000 0.0000000000 1.0000000000
-0.3427383125 -0.1023759169 -0.9338359710 -79.7231720075 0.9384818016 0.0073596006 -0.3452502633 -10.8102624152 0.0422179720 -0.9947185571 0.0935555178 -3.8569492155 0.0000000000 0.0000000000 0.0000000000 1.0000000000
-0.3602719896 -0.0879754688 -0.9286896201 -79.7801372121 0.9321068487 0.0057084531 -0.3621384212 -10.8362009999 0.0371606785 -0.9961062847 0.0799459412 -3.8619202258 0.0000000000 0.0000000000 0.0000000000 1.0000000000
-0.3677657063 -0.0750396968 -0.9268858771 -79.8385145314 0.9295186579 -0.0004385362 -0.3687748261 -10.8617505989 0.0272662781 -0.9971804509 0.0699120769 -3.8707710236 0.0000000000 0.0000000000 0.0000000000 1.0000000000
-0.3823267377 -0.0658422548 -0.9216783946 -79.8972892399 0.9236642675 0.0007212916 -0.3832020363 -10.8887770252 0.0258956850 -0.9978297837 0.0605403690 -3.8806825365 0.0000000000 0.0000000000 0.0000000000 1.0000000000
-0.4004112558 -0.0590906905 -0.9144283004 -79.9561520031 0.9157125458 0.0109885589 -0.4016836878 -10.9171583926 0.0337840157 -0.9981921368 0.0497101440 -3.8894149995 0.0000000000 0.0000000000 0.0000000000 1.0000000000
-0.4234003340 -0.0527504570 -0.9044056316 -80.0143879652 0.9049582309 0.0219007070 -0.4249364180 -10.9465578168 0.0422227130 -0.9983675417 0.0384641935 -3.8956780711 0.0000000000 0.0000000000 0.0000000000 1.0000000000
-0.4524523839 -0.0539941354 -0.8901525002 -80.0711612590 0.8903393892 0.0295317754 -0.4543386911 -10.9765215617 0.0508194085 -0.9981044572 0.0347113834 -3.8973082494 0.0000000000 0.0000000000 0.0000000000 1.0000000000
-0.4780814615 -0.0561631714 -0.8765180057 -80.1262762025 0.8766228135 0.0314152140 -0.4801515669 -11.0065124246 0.0545028355 -0.9979272431 0.0342148859 -3.8940029932 0.0000000000 0.0000000000 0.0000000000 1.0000000000
-0.4869226640 -0.0573449818 -0.8715605959 -80.1801258752 0.8717733511 0.0297999550 -0.4890022362 -11.0353559545 0.0540142909 -0.9979095729 0.0354815535 -3.8885022190 0.0000000000 0.0000000000 0.0000000000 1.0000000000
-0.4839836824 -0.0561670999 -0.8732726104 -80.2326276109 0.8735864067 0.0272110889 -0.4859077554 -11.0636076676 0.0510547281 -0.9980505065 0.0358970920 -3.8828820825 0.0000000000 0.0000000000 0.0000000000 1.0000000000
-0.4924206228 -0.0535843052 -0.8687063097 -80.2830449626 0.8689487544 0.0264950827 -0.4941923440 -11.0931540728 0.0494973989 -0.9982117675 0.0335152902 -3.8782567966 0.0000000000 0.0000000000 0.0000000000 1.0000000000
-0.5044963844 -0.0569814386 -0.8615314932 -80.3323520923 0.8618524682 0.0267461300 -0.5064533223 -11.1230483565 0.0519010722 -0.9980169138 0.0356162676 -3.8760074285 0.0000000000 0.0000000000 0.0000000000 1.0000000000
-0.5149079311 -0.0567786808 -0.8553630831 -80.3816760349 0.8557809951 0.0242534973 -0.5167694421 -11.1523189741 0.0500870334 -0.9980921547 0.0361017979 -3.8785093998 0.0000000000 0.0000000000 0.0000000000 1.0000000000
-0.5305604850 -0.0543853648 -0.8459005874 -80.4308956247 0.8464368517 0.0193153724 -0.5321386778 -11.1812018509 0.0452794410 -0.9983331851 0.0357858036 -3.8855896414 0.0000000000 0.0000000000 0.0000000000 1.0000000000
-0.5385170732 -0.0522621287 -0.8409922899 -80.4804341970 0.8416768453 0.0137109535 -0.5398074636 -11.2094496002 0.0397422934 -0.9985392730 0.0366042411 -3.8947277045 0.0000000000 0.0000000000 0.0000000000 1.0000000000
-0.5434301475 -0.0502479929 -0.8379491715 -80.5300895819 0.8388197475 0.0063038711 -0.5443727513 -11.2377125156 0.0326359618 -0.9987168770 0.0387232951 -3.9037396997 0.0000000000 0.0000000000 0.0000000000 1.0000000000
-0.5437292599 -0.0479613212 -0.8378891357 -80.5797782514 0.8389510400 -0.0039438233 -0.5441926117 -11.2663501197 0.0227957100 -0.9988414078 0.0423815724 -3.9108414575 0.0000000000 0.0000000000 0.0000000000 1.0000000000
-0.5483144364 -0.0487178894 -0.8348519906 -80.6287848394 0.8361472836 -0.0146800125 -0.5483085056 -11.2965773500 0.0144567955 -0.9987046933 0.0487845936 -3.9137616588 0.0000000000 0.0000000000 0.0000000000 1.0000000000
-0.5314853376 -0.0510835811 -0.8455257558 -80.6781989615 0.8469937265 -0.0188762583 -0.5312676483 -11.3271852610 0.0111786915 -0.9985159761 0.0532999272 -3.9098422560 0.0000000000 0.0000000000 0.0000000000 1.0000000000
-0.5357071581 -0.0535504673 -0.8427040929 -80.7747121175 0.8440395463 -0.0046470725 -0.5362608032 -11.3928011099 0.0248009096 -0.9985543311 0.0476881821 -3.8921201603 0.0000000000 0.0000000000 0.0000000000 1.0000000000
-0.5236655988 -0.0513000628 -0.8503779420 -80.8235720097 0.8512622841 0.0078230776 -0.5246821162 -11.4243664173 0.0335687981 -0.9986526438 0.0395731320 -3.8843679532 0.0000000000 0.0000000000 0.0000000000 1.0000000000
-0.5298977101 -0.0510404917 -0.8465242377 -80.8717260025 0.8470273704 0.0174283234 -0.5312634821 -11.4564320960 0.0418694475 -0.9985445016 0.0339974648 -3.8807417407 0.0000000000 0.0000000000 0.0000000000 1.0000000000
-0.5355064995 -0.0503582898 -0.8430283694 -80.9200425047 0.8433642226 0.0205688307 -0.5369485183 -11.4876425515 0.0443799169 -0.9985193868 0.0314556374 -3.8829469594 0.0000000000 0.0000000000 0.0000000000 1.0000000000
-0.5470064418 -0.0494641538 -0.8356657526 -80.9683751966 0.8360876698 0.0174801538 -0.5483172919 -11.5185206654 0.0417296167 -0.9986229227 0.0317946124 -3.8896802223 0.0000000000 0.0000000000 0.0000000000 1.0000000000
-0.5650985550 -0.0512340590 -0.8234310501 -81.0164331379 0.8240576970 0.0132252652 -0.5663514848 -11.5498613888 0.0399065794 -0.9985991005 0.0347462424 -3.8980161270 0.0000000000 0.0000000000 0.0000000000 1.0000000000
-0.5800873425 -0.0581907617 -0.8124730829 -81.0644959802 0.8133983000 0.0117389229 -0.5815886890 -11.5815926945 0.0433806477 -0.9982364614 0.0405226660 -3.9052170466 0.0000000000 0.0000000000 0.0000000000 1.0000000000
-0.6200577587 -0.0691115216 -0.7815062210 -81.1595667679 0.7827206737 0.0136047695 -0.6222244428 -11.6473001661 0.0536350901 -0.9975161692 0.0456592739 -3.9106422649 0.0000000000 0.0000000000 0.0000000000 1.0000000000
-0.6365835179 -0.0760496498 -0.7674489400 -81.2062478804 0.7688332279 0.0154492897 -0.6392626902 -11.6816245407 0.0604722447 -0.9969843380 0.0486347345 -3.9049900658 0.0000000000 0.0000000000 0.0000000000 1.0000000000
-0.6514031441 -0.0765353296 -0.7548617670 -81.2523075468 0.7561083495 0.0171813086 -0.6542208850 -11.7170234585 0.0630405240 -0.9969188262 0.0466770433 -3.8964047839 0.0000000000 0.0000000000 0.0000000000 1.0000000000
-0.6669339692 -0.0684854497 -0.7419628184 -81.2976538829 0.7425514770 0.0214696279 -0.6694448141 -11.7534835359 0.0617768947 -0.9974210737 0.0365351477 -3.8888373205 0.0000000000 0.0000000000 0.0000000000 1.0000000000
-0.6970615658 -0.0564734486 -0.7147838296 -81.3409985270 0.7143560109 0.0310152851 -0.6990948017 -11.7918176336 0.0616495186 -0.9979222423 0.0187225843 -3.8830208204 0.0000000000 0.0000000000 0.0000000000 1.0000000000
-0.7172704985 -0.0475577737 -0.6951699721 -81.3837510149 0.6942720170 0.0360418137 -0.7188096786 -11.8295924234 0.0592401746 -0.9982180352 0.0071663018 -3.8795213188 0.0000000000 0.0000000000 0.0000000000 1.0000000000
-0.7350894445 -0.0395939789 -0.6768129915 -81.4258073748 0.6759020716 0.0351157308 -0.7361543826 -11.8667095278 0.0529140639 -0.9985986192 0.0009484494 -3.8799595508 0.0000000000 0.0000000000 0.0000000000 1.0000000000
-0.7498146918 -0.0324389621 -0.6608522086 -81.4670313867 0.6599865771 0.0340652994 -0.7505046792 -11.9034052255 0.0468577212 -0.9988930219 -0.0041333824 -3.8846483224 0.0000000000 0.0000000000 0.0000000000 1.0000000000
-0.7556836213 -0.0279247025 -0.6543412531 -81.5078013287 0.6535890530 0.0319090380 -0.7561766746 -11.9398687798 0.0419954086 -0.9991006077 -0.0058618575 -3.8915560384 0.0000000000 0.0000000000 0.0000000000 1.0000000000
-0.7549600654 -0.0269425337 -0.6552170629 -81.5481055901 0.6545980219 0.0287659653 -0.7554296453 -11.9763475994 0.0392011400 -0.9992230077 -0.0040806258 -3.8987786756 0.0000000000 0.0000000000 0.0000000000 1.0000000000
-0.7364283069 -0.0262327304 -0.6760067993 -81.5887884619 0.6754933416 0.0263988512 -0.7368933750 -12.0119613419 0.0371765281 -0.9993072323 -0.0017208265 -3.9052587454 0.0000000000 0.0000000000 0.0000000000 1.0000000000
-0.7159463125 -0.0286940139 -0.6975654315 -81.6286183419 0.6973325347 0.0191039273 -0.7164931095 -12.0473213989 0.0338853026 -0.9994056701 0.0063318832 -3.9082938388 0.0000000000 0.0000000000 0.0000000000 1.0000000000
-0.6924975592 -0.0330736465 -0.7206616851 -81.6677249178 0.7207118426 0.0125412044 -0.6931213156 -12.0828963968 0.0319620149 -0.9993742303 0.0151518152 -3.9043861305 0.0000000000 0.0000000000 0.0000000000 1.0000000000
-0.6806888851 -0.0364118238 -0.7316671517 -81.7060135757 0.7317616842 0.0131857805 -0.6814330288 -12.1188914974 0.0344598218 -0.9992498758 0.0176693633 -3.8950831942 0.0000000000 0.0000000000 0.0000000000 1.0000000000
-0.6708371336 -0.0315571447 -0.7409329840 -81.7452031422 0.7407624633 0.0190891984 -0.6714957747 -12.1535489497 0.0353343061 -0.9993196431 0.0105706051 -3.8861805685 0.0000000000 0.0000000000 0.0000000000 1.0000000000
-0.6582622745 -0.0242682363 -0.7523973888 -81.7858506632 0.7521435784 0.0201657428 -0.6586906560 -12.1859935704 0.0311579126 -0.9995020738 0.0049788504 -3.8789771942 0.0000000000 0.0000000000 0.0000000000 1.0000000000
-0.6537967131 -0.0165388749 -0.7564894736 -81.8267679729 0.7562761840 0.0179784634 -0.6540054345 -12.2176010379 0.0244170324 -0.9997015757 0.0007536969 -3.8755096108 0.0000000000 0.0000000000 0.0000000000 1.0000000000
-0.6420370526 -0.0113898415 -0.7665889998 -81.8684806969 0.7664966996 0.0119429036 -0.6421371945 -12.2478531697 0.0164691394 -0.9998638100 0.0010624893 -3.8768118351 0.0000000000 0.0000000000 0.0000000000 1.0000000000
-0.6204959176 -0.0090587571 -0.7841573536 -81.9111794987 0.7841714166 0.0027099434 -0.6205383514 -12.2770120360 0.0077463283 -0.9999552966 0.0054221095 -3.8816637314 0.0000000000 0.0000000000 0.0000000000 1.0000000000
-0.6067547756 -0.0123615884 -0.7947929500 -81.9538682415 0.7948800156 -0.0046618956 -0.6067487351 -12.3066307324 0.0037951363 -0.9999127251 0.0126546070 -3.8873688475 0.0000000000 0.0000000000 0.0000000000 1.0000000000
-0.6121236127 -0.0188910081 -0.7905364081 -81.9958694463 0.7907386078 -0.0069186669 -0.6121148472 -12.3378126056 0.0060940084 -0.9997976104 0.0191729288 -3.8920764739 0.0000000000 0.0000000000 0.0000000000 1.0000000000
-0.6273412664 -0.0261444103 -0.7783054704 -82.0374716002 0.7786566198 -0.0060480577 -0.6274211420 -12.3700924469 0.0116963194 -0.9996398806 0.0241517143 -3.8954881634 0.0000000000 0.0000000000 0.0000000000 1.0000000000
-0.6408432945 -0.0341137536 -0.7669133743 -82.0792065289 0.7674582741 -0.0049132072 -0.6410800714 -12.4028225723 0.0181016432 -0.9994058796 0.0293294783 -3.8973868721 0.0000000000 0.0000000000 0.0000000000 1.0000000000
-0.6524555545 -0.0440164661 -0.7565476192 -82.1208910818 0.7574564941 -0.0066646875 -0.6528516228 -12.4361773240 0.0236940679 -0.9990085749 0.0376889704 -3.8944032025 0.0000000000 0.0000000000 0.0000000000 1.0000000000
-0.6692814336 -0.0460620662 -0.7415798330 -82.1619492403 0.7425561918 -0.0066268440 -0.6697509888 -12.4706558276 0.0259357805 -0.9989165986 0.0386388961 -3.8868118430 0.0000000000 0.0000000000 0.0000000000 1.0000000000
-0.6906204552 -0.0453052714 -0.7217969377 -82.2020100752 0.7227351236 -0.0067929500 -0.6910917428 -12.5056516882 0.0264069685 -0.9989500930 0.0374350611 -3.8778135238 0.0000000000 0.0000000000 0.0000000000 1.0000000000
-0.7084289387 -0.0370930470 -0.7048067427 -82.2411498584 0.7053762483 -0.0033477492 -0.7088251836 -12.5411204665 0.0239329696 -0.9993062085 0.0285361968 -3.8698609923 0.0000000000 0.0000000000 0.0000000000 1.0000000000
-0.7218899857 -0.0294827462 -0.6913795023 -82.2793359323 0.6916616365 0.0008586756 -0.7222211872 -12.5769852988 0.0218867346 -0.9995649205 0.0197722152 -3.8626391171 0.0000000000 0.0000000000 0.0000000000 1.0000000000
-0.7368283313 -0.0241100943 -0.6756498454 -82.3164530596 0.6758027502 0.0023457687 -0.7370787883 -12.6134003454 0.0193559573 -0.9997065573 0.0145652392 -3.8575617648 0.0000000000 0.0000000000 0.0000000000 1.0000000000
-0.7517481370 -0.0203396539 -0.6591365845 -82.3525364918 0.6592076410 0.0039366872 -0.7519506557 -12.6503900178 0.0178892306 -0.9997853775 0.0104486581 -3.8576817863 0.0000000000 0.0000000000 0.0000000000 1.0000000000
-0.7592778563 -0.0194017000 -0.6504772948 -82.3880968891 0.6504580287 0.0081503991 -0.7594984686 -12.6879686282 0.0200372110 -0.9997785480 0.0064315740 -3.8638438007 0.0000000000 0.0000000000 0.0000000000 1.0000000000
-0.7604129390 -0.0228015194 -0.6490394849 -82.4232811772 0.6489313841 0.0128632816 -0.7607381906 -12.7264922226 0.0256947642 -0.9996572546 0.0050152158 -3.8733678130 0.0000000000 0.0000000000 0.0000000000 1.0000000000
-0.7612997783 -0.0269008663 -0.6478417947 -82.4578859899 0.6476726536 0.0157644335 -0.7617556146 -12.7664413220 0.0307047449 -0.9995137948 0.0054214957 -3.8822581661 0.0000000000 0.0000000000 0.0000000000 1.0000000000
-0.7673507817 -0.0277205552 -0.6406280892 -82.4915620100 0.6404852156 0.0149248876 -0.7678254596 -12.8078537488 0.0308458502 -0.9995042864 0.0063019816 -3.8880726917 0.0000000000 0.0000000000 0.0000000000 1.0000000000
-0.7812592039 -0.0304544589 -0.6234633768 -82.5237737371 0.6234270380 0.0118378160 -0.7817919125 -12.8505741446 0.0311894944 -0.9994660535 0.0097377304 -3.8903169191 0.0000000000 0.0000000000 0.0000000000 1.0000000000
-0.7789695086 -0.0373323218 -0.6259495206 -82.5562231152 0.6260759839 0.0096488424 -0.7797023549 -12.8928847200 0.0351477875 -0.9992563223 0.0158567161 -3.8874647237 0.0000000000 0.0000000000 0.0000000000 1.0000000000
-0.7788461864 -0.0491757345 -0.6252842274 -82.5877740353 0.6258404180 0.0050341974 -0.7799348870 -12.9351800198 0.0415016751 -0.9987774547 0.0268552968 -3.8792903797 0.0000000000 0.0000000000 0.0000000000 1.0000000000
-0.7845051628 -0.0560711037 -0.6175821248 -82.6187798891 0.6185379733 0.0003904393 -0.7857548111 -12.9772186820 0.0442992678 -0.9984267018 0.0343758052 -3.8717907961 0.0000000000 0.0000000000 0.0000000000 1.0000000000
-0.7768122731 -0.0540905369 -0.6274048981 -82.6513889196 0.6283064731 0.0004321471 -0.7779658020 -13.0180930975 0.0423517191 -0.9985359418 0.0336497373 -3.8673767486 0.0000000000 0.0000000000 0.0000000000 1.0000000000
-0.7780734531 -0.0488849025 -0.6262682875 -82.6838567598 0.6268805812 0.0035015526 -0.7791074868 -13.0596331837 0.0402795049 -0.9987982807 0.0279205310 -3.8638408855 0.0000000000 0.0000000000 0.0000000000 1.0000000000
-0.7914395381 -0.0419662035 -0.6098051289 -82.7158412553 0.6101843351 0.0045713239 -0.7922462876 -13.1022761034 0.0360351857 -0.9991085731 0.0219891935 -3.8606131801 0.0000000000 0.0000000000 0.0000000000 1.0000000000
-0.8051998701 -0.0327369266 -0.5920992001 -82.7482204580 0.5924047936 0.0004501995 -0.8056403402 -13.1450199226 0.0266407515 -0.9994639018 0.0190310117 -3.8600764564 0.0000000000 0.0000000000 0.0000000000 1.0000000000
-0.8214345411 -0.0242871222 -0.5697854248 -82.7805856313 0.5700645996 -0.0060935774 -0.8215772761 -13.1879205759 0.0164817161 -0.9996864528 0.0188507035 -3.8637039096 0.0000000000 0.0000000000 0.0000000000 1.0000000000
-0.8339726893 -0.0219036884 -0.5513708207 -82.8130039977 0.5516852546 -0.0122189816 -0.8339628747 -13.2310369215 0.0115296730 -0.9996854130 0.0222742389 -3.8702098266 0.0000000000 0.0000000000 0.0000000000 1.0000000000
-0.8416339467 -0.0228223256 -0.5395659748 -82.8455321778 0.5399361558 -0.0151887317 -0.8415689218 -13.2745212119 0.0110112371 -0.9996241513 0.0251059510 -3.8773400727 0.0000000000 0.0000000000 0.0000000000 1.0000000000
-0.8533942881 -0.0228158941 -0.5207663814 -82.8775204307 0.5211444757 -0.0157778291 -0.8533226211 -13.3187526532 0.0112527556 -0.9996151735 0.0253550864 -3.8835009464 0.0000000000 0.0000000000 0.0000000000 1.0000000000
-0.8669025970 -0.0265374511 -0.4977706812 -82.9088537184 0.4982666483 -0.0170855094 -0.8668554854 -13.3636163225 0.0144994694 -0.9995018004 0.0280341993 -3.8860343918 0.0000000000 0.0000000000 0.0000000000 1.0000000000
-0.8741578701 -0.0290981889 -0.4847693406 -82.9398469451 0.4852907370 -0.0143875704 -0.8742344642 -13.4087346793 0.0184639866 -0.9994730077 0.0266980895 -3.8835676209 0.0000000000 0.0000000000 0.0000000000 1.0000000000
-0.8762467910 -0.0299409125 -0.4809314952 -82.9705109873 0.4813772934 -0.0096087509 -0.8764608225 -13.4536945118 0.0216208859 -0.9995054846 0.0228325125 -3.8778173848 0.0000000000 0.0000000000 0.0000000000 1.0000000000
-0.8752281138 -0.0277180228 -0.4829155828 -83.0005161235 0.4831745945 -0.0031200220 -0.8755184616 -13.4984950721 0.0227609334 -0.9996109126 0.0161233754 -3.8710502906 0.0000000000 0.0000000000 0.0000000000 1.0000000000
-0.8844688153 -0.0252608340 -0.4659150190 -83.0281772401 0.4659001564 0.0068304827 -0.8848109339 -13.5440642693 0.0255334866 -0.9996575588 0.0057276776 -3.8651389414 0.0000000000 0.0000000000 0.0000000000 1.0000000000
-0.8913030236 -0.0214772962 -0.4528991565 -83.0551732433 0.4527061755 0.0134059312 -0.8915589715 -13.5895427844 0.0252198110 -0.9996794520 -0.0022258423 -3.8623625218 0.0000000000 0.0000000000 0.0000000000 1.0000000000
-0.8942633139 -0.0161571689 -0.4472494509 -83.0819334067 0.4470040566 0.0167014129 -0.8943760038 -13.6349955138 0.0219202819 -0.9997299679 -0.0077131407 -3.8635846011 0.0000000000 0.0000000000 0.0000000000 1.0000000000
-0.8976334479 -0.0132668579 -0.4405430554 -83.1077613876 0.4402080556 0.0222346849 -0.8976204580 -13.6809856538 0.0217039391 -0.9996647484 -0.0141184191 -3.8678528865 0.0000000000 0.0000000000 0.0000000000 1.0000000000
-0.9038003729 -0.0128626730 -0.4277609585 -83.1320100831 0.4272904206 0.0285314735 -0.9036641254 -13.7277574562 0.0238281866 -0.9995101333 -0.0202906594 -3.8732861686 0.0000000000 0.0000000000 0.0000000000 1.0000000000
-0.9094369561 -0.0148306633 -0.4155772784 -83.1548654937 0.4149999662 0.0311898927 -0.9092866537 -13.7748214217 0.0264471349 -0.9994034431 -0.0222105163 -3.8787449104 0.0000000000 0.0000000000 0.0000000000 1.0000000000
-0.9116005676 -0.0155684055 -0.4107822171 -83.1767577035 0.4102365457 0.0294181253 -0.9115045532 -13.8217006638 0.0262751152 -0.9994459458 -0.0204308508 -3.8837246995 0.0000000000 0.0000000000 0.0000000000 1.0000000000
-0.9172019377 -0.0170450484 -0.3980578749 -83.1967822507 0.3976681647 0.0222911425 -0.9172584890 -13.8686161440 0.0245078802 -0.9996062081 -0.0136672060 -3.8872889430 0.0000000000 0.0000000000 0.0000000000 1.0000000000
-0.9147395819 -0.0205080448 -0.4035231311 -83.2165749254 0.4032943054 0.0144647567 -0.9149559957 -13.9153306214 0.0246008224 -0.9996850459 -0.0049607078 -3.8869963277 0.0000000000 0.0000000000 0.0000000000 1.0000000000
-0.9118449376 -0.0272064174 -0.4096322993 -83.2356772121 0.4094554705 0.0120360096 -0.9122507069 -13.9623555736 0.0297494118 -0.9995573747 0.0001648420 -3.8805805618 0.0000000000 0.0000000000 0.0000000000 1.0000000000
-0.9204026241 -0.0304050760 -0.3897878153 -83.2534391214 0.3894946404 0.0152770194 -0.9209020240 -14.0099606785 0.0339548920 -0.9994209043 -0.0022183946 -3.8720857976 0.0000000000 0.0000000000 0.0000000000 1.0000000000
-0.9179460068 -0.0288036108 -0.3956582877 -83.2736919887 0.3952576437 0.0187224967 -0.9183794767 -14.0566738436 0.0338603560 -0.9994097359 -0.0058013938 -3.8646035130 0.0000000000 0.0000000000 0.0000000000 1.0000000000
-0.9174933107 -0.0250115985 -0.3969640345 -83.2946114668 0.3965133608 0.0211616725 -0.9177850175 -14.1035466016 0.0313556933 -0.9994631577 -0.0094982600 -3.8593986799 0.0000000000 0.0000000000 0.0000000000 1.0000000000
-0.9211517243 -0.0191806334 -0.3887307604 -83.3158357817 0.3883463120 0.0209625453 -0.9212750478 -14.1506925631 0.0258194251 -0.9995962560 -0.0118609565 -3.8586992496 0.0000000000 0.0000000000 0.0000000000 1.0000000000
-0.9227746520 -0.0112084073 -0.3851769894 -83.3383124591 0.3849913301 0.0156981882 -0.9227866723 -14.1978020738 0.0163895497 -0.9998139519 -0.0101707505 -3.8630895333 0.0000000000 0.0000000000 0.0000000000 1.0000000000
-0.9249633945 -0.0032314863 -0.3800424665 -83.3613416652 0.3800095501 0.0078041856 -0.9249496400 -14.2455954124 0.0059548840 -0.9999643255 -0.0059905904 -3.8706762889 0.0000000000 0.0000000000 0.0000000000 1.0000000000
-0.9266761448 0.0002994005 -0.3758606564 -83.3845406598 0.3758603083 0.0023151487 -0.9266734423 -14.2946093280 0.0005927269 -0.9999972752 -0.0022579258 -3.8785684358 0.0000000000 0.0000000000 0.0000000000 1.0000000000
-0.9312305980 -0.0025128818 -0.3644218143 -83.4072586895 0.3644226343 0.0001397141 -0.9312336571 -14.3450786551 0.0023909950 -0.9999968329 0.0007856450 -3.8848429413 0.0000000000 0.0000000000 0.0000000000 1.0000000000
-0.9365968440 -0.0050728720 -0.3503721133 -83.4298722493 0.3503788658 -0.0004808551 -0.9366079325 -14.3964887743 0.0045828139 -0.9999870173 0.0022277945 -3.8892785356 0.0000000000 0.0000000000 0.0000000000 1.0000000000
-0.9426679492 -0.0106830658 -0.3335611035 -83.4521846984 0.3336198890 -0.0042451132 -0.9426981217 -14.4481902781 0.0086549014 -0.9999339234 0.0075658153 -3.8900303641 0.0000000000 0.0000000000 0.0000000000 1.0000000000
-0.9499607666 -0.0150320932 -0.3120073366 -83.4734086515 0.3121845324 -0.0113434289 -0.9499537591 -14.5001284867 0.0107405604 -0.9998226657 0.0154685994 -3.8849733332 0.0000000000 0.0000000000 0.0000000000 1.0000000000
-0.9584899805 -0.0181854600 -0.2845456841 -83.4929335203 0.2848439111 -0.0166746211 -0.9584288723 -14.5521622861 0.0126847785 -0.9996955767 0.0211624749 -3.8765904647 0.0000000000 0.0000000000 0.0000000000 1.0000000000
-0.9642486983 -0.0221081149 -0.2640751391 -83.5113044179 0.2645043562 -0.0194386723 -0.9641885623 -14.6043237754 0.0161831214 -0.9995665907 0.0245914072 -3.8691242387 0.0000000000 0.0000000000 0.0000000000 1.0000000000
-0.9677970095 -0.0237697311 -0.2506071593 -83.5284180294 0.2509578940 -0.0130951503 -0.9679094237 -14.6572669389 0.0197252083 -0.9996316906 0.0186386490 -3.8639452544 0.0000000000 0.0000000000 0.0000000000 1.0000000000
-0.9726599112 -0.0270488713 -0.2306535402 -83.5444239046 0.2308785844 -0.0054722724 -0.9729671801 -14.7109433354 0.0250554650 -0.9996191339 0.0115676651 -3.8606189722 0.0000000000 0.0000000000 0.0000000000 1.0000000000
-0.9755620244 -0.0288853161 -0.2178172974 -83.5613460274 0.2179755761 -0.0024106110 -0.9759512473 -14.7645998797 0.0276655875 -0.9995798255 0.0086479940 -3.8599007662 0.0000000000 0.0000000000 0.0000000000 1.0000000000
-0.9769055010 -0.0282175516 -0.2118004059 -83.5795007121 0.2118806013 0.0001512810 -0.9772955479 -14.8181866758 0.0276089289 -0.9996017942 0.0058309645 -3.8631492639 0.0000000000 0.0000000000 0.0000000000 1.0000000000
-0.9791032073 -0.0278228974 -0.2014517210 -83.5977344247 0.2013983805 0.0047353457 -0.9794979678 -14.8719577936 0.0282064150 -0.9996016521 0.0009670943 -3.8693872032 0.0000000000 0.0000000000 0.0000000000 1.0000000000
-0.9818096910 -0.0270123360 -0.1879363305 -83.6155925172 0.1878467307 0.0058399539 -0.9821809918 -14.9260108010 0.0276285424 -0.9996180414 -0.0006595443 -3.8766362131 0.0000000000 0.0000000000 0.0000000000 1.0000000000
-0.9833262553 -0.0227795068 -0.1804177644 -83.6336315941 0.1804157588 0.0021601784 -0.9835880680 -14.9800928430 0.0227953857 -0.9997381796 0.0019856218 -3.8833796273 0.0000000000 0.0000000000 0.0000000000 1.0000000000
-0.9852511797 -0.0174334584 -0.1702239332 -83.6512981442 0.1703346541 -0.0050654429 -0.9853732526 -15.0341285286 0.0163162040 -0.9998351943 0.0079602557 -3.8885303866 0.0000000000 0.0000000000 0.0000000000 1.0000000000
-0.9872794962 -0.0178290150 -0.1579915269 -83.6684205648 0.1582408998 -0.0135617432 -0.9873073973 -15.0880714829 0.0154600779 -0.9997490712 0.0162105104 -3.8907805472 0.0000000000 0.0000000000 0.0000000000 1.0000000000
-0.9829716897 -0.0223894435 -0.1823879659 -83.6876357847 0.1828560181 -0.0210092470 -0.9829151989 -15.1417334821 0.0181750905 -0.9995285510 0.0247455395 -3.8875080547 0.0000000000 0.0000000000 0.0000000000 1.0000000000
-0.9827156014 -0.0262755248 -0.1832474928 -83.7062442543 0.1839155520 -0.0257611197 -0.9826044140 -15.1957829552 0.0210977860 -0.9993227514 0.0301483319 -3.8796958356 0.0000000000 0.0000000000 0.0000000000 1.0000000000
-0.9804054159 -0.0249220837 -0.1954075491 -83.7272026071 0.1959296468 -0.0205628459 -0.9804023372 -15.2503569855 0.0204155337 -0.9994778933 0.0250429005 -3.8716788731 0.0000000000 0.0000000000 0.0000000000 1.0000000000
-0.9789453966 -0.0207021670 -0.2030697684 -83.7492514407 0.2032911717 -0.0091969181 -0.9790751331 -15.3058007248 0.0184013609 -0.9997433856 0.0132118484 -3.8647237427 0.0000000000 0.0000000000 0.0000000000 1.0000000000
-0.9815608875 -0.0138778996 -0.1906452939 -83.7705365964 0.1906820504 -0.0013631379 -0.9816509041 -15.3622916968 0.0133633769 -0.9999027682 0.0039842692 -3.8610969543 0.0000000000 0.0000000000 0.0000000000 1.0000000000
-0.9827304013 -0.0072521971 -0.1849009572 -83.7917757773 0.1848754003 0.0040547244 -0.9827536037 -15.4194479775 0.0078768452 -0.9999654818 -0.0026439481 -3.8631126432 0.0000000000 0.0000000000 0.0000000000 1.0000000000
-0.9863124893 -0.0041219143 -0.1648353216 -83.8114066193 0.1647991797 0.0079521853 -0.9862950842 -15.4772730639 0.0053762248 -0.9999598855 -0.0071640515 -3.8699519328 0.0000000000 0.0000000000 0.0000000000 1.0000000000
-0.9895665099 -0.0077205423 -0.1438697872 -83.8301328231 0.1437782134 0.0113364869 -0.9895450012 -15.5355896276 0.0092708020 -0.9999059342 -0.0101081620 -3.8778741525 0.0000000000 0.0000000000 0.0000000000 1.0000000000
-0.9918255640 -0.0152251023 -0.1266895688 -83.8486738829 0.1264217603 0.0174286542 -0.9918234624 -15.5942445141 0.0173086423 -0.9997321833 -0.0153614006 -3.8838907131 0.0000000000 0.0000000000 0.0000000000 1.0000000000
-0.9947429702 -0.0218732904 -0.1000399038 -83.8666788255 0.0995734501 0.0214676189 -0.9947986074 -15.6527562638 0.0239071373 -0.9995302399 -0.0191767640 -3.8865538415 0.0000000000 0.0000000000 0.0000000000 1.0000000000
-0.9965153467 -0.0301852968 -0.0777561040 -83.8845467890 0.0771888942 0.0195238929 -0.9968253068 -15.7107040893 0.0316075695 -0.9993536238 -0.0171258892 -3.8834982477 0.0000000000 0.0000000000 0.0000000000 1.0000000000
-0.9982054948 -0.0364878669 -0.0474807923 -83.9005807564 0.0468140127 0.0189165753 -0.9987244922 -15.7678372217 0.0373395003 -0.9991550424 -0.0171744859 -3.8765025584 0.0000000000 0.0000000000 0.0000000000 1.0000000000
-0.9988963631 -0.0438336616 -0.0168720428 -83.9148989040 0.0162075386 0.0154711153 -0.9997489486 -15.8237741291 0.0440836864 -0.9989190431 -0.0147436051 -3.8691396217 0.0000000000 0.0000000000 0.0000000000 1.0000000000
-0.9987117071 -0.0503705746 -0.0061425806 -83.9283178458 0.0052292258 0.0182444857 -0.9998198807 -15.8790185397 0.0504735701 -0.9985639408 -0.0179575824 -3.8637730676 0.0000000000 0.0000000000 0.0000000000 1.0000000000
-0.9981468570 -0.0601348931 -0.0093084141 -83.9407317017 0.0080443013 0.0212292881 -0.9997422701 -15.9340142591 0.0603170055 -0.9979644843 -0.0207062040 -3.8590675454 0.0000000000 0.0000000000 0.0000000000 1.0000000000
-0.9975055879 -0.0704214335 -0.0048398141 -83.9518631530 0.0035073206 0.0190330645 -0.9998127030 -15.9889160950 0.0705003603 -0.9973357329 -0.0187385976 -3.8558110851 0.0000000000 0.0000000000 0.0000000000 1.0000000000
-0.9970376050 -0.0766199392 0.0067378823 -83.9625059135 -0.0081300721 0.0178726879 -0.9998072159 -16.0439094965 0.0764847440 -0.9969001715 -0.0184426676 -3.8573376946 0.0000000000 0.0000000000 0.0000000000 1.0000000000
-0.9967050246 -0.0802101574 0.0120592119 -83.9738718696 -0.0134199793 0.0164476205 -0.9997746646 -16.0991873398 0.0799937379 -0.9966422660 -0.0174698447 -3.8634863937 0.0000000000 0.0000000000 0.0000000000 1.0000000000
-0.9964511432 -0.0833661601 0.0116276635 -83.9858492673 -0.0127687240 0.0131672380 -0.9998317776 -16.1550832207 0.0831990318 -0.9964319882 -0.0141849888 -3.8716670821 0.0000000000 0.0000000000 0.0000000000 1.0000000000
-0.9962796064 -0.0858389332 0.0076565876 -83.9982576785 -0.0083290093 0.0074781245 -0.9999373507 -16.2115073015 0.0857762985 -0.9962809620 -0.0081652562 -3.8797973420 0.0000000000 0.0000000000 0.0000000000 1.0000000000
-0.9966877519 -0.0805711411 0.0110370504 -84.0102976316 -0.0113307013 0.0031883052 -0.9999307226 -16.2681042692 0.0805303699 -0.9967437614 -0.0040906722 -3.8855558192 0.0000000000 0.0000000000 0.0000000000 1.0000000000
-0.9968919800 -0.0761746511 0.0200948451 -84.0214589698 -0.0198633372 -0.0037956736 -0.9997954994 -16.3237891416 0.0762353468 -0.9970872657 0.0022707938 -3.8864444888 0.0000000000 0.0000000000 0.0000000000 1.0000000000
-0.9969896412 -0.0770064842 0.0090364135 -84.0331330733 -0.0078511811 -0.0156802085 -0.9998462332 -16.3777723454 0.0771363360 -0.9969072838 0.0150284136 -3.8815104542 0.0000000000 0.0000000000 0.0000000000 1.0000000000
-0.9969388079 -0.0781619661 0.0019288081 -84.0438333920 0.0003239867 -0.0287992102 -0.9995851642 -16.4299870182 0.0781850898 -0.9965246171 0.0287363737 -3.8731123353 0.0000000000 0.0000000000 0.0000000000 1.0000000000
-0.9965240614 -0.0811751773 -0.0187185902 -84.0547946875 0.0213700424 -0.0319184482 -0.9992619947 -16.4813553922 0.0805178013 -0.9961886384 0.0335422186 -3.8648329614 0.0000000000 0.0000000000 0.0000000000 1.0000000000
-0.9960970366 -0.0837709963 -0.0278049261 -84.0649906163 0.0307138527 -0.0336382826 -0.9989620239 -16.5323102159 0.0827487340 -0.9959171081 0.0360799236 -3.8564235746 0.0000000000 0.0000000000 0.0000000000 1.0000000000
-0.9967809541 -0.0764943785 -0.0240070758 -84.0747399671 0.0272824722 -0.0420654010 -0.9987422935 -16.5832488640 0.0753883038 -0.9961822685 0.0440169463 -3.8491915844 0.0000000000 0.0000000000 0.0000000000 1.0000000000
-0.9978905531 -0.0641733977 -0.0098091329 -84.0843018868 0.0131089002 -0.0512022967 -0.9986022639 -16.6345601307 0.0635814501 -0.9966243524 0.0519355308 -3.8463779888 0.0000000000 0.0000000000 0.0000000000 1.0000000000
-0.9985260598 -0.0528649757 0.0122882953 -84.0936357999 -0.0091534910 -0.0591369664 -0.9982079106 -16.6865179194 0.0534969294 -0.9968490927 0.0585659030 -3.8495421271 0.0000000000 0.0000000000 0.0000000000 1.0000000000
-0.9985630698 -0.0446668867 0.0296085262 -84.1029983076 -0.0265533877 -0.0675061302 -0.9973654496 -16.7391652661 0.0465479666 -0.9967185117 0.0662230714 -3.8563976234 0.0000000000 0.0000000000 0.0000000000 1.0000000000
-0.9981022146 -0.0406583916 0.0462478582 -84.1114983911 -0.0431096171 -0.0749388990 -0.9962558518 -16.7924063027 0.0439719241 -0.9963588995 0.0730439134 -3.8638691830 0.0000000000 0.0000000000 0.0000000000 1.0000000000
-0.9969278704 -0.0403034925 0.0671598811 -84.1185568229 -0.0638368541 -0.0787337716 -0.9948496616 -16.8457897799 0.0453836666 -0.9960806301 0.0759190430 -3.8694499086 0.0000000000 0.0000000000 0.0000000000 1.0000000000
-0.9943369375 -0.0434602436 0.0969807294 -84.1238882454 -0.0928676138 -0.0883368759 -0.9917520873 -16.8985083036 0.0516687620 -0.9951421022 0.0838005695 -3.8694028800 0.0000000000 0.0000000000 0.0000000000 1.0000000000
-0.9923259664 -0.0426914609 0.1160457480 -84.1281694291 -0.1115353212 -0.0960842097 -0.9891044923 -16.9505292007 0.0533764797 -0.9944572710 0.0905852504 -3.8631368162 0.0000000000 0.0000000000 0.0000000000 1.0000000000
-0.9903810593 -0.0397245768 0.1325417494 -84.1313297283 -0.1279848150 -0.1010452681 -0.9866152953 -17.0017686265 0.0525855917 -0.9940884326 0.0949891771 -3.8539967042 0.0000000000 0.0000000000 0.0000000000 1.0000000000
-0.9867533018 -0.0338456540 0.1586581010 -84.1325691065 -0.1546409144 -0.0993500893 -0.9829627395 -17.0524201086 0.0490317133 -0.9944767627 0.0928001058 -3.8463910540 0.0000000000 0.0000000000 0.0000000000 1.0000000000
-0.9824195100 -0.0305563040 0.1841689948 -84.1319455477 -0.1805942308 -0.0944160034 -0.9790154963 -17.1029688773 0.0473035956 -0.9950637822 0.0872378316 -3.8405552486 0.0000000000 0.0000000000 0.0000000000 1.0000000000
-0.9796266919 -0.0290047972 0.1987215799 -84.1304659827 -0.1953706234 -0.0914542868 -0.9764560579 -17.1540253054 0.0464958503 -0.9953867767 0.0839243751 -3.8366155946 0.0000000000 0.0000000000 0.0000000000 1.0000000000
-0.9768045266 -0.0258871567 0.2125623954 -84.1281491551 -0.2096217854 -0.0870836078 -0.9738968900 -17.2060276112 0.0437221217 -0.9958645994 0.0796371503 -3.8368263689 0.0000000000 0.0000000000 0.0000000000 1.0000000000
-0.9714396689 -0.0224878816 0.2362186800 -84.1247336331 -0.2338285648 -0.0786141081 -0.9690944352 -17.2591932023 0.0403630017 -0.9966514522 0.0711105541 -3.8417618608 0.0000000000 0.0000000000 0.0000000000 1.0000000000
-0.9671116386 -0.0185143798 0.2536775438 -84.1207949687 -0.2518632909 -0.0694765309 -0.9652657118 -17.3136148464 0.0354959317 -0.9974117652 0.0625284690 -3.8495426899 0.0000000000 0.0000000000 0.0000000000 1.0000000000
-0.9638234583 -0.0091512623 0.2663843007 -84.1163652071 -0.2653616879 -0.0609823940 -0.9622184379 -17.3686351103 0.0250502657 -0.9980968901 0.0563478675 -3.8559045869 0.0000000000 0.0000000000 0.0000000000 1.0000000000
-0.9594606236 0.0016981836 0.2818375915 -84.1103804653 -0.2815022385 -0.0549113499 -0.9579881176 -17.4236281281 0.0138492429 -0.9984897895 0.0531633205 -3.8585238951 0.0000000000 0.0000000000 0.0000000000 1.0000000000
-0.9534427467 0.0036993334 0.3015513947 -84.1023228108 -0.3013142707 -0.0531831902 -0.9520405761 -17.4778550138 0.0125155497 -0.9985779204 0.0518217889 -3.8574415253 0.0000000000 0.0000000000 0.0000000000 1.0000000000
-0.9498799903 -0.0020480890 0.3126080762 -84.0931263440 -0.3118505152 -0.0636730348 -0.9479952536 -17.5310611677 0.0218462836 -0.9979687119 0.0598430441 -3.8535137561 0.0000000000 0.0000000000 0.0000000000 1.0000000000
-0.9581501651 -0.0084039727 0.2861426819 -84.0853328451 -0.2845011236 -0.0828698257 -0.9550872749 -17.5839533722 0.0317391215 -0.9965249446 0.0770107975 -3.8465102310 0.0000000000 0.0000000000 0.0000000000 1.0000000000
-0.9656785021 -0.0138166106 0.2593725734 -84.0779937275 -0.2567965072 -0.0991308506 -0.9613681024 -17.6366020995 0.0389946725 -0.9949784800 0.0921804740 -3.8389943873 0.0000000000 0.0000000000 0.0000000000 1.0000000000
-0.9733615090 -0.0168220672 0.2286578028 -84.0721406644 -0.2257171487 -0.1047223383 -0.9685478825 -17.6900005677 0.0402385573 -0.9943592157 0.0981356642 -3.8324748332 0.0000000000 0.0000000000 0.0000000000 1.0000000000
-0.9771983699 -0.0187890532 0.2114954312 -84.0668956851 -0.2085618882 -0.1018446270 -0.9726919403 -17.7442452831 0.0398156339 -0.9946228649 0.0956037231 -3.8267829203 0.0000000000 0.0000000000 0.0000000000 1.0000000000
-0.9753957854 -0.0158136717 0.2198931321 -84.0616310486 -0.2173703951 -0.0974430406 -0.9712131410 -17.7991593563 0.0367855012 -0.9951154615 0.0916081071 -3.8245968467 0.0000000000 0.0000000000 0.0000000000 1.0000000000
-0.9760727170 -0.0040705156 0.2174062604 -84.0583857827 -0.2160579015 -0.0945709512 -0.9717897501 -17.8552994401 0.0245160022 -0.9955098021 0.0914286583 -3.8284211617 0.0000000000 0.0000000000 0.0000000000 1.0000000000
-0.9781847855 0.0109969981 0.2074453939 -84.0560826625 -0.2075610309 -0.0927941288 -0.9738108996 -17.9127675166 0.0085407180 -0.9956245857 0.0930523533 -3.8368801212 0.0000000000 0.0000000000 0.0000000000 1.0000000000
-0.9791730229 0.0192886209 0.2021092286 -84.0527846513 -0.2030275603 -0.0931766798 -0.9747296631 -17.9714920155 0.0000306759 -0.9954627343 0.0951522128 -3.8461202352 0.0000000000 0.0000000000 0.0000000000 1.0000000000
-0.9789598164 0.0197517946 0.2030949148 -84.0478313109 -0.2040520370 -0.0915100408 -0.9746736267 -18.0314658826 -0.0006663293 -0.9956082458 0.0936150466 -3.8533431536 0.0000000000 0.0000000000 0.0000000000 1.0000000000
-0.9758013520 0.0167485217 0.2180165326 -84.0406849379 -0.2186476653 -0.0848534775 -0.9721075485 -18.0923205390 0.0022180966 -0.9962526659 0.0864621633 -3.8578252178 0.0000000000 0.0000000000 0.0000000000 1.0000000000
-0.9727804090 0.0119413229 0.2314210029 -84.0320435904 -0.2315988831 -0.0835478852 -0.9692170594 -18.1532312425 0.0077610015 -0.9964322133 0.0840393430 -3.8570307916 0.0000000000 0.0000000000 0.0000000000 1.0000000000
-0.9704716787 0.0043314231 0.2411762003 -84.0213567851 -0.2406924842 -0.0831689444 -0.9670315686 -18.2135408681 0.0158697471 -0.9965260486 0.0817556460 -3.8502830992 0.0000000000 0.0000000000 0.0000000000 1.0000000000
-0.9671946995 -0.0064054488 0.2539554753 -84.0086694120 -0.2526204333 -0.0811447637 -0.9641568565 -18.2726834712 0.0267830144 -0.9966817434 0.0768646381 -3.8415568678 0.0000000000 0.0000000000 0.0000000000 1.0000000000
-0.9638640542 -0.0154383253 0.2659468802 -83.9947954202 -0.2641687575 -0.0733915747 -0.9616800634 -18.3307198268 0.0343649900 -0.9971837017 0.0666611775 -3.8348402676 0.0000000000 0.0000000000 0.0000000000 1.0000000000
-0.9624456631 -0.0220066280 0.2705809561 -83.9805018403 -0.2688597764 -0.0607309129 -0.9612628032 -18.3878277560 0.0375867814 -0.9979115515 0.0525335067 -3.8297635397 0.0000000000 0.0000000000 0.0000000000 1.0000000000
-0.9594033685 -0.0233853708 0.2810663638 -83.9663879727 -0.2796542692 -0.0504024544 -0.9587768678 -18.4442781132 0.0365877872 -0.9984551653 0.0418164657 -3.8258415381 0.0000000000 0.0000000000 0.0000000000 1.0000000000
-0.9519651627 -0.0214891635 0.3054513789 -83.9526423612 -0.3044242604 -0.0410463255 -0.9516517582 -18.5003381167 0.0329878570 -0.9989261309 0.0325328492 -3.8249144884 0.0000000000 0.0000000000 0.0000000000 1.0000000000
-0.9455052539 -0.0204251899 0.3249655774 -83.9397530629 -0.3242800585 -0.0309360078 -0.9454551322 -18.5564974246 0.0293642382 -0.9993126513 0.0226266761 -3.8289217288 0.0000000000 0.0000000000 0.0000000000 1.0000000000
-0.9428775473 -0.0176046308 0.3326740263 -83.9277888729 -0.3322197816 -0.0244636974 -0.9428846930 -18.6129985551 0.0247375736 -0.9995456990 0.0172176644 -3.8365921528 0.0000000000 0.0000000000 0.0000000000 1.0000000000
-0.9429313363 -0.0096767219 0.3328465953 -83.9159495884 -0.3325975921 -0.0209717486 -0.9428356312 -18.6698972225 0.0161039334 -0.9997332378 0.0165564645 -3.8452467054 0.0000000000 0.0000000000 0.0000000000 1.0000000000
-0.9449838089 0.0008442196 0.3271160164 -83.9036172460 -0.3270803570 -0.0174274857 -0.9448358179 -18.7271941521 0.0049031608 -0.9998477734 0.0167448195 -3.8525030018 0.0000000000 0.0000000000 0.0000000000 1.0000000000
-0.9413127928 0.0081853225 0.3374362557 -83.8892172294 -0.3375267354 -0.0156146384 -0.9411864246 -18.7839918018 -0.0024349693 -0.9998445797 0.0174610241 -3.8560641251 0.0000000000 0.0000000000 0.0000000000 1.0000000000
-0.9420806617 0.0108194050 0.3352118245 -83.8748393636 -0.3353701704 -0.0205618064 -0.9418620180 -18.8403427828 -0.0032978260 -0.9997300399 0.0229993858 -3.8545433461 0.0000000000 0.0000000000 0.0000000000 1.0000000000
-0.9499551105 0.0132215856 0.3121065167 -83.8623412303 -0.3123688980 -0.0296160173 -0.9494991117 -18.8965160605 -0.0033105318 -0.9994739022 0.0322638991 -3.8480813207 0.0000000000 0.0000000000 0.0000000000 1.0000000000
-0.9551819124 0.0184663925 0.2954428989 -83.8509864239 -0.2959373513 -0.0360658845 -0.9545262365 -18.9523557926 -0.0069712467 -0.9991787850 0.0399143758 -3.8415350562 0.0000000000 0.0000000000 0.0000000000 1.0000000000
-0.9679786912 0.0210866261 0.2501451730 -83.8426544132 -0.2507602338 -0.0348351523 -0.9674222539 -19.0091706437 -0.0116858261 -0.9991705892 0.0390073725 -3.8365469466 0.0000000000 0.0000000000 0.0000000000 1.0000000000
-0.9728534257 0.0212824482 0.2304414664 -83.8334714770 -0.2309565322 -0.0261529947 -0.9726125133 -19.0663441535 -0.0146728410 -0.9994313775 0.0303583510 -3.8323074627 0.0000000000 0.0000000000 0.0000000000 1.0000000000
-0.9718959962 0.0258333639 0.2339889098 -83.8234947424 -0.2344364216 -0.0158780638 -0.9720017754 -19.1239471103 -0.0213947847 -0.9995401565 0.0214881081 -3.8303089397 0.0000000000 0.0000000000 0.0000000000 1.0000000000
-0.9707285943 0.0345708820 0.2376780392 -83.8140656544 -0.2380334858 -0.0064976609 -0.9712352136 -19.1820459082 -0.0320321067 -0.9993811258 0.0145364928 -3.8327451282 0.0000000000 0.0000000000 0.0000000000 1.0000000000
-0.9675803943 0.0435840360 0.2487742196 -83.8044583330 -0.2489673979 0.0010250481 -0.9685113237 -19.2403925857 -0.0424666380 -0.9990492386 0.0098591876 -3.8389491599 0.0000000000 0.0000000000 0.0000000000 1.0000000000
-0.9651358588 0.0477943716 0.2573489304 -83.7947950934 -0.2574500713 0.0041331200 -0.9662827630 -19.2991737271 -0.0472465315 -0.9988486449 0.0083156420 -3.8464682256 0.0000000000 0.0000000000 0.0000000000 1.0000000000
-0.9625017424 0.0454297351 0.2674444523 -83.7845565351 -0.2673581601 0.0080780055 -0.9635633659 -19.3582421062 -0.0459348462 -0.9989348753 0.0043709160 -3.8532666432 0.0000000000 0.0000000000 0.0000000000 1.0000000000
-0.9572109222 0.0414470629 0.2864077362 -83.7734861644 -0.2861932059 0.0111472090 -0.9581070862 -19.4170884698 -0.0429033716 -0.9990785158 0.0011916376 -3.8574880934 0.0000000000 0.0000000000 0.0000000000 1.0000000000
-0.9539747032 0.0387922744 0.2973674917 -83.7626958658 -0.2972700502 0.0083898562 -0.9547565803 -19.4757148348 -0.0395320498 -0.9992120745 0.0035280707 -3.8560216571 0.0000000000 0.0000000000 0.0000000000 1.0000000000
-0.9485465963 0.0385445874 0.3142827859 -83.7509513057 -0.3142105816 0.0080746353 -0.9493189720 -19.5334893654 -0.0391288270 -0.9992242566 0.0044519494 -3.8503831917 0.0000000000 0.0000000000 0.0000000000 1.0000000000
-0.9429379679 0.0378218272 0.3308133886 -83.7385760209 -0.3307120618 0.0090861261 -0.9436879646 -19.5903239077 -0.0386978153 -0.9992431895 0.0039404812 -3.8442386338 0.0000000000 0.0000000000 0.0000000000 1.0000000000
-0.9399899298 0.0351866286 0.3393830183 -83.7255647237 -0.3389492068 0.0178195565 -0.9406359012 -19.6465746932 -0.0391454609 -0.9992218796 -0.0048237238 -3.8396245062 0.0000000000 0.0000000000 0.0000000000 1.0000000000
-0.9395941047 0.0282934703 0.3411193310 -83.7118893475 -0.3404520630 0.0259064787 -0.9399049139 -19.7023857970 -0.0354303724 -0.9992638960 -0.0147090043 -3.8354865742 0.0000000000 0.0000000000 0.0000000000 1.0000000000
-0.9389424118 0.0181930579 0.3435930149 -83.6976151126 -0.3429961587 0.0295010033 -0.9388734345 -19.7577138901 -0.0272173174 -0.9993991712 -0.0214595942 -3.8326616453 0.0000000000 0.0000000000 0.0000000000 1.0000000000
-0.9385268910 0.0064978264 0.3451449741 -83.6831775530 -0.3447745613 0.0323354388 -0.9381284141 -19.8125618125 -0.0172562097 -0.9994559508 -0.0281073937 -3.8345391009 0.0000000000 0.0000000000 0.0000000000 1.0000000000
-0.9411352943 -0.0035668826 0.3380112945 -83.6693806985 -0.3379431070 0.0326144795 -0.9406012716 -19.8670284198 -0.0076690481 -0.9994616416 -0.0319000411 -3.8410677656 0.0000000000 0.0000000000 0.0000000000 1.0000000000
-0.9445765214 -0.0091438806 0.3281639599 -83.6559413247 -0.3282901441 0.0289921873 -0.9441318946 -19.9210903352 -0.0008811617 -0.9995378145 -0.0303871854 -3.8491586610 0.0000000000 0.0000000000 0.0000000000 1.0000000000
-0.9472842124 -0.0093487578 0.3202580549 -83.6425897969 -0.3203937502 0.0255112628 -0.9469408748 -19.9747316646 0.0006825335 -0.9996308200 -0.0271617000 -3.8566614316 0.0000000000 0.0000000000 0.0000000000 1.0000000000
-0.9466293161 -0.0052070720 0.3222822122 -83.6287980095 -0.3223162470 0.0223487988 -0.9463681990 -20.0276265543 -0.0022748130 -0.9997366741 -0.0228343521 -3.8623093382 0.0000000000 0.0000000000 0.0000000000 1.0000000000
-0.9440299458 0.0010562998 0.3298580689 -83.6145319366 -0.3297990956 0.0161551869 -0.9439129019 -20.0795976489 -0.0063259738 -0.9998689385 -0.0149026135 -3.8641158640 0.0000000000 0.0000000000 0.0000000000 1.0000000000
-0.9508620121 0.0058015825 0.3095606169 -83.6020169220 -0.3095166371 0.0073858782 -0.9508653428 -20.1313405881 -0.0078029008 -0.9999558942 -0.0052272647 -3.8597149408 0.0000000000 0.0000000000 0.0000000000 1.0000000000
-0.9523440461 0.0060994366 0.3049649402 -83.5890202482 -0.3049936897 -0.0045054275 -0.9523437144 -20.1819295069 -0.0044347627 -0.9999712486 0.0061510067 -3.8507660030 0.0000000000 0.0000000000 0.0000000000 1.0000000000
-0.9579348400 0.0004686988 0.2869854048 -83.5772782489 -0.2869646115 -0.0137121885 -0.9578430391 -20.2324725381 0.0034862581 -0.9999058737 0.0132698830 -3.8430694134 0.0000000000 0.0000000000 0.0000000000 1.0000000000
-0.9662506330 -0.0100478697 0.2574077591 -83.5665925515 -0.2572304715 -0.0161423609 -0.9662152497 -20.2836352323 0.0138635739 -0.9998192159 0.0130129482 -3.8368143909 0.0000000000 0.0000000000 0.0000000000 1.0000000000
-0.9655570531 -0.0157456182 0.2597145599 -83.5547614636 -0.2594862858 -0.0151641017 -0.9656277324 -20.3348953112 0.0191427436 -0.9997610342 0.0105560334 -3.8328191634 0.0000000000 0.0000000000 0.0000000000 1.0000000000
-0.9638966048 -0.0143702850 0.2658887551 -83.5438701940 -0.2656931847 -0.0141705189 -0.9639534885 -20.3865676423 0.0176200679 -0.9997963249 0.0098408283 -3.8330558997 0.0000000000 0.0000000000 0.0000000000 1.0000000000
-0.9606057098 -0.0091157167 0.2777653219 -83.5336122168 -0.2776079899 -0.0154817677 -0.9605696845 -20.4385155896 0.0130565793 -0.9998385963 0.0123412787 -3.8381519957 0.0000000000 0.0000000000 0.0000000000 1.0000000000
-0.9568094885 -0.0072401147 0.2906255039 -83.5233258796 -0.2904338165 -0.0202046673 -0.9566817494 -20.4908861027 0.0127984773 -0.9997696495 0.0172292433 -3.8458476596 0.0000000000 0.0000000000 0.0000000000 1.0000000000
-0.9556764890 -0.0103038660 0.2942384725 -83.5133047643 -0.2938823336 -0.0269196809 -0.9554624560 -20.5439407647 0.0177657629 -0.9995844942 0.0226983820 -3.8532645112 0.0000000000 0.0000000000 0.0000000000 1.0000000000
-0.9531751184 -0.0125729987 0.3021574315 -83.5027808160 -0.3016673162 -0.0308675527 -0.9529134402 -20.5975393711 0.0213078399 -0.9994444026 0.0256293204 -3.8587317887 0.0000000000 0.0000000000 0.0000000000 1.0000000000
-0.9489149182 -0.0123550670 0.3152900732 -83.4920884025 -0.3146785511 -0.0363906558 -0.9485004637 -20.6511220583 0.0231923993 -0.9992612634 0.0306437615 -3.8603015805 0.0000000000 0.0000000000 0.0000000000 1.0000000000
-0.9479542056 -0.0112833565 0.3182067093 -83.4814817733 -0.3175020427 -0.0417835133 -0.9473365774 -20.7044383767 0.0239849306 -0.9990629729 0.0360263684 -3.8570867086 0.0000000000 0.0000000000 0.0000000000 1.0000000000
-0.9439592244 -0.0105901450 0.3298921513 -83.4694804893 -0.3291044674 -0.0458814796 -0.9431782119 -20.7568128206 0.0251243340 -0.9988907541 0.0398249818 -3.8521467614 0.0000000000 0.0000000000 0.0000000000 1.0000000000
-0.9432776145 -0.0112213527 0.3318153450 -83.4569315870 -0.3309303202 -0.0485721666 -0.9424043017 -20.8087139273 0.0266920413 -0.9987566400 0.0421035516 -3.8476743734 0.0000000000 0.0000000000 0.0000000000 1.0000000000
-0.9438765350 -0.0163484611 0.3298936411 -83.4431210245 -0.3289776958 -0.0426986193 -0.9433718798 -20.8601555740 0.0295086815 -0.9989542311 0.0349239457 -3.8435049146 0.0000000000 0.0000000000 0.0000000000 1.0000000000
-0.9380532345 -0.0252674149 0.3455686429 -83.4276084678 -0.3445018303 -0.0387052633 -0.9379874154 -20.9107453716 0.0370758425 -0.9989311590 0.0276029267 -3.8391740228 0.0000000000 0.0000000000 0.0000000000 1.0000000000
-0.9326225952 -0.0320196873 0.3594298742 -83.4125463080 -0.3582934354 -0.0362643951 -0.9329044473 -20.9610559305 0.0429058156 -0.9988291312 0.0223485505 -3.8377385282 0.0000000000 0.0000000000 0.0000000000 1.0000000000
-0.9277530205 -0.0339220724 0.3716498700 -83.3984098162 -0.3705855674 -0.0338145148 -0.9281825875 -21.0112007704 0.0440530370 -0.9988522772 0.0188004878 -3.8410198377 0.0000000000 0.0000000000 0.0000000000 1.0000000000
-0.9277185990 -0.0318239253 0.3719212804 -83.3856824909 -0.3709420045 -0.0327514800 -0.9280783210 -21.0618156753 0.0417160675 -0.9989567450 0.0185793265 -3.8469868914 0.0000000000 0.0000000000 0.0000000000 1.0000000000
-0.9274636645 -0.0243130843 0.3731219973 -83.3733516529 -0.3723674456 -0.0305874851 -0.9275812046 -21.1127561342 0.0339652235 -0.9992363483 0.0193153799 -3.8530293573 0.0000000000 0.0000000000 0.0000000000 1.0000000000
-0.9219400829 -0.0100835752 0.3872012462 -83.3606616006 -0.3868156557 -0.0276570480 -0.9217422287 -21.1636560670 0.0200033005 -0.9995666107 0.0215976564 -3.8576138240 0.0000000000 0.0000000000 0.0000000000 1.0000000000
-0.9189280988 0.0074957864 0.3943538543 -83.3483079606 -0.3944153786 -0.0244781104 -0.9186061894 -21.2147344648 0.0027673613 -0.9996722639 0.0254500769 -3.8605533561 0.0000000000 0.0000000000 0.0000000000 1.0000000000
-0.9194672169 0.0200424419 0.3926554948 -83.3356068615 -0.3930701970 -0.0247364732 -0.9191756781 -21.2658289470 -0.0087096130 -0.9994930752 0.0306224628 -3.8605991081 0.0000000000 0.0000000000 0.0000000000 1.0000000000
-0.9280578162 0.0242415011 0.3716463902 -83.3229496998 -0.3722464707 -0.0285315850 -0.9276952698 -21.3171658576 -0.0118850653 -0.9992989034 0.0355027737 -3.8560579968 0.0000000000 0.0000000000 0.0000000000 1.0000000000
-0.9343377042 0.0241750266 0.3555680281 -83.3095002720 -0.3562196149 -0.0326007982 -0.9338333759 -21.3682864392 -0.0109836452 -0.9991760386 0.0390717736 -3.8482178771 0.0000000000 0.0000000000 0.0000000000 1.0000000000
-0.9426686148 0.0239689866 0.3328683981 -83.2965383132 -0.3335205159 -0.0323051021 -0.9421891773 -21.4198795381 -0.0118299722 -0.9991906065 0.0384471546 -3.8408097017 0.0000000000 0.0000000000 0.0000000000 1.0000000000
-0.9468641780 0.0212090154 0.3209336476 -83.2833141905 -0.3214118348 -0.0253397809 -0.9466004056 -21.4717575583 -0.0119440742 -0.9994538875 0.0308101594 -3.8348544123 0.0000000000 0.0000000000 0.0000000000 1.0000000000
-0.9411249051 0.0188406204 0.3375336190 -83.2686348914 -0.3378639852 -0.0185080492 -0.9410129540 -21.5229979605 -0.0114821790 -0.9996511807 0.0237839532 -3.8322881855 0.0000000000 0.0000000000 0.0000000000 1.0000000000
-0.9417785426 0.0227115374 0.3354658892 -83.2550080029 -0.3358983426 -0.0189933169 -0.9417067258 -21.5744086608 -0.0150159976 -0.9995616239 0.0255162661 -3.8340727746 0.0000000000 0.0000000000 0.0000000000 1.0000000000
-0.9471310492 0.0286085311 0.3195689715 -83.2416485320 -0.3201992842 -0.0210261694 -0.9471168453 -21.6262604050 -0.0203763104 -0.9993695273 0.0290749691 -3.8391966049 0.0000000000 0.0000000000 0.0000000000 1.0000000000
-0.9462744260 0.0252522582 0.3223771615 -83.2263802179 -0.3229701889 -0.0245774052 -0.9460899578 -21.6781746353 -0.0159677137 -0.9993789445 0.0314126966 -3.8454807075 0.0000000000 0.0000000000 0.0000000000 1.0000000000
-0.9431891303 0.0146922792 0.3319313203 -83.2100672341 -0.3322310150 -0.0293739662 -0.9427405384 -21.7305853699 -0.0041008678 -0.9994605080 0.0325864365 -3.8517106410 0.0000000000 0.0000000000 0.0000000000 1.0000000000
-0.9367490659 0.0035753497 0.3499834345 -83.1931510565 -0.3499281064 -0.0300713517 -0.9362937756 -21.7836393244 0.0071768973 -0.9995413602 0.0294204260 -3.8580026383 0.0000000000 0.0000000000 0.0000000000 1.0000000000
-0.9243746430 -0.0048541030 0.3814550524 -83.1756411939 -0.3811658868 -0.0291983074 -0.9240454673 -21.8370385770 0.0156232537 -0.9995618523 0.0251399565 -3.8626699080 0.0000000000 0.0000000000 0.0000000000 1.0000000000
-0.9157946643 -0.0049166399 0.4016166823 -83.1586729363 -0.4013022640 -0.0302057760 -0.9154474884 -21.8910322070 0.0166320692 -0.9995316092 0.0256892298 -3.8611191952 0.0000000000 0.0000000000 0.0000000000 1.0000000000
-0.9085494583 -0.0006094391 0.4177768667 -83.1418136722 -0.4176152878 -0.0265228297 -0.9082367593 -21.9452879038 0.0116341397 -0.9996480221 0.0238427914 -3.8553967733 0.0000000000 0.0000000000 0.0000000000 1.0000000000
-0.9093625119 0.0017666996 0.4160008421 -83.1257754950 -0.4159451668 -0.0207633361 -0.9091526286 -22.0001279180 0.0070313657 -0.9997828577 0.0196162497 -3.8493903086 0.0000000000 0.0000000000 0.0000000000 1.0000000000
-0.9193168514 -0.0013169377 0.3935159367 -83.1100556790 -0.3934839643 -0.0101026761 -0.9192759682 -22.0554268495 0.0051861932 -0.9999480995 0.0087693665 -3.8434951377 0.0000000000 0.0000000000 0.0000000000 1.0000000000
-0.9198586019 -0.0099574460 0.3921237072 -83.0923244743 -0.3921423464 -0.0000873759 -0.9199045453 -22.1099800529 0.0091941620 -0.9999504196 -0.0038243628 -3.8390574252 0.0000000000 0.0000000000 0.0000000000 1.0000000000
-0.9147779480 -0.0209350633 0.4034142153 -83.0737338754 -0.4035967721 0.0051972742 -0.9149222010 -22.1641414698 0.0170572999 -0.9997673287 -0.0132036758 -3.8380858270 0.0000000000 0.0000000000 0.0000000000 1.0000000000
-0.9156459808 -0.0275499679 0.4010404432 -83.0566435868 -0.4014773496 0.0125211762 -0.9157833575 -22.2188640556 0.0202083040 -0.9995420048 -0.0225256527 -3.8423002923 0.0000000000 0.0000000000 0.0000000000 1.0000000000
-0.9207750537 -0.0267606230 0.3891749856 -83.0409116075 -0.3897102187 0.0188628974 -0.9207443383 -22.2738552507 0.0172987243 -0.9994638864 -0.0277973737 -3.8504240241 0.0000000000 0.0000000000 0.0000000000 1.0000000000
-0.9252381011 -0.0219593828 0.3787508967 -83.0252153007 -0.3792059273 0.0226924212 -0.9250340095 -22.3285918973 0.0117184010 -0.9995012954 -0.0293230208 -3.8595604893 0.0000000000 0.0000000000 0.0000000000 1.0000000000
-0.9284964233 -0.0132108200 0.3711062733 -83.0089489711 -0.3713274655 0.0243915673 -0.9281815366 -22.3828803038 0.0032101756 -0.9996151888 -0.0275530233 -3.8673211135 0.0000000000 0.0000000000 0.0000000000 1.0000000000
-0.9263384690 -0.0042999937 0.3766676930 -82.9912524582 -0.3766486192 0.0257893551 -0.9259971527 -22.4362728553 -0.0057322350 -0.9996581512 -0.0255092584 -3.8719724472 0.0000000000 0.0000000000 0.0000000000 1.0000000000
-0.9249686070 0.0001633791 0.3800434835 -82.9731683889 -0.3799248925 0.0245860572 -0.9246905438 -22.4889890074 -0.0094948459 -0.9996977039 -0.0226792593 -3.8724529705 0.0000000000 0.0000000000 0.0000000000 1.0000000000
-0.9320064187 -0.0004530792 0.3624414852 -82.9565774235 -0.3623823172 0.0192765387 -0.9318301730 -22.5417233325 -0.0065644245 -0.9998140876 -0.0181300457 -3.8674096029 0.0000000000 0.0000000000 0.0000000000 1.0000000000
-0.9335312786 0.0011199022 0.3584942087 -82.9404689307 -0.3584598271 0.0112811075 -0.9334769890 -22.5938563118 -0.0050896147 -0.9999357392 -0.0101298267 -3.8599647715 0.0000000000 0.0000000000 0.0000000000 1.0000000000
-0.9432230082 0.0029924158 0.3321466578 -82.9274851590 -0.3321126634 0.0084095617 -0.9432022360 -22.6471190262 -0.0056156611 -0.9999601616 -0.0069382729 -3.8547023322 0.0000000000 0.0000000000 0.0000000000 1.0000000000
-0.9532628812 0.0038197789 0.3021180044 -82.9160488802 -0.3020539670 0.0121087492 -0.9532139210 -22.7016294801 -0.0072993376 -0.9999193905 -0.0103890418 -3.8516310305 0.0000000000 0.0000000000 0.0000000000 1.0000000000
-0.9543157130 0.0069494395 0.2987193084 -82.9039940750 -0.2985637723 0.0175788772 -0.9542277804 -22.7567015128 -0.0118824983 -0.9998213282 -0.0147009478 -3.8515660263 0.0000000000 0.0000000000 0.0000000000 1.0000000000
-0.9562569312 0.0156803549 0.2921075280 -82.8927575694 -0.2917353813 0.0223436186 -0.9562380614 -22.8126198254 -0.0215208914 -0.9996273752 -0.0167917258 -3.8549951527 0.0000000000 0.0000000000 0.0000000000 1.0000000000
-0.9574883965 0.0259943924 0.2872982112 -82.8812837572 -0.2866277732 0.0267009039 -0.9576698708 -22.8691140261 -0.0325651684 -0.9993054354 -0.0181150908 -3.8605844267 0.0000000000 0.0000000000 0.0000000000 1.0000000000
-0.9547683880 0.0276847509 0.2960589128 -82.8682434398 -0.2953169739 0.0279588704 -0.9549901499 -22.9256963646 -0.0347161372 -0.9992256282 -0.0185184688 -3.8664360488 0.0000000000 0.0000000000 0.0000000000 1.0000000000
-0.9536061712 0.0211158149 0.3003154886 -82.8546910386 -0.2997006353 0.0279978241 -0.9536223839 -22.9823742636 -0.0285446939 -0.9993849330 -0.0203704747 -3.8714580881 0.0000000000 0.0000000000 0.0000000000 1.0000000000
-0.9478513396 0.0166169847 0.3182793017 -82.8398796684 -0.3177707802 0.0274508066 -0.9477701116 -23.0383506165 -0.0244861050 -0.9994850319 -0.0207388916 -3.8746312228 0.0000000000 0.0000000000 0.0000000000 1.0000000000
-0.9425012842 0.0154830641 0.3338436821 -82.8248449998 -0.3335485072 0.0188844247 -0.9425437772 -23.0938415844 -0.0208979116 -0.9997017821 -0.0126342417 -3.8733133237 0.0000000000 0.0000000000 0.0000000000 1.0000000000
-0.9437231113 0.0137129539 0.3304521813 -82.8101137086 -0.3302618960 0.0144394208 -0.9437788847 -23.1494601444 -0.0177135344 -0.9998017094 -0.0090979490 -3.8674933752 0.0000000000 0.0000000000 0.0000000000 1.0000000000
-0.9430378058 0.0086552703 0.3325729742 -82.7946510118 -0.3324620843 0.0121186586 -0.9430387588 -23.2047037710 -0.0121925937 -0.9998891061 -0.0085508040 -3.8603139144 0.0000000000 0.0000000000 0.0000000000 1.0000000000
-0.9436222628 0.0024949828 0.3310148035 -82.7791118280 -0.3309275577 0.0170521601 -0.9435020802 -23.2599287750 -0.0079985389 -0.9998514884 -0.0152651394 -3.8545301205 0.0000000000 0.0000000000 0.0000000000 1.0000000000
-0.9419001203 -0.0042645608 0.3358660102 -82.7629418377 -0.3358706010 0.0235266113 -0.9416142724 -23.3149833722 -0.0038862178 -0.9997141152 -0.0235920586 -3.8505486123 0.0000000000 0.0000000000 0.0000000000 1.0000000000
-0.9423028110 -0.0059405218 0.3347090117 -82.7474093104 -0.3347506656 0.0248481902 -0.9419790652 -23.3702553075 -0.0027210660 -0.9996735855 -0.0254031131 -3.8498417043 0.0000000000 0.0000000000 0.0000000000 1.0000000000
-0.9466246580 -0.0037848265 0.3223157334 -82.7328212403 -0.3223031774 0.0258019288 -0.9462847998 -23.4260426298 -0.0047348438 -0.9996599099 -0.0256446036 -3.8540045375 0.0000000000 0.0000000000 0.0000000000 1.0000000000
-0.9497961644 -0.0039500205 0.3128444396 -82.7178604939 -0.3128326989 0.0273000885 -0.9494158244 -23.4820406809 -0.0047904689 -0.9996194789 -0.0271652149 -3.8619960502 0.0000000000 0.0000000000 0.0000000000 1.0000000000
-0.9504059763 -0.0046525138 0.3109772248 -82.7018170814 -0.3109839318 0.0276553456 -0.9500127241 -23.5381018344 -0.0041802353 -0.9996066906 -0.0277306627 -3.8713779612 0.0000000000 0.0000000000 0.0000000000 1.0000000000
-0.9503816639 -0.0033851436 0.3110678926 -82.6847803138 -0.3110503373 0.0255470762 -0.9500500169 -23.5941509632 -0.0047308194 -0.9996678887 -0.0253324229 -3.8805084365 0.0000000000 0.0000000000 0.0000000000 1.0000000000
-0.9507666311 -0.0023950844 0.3098984942 -82.6671601364 -0.3098636480 0.0242161114 -0.9504725665 -23.6502781045 -0.0052280744 -0.9997038779 -0.0237660203 -3.8882246819 0.0000000000 0.0000000000 0.0000000000 1.0000000000
-0.9504266064 -0.0025664445 0.3109383850 -82.6492215214 -0.3109187927 0.0217762209 -0.9501869819 -23.7063342771 -0.0043324608 -0.9997595759 -0.0214946555 -3.8918225689 0.0000000000 0.0000000000 0.0000000000 1.0000000000
-0.9568184623 -0.0045890999 0.2906499105 -82.6332373324 -0.2906835071 0.0193585694 -0.9566234079 -23.7629369245 -0.0012365261 -0.9998020734 -0.0198566123 -3.8892990243 0.0000000000 0.0000000000 0.0000000000 1.0000000000
-0.9610493120 -0.0061676229 0.2763081257 -82.6183153214 -0.2763709871 0.0148776655 -0.9609358629 -23.8195622608 0.0018158701 -0.9998702993 -0.0160027223 -3.8822749220 0.0000000000 0.0000000000 0.0000000000 1.0000000000
-0.9654129767 -0.0085757345 0.2605844225 -82.6049195751 -0.2607013440 0.0181475253 -0.9652489195 -23.8764584381 0.0035487560 -0.9997985418 -0.0197555619 -3.8752444401 0.0000000000 0.0000000000 0.0000000000 1.0000000000
-0.9678951972 -0.0117000382 0.2510816527 -82.5924340870 -0.2513157807 0.0276032286 -0.9675114677 -23.9334169127 0.0043892568 -0.9995504844 -0.0296574367 -3.8698027901 0.0000000000 0.0000000000 0.0000000000 1.0000000000
-0.9654674194 -0.0092338830 0.2603601304 -82.5800400338 -0.2605237506 0.0334772001 -0.9648868599 -23.9899152188 0.0001935242 -0.9993968243 -0.0347267918 -3.8673342282 0.0000000000 0.0000000000 0.0000000000 1.0000000000
-0.9652485604 -0.0010319459 0.2613314977 -82.5691448370 -0.2611980441 0.0360063969 -0.9646134569 -24.0463043819 -0.0084141767 -0.9993510267 -0.0350246650 -3.8689782071 0.0000000000 0.0000000000 0.0000000000 1.0000000000
-0.9635511842 0.0049821873 0.2674776499 -82.5585246434 -0.2671439849 0.0353568764 -0.9630077791 -24.1025067183 -0.0142550593 -0.9993623312 -0.0327371988 -3.8737762669 0.0000000000 0.0000000000 0.0000000000 1.0000000000
-0.9625403570 0.0044084995 0.2711026119 -82.5481784658 -0.2708534756 0.0301966868 -0.9621468468 -24.1587825144 -0.0124280246 -0.9995342542 -0.0278714723 -3.8799194354 0.0000000000 0.0000000000 0.0000000000 1.0000000000
-0.9627149347 -0.0004250407 0.2705176036 -82.5380820003 -0.2704415033 0.0252822264 -0.9624043861 -24.2152155069 -0.0064302262 -0.9996802631 -0.0244545256 -3.8861384124 0.0000000000 0.0000000000 0.0000000000 1.0000000000
-0.9589765771 -0.0034722053 0.2834640512 -82.5274469254 -0.2834676356 0.0229126533 -0.9587080420 -24.2712136470 -0.0031660824 -0.9997314410 -0.0229569557 -3.8915061729 0.0000000000 0.0000000000 0.0000000000 1.0000000000
-0.9612035881 -0.0040676136 0.2758099287 -82.5180618451 -0.2758349962 0.0201490822 -0.9609937926 -24.3276512260 -0.0016483655 -0.9997887122 -0.0204893603 -3.8922376509 0.0000000000 0.0000000000 0.0000000000 1.0000000000
-0.9639566039 -0.0070344311 0.2659665066 -82.5081582601 -0.2660591378 0.0238017002 -0.9636628115 -24.3842007212 0.0004483646 -0.9996919505 -0.0248153807 -3.8871314789 0.0000000000 0.0000000000 0.0000000000 1.0000000000
-0.9584365062 -0.0119237360 0.2850566400 -82.4960292207 -0.2852852522 0.0280291900 -0.9580327183 -24.4396385245 0.0034334225 -0.9995359869 -0.0302658650 -3.8796038466 0.0000000000 0.0000000000 0.0000000000 1.0000000000
-0.9542469067 -0.0171675024 0.2985265783 -82.4832430086 -0.2989756136 0.0376152735 -0.9535190998 -24.4941432237 0.0051403825 -0.9991448184 -0.0410269230 -3.8735094980 0.0000000000 0.0000000000 0.0000000000 1.0000000000
-0.9512479805 -0.0231670045 0.3075557990 -82.4695527150 -0.3083201328 0.0451657906 -0.9502098437 -24.5476948407 0.0081225149 -0.9987108397 -0.0501067210 -3.8694427396 0.0000000000 0.0000000000 0.0000000000 1.0000000000
-0.9519590977 -0.0276509955 0.3049742591 -82.4555283902 -0.3060135442 0.0488767651 -0.9507716722 -24.6007215882 0.0113836280 -0.9984219971 -0.0549902603 -3.8675542066 0.0000000000 0.0000000000 0.0000000000 1.0000000000
-0.9490723492 -0.0323375521 0.3133942543 -82.4399391842 -0.3147449347 0.0529677413 -0.9476972325 -24.6530307562 0.0140464229 -0.9980724929 -0.0604482994 -3.8682744210 0.0000000000 0.0000000000 0.0000000000 1.0000000000
-0.9422981535 -0.0361875876 0.3328132337 -82.4230082814 -0.3344387126 0.0572182286 -0.9406789154 -24.7045295699 0.0149979169 -0.9977056344 -0.0660191613 -3.8720599479 0.0000000000 0.0000000000 0.0000000000 1.0000000000
-0.9368277245 -0.0367443496 0.3478558141 -82.4060412623 -0.3494820960 0.0565320651 -0.9352360077 -24.7554249187 0.0146996313 -0.9977244000 -0.0658022982 -3.8777205321 0.0000000000 0.0000000000 0.0000000000 1.0000000000
-0.9369553288 -0.0313041152 0.3480441987 -82.3898836313 -0.3492726839 0.0522426476 -0.9355636259 -24.8059472460 0.0111042411 -0.9981436561 -0.0598826994 -3.8834531735 0.0000000000 0.0000000000 0.0000000000 1.0000000000
-0.9365789595 -0.0239614013 0.3496365310 -82.3736718161 -0.3504005146 0.0461720727 -0.9354611799 -24.8557772709 0.0062715174 -0.9986460789 -0.0516398791 -3.8882250606 0.0000000000 0.0000000000 0.0000000000 1.0000000000
-0.9357569004 -0.0162864676 0.3522694628 -82.3572515289 -0.3526404783 0.0377551307 -0.9349969215 -24.9048353461 0.0019278174 -0.9991542929 -0.0410728918 -3.8908392447 0.0000000000 0.0000000000 0.0000000000 1.0000000000
-0.9472481216 -0.0105113302 0.3203287500 -82.3423927097 -0.3205009744 0.0321534996 -0.9467023174 -24.9543579987 -0.0003485897 -0.9994276684 -0.0338262337 -3.8878877585 0.0000000000 0.0000000000 0.0000000000 1.0000000000
-0.9488319265 -0.0105770359 0.3156043433 -82.3255061939 -0.3157772156 0.0265555859 -0.9484616761 -25.0028725563 0.0016508550 -0.9995913801 -0.0285367747 -3.8791578819 0.0000000000 0.0000000000 0.0000000000 1.0000000000
-0.9480137435 -0.0125411105 0.3179821734 -82.3080516710 -0.3182141573 0.0275831732 -0.9476174960 -25.0507718158 0.0031132184 -0.9995408391 -0.0301399862 -3.8699933526 0.0000000000 0.0000000000 0.0000000000 1.0000000000
-0.9507364558 -0.0156343985 0.3096058094 -82.2913068605 -0.3099573529 0.0313166745 -0.9502345528 -25.0986085272 0.0051605213 -0.9993872280 -0.0346199009 -3.8620625910 0.0000000000 0.0000000000 0.0000000000 1.0000000000
-0.9490936702 -0.0184856801 0.3144510849 -82.2742420460 -0.3149153410 0.0333797206 -0.9485326153 -25.1460460702 0.0070379811 -0.9992717718 -0.0375019058 -3.8574728382 0.0000000000 0.0000000000 0.0000000000 1.0000000000
-0.9494364637 -0.0161285423 0.3135446881 -82.2584638184 -0.3139152234 0.0320456630 -0.9489100632 -25.1936746693 0.0052567887 -0.9993562656 -0.0354883159 -3.8577501335 0.0000000000 0.0000000000 0.0000000000 1.0000000000
-0.9502580195 -0.0092280267 0.3113270626 -82.2437801313 -0.3114635862 0.0293150143 -0.9498058035 -25.2418696130 -0.0003617240 -0.9995276252 -0.0307310217 -3.8621698430 0.0000000000 0.0000000000 0.0000000000 1.0000000000
-0.9486459623 -0.0038917385 0.3163158114 -82.2292054032 -0.3163073501 0.0259805463 -0.9483009393 -25.2908465305 -0.0045275183 -0.9996548732 -0.0258773259 -3.8682478168 0.0000000000 0.0000000000 0.0000000000 1.0000000000
-0.9471058859 -0.0027868353 0.3209091373 -82.2149461488 -0.3208981241 0.0202251801 -0.9468977432 -25.3408679118 -0.0038515971 -0.9997915661 -0.0200496773 -3.8740562369 0.0000000000 0.0000000000 0.0000000000 1.0000000000
-0.9463152098 -0.0006975066 0.3232445472 -82.2012012253 -0.3232244059 0.0134115782 -0.9462273052 -25.3917875095 -0.0036752197 -0.9999098175 -0.0129170316 -3.8792263998 0.0000000000 0.0000000000 0.0000000000 1.0000000000
-0.9454132402 0.0032266694 0.3258579350 -82.1877357708 -0.3258285565 0.0073226342 -0.9454005134 -25.4434561844 -0.0054366333 -0.9999679833 -0.0058715743 -3.8828640532 0.0000000000 0.0000000000 0.0000000000 1.0000000000
-0.9460683115 0.0076353983 0.3238772154 -82.1743504624 -0.3238865490 0.0000149050 -0.9460959270 -25.4957434927 -0.0072286466 -0.9999708498 0.0024589017 -3.8816229265 0.0000000000 0.0000000000 0.0000000000 1.0000000000
-0.9440465944 0.0113947193 0.3296152120 -82.1598957557 -0.3296467029 -0.0009517621 -0.9441038849 -25.5479471616 -0.0104440835 -0.9999346251 0.0046547395 -3.8763563927 0.0000000000 0.0000000000 0.0000000000 1.0000000000
-0.9396068497 0.0118851404 0.3420492821 -82.1437686291 -0.3420855653 -0.0011040285 -0.9396681580 -25.5997669927 -0.0107904558 -0.9999287597 0.0051030877 -3.8713316293 0.0000000000 0.0000000000 0.0000000000 1.0000000000
-0.9434296387 0.0087221207 0.3314580538 -82.1272305863 -0.3314116550 0.0063565538 -0.9434648426 -25.6519602781 -0.0103359452 -0.9999417577 -0.0031063488 -3.8680760073 0.0000000000 0.0000000000 0.0000000000 1.0000000000
-0.9439396534 0.0009190089 0.3301167766 -82.1079234126 -0.3300504905 0.0176037703 -0.9437991211 -25.7040298708 -0.0066786598 -0.9998446193 -0.0163135775 -3.8650522223 0.0000000000 0.0000000000 0.0000000000 1.0000000000
-0.9434323435 -0.0095159010 0.3314285154 -82.0867875648 -0.3315650165 0.0263819857 -0.9430634288 -25.7565064098 0.0002303559 -0.9996066419 -0.0280447585 -3.8621338543 0.0000000000 0.0000000000 0.0000000000 1.0000000000
-0.9430198331 -0.0207859040 0.3320866463 -82.0646564618 -0.3326515658 0.0363426962 -0.9423492687 -25.8094663171 0.0075186573 -0.9991231929 -0.0411863468 -3.8621573368 0.0000000000 0.0000000000 0.0000000000 1.0000000000
-0.9387938129 -0.0328876479 0.3429060797 -82.0412789192 -0.3441576969 0.0465216028 -0.9377586151 -25.8622456654 0.0148881347 -0.9983757525 -0.0549927301 -3.8672240640 0.0000000000 0.0000000000 0.0000000000 1.0000000000
-0.9349770046 -0.0421713129 0.3521925344 -82.0176663998 -0.3540852675 0.0521390069 -0.9337586130 -25.9147276111 0.0210148577 -0.9977490187 -0.0636810132 -3.8758506154 0.0000000000 0.0000000000 0.0000000000 1.0000000000
-0.9359795196 -0.0466357878 0.3489519196 -81.9944853686 -0.3511755112 0.0536810704 -0.9347695454 -25.9671392845 0.0248616016 -0.9974685188 -0.0666217291 -3.8851431676 0.0000000000 0.0000000000 0.0000000000 1.0000000000
-0.9401846318 -0.0449275295 0.3376897619 -81.9715716493 -0.3398950898 0.0570928016 -0.9387287893 -26.0192636456 0.0228951108 -0.9973574731 -0.0689484213 -3.8927423954 0.0000000000 0.0000000000 0.0000000000 1.0000000000
-0.9378449685 -0.0408799681 0.3446384238 -81.9474312837 -0.3465445741 0.0564967910 -0.9363305884 -26.0704771752 0.0188061996 -0.9975655070 -0.0671519623 -3.8960725184 0.0000000000 0.0000000000 0.0000000000 1.0000000000
-0.9423205761 -0.0372609341 0.3326312592 -81.9245133430 -0.3343638077 0.0594932435 -0.9405644040 -26.1220097140 0.0152569958 -0.9975330454 -0.0685204153 -3.8923654313 0.0000000000 0.0000000000 0.0000000000 1.0000000000
-0.9385177263 -0.0379161764 0.3431425958 -81.9018735483 -0.3449568759 0.0633889208 -0.9364756262 -26.1728259428 0.0137561362 -0.9972683732 -0.0725710716 -3.8831772509 0.0000000000 0.0000000000 0.0000000000 1.0000000000
-0.9371517693 -0.0368634087 0.3469692355 -81.8819954665 -0.3487945112 0.0720946917 -0.9344221446 -26.2232150205 0.0094313454 -0.9967163310 -0.0804214225 -3.8742324579 0.0000000000 0.0000000000 0.0000000000 1.0000000000
-0.9405617387 -0.0335757689 0.3379589967 -81.8647027679 -0.3395912590 0.0794252035 -0.9372136437 -26.2734495010 0.0046252066 -0.9962752154 -0.0861063452 -3.8669087714 0.0000000000 0.0000000000 0.0000000000 1.0000000000
-0.9405109514 -0.0324064402 0.3382143889 -81.8477775311 -0.3397617038 0.0865838705 -0.9365176015 -26.3229785862 0.0010652908 -0.9957173575 -0.0924435458 -3.8632047969 0.0000000000 0.0000000000 0.0000000000 1.0000000000
-0.9420130324 -0.0291578680 0.3343071425 -81.8319907453 -0.3355681629 0.0887820639 -0.9378228794 -26.3720890327 -0.0023355623 -0.9956242082 -0.0934183134 -3.8640290358 0.0000000000 0.0000000000 0.0000000000 1.0000000000
-0.9451636554 -0.0237863276 0.3257297577 -81.8173676768 -0.3265547770 0.0848833889 -0.9413590112 -26.4210118155 -0.0052575718 -0.9961069325 -0.0879962330 -3.8684082052 0.0000000000 0.0000000000 0.0000000000 1.0000000000
-0.9474384231 -0.0180703315 0.3194274528 -81.8029482194 -0.3198350371 0.0788435593 -0.9441870801 -26.4700783187 -0.0081230238 -0.9967232095 -0.0804789427 -3.8745747698 0.0000000000 0.0000000000 0.0000000000 1.0000000000
-0.9481024023 -0.0166742800 0.3175276417 -81.7879735414 -0.3179097243 0.0683549820 -0.9456537441 -26.5195356407 -0.0059365009 -0.9975217115 -0.0701084384 -3.8804566157 0.0000000000 0.0000000000 0.0000000000 1.0000000000
-0.9489427209 -0.0192565559 0.3148601236 -81.7726433590 -0.3154482329 0.0568107111 -0.9472407062 -26.5694515059 0.0003531661 -0.9981992427 -0.0599845574 -3.8858936634 0.0000000000 0.0000000000 0.0000000000 1.0000000000
-0.9497341622 -0.0213166037 0.3123309518 -81.7573934049 -0.3130115964 0.0475682526 -0.9485573266 -26.6196507671 0.0053629830 -0.9986405078 -0.0518495387 -3.8909889767 0.0000000000 0.0000000000 0.0000000000 1.0000000000
-0.9501571113 -0.0202863087 0.3111107993 -81.7420376202 -0.3116613602 0.0352815426 -0.9495379978 -26.6701383469 0.0082861520 -0.9991714960 -0.0398454672 -3.8915096378 0.0000000000 0.0000000000 0.0000000000 1.0000000000
-0.9493247103 -0.0165258415 0.3138622165 -81.7256141267 -0.3142329217 0.0297440738 -0.9488798454 -26.7206605633 0.0063454970 -0.9994209257 -0.0334297477 -3.8868898587 0.0000000000 0.0000000000 0.0000000000 1.0000000000
-0.9457668470 -0.0144343670 0.3245253768 -81.7080976018 -0.3247916876 0.0237120147 -0.9454882866 -26.7708085454 0.0059523745 -0.9996146204 -0.0271141998 -3.8798512176 0.0000000000 0.0000000000 0.0000000000 1.0000000000
-0.9461944282 -0.0150364339 0.3232491449 -81.6901561163 -0.3235311294 0.0235477833 -0.9459244738 -26.8209454732 0.0066115300 -0.9996096276 -0.0271455358 -3.8734674073 0.0000000000 0.0000000000 0.0000000000 1.0000000000
-0.9442384698 -0.0197940167 0.3286668664 -81.6703215463 -0.3291061294 0.0259895283 -0.9439352202 -26.8707908263 0.0101423727 -0.9994662282 -0.0310546446 -3.8681441732 0.0000000000 0.0000000000 0.0000000000 1.0000000000
-0.9427620663 -0.0252113319 0.3325117668 -81.6496798670 -0.3330855336 0.0235656683 -0.9426020829 -26.9207809686 0.0159283919 -0.9994043466 -0.0306143481 -3.8648262060 0.0000000000 0.0000000000 0.0000000000 1.0000000000
-0.9450194217 -0.0272298445 0.3258785483 -81.6295692481 -0.3264552031 0.0203125029 -0.9449943929 -26.9713817007 0.0191126414 -0.9994228023 -0.0280850342 -3.8658682286 0.0000000000 0.0000000000 0.0000000000 1.0000000000
-0.9461986751 -0.0261887477 0.3225247538 -81.6096541456 -0.3230401857 0.0185683923 -0.9462030719 -27.0225756238 0.0187911074 -0.9994845493 -0.0260294061 -3.8723422420 0.0000000000 0.0000000000 0.0000000000 1.0000000000
-0.9454939571 -0.0222852597 0.3248761985 -81.5895049883 -0.3252736385 0.0173447736 -0.9454608500 -27.0743171833 0.0154349364 -0.9996011835 -0.0236481861 -3.8816517545 0.0000000000 0.0000000000 0.0000000000 1.0000000000
-0.9448994712 -0.0158318784 0.3269775848 -81.5690959001 -0.3272075696 0.0151345937 -0.9448312815 -27.1265334976 0.0100097811 -0.9997601191 -0.0194809801 -3.8905004675 0.0000000000 0.0000000000 0.0000000000 1.0000000000
-0.9460883076 -0.0054171396 0.3238635035 -81.5488164440 -0.3239084498 0.0143407688 -0.9459797347 -27.1791399727 0.0004800527 -0.9998824916 -0.0153222910 -3.8964373250 0.0000000000 0.0000000000 0.0000000000 1.0000000000
-0.9439050490 0.0030452176 0.3302029454 -81.5276819643 -0.3301528295 0.0110077008 -0.9438633056 -27.2312406837 -0.0065090444 -0.9999347765 -0.0093848372 -3.8970765150 0.0000000000 0.0000000000 0.0000000000 1.0000000000
-0.9464433371 0.0096203660 0.3227265998 -81.5073257882 -0.3226723976 0.0067782647 -0.9464864388 -27.2832214359 -0.0112930722 -0.9999307494 -0.0033110169 -3.8913615615 0.0000000000 0.0000000000 0.0000000000 1.0000000000
-0.9481871352 0.0131064722 0.3174419270 -81.4870294063 -0.3174852322 -0.0013121988 -0.9482623084 -27.3349133921 -0.0120118267 -0.9999132455 0.0054053214 -3.8817766989 0.0000000000 0.0000000000 0.0000000000 1.0000000000
-0.9520206642 0.0105507830 0.3058518203 -81.4671788438 -0.3058983484 -0.0030814699 -0.9520591919 -27.3871346738 -0.0091024968 -0.9999395909 0.0061610901 -3.8736653371 0.0000000000 0.0000000000 0.0000000000 1.0000000000
-0.9592101579 -0.0006178404 0.2826932813 -81.4478517217 -0.2826938169 0.0011030656 -0.9592095647 -27.4404950118 0.0002808092 -0.9999992008 -0.0012327314 -3.8679612428 0.0000000000 0.0000000000 0.0000000000 1.0000000000
-0.9601663954 -0.0125837615 0.2791453782 -81.4273163134 -0.2792413766 0.0066213312 -0.9601981106 -27.4944125303 0.0102345900 -0.9998988983 -0.0098714866 -3.8650244382 0.0000000000 0.0000000000 0.0000000000 1.0000000000
-0.9611245585 -0.0203177679 0.2753666126 -81.4071032266 -0.2756531167 0.0129351951 -0.9611701410 -27.5490889114 0.0159669110 -0.9997098924 -0.0180329897 -3.8659721860 0.0000000000 0.0000000000 0.0000000000 1.0000000000
-0.9594861844 -0.0245156350 0.2806870953 -81.3869687222 -0.2811576216 0.0184342222 -0.9594845341 -27.6041657200 0.0183481243 -0.9995294708 -0.0245801392 -3.8711132095 0.0000000000 0.0000000000 0.0000000000 1.0000000000
-0.9559722400 -0.0280883664 0.2921097738 -81.3670633532 -0.2926924751 0.0194522591 -0.9560087472 -27.6593907511 0.0211705290 -0.9994161562 -0.0268170732 -3.8790558550 0.0000000000 0.0000000000 0.0000000000 1.0000000000
-0.9543151653 -0.0340810987 0.2968518888 -81.3478960283 -0.2975241465 0.0166055676 -0.9545698704 -27.7148197928 0.0276033958 -0.9992811085 -0.0259868948 -3.8874812646 0.0000000000 0.0000000000 0.0000000000 1.0000000000
-0.9505926704 -0.0415692020 0.3076452119 -81.3287410963 -0.3084829760 0.0153598490 -0.9511058451 -27.7698981967 0.0348113270 -0.9990175556 -0.0274243510 -3.8946202013 0.0000000000 0.0000000000 0.0000000000 1.0000000000
-0.9439302360 -0.0465758166 0.3268430859 -81.3095098323 -0.3276362860 0.0103415060 -0.9447473299 -27.8241039821 0.0406223286 -0.9988612249 -0.0250215878 -3.8981082064 0.0000000000 0.0000000000 0.0000000000 1.0000000000
-0.9383051455 -0.0479870112 0.3424626997 -81.2902252263 -0.3429748600 0.0026225384 -0.9393409220 -27.8773968392 0.0441780417 -0.9988445170 -0.0189190797 -3.8957975268 0.0000000000 0.0000000000 0.0000000000 1.0000000000
-0.9333882315 -0.0476361548 0.3556925725 -81.2710608298 -0.3558423992 -0.0055844345 -0.9345292938 -27.9295010819 0.0465037240 -0.9988491432 -0.0117385181 -3.8902586602 0.0000000000 0.0000000000 0.0000000000 1.0000000000
-0.9354789811 -0.0483780863 0.3500551910 -81.2528187051 -0.3499914502 -0.0100595121 -0.9366988796 -27.9814237222 0.0488370836 -0.9987784374 -0.0075214545 -3.8846537848 0.0000000000 0.0000000000 0.0000000000 1.0000000000
-0.9352387413 -0.0515083494 0.3502504628 -81.2340425140 -0.3502787679 -0.0087724699 -0.9366044141 -28.0332257268 0.0513155091 -0.9986340339 -0.0098379275 -3.8798094261 0.0000000000 0.0000000000 0.0000000000 1.0000000000
-0.9323764672 -0.0548079048 0.3573096935 -81.2151847528 -0.3574087395 -0.0083192469 -0.9339110145 -28.0852515502 0.0541582536 -0.9984622595 -0.0118321541 -3.8770367816 0.0000000000 0.0000000000 0.0000000000 1.0000000000
-0.9318695592 -0.0560103716 0.3584438071 -81.1977671886 -0.3586966335 -0.0058185575 -0.9334360554 -28.1380230014 0.0543677262 -0.9984132324 -0.0146685951 -3.8779672928 0.0000000000 0.0000000000 0.0000000000 1.0000000000
-0.9322770857 -0.0533790888 0.3577850031 -81.1818020776 -0.3582381490 -0.0011507820 -0.9336295327 -28.1913193965 0.0502480262 -0.9985736571 -0.0180495783 -3.8828807348 0.0000000000 0.0000000000 0.0000000000 1.0000000000
-0.9329894124 -0.0465021880 0.3568869608 -81.1669397938 -0.3573625391 0.0020662311 -0.9339634609 -28.2450448338 0.0426939335 -0.9989160511 -0.0185459117 -3.8897294243 0.0000000000 0.0000000000 0.0000000000 1.0000000000
-0.9327431698 -0.0348788995 0.3588504447 -81.1524279312 -0.3591895764 0.0037831562 -0.9332569506 -28.2989136687 0.0311933881 -0.9993843856 -0.0160568503 -3.8969060785 0.0000000000 0.0000000000 0.0000000000 1.0000000000
-0.9356558099 -0.0212048680 0.3522762538 -81.1382961534 -0.3524266392 0.0037069608 -0.9358321016 -28.3529018358 0.0185383219 -0.9997682792 -0.0109415998 -3.9034563943 0.0000000000 0.0000000000 0.0000000000 1.0000000000
-0.9372418784 -0.0095800911 0.3485482509 -81.1230381640 -0.3485818354 0.0020394770 -0.9372761304 -28.4064309703 0.0082683346 -0.9999520300 -0.0052509290 -3.9078764069 0.0000000000 0.0000000000 0.0000000000 1.0000000000
-0.9440618922 -0.0038013955 0.3297464072 -81.1074678291 -0.3297493930 0.0001694246 -0.9440684875 -28.4599525689 0.0035329106 -0.9999927603 -0.0014134552 -3.9074004450 0.0000000000 0.0000000000 0.0000000000 1.0000000000
-0.9510654420 -0.0015027543 0.3089858682 -81.0917608661 -0.3089821439 -0.0022853743 -0.9510650934 -28.5133301469 0.0021353655 -0.9999962594 0.0017092163 -3.9021651243 0.0000000000 0.0000000000 0.0000000000 1.0000000000
-0.9503717874 0.0026328514 0.3111053419 -81.0751757866 -0.3111138407 -0.0039216779 -0.9503645609 -28.5661540455 -0.0012821137 -0.9999888442 0.0045461686 -3.8964649748 0.0000000000 0.0000000000 0.0000000000 1.0000000000
-0.9580283065 0.0034820713 0.2866524709 -81.0605279280 -0.2866529538 0.0003702961 -0.9580344185 -28.6198596146 -0.0034420905 -0.9999938690 0.0006433919 -3.8921051077 0.0000000000 0.0000000000 0.0000000000 1.0000000000
-0.9618008346 0.0041977858 0.2737179812 -81.0454299246 -0.2736860895 0.0068879320 -0.9617944067 -28.6739220033 -0.0059227578 -0.9999674670 -0.0054759431 -3.8881516980 0.0000000000 0.0000000000 0.0000000000 1.0000000000
-0.9605988064 0.0092511852 0.2777847164 -81.0297662799 -0.2776617630 0.0126649440 -0.9605954115 -28.7282758547 -0.0124047739 -0.9998769998 -0.0095972297 -3.8858795012 0.0000000000 0.0000000000 0.0000000000 1.0000000000
-0.9589455144 0.0166598320 0.2831006011 -81.0144324101 -0.2828283788 0.0169482667 -0.9590207841 -28.7831460403 -0.0207751896 -0.9997175632 -0.0115405910 -3.8873743594 0.0000000000 0.0000000000 0.0000000000 1.0000000000
-0.9572487908 0.0228736436 0.2883601028 -80.9991117358 -0.2879726846 0.0188008756 -0.9574540511 -28.8383570333 -0.0273218851 -0.9995615656 -0.0114101309 -3.8925874287 0.0000000000 0.0000000000 0.0000000000 1.0000000000
-0.9575417237 0.0247828260 0.2872275384 -80.9837368285 -0.2868990099 0.0160017969 -0.9578271768 -28.8940580787 -0.0283338210 -0.9995647823 -0.0082122200 -3.8997857351 0.0000000000 0.0000000000 0.0000000000 1.0000000000
-0.9580843453 0.0205414920 0.2857489009 -80.9678910112 -0.2855813128 0.0107375713 -0.9582943276 -28.9500905759 -0.0227530444 -0.9997313397 -0.0044212328 -3.9064273455 0.0000000000 0.0000000000 0.0000000000 1.0000000000
-0.9585642332 0.0136473118 0.2845494013 -80.9515554047 -0.2845037915 0.0052154934 -0.9586607279 -29.0062332412 -0.0145672074 -0.9998932691 -0.0011166735 -3.9107872558 0.0000000000 0.0000000000 0.0000000000 1.0000000000
-0.9563732606 0.0091514071 0.2920041748 -80.9341020547 -0.2920326714 -0.0019201383 -0.9564064157 -29.0619281612 -0.0081917760 -0.9999562815 0.0045088788 -3.9102039344 0.0000000000 0.0000000000 0.0000000000 1.0000000000
-0.9504423202 0.0096824499 0.3107501345 -80.9151129064 -0.3108073088 -0.0050621048 -0.9504594636 -29.1166523344 -0.0076297264 -0.9999403108 0.0078206148 -3.9058431465 0.0000000000 0.0000000000 0.0000000000 1.0000000000
-0.9496073870 0.0119445923 0.3132142035 -80.8967909170 -0.3133092619 -0.0071070475 -0.9496245554 -29.1710295584 -0.0091168499 -0.9999034036 0.0104912562 -3.9000983211 0.0000000000 0.0000000000 0.0000000000 1.0000000000
-0.9488451546 0.0111114229 0.3155462072 -80.8777738921 -0.3155628199 0.0002709350 -0.9489046492 -29.2247848696 -0.0106291734 -0.9999382295 0.0032492766 -3.8944517276 0.0000000000 0.0000000000 0.0000000000 1.0000000000
-0.9427724107 0.0081399149 0.3333375516 -80.8578409194 -0.3333000735 0.0056331904 -0.9428039712 -29.2777894453 -0.0095520980 -0.9999510033 -0.0025977822 -3.8886628286 0.0000000000 0.0000000000 0.0000000000 1.0000000000
-0.9407286805 0.0086677640 0.3390492879 -80.8390774753 -0.3390036856 0.0063229249 -0.9407637970 -29.3305776958 -0.0102981018 -0.9999424436 -0.0030097528 -3.8847892383 0.0000000000 0.0000000000 0.0000000000 1.0000000000
-0.9417264568 0.0110639235 0.3361976653 -80.8213489484 -0.3361608858 0.0050868956 -0.9417908379 -29.3831429260 -0.0121301042 -0.9999258538 -0.0010712058 -3.8854159162 0.0000000000 0.0000000000 0.0000000000 1.0000000000
-0.9434474444 0.0142919570 0.3312139181 -80.8039672708 -0.3312082828 0.0028281983 -0.9435534297 -29.4353703296 -0.0144219637 -0.9998938650 0.0020653581 -3.8903326369 0.0000000000 0.0000000000 0.0000000000 1.0000000000
-0.9441124136 0.0186004423 0.3290984260 -80.7863864544 -0.3291775794 -0.0012795600 -0.9442671677 -29.4873529718 -0.0171426858 -0.9998261780 0.0073308970 -3.8975209239 0.0000000000 0.0000000000 0.0000000000 1.0000000000
-0.9470037039 0.0237025599 0.3203469579 -80.7688898279 -0.3205306873 -0.0043044818 -0.9472283515 -29.5391857417 -0.0210728091 -0.9997097879 0.0116737581 -3.9053732088 0.0000000000 0.0000000000 0.0000000000 1.0000000000
-0.9500178454 0.0278774837 0.3109484514 -80.7510458650 -0.3112853052 -0.0085801910 -0.9502777694 -29.5904921560 -0.0238233559 -0.9995745226 0.0168291856 -3.9116248433 0.0000000000 0.0000000000 0.0000000000 1.0000000000
-0.9546648260 0.0295451909 0.2962130173 -80.7329949100 -0.2966788154 -0.0127745493 -0.9548918742 -29.6414833427 -0.0244284749 -0.9994818120 0.0209608451 -3.9129082183 0.0000000000 0.0000000000 0.0000000000 1.0000000000
-0.9594141557 0.0276049781 0.2806464735 -80.7147231024 -0.2811581429 -0.0167563720 -0.9595151498 -29.6922280054 -0.0217847780 -0.9994784586 0.0238376649 -3.9074003358 0.0000000000 0.0000000000 0.0000000000 1.0000000000
-0.9593625235 0.0241816887 0.2811383900 -80.6953710952 -0.2816656253 -0.0221427887 -0.9592570940 -29.7427391188 -0.0169712685 -0.9994623269 0.0280541121 -3.8999026341 0.0000000000 0.0000000000 0.0000000000 1.0000000000
-0.9687361450 0.0171577315 0.2474992800 -80.6776249259 -0.2478232572 -0.0203906570 -0.9685906536 -29.7945901716 -0.0115721454 -0.9996448536 0.0240052514 -3.8938311399 0.0000000000 0.0000000000 0.0000000000 1.0000000000
-0.9721366174 0.0039537376 0.2343816652 -80.6582329213 -0.2344147955 -0.0150431718 -0.9720202707 -29.8470091839 -0.0003172694 -0.9998790282 0.0155508327 -3.8893184402 0.0000000000 0.0000000000 0.0000000000 1.0000000000
-0.9687874068 -0.0078934581 0.2477673380 -80.6374581723 -0.2476985810 -0.0087575563 -0.9687975631 -29.8999105065 0.0098169994 -0.9999304968 0.0065290119 -3.8888210891 0.0000000000 0.0000000000 0.0000000000 1.0000000000
-0.9671497877 -0.0109357957 0.2539718421 -80.6178581078 -0.2539599693 -0.0024841437 -0.9672115399 -29.9538351533 0.0112081304 -0.9999371167 -0.0003747153 -3.8936171204 0.0000000000 0.0000000000 0.0000000000 1.0000000000
-0.9656586655 -0.0090195295 0.2596574472 -80.5990254334 -0.2596769112 0.0010379938 -0.9656949955 -30.0085291108 0.0084405917 -0.9999587845 -0.0033445112 -3.9022801607 0.0000000000 0.0000000000 0.0000000000 1.0000000000
-0.9637404783 -0.0105772790 0.2666316028 -80.5806156029 -0.2666489221 0.0002364206 -0.9637937002 -30.0638096895 0.0101312777 -0.9999440311 -0.0030482681 -3.9119041516 0.0000000000 0.0000000000 0.0000000000 1.0000000000
-0.9625166058 -0.0164242305 0.2707250047 -80.5628930433 -0.2707148727 -0.0028793883 -0.9626552689 -30.1194075538 0.0165903944 -0.9998609672 -0.0016748244 -3.9201098749 0.0000000000 0.0000000000 0.0000000000 1.0000000000
-0.9616617982 -0.0228477148 0.2732847741 -80.5462051549 -0.2732268351 -0.0056808473 -0.9619328587 -30.1748356228 0.0235304566 -0.9997228165 -0.0007795549 -3.9257362827 0.0000000000 0.0000000000 0.0000000000 1.0000000000
-0.9612788430 -0.0284214897 0.2741080168 -80.5303433974 -0.2738535640 -0.0125649641 -0.9616893195 -30.2297188350 0.0307768005 -0.9995170537 0.0042951079 -3.9255604472 0.0000000000 0.0000000000 0.0000000000 1.0000000000
-0.9571192935 -0.0307528990 0.2880571421 -80.5138428765 -0.2876987681 -0.0155992251 -0.9575939030 -30.2835640297 0.0339422568 -0.9994052848 0.0060827481 -3.9201089995 0.0000000000 0.0000000000 0.0000000000 1.0000000000
-0.9508439241 -0.0293498373 0.3082765302 -80.4971357893 -0.3077962207 -0.0197889061 -0.9512464905 -30.3363675131 0.0340193851 -0.9993732967 0.0097823922 -3.9134413953 0.0000000000 0.0000000000 0.0000000000 1.0000000000
-0.9470167504 -0.0244638624 0.3202511419 -80.4806070309 -0.3200017341 -0.0136133912 -0.9473191467 -30.3890478181 0.0275347893 -0.9996080207 0.0050636311 -3.9085554403 0.0000000000 0.0000000000 0.0000000000 1.0000000000
-0.9442225054 -0.0214595451 0.3286081985 -80.4639175443 -0.3285393969 -0.0067573330 -0.9444660942 -30.4417529101 0.0224883278 -0.9997468812 -0.0006698801 -3.9048350780 0.0000000000 0.0000000000 0.0000000000 1.0000000000
-0.9448809636 -0.0201011926 0.3267964300 -80.4484103082 -0.3267677860 -0.0047861396 -0.9450925388 -30.4949131697 0.0205615805 -0.9997864947 -0.0020460900 -3.9025261786 0.0000000000 0.0000000000 0.0000000000 1.0000000000
-0.9454017644 -0.0196224391 0.3253159445 -80.4334750753 -0.3253216701 -0.0029888803 -0.9455986874 -30.5484030752 0.0195272831 -0.9998029938 -0.0035579120 -3.9042635324 0.0000000000 0.0000000000 0.0000000000 1.0000000000
-0.9484523916 -0.0188461005 0.3163587923 -80.4194147298 -0.3163950735 -0.0011029946 -0.9486268712 -30.6023260509 0.0182268594 -0.9998217881 -0.0049166755 -3.9104485683 0.0000000000 0.0000000000 0.0000000000 1.0000000000
-0.9525153120 -0.0159692949 0.3040716398 -80.4054962289 -0.3040711569 -0.0025171747 -0.9526459969 -30.6564663870 0.0159784863 -0.9998693142 -0.0024581545 -3.9188321738 0.0000000000 0.0000000000 0.0000000000 1.0000000000
-0.9575333420 -0.0079002506 0.2882143039 -80.3914349688 -0.2881876497 -0.0043514846 -0.9575640674 -30.7107782439 0.0088191562 -0.9999593245 0.0018899370 -3.9275154548 0.0000000000 0.0000000000 0.0000000000 1.0000000000
-0.9614532652 0.0043970187 0.2749332373 -80.3766394686 -0.2749534038 -0.0049327225 -0.9614448991 -30.7649411931 -0.0028713219 -0.9999781670 0.0059515575 -3.9337041179 0.0000000000 0.0000000000 0.0000000000 1.0000000000
-0.9598756797 0.0135155333 0.2800999999 -80.3599591055 -0.2802290307 -0.0088102598 -0.9598927386 -30.8182636355 -0.0105057085 -0.9998698464 0.0122441989 -3.9346094168 0.0000000000 0.0000000000 0.0000000000 1.0000000000
-0.9628650670 0.0175716862 0.2694106504 -80.3436106642 -0.2696517196 -0.0131662241 -0.9628679041 -30.8712214904 -0.0133720917 -0.9997589141 0.0174155327 -3.9291704661 0.0000000000 0.0000000000 0.0000000000 1.0000000000
-0.9641092156 0.0168518290 0.2649706329 -80.3270225466 -0.2652852156 -0.0204537323 -0.9639530068 -30.9233324174 -0.0108247328 -0.9996487687 0.0241901729 -3.9196323507 0.0000000000 0.0000000000 0.0000000000 1.0000000000
-0.9676091321 0.0149239053 0.2520115960 -80.3115147431 -0.2523075483 -0.0232747917 -0.9673671408 -30.9754241624 -0.0085713782 -0.9996177075 0.0262863150 -3.9121622445 0.0000000000 0.0000000000 0.0000000000 1.0000000000
-0.9734871354 0.0092537215 0.2285545141 -80.2973244613 -0.2287099469 -0.0227104285 -0.9732296731 -31.0281780576 -0.0038154254 -0.9996992573 0.0242247281 -3.9074206601 0.0000000000 0.0000000000 0.0000000000 1.0000000000
-0.9756672773 0.0032109355 0.2192328761 -80.2830294753 -0.2192506394 -0.0215290499 -0.9754310110 -31.0815073658 0.0015878294 -0.9997630669 0.0217091891 -3.9067714962 0.0000000000 0.0000000000 0.0000000000 1.0000000000
-0.9772933193 0.0046636161 0.2118396062 -80.2695770129 -0.2118907887 -0.0203375778 -0.9770817144 -31.1357774691 -0.0002484296 -0.9997822931 0.0208639562 -3.9109964294 0.0000000000 0.0000000000 0.0000000000 1.0000000000
-0.9778448156 0.0109822115 0.2090428370 -80.2565207016 -0.2092161823 -0.0181851892 -0.9777003058 -31.1911864612 -0.0069358280 -0.9997743195 0.0200799494 -3.9181953366 0.0000000000 0.0000000000 0.0000000000 1.0000000000
-0.9755246900 0.0154006568 0.2193499463 -80.2428559387 -0.2195801073 -0.0152923413 -0.9754746131 -31.2476020491 -0.0116685755 -0.9997644543 0.0182997344 -3.9257826420 0.0000000000 0.0000000000 0.0000000000 1.0000000000
-0.9721259919 0.0158183594 0.2339248499 -80.2289887438 -0.2341568696 -0.0148617281 -0.9720852275 -31.3048007455 -0.0119002660 -0.9997644265 0.0181514497 -3.9323542259 0.0000000000 0.0000000000 0.0000000000 1.0000000000
-0.9690488159 0.0146602358 0.2464335000 -80.2153737793 -0.2466313321 -0.0136824869 -0.9690127840 -31.3625189210 -0.0108341328 -0.9997989133 0.0168746712 -3.9376320186 0.0000000000 0.0000000000 0.0000000000 1.0000000000
-0.9651736517 0.0155024815 0.2611503306 -80.2019033364 -0.2613602193 -0.0135232431 -0.9651465991 -31.4202307520 -0.0114305679 -0.9997883751 0.0171040099 -3.9396728748 0.0000000000 0.0000000000 0.0000000000 1.0000000000
-0.9606454676 0.0192432845 0.2771100531 -80.1883614008 -0.2773939492 -0.0140580747 -0.9606534065 -31.4775933504 -0.0145904929 -0.9997159929 0.0188427964 -3.9360020299 0.0000000000 0.0000000000 0.0000000000 1.0000000000
-0.9575101387 0.0219106091 0.2875660960 -80.1751118999 -0.2878784842 -0.0126986059 -0.9575827503 -31.5345436232 -0.0173295328 -0.9996792839 0.0184666368 -3.9296417060 0.0000000000 0.0000000000 0.0000000000 1.0000000000
-0.9601945685 0.0197136760 0.2786355353 -80.1627180117 -0.2788522857 -0.0092107821 -0.9602898335 -31.5915604978 -0.0163643915 -0.9997632382 0.0143413466 -3.9231313044 0.0000000000 0.0000000000 0.0000000000 1.0000000000
-0.9610310335 0.0133447685 0.2761182170 -80.1489111358 -0.2761245187 0.0014044702 -0.9611208444 -31.6482934424 -0.0132137350 -0.9999099683 0.0023350784 -3.9171095515 0.0000000000 0.0000000000 0.0000000000 1.0000000000
-0.9609722630 0.0050374040 0.2765988688 -80.1340672634 -0.2765620904 0.0069445174 -0.9609709589 -31.7047002870 -0.0067616446 -0.9999631984 -0.0052803337 -3.9125293898 0.0000000000 0.0000000000 0.0000000000 1.0000000000
-0.9642418625 -0.0004502662 0.2650234477 -80.1195558151 -0.2650165153 0.0090678938 -0.9642012341 -31.7610978902 -0.0019690573 -0.9999587844 -0.0088629708 -3.9118128806 0.0000000000 0.0000000000 0.0000000000 1.0000000000
-0.9660329293 -0.0048957852 0.2583726201 -80.1046134424 -0.2584123127 0.0111083974 -0.9659708485 -31.8172204636 0.0018590800 -0.9999263147 -0.0119962089 -3.9160255881 0.0000000000 0.0000000000 0.0000000000 1.0000000000
-0.9671939283 -0.0097959051 0.2538502419 -80.0892027733 -0.2539584226 0.0120896312 -0.9671395765 -31.8729351276 0.0064050517 -0.9998789332 -0.0141807706 -3.9237213618 0.0000000000 0.0000000000 0.0000000000 1.0000000000
-0.9698577786 -0.0121223811 0.2433699595 -80.0735674619 -0.2434842851 0.0090493796 -0.9698626251 -31.9282594872 0.0095546973 -0.9998855718 -0.0117282205 -3.9328181271 0.0000000000 0.0000000000 0.0000000000 1.0000000000
-0.9726224460 -0.0103453495 0.2321606154 -80.0574491079 -0.2322223509 0.0052137342 -0.9726487530 -31.9831386675 0.0088519676 -0.9999328931 -0.0074734163 -3.9412874171 0.0000000000 0.0000000000 0.0000000000 1.0000000000
-0.9717573241 -0.0055664697 0.2359167597 -80.0397867168 -0.2359245137 0.0007706882 -0.9717710789 -32.0373038862 0.0052275160 -0.9999842101 -0.0020621886 -3.9468595509 0.0000000000 0.0000000000 0.0000000000 1.0000000000
-0.9733797166 -0.0024673813 0.2291851640 -80.0218647563 -0.2291744921 -0.0039786387 -0.9733772252 -32.0913664532 0.0033135377 -0.9999890412 0.0033072654 -3.9464255630 0.0000000000 0.0000000000 0.0000000000 1.0000000000
-0.9757226861 -0.0045432048 0.2189625518 -80.0040621481 -0.2189220615 -0.0080450668 -0.9757091820 -32.1455404682 0.0061944150 -0.9999573172 0.0068551464 -3.9387081650 0.0000000000 0.0000000000 0.0000000000 1.0000000000
-0.9716512979 -0.0125637238 0.2360845361 -79.9854696010 -0.2360022249 -0.0076951905 -0.9717220456 -32.1994669433 0.0140251628 -0.9998914626 0.0045119750 -3.9297500435 0.0000000000 0.0000000000 0.0000000000 1.0000000000
-0.9733522634 -0.0189646668 0.2285294571 -79.9698996055 -0.2285503465 -0.0010875578 -0.9735314871 -32.2542890350 0.0187112393 -0.9998195630 -0.0032758044 -3.9230558322 0.0000000000 0.0000000000 0.0000000000 1.0000000000
-0.9762203169 -0.0218253938 0.2156792645 -79.9564452236 -0.2158650637 0.0065207728 -0.9764014307 -32.3101243491 0.0199039502 -0.9997405322 -0.0110770509 -3.9191614068 0.0000000000 0.0000000000 0.0000000000 1.0000000000
-0.9754957756 -0.0180319830 0.2192779957 -79.9436983952 -0.2195404993 0.0141381526 -0.9755009389 -32.3666073822 0.0144900306 -0.9997374456 -0.0177504586 -3.9193073599 0.0000000000 0.0000000000 0.0000000000 1.0000000000
-0.9741027428 -0.0094209003 0.2259094797 -79.9321803463 -0.2260627442 0.0210749104 -0.9738847385 -32.4238415695 0.0044138489 -0.9997335119 -0.0226588426 -3.9232943887 0.0000000000 0.0000000000 0.0000000000 1.0000000000
-0.9715426818 -0.0020061750 0.2368560592 -79.9211300509 -0.2368237626 0.0267848494 -0.9711833387 -32.4816547599 -0.0043957901 -0.9996392085 -0.0264977343 -3.9296993239 0.0000000000 0.0000000000 0.0000000000 1.0000000000
-0.9682613454 -0.0013451772 0.2499363069 -79.9099102922 -0.2498640761 0.0298437685 -0.9678208992 -32.5397583693 -0.0061571507 -0.9995536704 -0.0292326789 -3.9368932990 0.0000000000 0.0000000000 0.0000000000 1.0000000000
-0.9641507275 -0.0044084416 0.2653185639 -79.8982202015 -0.2653294989 0.0299281929 -0.9636931878 -32.5978017445 -0.0036921200 -0.9995423297 -0.0300249785 -3.9430449980 0.0000000000 0.0000000000 0.0000000000 1.0000000000
-0.9616945897 -0.0096047689 0.2739548587 -79.8866895647 -0.2741160557 0.0264915025 -0.9613316744 -32.6556942699 0.0019758927 -0.9996028955 -0.0281095560 -3.9465712460 0.0000000000 0.0000000000 0.0000000000 1.0000000000
-0.9588683157 -0.0165438383 0.2833687608 -79.8751240864 -0.2836297376 0.0164076021 -0.9587934932 -32.7130992753 0.0112127226 -0.9997285092 -0.0204250543 -3.9452596011 0.0000000000 0.0000000000 0.0000000000 1.0000000000
-0.9532745724 -0.0172528366 0.3016122166 -79.8630032690 -0.3017613326 0.0067529841 -0.9533595835 -32.7696901419 0.0144113746 -0.9998283537 -0.0116436870 -3.9398794892 0.0000000000 0.0000000000 0.0000000000 1.0000000000
-0.9542410552 -0.0157441058 0.2986237292 -79.8526220615 -0.2986253958 -0.0022998777 -0.9543676354 -32.8262099479 0.0157124631 -0.9998734088 -0.0025069521 -3.9333256614 0.0000000000 0.0000000000 0.0000000000 1.0000000000
-0.9603579849 -0.0135621258 0.2784395978 -79.8435837653 -0.2784639299 -0.0000980280 -0.9604466826 -32.8830140958 0.0130529936 -0.9999080253 -0.0036824209 -3.9274438330 0.0000000000 0.0000000000 0.0000000000 1.0000000000
-0.9600519582 -0.0111489528 0.2795996036 -79.8332397856 -0.2797004957 0.0088168275 -0.9600468198 -32.9394284261 0.0082383352 -0.9998989771 -0.0115829801 -3.9212488299 0.0000000000 0.0000000000 0.0000000000 1.0000000000
-0.9554737308 -0.0089434373 0.2949406123 -79.8220797265 -0.2950406994 0.0134567129 -0.9553899218 -32.9954182549 0.0045755388 -0.9998694574 -0.0154962137 -3.9157347496 0.0000000000 0.0000000000 0.0000000000 1.0000000000
-0.9547170156 -0.0037592178 0.2974916611 -79.8117001499 -0.2975135715 0.0155798779 -0.9545904578 -33.0512812349 -0.0010463703 -0.9998715596 -0.0159927929 -3.9141456444 0.0000000000 0.0000000000 0.0000000000 1.0000000000
-0.9577786530 0.0019898799 0.2874997257 -79.8016552994 -0.2874361752 0.0155063739 -0.9576742649 -33.1068897052 -0.0063637350 -0.9998777889 -0.0142797104 -3.9173330618 0.0000000000 0.0000000000 0.0000000000 1.0000000000
-0.9621349935 0.0052436998 0.2725229492 -79.7909131143 -0.2724393769 0.0128483052 -0.9620871618 -33.1620003264 -0.0085463542 -0.9999037077 -0.0109332137 -3.9237192033 0.0000000000 0.0000000000 0.0000000000 1.0000000000
-0.9657607941 0.0066021390 0.2593501502 -79.7787767932 -0.2592960997 0.0080463638 -0.9657643546 -33.2163667634 -0.0084629361 -0.9999458324 -0.0060589538 -3.9319004916 0.0000000000 0.0000000000 0.0000000000 1.0000000000
-0.9698893527 0.0077585360 0.2434223668 -79.7656248399 -0.2434090081 0.0026363270 -0.9699201537 -33.2699726909 -0.0081669014 -0.9999664269 -0.0006684480 -3.9398570419 0.0000000000 0.0000000000 0.0000000000 1.0000000000
-0.9729594773 0.0074393022 0.2308560426 -79.7511274983 -0.2308767836 -0.0020498153 -0.9729808369 -33.3225824389 -0.0067650863 -0.9999702271 0.0037119494 -3.9444381089 0.0000000000 0.0000000000 0.0000000000 1.0000000000
-0.9786141781 0.0063943528 0.2056049678 -79.7370629151 -0.2056420770 -0.0058135561 -0.9786100034 -33.3743597754 -0.0050622816 -0.9999626567 0.0070041764 -3.9424650701 0.0000000000 0.0000000000 0.0000000000 1.0000000000
-0.9797234962 0.0071244534 0.2002276534 -79.7220575190 -0.2002923762 -0.0099698846 -0.9796854421 -33.4249469633 -0.0049834767 -0.9999249190 0.0111947039 -3.9355324179 0.0000000000 0.0000000000 0.0000000000 1.0000000000
-0.9795593882 0.0076659087 0.2010090518 -79.7069429411 -0.2010692627 -0.0081120661 -0.9795434375 -33.4750913130 -0.0058784918 -0.9999377122 0.0094876292 -3.9286124942 0.0000000000 0.0000000000 0.0000000000 1.0000000000
-0.9801151642 0.0059840364 0.1983392451 -79.6922617748 -0.1983673831 -0.0045405509 -0.9801172199 -33.5253843439 -0.0049644877 -0.9999717870 0.0056373004 -3.9235828263 0.0000000000 0.0000000000 0.0000000000 1.0000000000
-0.9801964674 0.0044729191 0.1979769641 -79.6777935406 -0.1980008541 -0.0057413796 -0.9801850327 -33.5759667194 -0.0032476274 -0.9999735144 0.0065133218 -3.9220608654 0.0000000000 0.0000000000 0.0000000000 1.0000000000
-0.9809612922 0.0057376277 0.1941185791 -79.6638565275 -0.1941624591 -0.0084635419 -0.9809328764 -33.6272789980 -0.0039852969 -0.9999477227 0.0094164389 -3.9255556511 0.0000000000 0.0000000000 0.0000000000 1.0000000000
-0.9815663525 0.0069224712 0.1909962696 -79.6499685551 -0.1910487675 -0.0079378549 -0.9815484496 -33.6797070348 -0.0052786402 -0.9999445334 0.0091140609 -3.9332896754 0.0000000000 0.0000000000 0.0000000000 1.0000000000
-0.9812732702 0.0028529707 0.1925996618 -79.6354783121 -0.1926177473 -0.0089125542 -0.9812333921 -33.7334043283 -0.0010828752 -0.9999562125 0.0092951840 -3.9424688249 0.0000000000 0.0000000000 0.0000000000 1.0000000000
-0.9817848074 -0.0030259980 0.1899721960 -79.6207780172 -0.1899354298 -0.0096751890 -0.9817489105 -33.7884963745 0.0048087872 -0.9999486157 0.0089242094 -3.9510210038 0.0000000000 0.0000000000 0.0000000000 1.0000000000
-0.9806127073 -0.0093953487 0.1957305435 -79.6052569898 -0.1956290374 -0.0107308696 -0.9806192575 -33.8446078764 0.0113136188 -0.9998982828 0.0086848241 -3.9581908259 0.0000000000 0.0000000000 0.0000000000 1.0000000000
-0.9789426840 -0.0134311274 0.2036929703 -79.5894718444 -0.2035026433 -0.0142884334 -0.9789701297 -33.9014422536 0.0160591260 -0.9998077043 0.0112542874 -3.9616878560 0.0000000000 0.0000000000 0.0000000000 1.0000000000
-0.9766645210 -0.0134106165 0.2143515078 -79.5732180561 -0.2140725892 -0.0196143239 -0.9766208091 -33.9585471370 0.0173014471 -0.9997176770 0.0162857688 -3.9590184787 0.0000000000 0.0000000000 0.0000000000 1.0000000000
-0.9724008734 -0.0098663154 0.2331076944 -79.5563349383 -0.2328742419 -0.0204379629 -0.9722920740 -34.0155840169 0.0143571867 -0.9997424396 0.0175762822 -3.9523132507 0.0000000000 0.0000000000 0.0000000000 1.0000000000
-0.9698536170 -0.0063298176 0.2436060242 -79.5398406454 -0.2434621714 -0.0178817415 -0.9697455411 -34.0727331610 0.0104944123 -0.9998200722 0.0158016005 -3.9455697788 0.0000000000 0.0000000000 0.0000000000 1.0000000000
-0.9685384457 -0.0023408586 0.2488529679 -79.5231511474 -0.2488326773 -0.0067498392 -0.9685229674 -34.1302035057 0.0039468928 -0.9999744797 0.0059549967 -3.9406849972 0.0000000000 0.0000000000 0.0000000000 1.0000000000
-0.9647287429 0.0000641620 0.2632459849 -79.5055423067 -0.2632423996 0.0049897117 -0.9647168195 -34.1877937706 -0.0013754197 -0.9999875493 -0.0047968281 -3.9381194064 0.0000000000 0.0000000000 0.0000000000 1.0000000000
-0.9622819270 0.0025810390 0.2720419658 -79.4881385301 -0.2719735264 0.0152248930 -0.9621842877 -34.2458527649 -0.0066252450 -0.9998807633 -0.0139486651 -3.9392891789 0.0000000000 0.0000000000 0.0000000000 1.0000000000
-0.9627033414 0.0027006787 0.2705457129 -79.4709077513 -0.2703947878 0.0252503034 -0.9624183503 -34.3042585554 -0.0094305441 -0.9996775123 -0.0235783020 -3.9448670531 0.0000000000 0.0000000000 0.0000000000 1.0000000000
-0.9637115403 0.0016931403 0.2669404433 -79.4528819483 -0.2667375479 0.0333851117 -0.9631907988 -34.3625645595 -0.0105426537 -0.9994411276 -0.0317219933 -3.9531858366 0.0000000000 0.0000000000 0.0000000000 1.0000000000
-0.9631988061 0.0014919880 0.2687858513 -79.4332178123 -0.2685477009 0.0371078585 -0.9625513696 -34.4203192976 -0.0114101825 -0.9993101525 -0.0353415750 -3.9617537534 0.0000000000 0.0000000000 0.0000000000 1.0000000000
-0.9649757993 0.0009652607 0.2623371402 -79.4128712364 -0.2621160136 0.0376665385 -0.9643010045 -34.4774464183 -0.0108121338 -0.9992898980 -0.0360942878 -3.9691431717 0.0000000000 0.0000000000 0.0000000000 1.0000000000
-0.9669488568 -0.0009740147 0.2549685464 -79.3919204112 -0.2548340248 0.0363948557 -0.9662996607 -34.5337188508 -0.0083383533 -0.9993370131 -0.0354401762 -3.9738802463 0.0000000000 0.0000000000 0.0000000000 1.0000000000
-0.9713385614 -0.0005966243 0.2376994807 -79.3717390666 -0.2375811870 0.0340811204 -0.9707696209 -34.5896085421 -0.0075218798 -0.9994188918 -0.0332460532 -3.9732138572 0.0000000000 0.0000000000 0.0000000000 1.0000000000
-0.9752887721 0.0005183700 0.2209333438 -79.3526390476 -0.2208010095 0.0323986683 -0.9747806115 -34.6451988614 -0.0076632431 -0.9994748909 -0.0314836008 -3.9662035068 0.0000000000 0.0000000000 0.0000000000 1.0000000000
-0.9736890273 0.0040008575 0.2278457181 -79.3337600560 -0.2275868051 0.0337027797 -0.9731743774 -34.7002445098 -0.0115725660 -0.9994238919 -0.0319054844 -3.9575789647 0.0000000000 0.0000000000 0.0000000000 1.0000000000
-0.9758786216 0.0062565990 0.2182241297 -79.3173718649 -0.2177834563 0.0417328749 -0.9751044730 -34.7557686011 -0.0152079580 -0.9991092143 -0.0393636367 -3.9508397119 0.0000000000 0.0000000000 0.0000000000 1.0000000000
-0.9767782885 0.0039243141 0.2142166541 -79.3015956433 -0.2137614282 0.0498121134 -0.9756150907 -34.8116156847 -0.0144992044 -0.9987508964 -0.0478165239 -3.9472077179 0.0000000000 0.0000000000 0.0000000000 1.0000000000
-0.9767978638 0.0023487584 0.2141504532 -79.2863488526 -0.2136904630 0.0557231128 -0.9753108842 -34.8676758535 -0.0142238995 -0.9984434977 -0.0539283103 -3.9486637500 0.0000000000 0.0000000000 0.0000000000 1.0000000000
-0.9791642808 0.0048591433 0.2030115756 -79.2727649267 -0.2023924545 0.0582285163 -0.9775718563 -34.9243167107 -0.0165712246 -0.9982914547 -0.0560318293 -3.9548636764 0.0000000000 0.0000000000 0.0000000000 1.0000000000
-0.9799109514 0.0063360040 0.1993348501 -79.2594634399 -0.1986167440 0.0594719138 -0.9782711692 -34.9816481770 -0.0180531551 -0.9982098710 -0.0570187432 -3.9631114993 0.0000000000 0.0000000000 0.0000000000 1.0000000000
-0.9794846681 0.0049578394 0.2014576995 -79.2463993284 -0.2008223305 0.0590221119 -0.9778480362 -35.0397547132 -0.0167384724 -0.9982443639 -0.0568156088 -3.9706328024 0.0000000000 0.0000000000 0.0000000000 1.0000000000
-0.9784532375 0.0024074927 0.2064545133 -79.2337495478 -0.2059833537 0.0571289642 -0.9768864517 -35.0982518246 -0.0141463795 -0.9983639043 -0.0554021165 -3.9761305147 0.0000000000 0.0000000000 0.0000000000 1.0000000000
-0.9760571467 0.0017909564 0.2175068707 -79.2213247878 -0.2170657076 0.0561646307 -0.9745398980 -35.1564870395 -0.0139615516 -0.9984199150 -0.0544311339 -3.9787933159 0.0000000000 0.0000000000 0.0000000000 1.0000000000
-0.9734022892 0.0023472352 0.2290905365 -79.2086745774 -0.2286749080 0.0511146881 -0.9721600049 -35.2143876903 -0.0139917796 -0.9986900316 -0.0492184006 -3.9752234708 0.0000000000 0.0000000000 0.0000000000 1.0000000000
-0.9705344747 0.0043195380 0.2409235874 -79.1956030950 -0.2404607596 0.0471145819 -0.9695147442 -35.2715199497 -0.0155388698 -0.9988801519 -0.0446876466 -3.9668267846 0.0000000000 0.0000000000 0.0000000000 1.0000000000
-0.9690493787 0.0042524989 0.2468303423 -79.1825557233 -0.2464585512 0.0408249923 -0.9682930871 -35.3276641598 -0.0141945121 -0.9991572630 -0.0385133687 -3.9585842084 0.0000000000 0.0000000000 0.0000000000 1.0000000000
-0.9714858839 0.0016194365 0.2370918701 -79.1700389662 -0.2368319752 0.0406752054 -0.9706987912 -35.3833268061 -0.0112157456 -0.9991711090 -0.0391318535 -3.9534386048 0.0000000000 0.0000000000 0.0000000000 1.0000000000
-0.9749442670 -0.0021098994 0.2224392604 -79.1570224967 -0.2223171024 0.0437062459 -0.9739942864 -35.4388979242 -0.0076669551 -0.9990421975 -0.0430802206 -3.9504376076 0.0000000000 0.0000000000 0.0000000000 1.0000000000
-0.9765190997 -0.0067760443 0.2153242513 -79.1431832950 -0.2154169398 0.0420680441 -0.9756156117 -35.4944738387 -0.0024474555 -0.9990917700 -0.0425399233 -3.9493830178 0.0000000000 0.0000000000 0.0000000000 1.0000000000
-0.9758227906 -0.0104604849 0.2183127566 -79.1286171787 -0.2185611132 0.0423163129 -0.9749053131 -35.5500498700 0.0009597914 -0.9990495022 -0.0435794778 -3.9525129428 0.0000000000 0.0000000000 0.0000000000 1.0000000000
-0.9760696664 -0.0119856954 0.2171274957 -79.1140330582 -0.2174471874 0.0438127600 -0.9750882846 -35.6058360611 0.0021741563 -0.9989678599 -0.0453705618 -3.9591133420 0.0000000000 0.0000000000 0.0000000000 1.0000000000
-0.9761547106 -0.0145665635 0.2165866946 -79.0984915326 -0.2170141070 0.0416643878 -0.9752789120 -35.6619061487 0.0051825102 -0.9990254722 -0.0438320381 -3.9665256718 0.0000000000 0.0000000000 0.0000000000 1.0000000000
-0.9764082558 -0.0165719805 0.2152958140 -79.0819685353 -0.2158010336 0.0400805057 -0.9756144048 -35.7183656760 0.0075386978 -0.9990590185 -0.0427111872 -3.9733511344 0.0000000000 0.0000000000 0.0000000000 1.0000000000
-0.9766381326 -0.0182535580 0.2141139079 -79.0646998531 -0.2146798782 0.0387660841 -0.9759148224 -35.7749255206 0.0095135601 -0.9990815774 -0.0417791076 -3.9785602806 0.0000000000 0.0000000000 0.0000000000 1.0000000000
-0.9786066575 -0.0180305688 0.2049485511 -79.0475839567 -0.2054925701 0.0368044340 -0.9779663784 -35.8318703943 0.0100902747 -0.9991598132 -0.0397222121 -3.9790850171 0.0000000000 0.0000000000 0.0000000000 1.0000000000
-0.9849398788 -0.0180886475 0.1719483526 -79.0319182526 -0.1725350516 0.0384961657 -0.9842508325 -35.8896513682 0.0111844141 -0.9990950135 -0.0410373346 -3.9727124270 0.0000000000 0.0000000000 0.0000000000 1.0000000000
-0.9848444277 -0.0200725057 0.1722746289 -79.0147352204 -0.1729870300 0.0419351932 -0.9840309584 -35.9472256427 0.0125275972 -0.9989186824 -0.0447719245 -3.9627476678 0.0000000000 0.0000000000 0.0000000000 1.0000000000
-0.9856810720 -0.0233320715 0.1669983198 -78.9985590336 -0.1680318351 0.0532400891 -0.9843428241 -36.0050207747 0.0140757517 -0.9983091241 -0.0563982789 -3.9544283291 0.0000000000 0.0000000000 0.0000000000 1.0000000000
-0.9865696020 -0.0284508456 0.1608445518 -78.9829132422 -0.1623830521 0.0643189237 -0.9846292807 -36.0628767754 0.0176681872 -0.9975237468 -0.0680750301 -3.9492273009 0.0000000000 0.0000000000 0.0000000000 1.0000000000
-0.9861013616 -0.0337465836 0.1626815072 -78.9671643552 -0.1647168000 0.0704687367 -0.9838203764 -36.1204068789 0.0217366163 -0.9969429900 -0.0750479465 -3.9490109732 0.0000000000 0.0000000000 0.0000000000 1.0000000000
-0.9875590896 -0.0343905904 0.1534416234 -78.9527791630 -0.1556195005 0.0736590737 -0.9850669581 -36.1778637077 0.0225746664 -0.9966903371 -0.0780945342 -3.9539637635 0.0000000000 0.0000000000 0.0000000000 1.0000000000
-0.9878026614 -0.0317381288 0.1524420985 -78.9383295512 -0.1544788910 0.0768350587 -0.9850038812 -36.2353814752 0.0195492825 -0.9965385416 -0.0808007464 -3.9615804558 0.0000000000 0.0000000000 0.0000000000 1.0000000000
-0.9862082558 -0.0320920906 0.1623680202 -78.9231514791 -0.1644072706 0.0769400541 -0.9833872469 -36.2932098828 0.0190663484 -0.9965191046 -0.0811550895 -3.9683745854 0.0000000000 0.0000000000 0.0000000000 1.0000000000
-0.9848748938 -0.0362744043 0.1694273036 -78.9080363460 -0.1717460743 0.0751026553 -0.9822743390 -36.3511160819 0.0229069762 -0.9965158096 -0.0801967062 -3.9732957990 0.0000000000 0.0000000000 0.0000000000 1.0000000000
-0.9833162832 -0.0387326549 0.1777325761 -78.8933792935 -0.1801561226 0.0722396829 -0.9809817530 -36.4084848902 0.0251566828 -0.9966349430 -0.0780123815 -3.9763295506 0.0000000000 0.0000000000 0.0000000000 1.0000000000
-0.9828777087 -0.0375443617 0.1803935437 -78.8796371861 -0.1824845668 0.0627957150 -0.9812013458 -36.4651961704 0.0255106367 -0.9973199683 -0.0685717751 -3.9745250324 0.0000000000 0.0000000000 0.0000000000 1.0000000000
-0.9830527042 -0.0334311825 0.1802490965 -78.8661528915 -0.1819045433 0.0558019163 -0.9817315739 -36.5209143406 0.0227622024 -0.9978820081 -0.0609375087 -3.9681475775 0.0000000000 0.0000000000 0.0000000000 1.0000000000
-0.9813662141 -0.0296438381 0.1898462448 -78.8527985061 -0.1910431109 0.0447910031 -0.9805591751 -36.5751464875 0.0205641337 -0.9985564626 -0.0496196282 -3.9619410455 0.0000000000 0.0000000000 0.0000000000 1.0000000000
-0.9815285003 -0.0228726148 0.1899437987 -78.8403068602 -0.1907253095 0.0390275123 -0.9808673252 -36.6289821732 0.0150219666 -0.9989763244 -0.0426690021 -3.9583418022 0.0000000000 0.0000000000 0.0000000000 1.0000000000
-0.9828799431 -0.0151725158 0.1836213829 -78.8277130581 -0.1841210779 0.0440200047 -0.9819173427 -36.6835382267 0.0068151423 -0.9989154288 -0.0460599597 -3.9557295753 0.0000000000 0.0000000000 0.0000000000 1.0000000000
-0.9824153864 -0.0098000780 0.1864509778 -78.8144163935 -0.1867069013 0.0476288968 -0.9812604248 -36.7392094881 0.0007359744 -0.9988170236 -0.0486211033 -3.9530790906 0.0000000000 0.0000000000 0.0000000000 1.0000000000
-0.9798084672 -0.0076831372 0.1997907330 -78.8003978851 -0.1999160508 0.0525910453 -0.9784006105 -36.7959350124 -0.0029900174 -0.9985865768 -0.0530651339 -3.9527501087 0.0000000000 0.0000000000 0.0000000000 1.0000000000
-0.9783188435 -0.0063588538 0.2070067762 -78.7863941887 -0.2069998432 0.0617824731 -0.9763882378 -36.8535959134 -0.0065806805 -0.9980693819 -0.0617592393 -3.9562152238 0.0000000000 0.0000000000 0.0000000000 1.0000000000
-0.9766828164 -0.0043962401 0.2146423752 -78.7717306323 -0.2144408995 0.0678727849 -0.9743758955 -36.9117578026 -0.0102847854 -0.9976842978 -0.0672329164 -3.9616021384 0.0000000000 0.0000000000 0.0000000000 1.0000000000
-0.9760333070 -0.0023177855 0.2176088498 -78.7564813466 -0.2172457071 0.0690923740 -0.9736686020 -36.9701227763 -0.0127783570 -0.9976075740 -0.0679399872 -3.9664927333 0.0000000000 0.0000000000 0.0000000000 1.0000000000
-0.9790393012 0.0001393619 0.2036713708 -78.7411813076 -0.2031631922 0.0699321940 -0.9766443598 -37.0283975666 -0.0143792928 -0.9975517374 -0.0684380531 -3.9693933967 0.0000000000 0.0000000000 0.0000000000 1.0000000000
-0.9791780361 0.0029596592 0.2029818073 -78.7241035097 -0.2022941168 0.0692848166 -0.9768708740 -37.0860440290 -0.0169547621 -0.9975925293 -0.0672434490 -3.9677986908 0.0000000000 0.0000000000 0.0000000000 1.0000000000
-0.9824980006 0.0004550728 0.1862725738 -78.7074137619 -0.1858050314 0.0684548165 -0.9801991779 -37.1435339395 -0.0131973168 -0.9976541139 -0.0671721655 -3.9598720110 0.0000000000 0.0000000000 0.0000000000 1.0000000000
-0.9825938711 -0.0034784853 0.1857341771 -78.6901077759 -0.1855486691 0.0668096144 -0.9803612430 -37.2002824929 -0.0089986566 -0.9977596783 -0.0662921460 -3.9494324269 0.0000000000 0.0000000000 0.0000000000 1.0000000000
-0.9857610666 -0.0083777102 0.1679432450 -78.6744988083 -0.1681136739 0.0704447541 -0.9832473388 -37.2569958957 -0.0035933594 -0.9974805014 -0.0708501035 -3.9409659861 0.0000000000 0.0000000000 0.0000000000 1.0000000000
-0.9876624359 -0.0155093702 0.1558280213 -78.6592388228 -0.1565517128 0.0736135729 -0.9849226381 -37.3136798014 0.0038044724 -0.9971662355 -0.0751333792 -3.9354829728 0.0000000000 0.0000000000 0.0000000000 1.0000000000
-0.9877377120 -0.0209535440 0.1547099263 -78.6440874293 -0.1558541248 0.0742674809 -0.9849841791 -37.3702360859 0.0091489929 -0.9970181996 -0.0766224879 -3.9349301132 0.0000000000 0.0000000000 0.0000000000 1.0000000000
-0.9891139149 -0.0209624666 0.1456510840 -78.6303439891 -0.1468160466 0.0737530945 -0.9864104265 -37.4268711698 0.0099353775 -0.9970561950 -0.0760278386 -3.9398437980 0.0000000000 0.0000000000 0.0000000000 1.0000000000
-0.9887051408 -0.0193530597 0.1486189882 -78.6164975942 -0.1496254704 0.0704029718 -0.9862330557 -37.4836213369 0.0086234087 -0.9973308782 -0.0725034908 -3.9481497338 0.0000000000 0.0000000000 0.0000000000 1.0000000000
-0.9882859159 -0.0221358616 0.1509998413 -78.6028219772 -0.1521259853 0.0638478206 -0.9862966797 -37.5410004323 0.0121915160 -0.9977141171 -0.0664673416 -3.9563032281 0.0000000000 0.0000000000 0.0000000000 1.0000000000
-0.9890285936 -0.0297364641 0.1447003240 -78.5897374303 -0.1461542802 0.0545467336 -0.9877568427 -37.5990240943 0.0214794658 -0.9980683326 -0.0582943907 -3.9622235027 0.0000000000 0.0000000000 0.0000000000 1.0000000000
-0.9897238879 -0.0376799480 0.1379378381 -78.5770990410 -0.1396349848 0.0468908417 -0.9890921696 -37.6573730334 0.0308009202 -0.9981890956 -0.0516704251 -3.9644491169 0.0000000000 0.0000000000 0.0000000000 1.0000000000
-0.9890217780 -0.0418016964 0.1417340499 -78.5640466272 -0.1432715846 0.0364055901 -0.9890135925 -37.7156964561 0.0361825342 -0.9984624436 -0.0419949168 -3.9600266204 0.0000000000 0.0000000000 0.0000000000 1.0000000000
-0.9876189603 -0.0374542581 0.1523350511 -78.5507492492 -0.1534261832 0.0282086413 -0.9877573988 -37.7736897272 0.0326985557 -0.9989001207 -0.0336058528 -3.9512461746 0.0000000000 0.0000000000 0.0000000000 1.0000000000
-0.9870471007 -0.0296927973 0.1576589954 -78.5383114990 -0.1582521792 0.0188021806 -0.9872196948 -37.8313495786 0.0263489813 -0.9993822171 -0.0232575878 -3.9433853781 0.0000000000 0.0000000000 0.0000000000 1.0000000000
-0.9873776794 -0.0215559935 0.1569097112 -78.5260922088 -0.1574014984 0.0234022296 -0.9872573646 -37.8893047140 0.0176092763 -0.9994937092 -0.0264997848 -3.9390165274 0.0000000000 0.0000000000 0.0000000000 1.0000000000
-0.9858232572 -0.0151509663 0.1671016274 -78.5125675142 -0.1675231929 0.0330444995 -0.9853141838 -37.9477969421 0.0094066723 -0.9993390362 -0.0351141744 -3.9363244319 0.0000000000 0.0000000000 0.0000000000 1.0000000000
-0.9833935131 -0.0116462682 0.1811120174 -78.4985297579 -0.1814258188 0.0373697410 -0.9826943445 -38.0070492221 0.0046766127 -0.9992336398 -0.0388620947 -3.9346852950 0.0000000000 0.0000000000 0.0000000000 1.0000000000
-0.9817898285 -0.0102521585 0.1896935054 -78.4842927485 -0.1899601427 0.0426319337 -0.9808657719 -38.0671375555 0.0019689905 -0.9990382432 -0.0438031004 -3.9371215540 0.0000000000 0.0000000000 0.0000000000 1.0000000000
-0.9808493985 -0.0111882026 0.1944460893 -78.4698601335 -0.1947600905 0.0475157647 -0.9796993208 -38.1275496561 0.0017218199 -0.9988078275 -0.0487848245 -3.9437539041 0.0000000000 0.0000000000 0.0000000000 1.0000000000
-0.9803560937 -0.0104797238 0.1969571147 -78.4548277984 -0.1972329046 0.0467520762 -0.9792412495 -38.1879328532 0.0010540238 -0.9988515499 -0.0479006291 -3.9520165298 0.0000000000 0.0000000000 0.0000000000 1.0000000000
-0.9829571351 -0.0087299846 0.1836274976 -78.4398754092 -0.1838335762 0.0428876539 -0.9820213162 -38.2482466329 0.0006976784 -0.9990417591 -0.0437615897 -3.9594968802 0.0000000000 0.0000000000 0.0000000000 1.0000000000
-0.9848960977 -0.0084584103 0.1729396772 -78.4238591037 -0.1731340144 0.0361623196 -0.9842341691 -38.3079938406 0.0020711565 -0.9993101330 -0.0370805660 -3.9636840312 0.0000000000 0.0000000000 0.0000000000 1.0000000000
-0.9886658870 -0.0124751113 0.1496132862 -78.4076211029 -0.1499093164 0.0277137357 -0.9883112595 -38.3673923700 0.0081829499 -0.9995380535 -0.0292697605 -3.9615551260 0.0000000000 0.0000000000 0.0000000000 1.0000000000
-0.9924279073 -0.0230559896 0.1206452247 -78.3915616645 -0.1211428068 0.0215591689 -0.9924009384 -38.4263429411 0.0202797749 -0.9995016876 -0.0241889881 -3.9529561950 0.0000000000 0.0000000000 0.0000000000 1.0000000000
-0.9920742991 -0.0348793328 0.1207146110 -78.3746493533 -0.1215617974 0.0232777860 -0.9923108757 -38.4844426748 0.0318011724 -0.9991204016 -0.0273332876 -3.9434984909 0.0000000000 0.0000000000 0.0000000000 1.0000000000
-0.9923115271 -0.0446852940 0.1154168867 -78.3595327567 -0.1167475636 0.0284034750 -0.9927553823 -38.5421958694 0.0410833254 -0.9985972497 -0.0334019948 -3.9360763325 0.0000000000 0.0000000000 0.0000000000 1.0000000000
-0.9924551035 -0.0497039909 0.1120820275 -78.3459825075 -0.1137818610 0.0327926090 -0.9929644167 -38.5997237391 0.0456788322 -0.9982255046 -0.0382006047 -3.9326281068 0.0000000000 0.0000000000 0.0000000000 1.0000000000
-0.9923197914 -0.0481428241 0.1139460399 -78.3341226337 -0.1156795145 0.0348931576 -0.9926735201 -38.6572244841 0.0438141695 -0.9982308030 -0.0401943094 -3.9335237841 0.0000000000 0.0000000000 0.0000000000 1.0000000000
-0.9917952822 -0.0406024226 0.1212170019 -78.3240908949 -0.1227317874 0.0371543068 -0.9917441534 -38.7149725208 0.0357634815 -0.9984843518 -0.0418326741 -3.9378146876 0.0000000000 0.0000000000 0.0000000000 1.0000000000
-0.9906475957 -0.0316895836 0.1327143979 -78.3156276378 -0.1338703899 0.0376651249 -0.9902828167 -38.7730943946 0.0263829457 -0.9987878196 -0.0415551623 -3.9435230099 0.0000000000 0.0000000000 0.0000000000 1.0000000000
-0.9894550262 -0.0241830198 0.1428073274 -78.3084509448 -0.1436262189 0.0364185351 -0.9889616775 -38.8316820565 0.0187152461 -0.9990439789 -0.0395078183 -3.9489868498 0.0000000000 0.0000000000 0.0000000000 1.0000000000
-0.9880050983 -0.0181755271 0.1533478920 -78.3017974200 -0.1539304966 0.0368110361 -0.9873957412 -38.8905432151 0.0123015433 -0.9991569435 -0.0391672592 -3.9529157980 0.0000000000 0.0000000000 0.0000000000 1.0000000000
-0.9865845149 -0.0167611712 0.1623886021 -78.2952555283 -0.1628907472 0.0349937016 -0.9860233493 -38.9493124775 0.0108443279 -0.9992469685 -0.0372544838 -3.9538115821 0.0000000000 0.0000000000 0.0000000000 1.0000000000
-0.9856692878 -0.0210583215 0.1673696575 -78.2882501769 -0.1679791621 0.0315886957 -0.9852843018 -39.0077150120 0.0154614444 -0.9992790908 -0.0346733664 -3.9499766536 0.0000000000 0.0000000000 0.0000000000 1.0000000000
-0.9859612982 -0.0269348130 0.1647872394 -78.2808138299 -0.1655864600 0.0307599303 -0.9857154513 -39.0654667998 0.0214812173 -0.9991638217 -0.0347881411 -3.9435435593 0.0000000000 0.0000000000 0.0000000000 1.0000000000
-0.9870244500 -0.0328600365 0.1571717310 -78.2730562331 -0.1581906540 0.0311134979 -0.9869182678 -39.1224295334 0.0275400079 -0.9989755594 -0.0359079339 -3.9375026862 0.0000000000 0.0000000000 0.0000000000 1.0000000000
-0.9865815692 -0.0371296357 0.1589911869 -78.2638410291 -0.1603669841 0.0375839709 -0.9863416627 -39.1787494268 0.0306469865 -0.9986034425 -0.0430340207 -3.9330536436 0.0000000000 0.0000000000 0.0000000000 1.0000000000
-0.9853320066 -0.0386386807 0.1662163922 -78.2536166047 -0.1678143087 0.0426206497 -0.9848968667 -39.2346894727 0.0309708649 -0.9983438949 -0.0484796138 -3.9304197547 0.0000000000 0.0000000000 0.0000000000 1.0000000000
-0.9833452669 -0.0371907029 0.1779014831 -78.2429687909 -0.1794759600 0.0444385912 -0.9827581551 -39.2904854930 0.0286437753 -0.9983196198 -0.0503733154 -3.9302250751 0.0000000000 0.0000000000 0.0000000000 1.0000000000
-0.9806911841 -0.0338617004 0.1926088958 -78.2322758417 -0.1940411399 0.0458625094 -0.9799207449 -39.3463137741 0.0243482554 -0.9983736853 -0.0515475216 -3.9330791175 0.0000000000 0.0000000000 0.0000000000 1.0000000000
-0.9788417068 -0.0303875242 0.2023499725 -78.2217601701 -0.2036116492 0.0466462894 -0.9779398857 -39.4023566493 0.0202782965 -0.9984491585 -0.0518465874 -3.9380520307 0.0000000000 0.0000000000 0.0000000000 1.0000000000
-0.9780322222 -0.0257396619 0.2068585078 -78.2112236231 -0.2078511582 0.0450163535 -0.9771240576 -39.4586875021 0.0158388272 -0.9986545938 -0.0493774627 -3.9438735334 0.0000000000 0.0000000000 0.0000000000 1.0000000000
-0.9796566390 -0.0190250738 0.1997771663 -78.2011029018 -0.2004313588 0.0431178064 -0.9787584611 -39.5154412866 0.0100069988 -0.9988888333 -0.0460538667 -3.9493475466 0.0000000000 0.0000000000 0.0000000000 1.0000000000
-0.9799338608 -0.0112701898 0.1990040482 -78.1904488520 -0.1993058551 0.0423369355 -0.9790223491 -39.5722067971 0.0026085462 -0.9990398224 -0.0437336115 -3.9530999632 0.0000000000 0.0000000000 0.0000000000 1.0000000000
-0.9807864280 -0.0045543116 0.1950313843 -78.1796490882 -0.1950506460 0.0415311491 -0.9799134702 -39.6288387195 -0.0036370462 -0.9991268297 -0.0416215088 -3.9526078613 0.0000000000 0.0000000000 0.0000000000 1.0000000000
-0.9840867277 0.0006876266 0.1776874771 -78.1692832646 -0.1775236381 0.0393020661 -0.9833314322 -39.6851427785 -0.0076596499 -0.9992271387 -0.0385545716 -3.9463092587 0.0000000000 0.0000000000 0.0000000000 1.0000000000
-0.9837087747 0.0075752981 0.1796097477 -78.1575595388 -0.1792140619 0.0371493480 -0.9831084609 -39.7405276569 -0.0141197247 -0.9992810119 -0.0351865397 -3.9379056664 0.0000000000 0.0000000000 0.0000000000 1.0000000000
-0.9859811211 0.0100118133 0.1665562741 -78.1461067218 -0.1660261997 0.0406151108 -0.9852845852 -39.7956563861 -0.0166291869 -0.9991247051 -0.0383835092 -3.9306085909 0.0000000000 0.0000000000 0.0000000000 1.0000000000
-0.9858249321 0.0054134749 0.1676898847 -78.1330566298 -0.1672914531 0.0442868058 -0.9849123050 -39.8503302037 -0.0127582474 -0.9990041907 -0.0427534092 -3.9251105248 0.0000000000 0.0000000000 0.0000000000 1.0000000000
-0.9854488418 0.0016774571 0.1699640148 -78.1195474058 -0.1697189918 0.0448599928 -0.9844709467 -39.9045083683 -0.0092759923 -0.9989918754 -0.0439225316 -3.9237735703 0.0000000000 0.0000000000 0.0000000000 1.0000000000
-0.9862452647 0.0023390746 0.1652719169 -78.1066132339 -0.1650387616 0.0410058647 -0.9854342831 -39.9583072478 -0.0090821222 -0.9991561679 -0.0400558019 -3.9272458317 0.0000000000 0.0000000000 0.0000000000 1.0000000000
-0.9861027960 0.0050938096 0.1660582092 -78.0935042121 -0.1657816336 0.0351082162 -0.9855373474 -40.0121487948 -0.0108501471 -0.9993705350 -0.0337758500 -3.9339324995 0.0000000000 0.0000000000 0.0000000000 1.0000000000
-0.9861820106 0.0052834107 0.1655811812 -78.0803886003 -0.1653775732 0.0275004197 -0.9858468366 -40.0667268887 -0.0097621857 -0.9996078293 -0.0262466616 -3.9411003782 0.0000000000 0.0000000000 0.0000000000 1.0000000000
-0.9861737431 0.0024391283 0.1656967083 -78.0671068652 -0.1656186364 0.0195270977 -0.9859965313 -40.1224260528 -0.0056405478 -0.9998063528 -0.0188531459 -3.9470584825 0.0000000000 0.0000000000 0.0000000000 1.0000000000
-0.9852162353 0.0002786828 0.1713151832 -78.0535028527 -0.1712913850 0.0151443522 -0.9851040097 -40.1792344405 -0.0028689890 -0.9998852789 -0.0148727257 -3.9506254775 0.0000000000 0.0000000000 0.0000000000 1.0000000000
-0.9824311983 0.0006544879 0.1866239861 -78.0389366280 -0.1866118744 0.0084750319 -0.9823971611 -40.2365649583 -0.0022246112 -0.9999638721 -0.0082040005 -3.9486063501 0.0000000000 0.0000000000 0.0000000000 1.0000000000
-0.9793720038 0.0032968317 0.2020386327 -78.0235049945 -0.2020252288 0.0039925796 -0.9793721796 -40.2938810781 -0.0040354806 -0.9999865950 -0.0032441775 -3.9418560116 0.0000000000 0.0000000000 0.0000000000 1.0000000000
-0.9785872621 0.0036900807 0.2057993048 -78.0080759985 -0.2057981175 0.0007027186 -0.9785942167 -40.3506541457 -0.0037557106 -0.9999929447 0.0000717401 -3.9346323075 0.0000000000 0.0000000000 0.0000000000 1.0000000000
-0.9796644028 -0.0018179494 0.2006348747 -77.9922014334 -0.2006402648 0.0035503867 -0.9796585522 -40.4068569374 0.0010686382 -0.9999920449 -0.0038429413 -3.9294564071 0.0000000000 0.0000000000 0.0000000000 1.0000000000
-0.9782480625 -0.0093162877 0.2072291845 -77.9743137915 -0.2073172109 0.0097526063 -0.9782251585 -40.4624987409 0.0070924024 -0.9999090426 -0.0114718950 -3.9252475627 0.0000000000 0.0000000000 0.0000000000 1.0000000000
-0.9773096831 -0.0160458143 0.2112068067 -77.9558628698 -0.2114065210 0.0119622666 -0.9773250161 -40.5181725329 0.0131554636 -0.9997996979 -0.0150830288 -3.9219143451 0.0000000000 0.0000000000 0.0000000000 1.0000000000
-0.9770131403 -0.0192613039 0.2123071498 -77.9377522687 -0.2126117842 0.0154333327 -0.9770148625 -40.5742278583 0.0155419733 -0.9996953608 -0.0191737491 -3.9219253012 0.0000000000 0.0000000000 0.0000000000 1.0000000000
-0.9746487770 -0.0197871287 0.2228637049 -77.9197456469 -0.2232592558 0.0207220481 -0.9745388147 -40.6304734677 0.0146651325 -0.9995894489 -0.0246143784 -3.9264251550 0.0000000000 0.0000000000 0.0000000000 1.0000000000
-0.9715943987 -0.0175936750 0.2359974301 -77.9018281284 -0.2363687146 0.0233378107 -0.9713831259 -40.6868085444 0.0115825357 -0.9995728134 -0.0268334805 -3.9337174514 0.0000000000 0.0000000000 0.0000000000 1.0000000000
-0.9709065119 -0.0115127805 0.2391819411 -77.8843192231 -0.2393876101 0.0223014093 -0.9706679243 -40.7434278397 0.0058409924 -0.9996850019 -0.0244086005 -3.9415156687 0.0000000000 0.0000000000 0.0000000000 1.0000000000
-0.9731505935 -0.0069018888 0.2300658305 -77.8669560360 -0.2301607251 0.0205348039 -0.9729359498 -40.8003955515 0.0019907390 -0.9997653153 -0.0215720004 -3.9480038194 0.0000000000 0.0000000000 0.0000000000 1.0000000000
-0.9733199609 -0.0036334617 0.2294233026 -77.8485938764 -0.2294516849 0.0172519712 -0.9731671459 -40.8573418524 -0.0004220387 -0.9998445716 -0.0176253918 -3.9513771183 0.0000000000 0.0000000000 0.0000000000 1.0000000000
-0.9757714652 -0.0020650807 0.2187825018 -77.8306731397 -0.2187885610 0.0150146247 -0.9756567668 -40.9145976922 -0.0012701272 -0.9998851416 -0.0151026584 -3.9501135208 0.0000000000 0.0000000000 0.0000000000 1.0000000000
-0.9765780629 0.0002262104 0.2151632772 -77.8134334982 -0.2151340727 0.0154825194 -0.9764617875 -40.9719142827 -0.0035521555 -0.9998801130 -0.0150712232 -3.9453506222 0.0000000000 0.0000000000 0.0000000000 1.0000000000
-0.9767453981 0.0030596618 0.2143806561 -77.7974877616 -0.2142369600 0.0253553541 -0.9764525749 -41.0295241004 -0.0084233120 -0.9996738190 -0.0241102328 -3.9403823821 0.0000000000 0.0000000000 0.0000000000 1.0000000000
-0.9799455275 0.0044171347 0.1992165956 -77.7836810576 -0.1988936214 0.0393734835 -0.9792298281 -41.0881140041 -0.0121692414 -0.9992148006 -0.0377053291 -3.9347253992 0.0000000000 0.0000000000 0.0000000000 1.0000000000
-0.9792748330 0.0048257244 0.2024784283 -77.7698079500 -0.2020012784 0.0493207464 -0.9781426008 -41.1471816895 -0.0147066338 -0.9987713334 -0.0473237632 -3.9299813949 0.0000000000 0.0000000000 0.0000000000 1.0000000000
-0.9788934994 0.0095551505 0.2041475346 -77.7568567513 -0.2032820424 0.0574588476 -0.9774328069 -41.2065904807 -0.0210695996 -0.9983021486 -0.0543037019 -3.9299089726 0.0000000000 0.0000000000 0.0000000000 1.0000000000
-0.9799279202 0.0160497203 0.1987050016 -77.7448600340 -0.1973803423 0.0617315687 -0.9783814256 -41.2661479806 -0.0279691197 -0.9979637368 -0.0573245885 -3.9356161211 0.0000000000 0.0000000000 0.0000000000 1.0000000000
-0.9793254083 0.0190931747 0.2013881708 -77.7324892952 -0.1998246618 0.0636834621 -0.9777599507 -41.3257576728 -0.0314936375 -0.9977874861 -0.0585515453 -3.9450241262 0.0000000000 0.0000000000 0.0000000000 1.0000000000
-0.9779805630 0.0159697790 0.2080840804 -77.7197930846 -0.2067673336 0.0610947794 -0.9764807718 -41.3854788554 -0.0283070331 -0.9980042054 -0.0564474781 -3.9551379204 0.0000000000 0.0000000000 0.0000000000 1.0000000000
-0.9778316341 0.0085568210 0.2092177722 -77.7075404168 -0.2084371994 0.0555658501 -0.9764560257 -41.4452983093 -0.0199807228 -0.9984183578 -0.0525504862 -3.9640462141 0.0000000000 0.0000000000 0.0000000000 1.0000000000
-0.9764383232 0.0021252063 0.2157862009 -77.6954041234 -0.2154070052 0.0504658313 -0.9752194737 -41.5047411528 -0.0129623726 -0.9987235270 -0.0488189874 -3.9704180711 0.0000000000 0.0000000000 0.0000000000 1.0000000000
-0.9747930160 -0.0005501091 0.2231104512 -77.6835709950 -0.2229374088 0.0418558823 -0.9739337744 -41.5638365640 -0.0088027149 -0.9991235071 -0.0409234617 -3.9698204507 0.0000000000 0.0000000000 0.0000000000 1.0000000000
-0.9744541052 0.0012547388 0.2245832195 -77.6723120423 -0.2243860835 0.0368206718 -0.9738044586 -41.6224381436 -0.0094911753 -0.9993211014 -0.0355985089 -3.9632597010 0.0000000000 0.0000000000 0.0000000000 1.0000000000
-0.9760212897 0.0025869943 0.2176597102 -77.6621958449 -0.2174664822 0.0321771961 -0.9755372659 -41.6802454165 -0.0095273885 -0.9994788319 -0.0308430439 -3.9554614692 0.0000000000 0.0000000000 0.0000000000 1.0000000000
-0.9752721890 0.0002073273 0.2210070460 -77.6514636159 -0.2208472563 0.0371169183 -0.9746018796 -41.7371768537 -0.0084051620 -0.9993109083 -0.0361533105 -3.9490219184 0.0000000000 0.0000000000 0.0000000000 1.0000000000
-0.9727146085 -0.0015361866 0.2319998503 -77.6400701228 -0.2318771247 0.0396252071 -0.9719376739 -41.7934299240 -0.0076999645 -0.9992134322 -0.0389002243 -3.9440004670 0.0000000000 0.0000000000 0.0000000000 1.0000000000
-0.9744152176 0.0000598845 0.2247553783 -77.6298749867 -0.2245905878 0.0380280536 -0.9737109094 -41.8497558832 -0.0086053198 -0.9992766702 -0.0370416647 -3.9414880197 0.0000000000 0.0000000000 0.0000000000 1.0000000000
-0.9741614175 0.0020714442 0.2258434010 -77.6193950553 -0.2256161010 0.0368530736 -0.9735189910 -41.9059603232 -0.0103396138 -0.9993185479 -0.0354334913 -3.9433819402 0.0000000000 0.0000000000 0.0000000000 1.0000000000
-0.9728773333 0.0024787643 0.2313083442 -77.6085261496 -0.2310862851 0.0346796725 -0.9723149948 -41.9621694487 -0.0104318373 -0.9993954053 -0.0331662589 -3.9491023535 0.0000000000 0.0000000000 0.0000000000 1.0000000000
-0.9732018262 0.0045890594 0.2299068201 -77.5978336156 -0.2296777486 0.0294712876 -0.9728204228 -42.0186295942 -0.0112399807 -0.9995550929 -0.0276275061 -3.9564838352 0.0000000000 0.0000000000 0.0000000000 1.0000000000
-0.9771867525 0.0106714157 0.2121135818 -77.5878485887 -0.2118516100 0.0215523356 -0.9770641699 -42.0754251663 -0.0149982011 -0.9997107670 -0.0187999003 -3.9641712959 0.0000000000 0.0000000000 0.0000000000 1.0000000000
-0.9801076535 0.0172105069 0.1977189571 -77.5773473139 -0.1974907475 0.0140960909 -0.9802033998 -42.1322653368 -0.0196568618 -0.9997525187 -0.0104167707 -3.9705000204 0.0000000000 0.0000000000 0.0000000000 1.0000000000
-0.9832667710 0.0231872199 0.1806898168 -77.5667103067 -0.1805962068 0.0060869831 -0.9835384887 -42.1893191303 -0.0239053791 -0.9997126094 -0.0017976042 -3.9721256315 0.0000000000 0.0000000000 0.0000000000 1.0000000000
-0.9886262651 0.0256721917 0.1481858513 -77.5572018813 -0.1482394766 -0.0001878978 -0.9889514762 -42.2469720199 -0.0253607081 -0.9996703973 0.0039913930 -3.9671600956 0.0000000000 0.0000000000 0.0000000000 1.0000000000
-0.9898580486 0.0226574108 0.1402415251 -77.5467144349 -0.1402850978 -0.0003373458 -0.9901110935 -42.3048990993 -0.0223860439 -0.9997432310 0.0035124216 -3.9599445733 0.0000000000 0.0000000000 0.0000000000 1.0000000000
-0.9939477999 0.0164675297 0.1086121153 -77.5382734314 -0.1084567541 0.0100535389 -0.9940503301 -42.3639792569 -0.0174614894 -0.9998138561 -0.0082066780 -3.9541993256 0.0000000000 0.0000000000 0.0000000000 1.0000000000
-0.9961674600 0.0112070165 0.0867455728 -77.5299778114 -0.0864762907 0.0226175615 -0.9959971371 -42.4240832097 -0.0131241296 -0.9996813736 -0.0215617376 -3.9499927588 0.0000000000 0.0000000000 0.0000000000 1.0000000000
-0.9956088730 0.0088965495 0.0931870343 -77.5207270178 -0.0928374082 0.0338545815 -0.9951055637 -42.4849126127 -0.0120078140 -0.9993871716 -0.0328799892 -3.9496650122 0.0000000000 0.0000000000 0.0000000000 1.0000000000
-0.9955544414 0.0113460959 0.0935019800 -77.5124420251 -0.0929133848 0.0444515107 -0.9946814395 -42.5463817658 -0.0154420552 -0.9989471104 -0.0431996947 -3.9547832645 0.0000000000 0.0000000000 0.0000000000 1.0000000000
-0.9945970144 0.0118615254 0.1031313874 -77.5039148974 -0.1023770500 0.0524932997 -0.9933596494 -42.6082024946 -0.0171964676 -0.9985508288 -0.0509953312 -3.9637983828 0.0000000000 0.0000000000 0.0000000000 1.0000000000
-0.9940198288 0.0084287893 0.1088739431 -77.4955849948 -0.1082411411 0.0557637163 -0.9925594508 -42.6703262399 -0.0144372901 -0.9984084152 -0.0545178980 -3.9744501944 0.0000000000 0.0000000000 0.0000000000 1.0000000000
-0.9945923900 0.0014724908 0.1038451226 -77.4881123241 -0.1035885391 0.0575904456 -0.9929515372 -42.7326094659 -0.0074425989 -0.9983392071 -0.0571264857 -3.9847053721 0.0000000000 0.0000000000 0.0000000000 1.0000000000
-0.9955965096 -0.0047169529 0.0936233969 -77.4814904495 -0.0937376260 0.0599028079 -0.9937931933 -42.7946356287 -0.0009206286 -0.9981930695 -0.0600811824 -3.9919807201 0.0000000000 0.0000000000 0.0000000000 1.0000000000
-0.9959372984 -0.0075773458 0.0897300481 -77.4745711224 -0.0900213445 0.0588987491 -0.9941967084 -42.8563001943 0.0022483847 -0.9982352033 -0.0593415839 -3.9919201883 0.0000000000 0.0000000000 0.0000000000 1.0000000000
-0.9954858993 -0.0061229165 0.0947118477 -77.4667418508 -0.0949092174 0.0615481786 -0.9935814321 -42.9173418535 0.0002542744 -0.9980853328 -0.0618514652 -3.9866339499 0.0000000000 0.0000000000 0.0000000000 1.0000000000
-0.9949396549 -0.0085852282 0.1001068274 -77.4585725911 -0.1004514200 0.0637379443 -0.9928982761 -42.9773824157 0.0021436549 -0.9979297412 -0.0642778066 -3.9801291373 0.0000000000 0.0000000000 0.0000000000 1.0000000000
-0.9941144943 -0.0126165580 0.1075973729 -77.4495631432 -0.1082431581 0.0748911258 -0.9912995198 -43.0365898170 0.0044486995 -0.9971119003 -0.0758160097 -3.9749439573 0.0000000000 0.0000000000 0.0000000000 1.0000000000
-0.9939424705 -0.0176946071 0.1084678122 -77.4404022598 -0.1095462910 0.0802116205 -0.9907399790 -43.0952487403 0.0088303756 -0.9966207889 -0.0816641148 -3.9706616840 0.0000000000 0.0000000000 0.0000000000 1.0000000000
-0.9947073539 -0.0229372279 0.1001556968 -77.4315701778 -0.1017184979 0.0821454092 -0.9914158960 -43.1537217682 0.0145130016 -0.9963563696 -0.0840437830 -3.9689811377 0.0000000000 0.0000000000 0.0000000000 1.0000000000
-0.9922739104 -0.0287371855 0.1206924226 -77.4022329485 -0.1228394171 0.0910852790 -0.9882378001 -43.3290318746 0.0174058700 -0.9954283732 -0.0939116051 -3.9848321805 0.0000000000 0.0000000000 0.0000000000 1.0000000000
-0.9934734354 -0.0247602827 0.1113438884 -77.3929478875 -0.1131451222 0.0902838660 -0.9894680414 -43.3881514051 0.0144469517 -0.9956082322 -0.0924961277 -3.9907589920 0.0000000000 0.0000000000 0.0000000000 1.0000000000
-0.9944787284 -0.0184577493 0.1033023244 -77.3835181200 -0.1045615176 0.0909409139 -0.9903517755 -43.4471201787 0.0088852570 -0.9956852222 -0.0923687747 -3.9945781973 0.0000000000 0.0000000000 0.0000000000 1.0000000000
-0.9955290602 -0.0127172591 0.0935957356 -77.3741539907 -0.0943576806 0.0887518425 -0.9915743737 -43.5055345422 0.0043033142 -0.9959725808 -0.0895550094 -3.9941341000 0.0000000000 0.0000000000 0.0000000000 1.0000000000
-0.9976559447 -0.0088083551 0.0678603638 -77.3663896492 -0.0683531955 0.0814135735 -0.9943337823 -43.5633743590 0.0032336903 -0.9966414816 -0.0818248148 -3.9885011802 0.0000000000 0.0000000000 0.0000000000 1.0000000000
-0.9990070862 -0.0039028724 0.0443802800 -77.3594800565 -0.0445446062 0.0699007571 -0.9965589106 -43.6205150871 0.0007872271 -0.9975463156 -0.0700052035 -3.9816129082 0.0000000000 0.0000000000 0.0000000000 1.0000000000
-0.9999967326 -0.0025562310 -0.0000194292 -77.3549423441 -0.0001507816 0.0665695578 -0.9977817754 -43.6776936886 0.0025518541 -0.9977785123 -0.0665697257 -3.9768993728 0.0000000000 0.0000000000 0.0000000000 1.0000000000
-0.9997338905 -0.0059265181 -0.0222940464 -77.3499109344 0.0218267694 0.0697619485 -0.9973248531 -43.7355537846 0.0074659399 -0.9975460626 -0.0696140275 -3.9734597504 0.0000000000 0.0000000000 0.0000000000 1.0000000000
-0.9997491927 -0.0061131401 -0.0215448632 -77.3443115097 0.0210387008 0.0733788947 -0.9970821987 -43.7941907538 0.0076762414 -0.9972853991 -0.0732318782 -3.9723788922 0.0000000000 0.0000000000 0.0000000000 1.0000000000
-0.9998125390 0.0009602302 -0.0193381703 -77.3396302847 0.0193556473 0.0751419796 -0.9969849757 -43.8533224292 0.0004957733 -0.9971723827 -0.0751464793 -3.9754051506 0.0000000000 0.0000000000 0.0000000000 1.0000000000
-0.9999212049 0.0110529761 -0.0059511039 -77.3351447165 0.0067715423 0.0757384165 -0.9971047279 -43.9128629367 -0.0105702475 -0.9970664592 -0.0758072944 -3.9823369478 0.0000000000 0.0000000000 0.0000000000 1.0000000000
-0.9998431770 0.0175048130 0.0026838265 -77.3312737811 -0.0013416735 0.0762390264 -0.9970886675 -43.9727473368 -0.0176584630 -0.9969359018 -0.0762035846 -3.9914270091 0.0000000000 0.0000000000 0.0000000000 1.0000000000
-0.9997682040 0.0209304006 0.0050454596 -77.3281687114 -0.0034252355 0.0767358299 -0.9970455758 -44.0326468356 -0.0212557308 -0.9968317465 -0.0766463513 -3.9996796852 0.0000000000 0.0000000000 0.0000000000 1.0000000000
-0.9996253151 0.0242760790 0.0126452152 -77.3252330110 -0.0108011072 0.0746469578 -0.9971515270 -44.0925225569 -0.0251508561 -0.9969144917 -0.0743567802 -4.0034601520 0.0000000000 0.0000000000 0.0000000000 1.0000000000
-0.9996304131 0.0268169622 0.0044595636 -77.3229331130 -0.0024741601 0.0736177084 -0.9972834660 -44.1526004977 -0.0270724159 -0.9969259168 -0.0735241508 -4.0000727152 0.0000000000 0.0000000000 0.0000000000 1.0000000000
-0.9996778296 0.0251790223 0.0032021528 -77.3192064808 -0.0012690581 0.0764182743 -0.9970750407 -44.2125625241 -0.0253500777 -0.9967578764 -0.0763617010 -3.9916473697 0.0000000000 0.0000000000 0.0000000000 1.0000000000
-0.9997967798 0.0195612819 -0.0048739504 -77.3148919882 0.0064669018 0.0822154616 -0.9965935967 -44.2719707779 -0.0190939342 -0.9964225881 -0.0823252547 -3.9826756341 0.0000000000 0.0000000000 0.0000000000 1.0000000000
-0.9999016058 0.0140130294 -0.0006431571 -77.3084794267 0.0019176542 0.0911284506 -0.9958373000 -44.3307844351 -0.0138960875 -0.9957405488 -0.0911463562 -3.9759586407 0.0000000000 0.0000000000 0.0000000000 1.0000000000
-0.9999516228 0.0093421491 0.0030783526 -77.3010352114 -0.0021896656 0.0936878484 -0.9955992128 -44.3890430711 -0.0095894405 -0.9955577890 -0.0936628598 -3.9731184771 0.0000000000 0.0000000000 0.0000000000 1.0000000000
-0.9999343872 0.0058180738 -0.0098676916 -77.2938638141 0.0103655899 0.0928846841 -0.9956229156 -44.4470139115 -0.0048760502 -0.9956598744 -0.0929388974 -3.9744685278 0.0000000000 0.0000000000 0.0000000000 1.0000000000
-0.9998512062 0.0034889970 -0.0168935599 -77.2857491769 0.0171428571 0.0919467013 -0.9956163551 -44.5046876785 -0.0019203953 -0.9957578175 -0.0919928315 -3.9795150728 0.0000000000 0.0000000000 0.0000000000 1.0000000000
-0.9999214187 0.0033656338 -0.0120759682 -77.2762641215 0.0123288692 0.0895405794 -0.9959068649 -44.5618890900 -0.0022705686 -0.9959774883 -0.0895750377 -3.9868390056 0.0000000000 0.0000000000 0.0000000000 1.0000000000
-0.9999112416 0.0050836130 -0.0123152635 -77.2661780147 0.0126807843 0.0795538385 -0.9967499107 -44.6183700122 -0.0040873643 -0.9968176080 -0.0796112416 -3.9945614595 0.0000000000 0.0000000000 0.0000000000 1.0000000000
-0.9995886074 0.0076914295 -0.0276307421 -77.2561284588 0.0280905346 0.0680179551 -0.9972885639 -44.6743145616 -0.0057911881 -0.9976544490 -0.0682060294 -4.0011930913 0.0000000000 0.0000000000 0.0000000000 1.0000000000
-0.9996523275 0.0096610611 -0.0245334052 -77.2444516968 0.0250407149 0.0564575350 -0.9980909324 -44.7298965465 -0.0082575219 -0.9983582577 -0.0566798261 -4.0038409196 0.0000000000 0.0000000000 0.0000000000 1.0000000000
-0.9992995847 0.0111024662 -0.0357361900 -77.2337855847 0.0362323550 0.0482721429 -0.9981768464 -44.7855169190 -0.0093571622 -0.9987725144 -0.0486406009 -4.0000917555 0.0000000000 0.0000000000 0.0000000000 1.0000000000
-0.9993182387 0.0123282302 -0.0348004669 -77.2238199994 0.0352671001 0.0399065218 -0.9985808436 -44.8413433899 -0.0109219689 -0.9991273614 -0.0403140960 -3.9916743514 0.0000000000 0.0000000000 0.0000000000 1.0000000000
-0.9991093539 0.0124966049 -0.0403030244 -77.2161128290 0.0407722311 0.0398919849 -0.9983718018 -44.8979294096 -0.0108684903 -0.9991258501 -0.0403659697 -3.9838495929 0.0000000000 0.0000000000 0.0000000000 1.0000000000
-0.9979075982 0.0125573761 -0.0634250562 -77.2113461707 0.0639876352 0.0511020722 -0.9966414404 -44.9558478249 -0.0092740496 -0.9986144854 -0.0517986629 -3.9781501587 0.0000000000 0.0000000000 0.0000000000 1.0000000000
-0.9986304254 0.0131725159 -0.0506335688 -77.2058391456 0.0513680787 0.0631857530 -0.9966789258 -45.0150435070 -0.0099294488 -0.9979148488 -0.0637758622 -3.9763207939 0.0000000000 0.0000000000 0.0000000000 1.0000000000
-0.9988353455 0.0159786390 -0.0455262093 -77.2018988904 0.0465745386 0.0728931347 -0.9962516767 -45.0749749750 -0.0126001978 -0.9972117498 -0.0735524371 -3.9803922701 0.0000000000 0.0000000000 0.0000000000 1.0000000000
-0.9981492793 0.0215619829 -0.0568603291 -77.2000038708 0.0584074889 0.0796314065 -0.9951117547 -45.1351666943 -0.0169287147 -0.9965911499 -0.0807434123 -3.9892329131 0.0000000000 0.0000000000 0.0000000000 1.0000000000
-0.9980301858 0.0246387306 -0.0576947239 -77.1982056999 0.0595180727 0.0811288214 -0.9949249788 -45.1953380704 -0.0198329836 -0.9963990402 -0.0824354624 -3.9994275993 0.0000000000 0.0000000000 0.0000000000 1.0000000000
-0.9983729990 0.0210186673 -0.0530053814 -77.1962757519 0.0544386702 0.0747902716 -0.9957122307 -45.2555031092 -0.0169642573 -0.9969777484 -0.0758128161 -4.0076806476 0.0000000000 0.0000000000 0.0000000000 1.0000000000
-0.9986750844 0.0120340605 -0.0500325604 -77.1943126669 0.0507551470 0.0700388360 -0.9962522153 -45.3155802832 -0.0084847372 -0.9974716752 -0.0705568310 -4.0131669703 0.0000000000 0.0000000000 0.0000000000 1.0000000000
-0.9988168576 -0.0001075837 -0.0486299642 -77.1923849052 0.0485191581 0.0652992311 -0.9966854578 -45.3755578249 0.0032827264 -0.9978657219 -0.0652167529 -4.0138504605 0.0000000000 0.0000000000 0.0000000000 1.0000000000
-0.9983967844 -0.0102285114 -0.0556708049 -77.1905865705 0.0549157942 0.0632829684 -0.9964835781 -45.4358565012 0.0137155574 -0.9979432065 -0.0626198053 -4.0079445313 0.0000000000 0.0000000000 0.0000000000 1.0000000000
-0.9978896298 -0.0192459484 -0.0620151619 -77.1884408192 0.0606321742 0.0656208084 -0.9960008278 -45.4959380413 0.0232384656 -0.9976590114 -0.0643154006 -3.9988241990 0.0000000000 0.0000000000 0.0000000000 1.0000000000
-0.9975545958 -0.0269713253 -0.0644777178 -77.1861782190 0.0622522895 0.0764994022 -0.9951243610 -45.5553008702 0.0317723297 -0.9967047653 -0.0746333035 -3.9905118740 0.0000000000 0.0000000000 0.0000000000 1.0000000000
-0.9986070954 -0.0309108041 -0.0427596919 -77.1823520621 0.0397788604 0.0913433051 -0.9950246444 -45.6138029830 0.0346628235 -0.9953396017 -0.0899864760 -3.9844027761 0.0000000000 0.0000000000 0.0000000000 1.0000000000
-0.9988642931 -0.0312947327 -0.0359271988 -77.1796354768 0.0327361060 0.0971125357 -0.9947348907 -45.6713343086 0.0346189439 -0.9947812800 -0.0959777766 -3.9811091920 0.0000000000 0.0000000000 0.0000000000 1.0000000000
-0.9989331078 -0.0278977028 -0.0368016887 -77.1776572040 0.0338541380 0.0996273286 -0.9944487381 -45.7280525980 0.0314092893 -0.9946336580 -0.0985765843 -3.9817877360 0.0000000000 0.0000000000 0.0000000000 1.0000000000
-0.9992808744 -0.0260783340 -0.0275255261 -77.1749505402 0.0247675744 0.1007440239 -0.9946040463 -45.7838044789 0.0287106487 -0.9945705416 -0.1000256792 -3.9868456230 0.0000000000 0.0000000000 0.0000000000 1.0000000000
-0.9993550576 -0.0256185748 -0.0251626195 -77.1721174380 0.0225684129 0.0969523884 -0.9950331156 -45.8387704528 0.0279309063 -0.9949592570 -0.0963116892 -3.9944517978 0.0000000000 0.0000000000 0.0000000000 1.0000000000
-0.9991888420 -0.0248349345 -0.0316999064 -77.1691260440 0.0293877922 0.0884974753 -0.9956427846 -45.8932825764 0.0275320850 -0.9957667512 -0.0876958460 -4.0019078887 0.0000000000 0.0000000000 0.0000000000 1.0000000000
-0.9990621344 -0.0237951170 -0.0361751853 -77.1655719225 0.0341470125 0.0807291410 -0.9961509862 -45.9475235076 0.0266239209 -0.9964520050 -0.0798408957 -4.0075457629 0.0000000000 0.0000000000 0.0000000000 1.0000000000
-0.9994507279 -0.0213152402 -0.0253752460 -77.1611448080 0.0237966506 0.0713044703 -0.9971706935 -46.0013132531 0.0230643014 -0.9972268213 -0.0707580734 -4.0094655385 0.0000000000 0.0000000000 0.0000000000 1.0000000000
-0.9989702079 -0.0136555103 -0.0432672022 -77.1596260528 0.0423111023 0.0638898744 -0.9970596043 -46.0545314112 0.0163796938 -0.9978635232 -0.0632463015 -4.0057843406 0.0000000000 0.0000000000 0.0000000000 1.0000000000
-0.9988007877 -0.0001470310 -0.0489588084 -77.1592193555 0.0488689171 0.0576500354 -0.9971400616 -46.1071379277 0.0029690876 -0.9983368429 -0.0575737155 -3.9975435012 0.0000000000 0.0000000000 0.0000000000 1.0000000000
-0.9991348267 0.0141401981 -0.0391107779 -77.1592987366 0.0398986677 0.0605621820 -0.9973666921 -46.1594619128 -0.0117343285 -0.9980642649 -0.0610739603 -3.9891771613 0.0000000000 0.0000000000 0.0000000000 1.0000000000
-0.9987994686 0.0238519555 -0.0427867466 -77.1609854296 0.0443434316 0.0690875028 -0.9966245918 -46.2119217405 -0.0208154159 -0.9973254239 -0.0700622387 -3.9816468548 0.0000000000 0.0000000000 0.0000000000 1.0000000000
-0.9987176050 0.0312554325 -0.0398276706 -77.1624704751 0.0420826247 0.0751552053 -0.9962834676 -46.2644662469 -0.0281460139 -0.9966818916 -0.0763741373 -3.9762660386 0.0000000000 0.0000000000 0.0000000000 1.0000000000
-0.9984693154 0.0395993416 -0.0386124115 -77.1638449934 0.0416344867 0.0785693564 -0.9960388676 -46.3167082357 -0.0364087310 -0.9961218542 -0.0800977898 -3.9751583308 0.0000000000 0.0000000000 0.0000000000 1.0000000000
-0.9986337556 0.0464433724 -0.0239506835 -77.1641560482 0.0275381066 0.0782085962 -0.9965566056 -46.3684765959 -0.0444103002 -0.9958546222 -0.0793807067 -3.9786457734 0.0000000000 0.0000000000 0.0000000000 1.0000000000
-0.9987060315 0.0485817635 -0.0150357852 -77.1646198310 0.0187399134 0.0767126195 -0.9968771186 -46.4197923164 -0.0472766140 -0.9958689604 -0.0775237739 -3.9851467313 0.0000000000 0.0000000000 0.0000000000 1.0000000000
-0.9990027227 0.0441820597 -0.0064424813 -77.1651710469 0.0097095660 0.0741349409 -0.9972009501 -46.4705476259 -0.0435807789 -0.9962690180 -0.0744899964 -3.9922676301 0.0000000000 0.0000000000 0.0000000000 1.0000000000
-0.9991701079 0.0385871399 0.0130433155 -77.1653816350 -0.0102765904 0.0710495719 -0.9974198464 -46.5204780890 -0.0394143012 -0.9967261364 -0.0705940642 -3.9987958652 0.0000000000 0.0000000000 0.0000000000 1.0000000000
-0.9992169260 0.0360753574 0.0162512552 -77.1670635338 -0.0139694643 0.0626256147 -0.9979393200 -46.5697276986 -0.0370187625 -0.9973848811 -0.0620726208 -4.0020742453 0.0000000000 0.0000000000 0.0000000000 1.0000000000
-0.9994058751 0.0341626674 0.0045616755 -77.1696166501 -0.0026015369 0.0572027746 -0.9983591912 -46.6188517376 -0.0343675535 -0.9977779085 -0.0570799136 -3.9987169871 0.0000000000 0.0000000000 0.0000000000 1.0000000000
-0.9993664965 0.0321389108 0.0152871235 -77.1704362306 -0.0134471920 0.0567059599 -0.9983003592 -46.6673280328 -0.0329511572 -0.9978735013 -0.0562378583 -3.9908642469 0.0000000000 0.0000000000 0.0000000000 1.0000000000
-0.9987637510 0.0307267366 0.0390747650 -77.1700174589 -0.0371634190 0.0604909979 -0.9974766762 -46.7144134613 -0.0330128747 -0.9976956985 -0.0592743053 -3.9831039301 0.0000000000 0.0000000000 0.0000000000 1.0000000000
-0.9974292084 0.0302103624 0.0649792906 -77.1686876971 -0.0628525957 0.0666935662 -0.9957919057 -46.7597624222 -0.0344169349 -0.9973160493 -0.0646233112 -3.9781211534 0.0000000000 0.0000000000 0.0000000000 1.0000000000
-0.9968856023 0.0288978897 0.0733757988 -77.1676684056 -0.0713291393 0.0664218345 -0.9952388124 -46.8036229874 -0.0336340566 -0.9973730756 -0.0641537089 -3.9759565132 0.0000000000 0.0000000000 0.0000000000 1.0000000000
-0.9970027149 0.0276281070 0.0722653041 -77.1666500773 -0.0703188392 0.0659052940 -0.9953450422 -46.8466994593 -0.0322621655 -0.9974433217 -0.0637649806 -3.9760666284 0.0000000000 0.0000000000 0.0000000000 1.0000000000
-0.9964481048 0.0246064747 0.0805338183 -77.1646477360 -0.0786679989 0.0691745218 -0.9944979796 -46.8893578764 -0.0300419777 -0.9973010613 -0.0669930790 -3.9784216410 0.0000000000 0.0000000000 0.0000000000 1.0000000000
-0.9963421595 0.0221340446 0.0825371748 -77.1627104873 -0.0806798171 0.0746517270 -0.9939405851 -46.9320716265 -0.0281614679 -0.9969639932 -0.0725928922 -3.9825370169 0.0000000000 0.0000000000 0.0000000000 1.0000000000
-0.9965009260 0.0218068760 0.0806868310 -77.1608531979 -0.0787030209 0.0801747132 -0.9936688834 -46.9752311070 -0.0281378577 -0.9965422598 -0.0781779090 -3.9872886155 0.0000000000 0.0000000000 0.0000000000 1.0000000000
-0.9966587356 0.0252841227 0.0776664534 -77.1588875430 -0.0752161103 0.0865823297 -0.9934012467 -47.0189836110 -0.0318418215 -0.9959237990 -0.0843912618 -3.9921302781 0.0000000000 0.0000000000 0.0000000000 1.0000000000
-0.9965051517 0.0310097688 0.0775620843 -77.1563293275 -0.0743937529 0.0928015318 -0.9929015285 -47.0631748443 -0.0379875271 -0.9952016228 -0.0901702714 -3.9963580014 0.0000000000 0.0000000000 0.0000000000 1.0000000000
-0.9962384237 0.0347095522 0.0793993079 -77.1528198778 -0.0756482494 0.0985465094 -0.9922529556 -47.1075875741 -0.0422651804 -0.9945269390 -0.0955501023 -3.9994781348 0.0000000000 0.0000000000 0.0000000000 1.0000000000
-0.9969626030 0.0368042903 0.0686368158 -77.1489636956 -0.0646331394 0.1007150954 -0.9928136919 -47.1520055843 -0.0434525668 -0.9942343354 -0.0980304068 -4.0006505316 0.0000000000 0.0000000000 0.0000000000 1.0000000000
-0.9983814260 0.0389292979 0.0414612831 -77.1448668990 -0.0374072562 0.0996438128 -0.9943197714 -47.1966626883 -0.0428395310 -0.9942613441 -0.0980262937 -3.9972797469 0.0000000000 0.0000000000 0.0000000000 1.0000000000
-0.9987449399 0.0333719054 0.0373478365 -77.1383184027 -0.0337442986 0.1026927551 -0.9941405939 -47.2412572861 -0.0370117181 -0.9941531642 -0.1014377580 -3.9890716790 0.0000000000 0.0000000000 0.0000000000 1.0000000000
-0.9987022031 0.0223494092 0.0457647612 -77.1309221806 -0.0430416939 0.1100037093 -0.9929987898 -47.2847055080 -0.0272272298 -0.9936798719 -0.1088989904 -3.9811331675 0.0000000000 0.0000000000 0.0000000000 1.0000000000
-0.9995185287 0.0149666338 0.0271792326 -77.1264059916 -0.0252936916 0.1143085532 -0.9931232470 -47.3264490492 -0.0179705308 -0.9933325498 -0.1138749555 -3.9772532933 0.0000000000 0.0000000000 0.0000000000 1.0000000000
-0.9999102565 0.0094999463 0.0094461645 -77.1234230737 -0.0082557990 0.1183570926 -0.9929367756 -47.3668247633 -0.0105508667 -0.9929256516 -0.1182680412 -3.9770772897 0.0000000000 0.0000000000 0.0000000000 1.0000000000
-0.9998903959 0.0028121691 0.0145357425 -77.1204276275 -0.0140991302 0.1187291791 -0.9928265692 -47.4063596580 -0.0045178130 -0.9929226927 -0.1186765167 -3.9793579590 0.0000000000 0.0000000000 0.0000000000 1.0000000000
-0.9999855715 0.0021226446 0.0049346911 -77.1194919701 -0.0046615153 0.1136417587 -0.9935108560 -47.4460599199 -0.0026696574 -0.9935195242 -0.1136302243 -3.9830344633 0.0000000000 0.0000000000 0.0000000000 1.0000000000
-0.9999794699 0.0058553617 -0.0026027929 -77.1194862151 0.0032432396 0.1121743299 -0.9936832499 -47.4869871266 -0.0055264083 -0.9936712909 -0.1121910173 -3.9867739658 0.0000000000 0.0000000000 0.0000000000 1.0000000000
-0.9998914089 0.0054417024 0.0136951941 -77.1188987373 -0.0130035440 0.1114641593 -0.9936833746 -47.5294562392 -0.0069338525 -0.9937535555 -0.1113812938 -3.9897543481 0.0000000000 0.0000000000 0.0000000000 1.0000000000
-0.9995910730 0.0051135413 0.0281342936 -77.1192542745 -0.0274263417 0.1069822452 -0.9938825861 -47.5729976981 -0.0080921295 -0.9942477814 -0.1067982515 -3.9926851439 0.0000000000 0.0000000000 0.0000000000 1.0000000000
-0.9991949756 0.0046053210 0.0398521228 -77.1205375169 -0.0391953050 0.0996862735 -0.9942466369 -47.6170265265 -0.0085515346 -0.9950082602 -0.0994255167 -3.9960808258 0.0000000000 0.0000000000 0.0000000000 1.0000000000
-0.9982572589 0.0034160558 0.0589132893 -77.1221164035 -0.0583732657 0.0893535567 -0.9942879381 -47.6611601586 -0.0086606550 -0.9959941127 -0.0889984302 -3.9988500434 0.0000000000 0.0000000000 0.0000000000 1.0000000000
-0.9989317245 0.0008169689 0.0462032727 -77.1260021593 -0.0460095342 0.0755614632 -0.9960791073 -47.7058500924 -0.0043049525 -0.9971408114 -0.0754431544 -3.9973820393 0.0000000000 0.0000000000 0.0000000000 1.0000000000
-0.9998911651 -0.0039089702 0.0142259614 -77.1311378216 -0.0144529350 0.0659715991 -0.9977168239 -47.7508876238 0.0029615360 -0.9978138444 -0.0660209152 -3.9900388717 0.0000000000 0.0000000000 0.0000000000 1.0000000000
-0.9998035689 -0.0100594022 0.0170772355 -77.1342547204 -0.0176578944 0.0607822135 -0.9979948503 -47.7952075997 0.0090012394 -0.9981003612 -0.0609479018 -3.9799546056 0.0000000000 0.0000000000 0.0000000000 1.0000000000
-0.9987610379 -0.0119939158 0.0482963264 -77.1352808959 -0.0489187939 0.0585926460 -0.9970826713 -47.8381969954 0.0091291160 -0.9982099217 -0.0591067798 -3.9715336695 0.0000000000 0.0000000000 0.0000000000 1.0000000000
-0.9981670234 -0.0105046208 0.0596007251 -77.1364311543 -0.0601256545 0.0599775704 -0.9963872725 -47.8803027932 0.0068919638 -0.9981444505 -0.0604992301 -3.9667619528 0.0000000000 0.0000000000 0.0000000000 1.0000000000
-0.9985770281 -0.0107546000 0.0522327241 -77.1378688088 -0.0527995091 0.0617808498 -0.9966921984 -47.9223937877 0.0074920439 -0.9980317957 -0.0622607750 -3.9646098126 0.0000000000 0.0000000000 0.0000000000 1.0000000000
-0.9986206215 -0.0099168167 0.0515607503 -77.1388074404 -0.0521036819 0.0658711865 -0.9964668550 -47.9652068351 0.0064854114 -0.9977788550 -0.0662970278 -3.9642057197 0.0000000000 0.0000000000 0.0000000000 1.0000000000
-0.9979972545 -0.0089444363 0.0626216975 -77.1392054773 -0.0631108658 0.0734790712 -0.9952978673 -48.0090009718 0.0043009942 -0.9972566486 -0.0738964025 -3.9660875297 0.0000000000 0.0000000000 0.0000000000 1.0000000000
-0.9974025274 -0.0052694294 0.0718361429 -77.1398442450 -0.0720242430 0.0846019118 -0.9938083442 -48.0540329344 -0.0008406721 -0.9964008980 -0.0847616873 -3.9701801817 0.0000000000 0.0000000000 0.0000000000 1.0000000000
-0.9969382236 0.0019125578 0.0781698180 -77.1406368840 -0.0776111894 0.0975446621 -0.9922003538 -48.1002795782 -0.0095226891 -0.9952293108 -0.0970975663 -3.9755723962 0.0000000000 0.0000000000 0.0000000000 1.0000000000
-0.9963186612 0.0162495653 0.0841728993 -77.1412883581 -0.0819755574 0.1066937777 -0.9909068805 -48.1475264488 -0.0250825307 -0.9941591369 -0.1049689346 -3.9812034421 0.0000000000 0.0000000000 0.0000000000 1.0000000000
-0.9956152472 0.0328554705 0.0875830897 -77.1413686878 -0.0832867050 0.1149021676 -0.9898791930 -48.1956793265 -0.0425864335 -0.9928333244 -0.1116619261 -3.9856758714 0.0000000000 0.0000000000 0.0000000000 1.0000000000
-0.9932808891 0.0473229662 0.1056106635 -77.1394429072 -0.0991500693 0.1226648032 -0.9874829668 -48.2443899193 -0.0596853343 -0.9913192639 -0.1171485294 -3.9878199369 0.0000000000 0.0000000000 0.0000000000 1.0000000000
-0.9871520695 0.0560410020 0.1496335448 -77.1348800343 -0.1415414208 0.1278338066 -0.9816437969 -48.2935439472 -0.0741405276 -0.9902110502 -0.1182592837 -3.9867985238 0.0000000000 0.0000000000 0.0000000000 1.0000000000
-0.9859157174 0.0632221957 0.1548326584 -77.1318764230 -0.1459987712 0.1262124305 -0.9812006835 -48.3437488446 -0.0815754677 -0.9899865536 -0.1152044561 -3.9839191353 0.0000000000 0.0000000000 0.0000000000 1.0000000000
-0.9913929968 0.0707682875 0.1101443385 -77.1312119385 -0.1009102274 0.1229435669 -0.9872699759 -48.3949200365 -0.0834089434 -0.9898872304 -0.1147441473 -3.9785267602 0.0000000000 0.0000000000 0.0000000000 1.0000000000
-0.9936888724 0.0748559995 0.0835404342 -77.1292873165 -0.0736825315 0.1259573793 -0.9892955186 -48.4457232418 -0.0845772390 -0.9892074191 -0.1196468666 -3.9716648473 0.0000000000 0.0000000000 0.0000000000 1.0000000000
-0.9936305106 0.0778285041 0.0814931436 -77.1261635144 -0.0708621547 0.1307504142 -0.9888796106 -48.4956361381 -0.0876182831 -0.9883557321 -0.1244025054 -3.9661692581 0.0000000000 0.0000000000 0.0000000000 1.0000000000
-0.9946805854 0.0781181756 0.0671422641 -77.1239038019 -0.0559281775 0.1378030832 -0.9888793401 -48.5452853998 -0.0865018609 -0.9873742254 -0.1327010442 -3.9626260181 0.0000000000 0.0000000000 0.0000000000 1.0000000000
-0.9953099036 0.0752019690 0.0608511265 -77.1209827869 -0.0493023039 0.1468753070 -0.9879255676 -48.5947631726 -0.0832314758 -0.9862922022 -0.1424788173 -3.9611259094 0.0000000000 0.0000000000 0.0000000000 1.0000000000
-0.9955266212 0.0706574173 0.0627238068 -77.1172597213 -0.0514225121 0.1517337583 -0.9870828698 -48.6440595583 -0.0792620452 -0.9858926899 -0.1474216138 -3.9619235717 0.0000000000 0.0000000000 0.0000000000 1.0000000000
-0.9959978548 0.0674610403 0.0586283311 -77.1135720671 -0.0479255436 0.1505757004 -0.9874361249 -48.6931806982 -0.0754414703 -0.9862940568 -0.1467399676 -3.9653318311 0.0000000000 0.0000000000 0.0000000000 1.0000000000
-0.9958500764 0.0636885611 0.0650107113 -77.1089499163 -0.0551570445 0.1458277861 -0.9877712069 -48.7421837145 -0.0723900949 -0.9872578306 -0.1417097391 -3.9708876114 0.0000000000 0.0000000000 0.0000000000 1.0000000000
-0.9963276677 0.0492907487 0.0700114328 -77.0995466444 -0.0636724805 0.1201536766 -0.9907113148 -48.8406638341 -0.0572450335 -0.9915308952 -0.1165739681 -3.9838181705 0.0000000000 0.0000000000 0.0000000000 1.0000000000
-0.9970597313 0.0411050983 0.0646704198 -77.0953234758 -0.0599005660 0.1082399276 -0.9923185175 -48.8905122336 -0.0477892718 -0.9932746292 -0.1054594545 -3.9880336980 0.0000000000 0.0000000000 0.0000000000 1.0000000000
-0.9980108428 0.0308922418 0.0549547722 -77.0911056144 -0.0518174103 0.0945284610 -0.9941726842 -48.9412612456 -0.0359070130 -0.9950427325 -0.0927396731 -3.9851586776 0.0000000000 0.0000000000 0.0000000000 1.0000000000
-0.9989327990 0.0167833540 0.0430300152 -77.0862915046 -0.0413951922 0.0879077992 -0.9952681332 -48.9926303524 -0.0204866114 -0.9959872177 -0.0871192337 -3.9746677092 0.0000000000 0.0000000000 0.0000000000 1.0000000000
-0.9986216257 0.0027950654 0.0524121769 -77.0796220790 -0.0519896471 0.0844198012 -0.9950730495 -49.0434585958 -0.0072059198 -0.9964263569 -0.0841581247 -3.9623333539 0.0000000000 0.0000000000 0.0000000000 1.0000000000
-0.9974004887 -0.0019064255 0.0720321503 -77.0721448157 -0.0719320647 0.0852710013 -0.9937578349 -49.0933759015 -0.0042477283 -0.9963559715 -0.0851864715 -3.9526400481 0.0000000000 0.0000000000 0.0000000000 1.0000000000
-0.9960883382 -0.0004285071 0.0883619767 -77.0650359254 -0.0880369383 0.0906415828 -0.9919846778 -49.1427264946 -0.0075841969 -0.9958834871 -0.0903247480 -3.9477229041 0.0000000000 0.0000000000 0.0000000000 1.0000000000
-0.9951717421 0.0051119514 0.0980156709 -77.0588416899 -0.0971410342 0.0914457553 -0.9910606910 -49.1922968766 -0.0140293711 -0.9957969380 -0.0905076514 -3.9473268400 0.0000000000 0.0000000000 0.0000000000 1.0000000000
-0.9943319048 0.0117761424 0.1056663876 -77.0530537914 -0.1041357384 0.0925737502 -0.9902453478 -49.2429141510 -0.0214432040 -0.9956361902 -0.0908227161 -3.9510238602 0.0000000000 0.0000000000 0.0000000000 1.0000000000
-0.9929780011 0.0184097171 0.1168579126 -77.0467112278 -0.1144530766 0.1003301541 -0.9883493074 -49.2948720809 -0.0299196035 -0.9947838672 -0.0975185871 -3.9579676521 0.0000000000 0.0000000000 0.0000000000 1.0000000000
-0.9895629291 0.0209354255 0.1425724983 -77.0384984559 -0.1395008044 0.1088286794 -0.9842234726 -49.3482541453 -0.0361211139 -0.9938400407 -0.1047723181 -3.9654247847 0.0000000000 0.0000000000 0.0000000000 1.0000000000
-0.9848390159 0.0190782069 0.1724184875 -77.0285326506 -0.1690829829 0.1165637074 -0.9786847536 -49.4027647386 -0.0387692883 -0.9929999618 -0.1115706867 -3.9715787941 0.0000000000 0.0000000000 0.0000000000 1.0000000000
-0.9833569027 0.0211562515 0.1804483717 -77.0182288071 -0.1766217290 0.1215102388 -0.9767497257 -49.4577490610 -0.0425906876 -0.9923646885 -0.1157512783 -3.9763154808 0.0000000000 0.0000000000 0.0000000000 1.0000000000
-0.9818854432 0.0282467062 0.1873582132 -77.0068450031 -0.1827746632 0.1194438285 -0.9758722223 -49.5121317455 -0.0499439582 -0.9924390638 -0.1121173743 -3.9789018486 0.0000000000 0.0000000000 0.0000000000 1.0000000000
-0.9864014823 0.0347516079 0.1606376088 -76.9967469446 -0.1558461398 0.1126118077 -0.9813412054 -49.5663223824 -0.0521928763 -0.9930311710 -0.1056645501 -3.9770012629 0.0000000000 0.0000000000 0.0000000000 1.0000000000
-0.9907344967 0.0356457762 0.1310516527 -76.9867458331 -0.1267527564 0.1038520041 -0.9864828939 -49.6202740869 -0.0487739252 -0.9939537916 -0.0983715626 -3.9690611967 0.0000000000 0.0000000000 0.0000000000 1.0000000000
-0.9894771733 0.0339316582 0.1406540654 -76.9747559421 -0.1364540310 0.1044391600 -0.9851257581 -49.6734387844 -0.0481167429 -0.9939522647 -0.0987100533 -3.9611534633 0.0000000000 0.0000000000 0.0000000000 1.0000000000
-0.9900872293 0.0275311866 0.1377291263 -76.9638880337 -0.1338859111 0.1113605556 -0.9847199548 -49.7266140734 -0.0424481009 -0.9933986412 -0.1065706259 -3.9556011070 0.0000000000 0.0000000000 0.0000000000 1.0000000000
-0.9918315746 0.0216169199 0.1257093327 -76.9535068939 -0.1222304074 0.1206876000 -0.9851366558 -49.7802222076 -0.0364671779 -0.9924551436 -0.1170595275 -3.9520542319 0.0000000000 0.0000000000 0.0000000000 1.0000000000
-0.9931697815 0.0171942519 0.1154042579 -76.9430482775 -0.1123443387 0.1261421682 -0.9856302060 -49.8339181562 -0.0315045173 -0.9918631514 -0.1233489128 -3.9513797008 0.0000000000 0.0000000000 0.0000000000 1.0000000000
-0.9943200428 0.0173541650 0.1050070731 -76.9330553822 -0.1019971940 0.1264432228 -0.9867161111 -49.8876143081 -0.0304010669 -0.9918220326 -0.1239549546 -3.9539123665 0.0000000000 0.0000000000 0.0000000000 1.0000000000
-0.9954517916 0.0213666826 0.0928396222 -76.9237639041 -0.0895498292 0.1226400728 -0.9884028737 -49.9414224142 -0.0325047485 -0.9922211837 -0.1201688974 -3.9586616010 0.0000000000 0.0000000000 0.0000000000 1.0000000000
-0.9961462356 0.0232170132 0.0845792386 -76.9145215283 -0.0813664801 0.1153903576 -0.9899821015 -49.9954521766 -0.0327440561 -0.9930488586 -0.1130565837 -3.9643967719 0.0000000000 0.0000000000 0.0000000000 1.0000000000
-0.9967931504 0.0215178593 0.0770739707 -76.9053505604 -0.0743521085 0.1070279886 -0.9914720236 -50.0496436596 -0.0295834276 -0.9940231342 -0.1050848677 -3.9700300686 0.0000000000 0.0000000000 0.0000000000 1.0000000000
-0.9971040772 0.0188432748 0.0736776100 -76.8960498675 -0.0714114381 0.1011508602 -0.9923048473 -50.1034986101 -0.0261508265 -0.9946926332 -0.0995123098 -3.9751346652 0.0000000000 0.0000000000 0.0000000000 1.0000000000
-0.9970322208 0.0187535349 0.0746662953 -76.8863963341 -0.0727889837 0.0862021849 -0.9936150901 -50.1568527192 -0.0250701931 -0.9961011436 -0.0845813051 -3.9751280999 0.0000000000 0.0000000000 0.0000000000 1.0000000000
-0.9981394308 0.0229927831 0.0564713084 -76.8773291540 -0.0546334211 0.0739509587 -0.9957642517 -50.2098892251 -0.0270714988 -0.9969967842 -0.0725571934 -3.9691573645 0.0000000000 0.0000000000 0.0000000000 1.0000000000
-0.9984621029 0.0262651287 0.0488218405 -76.8677544666 -0.0469782665 0.0667403273 -0.9966638205 -50.2618942740 -0.0294358892 -0.9974246196 -0.0654037974 -3.9617898323 0.0000000000 0.0000000000 0.0000000000 1.0000000000
-0.9987420398 0.0305341830 0.0397743830 -76.8583696487 -0.0376200539 0.0681516753 -0.9969654361 -50.3130072163 -0.0331522159 -0.9972076077 -0.0669172456 -3.9553862821 0.0000000000 0.0000000000 0.0000000000 1.0000000000
-0.9980456403 0.0344667546 0.0521243010 -76.8472919703 -0.0494718897 0.0737820201 -0.9960465580 -50.3635041510 -0.0381763285 -0.9966786124 -0.0719326880 -3.9495047607 0.0000000000 0.0000000000 0.0000000000 1.0000000000
-0.9969781086 0.0358840061 0.0688983967 -76.8356140593 -0.0660259787 0.0758714270 -0.9949291918 -50.4139675207 -0.0409294648 -0.9964717079 -0.0732728752 -3.9449189850 0.0000000000 0.0000000000 0.0000000000 1.0000000000
-0.9969248486 0.0357258579 0.0697460345 -76.8246073156 -0.0668917534 0.0756693963 -0.9948867452 -50.4646152534 -0.0408208228 -0.9964927524 -0.0730469361 -3.9442223307 0.0000000000 0.0000000000 0.0000000000 1.0000000000
-0.9969697601 0.0350944916 0.0694238721 -76.8132247130 -0.0666319907 0.0752839151 -0.9949334199 -50.5153075937 -0.0401431835 -0.9965443838 -0.0727173709 -3.9490974060 0.0000000000 0.0000000000 0.0000000000 1.0000000000
-0.9970262783 0.0347480434 0.0687835285 -76.8010716081 -0.0661162126 0.0728214185 -0.9951510877 -50.5662610157 -0.0395884673 -0.9967394918 -0.0703074588 -3.9582835725 0.0000000000 0.0000000000 0.0000000000 1.0000000000
-0.9980418140 0.0357989342 0.0512930188 -76.7887583706 -0.0486586561 0.0709381883 -0.9962931841 -50.6180111871 -0.0393048679 -0.9968381061 -0.0690573501 -3.9686297856 0.0000000000 0.0000000000 0.0000000000 1.0000000000
-0.9987158457 0.0380941721 0.0333990051 -76.7755630745 -0.0305912192 0.0720477571 -0.9969319425 -50.6704738665 -0.0403836204 -0.9966734444 -0.0707898895 -3.9775478631 0.0000000000 0.0000000000 0.0000000000 1.0000000000
-0.9986652981 0.0441751510 0.0267615097 -76.7614971003 -0.0235531664 0.0716154108 -0.9971541913 -50.7232443039 -0.0459659735 -0.9964536060 -0.0704793609 -3.9823124071 0.0000000000 0.0000000000 0.0000000000 1.0000000000
-0.9987961551 0.0490491187 0.0006514769 -76.7489862963 0.0027631429 0.0695163326 -0.9975769868 -50.7760906412 -0.0489755603 -0.9963742587 -0.0695681754 -3.9810782371 0.0000000000 0.0000000000 0.0000000000 1.0000000000
-0.9985019438 0.0537568001 -0.0102016965 -76.7363292627 0.0138268333 0.0675015855 -0.9976233531 -50.8286877563 -0.0529404085 -0.9962699144 -0.0681437507 -3.9745007230 0.0000000000 0.0000000000 0.0000000000 1.0000000000
-0.9985647970 0.0529549699 -0.0080073256 -76.7236085353 0.0116415466 0.0686803238 -0.9975707932 -50.8808750371 -0.0522763856 -0.9962322943 -0.0691982313 -3.9671651371 0.0000000000 0.0000000000 0.0000000000 1.0000000000
-0.9982509358 0.0474208706 -0.0353034032 -76.7134486291 0.0390458826 0.0804638404 -0.9959924645 -50.9334019986 -0.0443901823 -0.9956288623 -0.0821746938 -3.9605912449 0.0000000000 0.0000000000 0.0000000000 1.0000000000
-0.9989256507 0.0406656836 -0.0222226602 -76.7013340536 0.0259461703 0.0934548717 -0.9952853778 -50.9863088523 -0.0383971444 -0.9947926865 -0.0944095873 -3.9561811397 0.0000000000 0.0000000000 0.0000000000 1.0000000000
-0.9991966911 0.0382613794 -0.0119180299 -76.6895563442 0.0157530576 0.1015507462 -0.9947056284 -51.0392723863 -0.0368485247 -0.9940943179 -0.1020719033 -3.9569088926 0.0000000000 0.0000000000 0.0000000000 1.0000000000
-0.9990385690 0.0421706951 -0.0119820717 -76.6785911686 0.0162740959 0.1029540630 -0.9945529723 -51.0923552436 -0.0407073872 -0.9937917757 -0.1035413697 -3.9630620460 0.0000000000 0.0000000000 0.0000000000 1.0000000000
-0.9989755503 0.0452365947 0.0012249277 -76.6667030857 0.0034977786 0.1041734209 -0.9945529970 -51.1462646799 -0.0451177957 -0.9935298430 -0.1042249281 -3.9719783407 0.0000000000 0.0000000000 0.0000000000 1.0000000000
-0.9990881443 0.0403848101 0.0138544928 -76.6545795193 -0.0095666286 0.1044971918 -0.9944791685 -51.2013152242 -0.0416096079 -0.9937048878 -0.1040155589 -3.9804100941 0.0000000000 0.0000000000 0.0000000000 1.0000000000
-0.9992893812 0.0322378296 0.0195308741 -76.6430817377 -0.0161186806 0.1029043349 -0.9945606497 -51.2571110041 -0.0340722883 -0.9941687081 -0.1023115779 -3.9872749632 0.0000000000 0.0000000000 0.0000000000 1.0000000000
-0.9993103427 0.0255623832 0.0269333159 -76.6322348461 -0.0242655096 0.0994808549 -0.9947435572 -51.3132201815 -0.0281073653 -0.9947110757 -0.0987919629 -3.9914270717 0.0000000000 0.0000000000 0.0000000000 1.0000000000
-0.9996690749 0.0221993174 0.0129973425 -76.6231788550 -0.0107913543 0.0967517380 -0.9952500429 -51.3699558934 -0.0233513870 -0.9950609486 -0.0964801597 -3.9894015896 0.0000000000 0.0000000000 0.0000000000 1.0000000000
-0.9996515878 0.0246238442 0.0095062786 -76.6138341170 -0.0069200974 0.1030604058 -0.9946510267 -51.4269208689 -0.0254718529 -0.9943702626 -0.1028540989 -3.9822640787 0.0000000000 0.0000000000 0.0000000000 1.0000000000
-0.9990752229 0.0307147939 0.0300882104 -76.6035958080 -0.0264777461 0.1118524825 -0.9933720104 -51.4832113951 -0.0338766576 -0.9932500308 -0.1109357853 -3.9742726517 0.0000000000 0.0000000000 0.0000000000 1.0000000000
-0.9978101925 0.0395964471 0.0529805722 -76.5928000595 -0.0475182417 0.1280406171 -0.9906299092 -51.5388339443 -0.0460090900 -0.9909781641 -0.1258786793 -3.9692337040 0.0000000000 0.0000000000 0.0000000000 1.0000000000
-0.9970524985 0.0447372414 0.0623289215 -76.5816677535 -0.0553132364 0.1438238003 -0.9880562536 -51.5943694883 -0.0531672935 -0.9885915707 -0.1409253178 -3.9671140727 0.0000000000 0.0000000000 0.0000000000 1.0000000000
-0.9975472788 0.0432416400 0.0550416846 -76.5704944366 -0.0477056769 0.1554223214 -0.9866955308 -51.6501376398 -0.0512210393 -0.9869012426 -0.1529782421 -3.9671965761 0.0000000000 0.0000000000 0.0000000000 1.0000000000
-0.9975267180 0.0381885536 0.0590091621 -76.5577796075 -0.0518493269 0.1670292297 -0.9845876719 -51.7056330973 -0.0474562340 -0.9852120943 -0.1646360685 -3.9705727127 0.0000000000 0.0000000000 0.0000000000 1.0000000000
-0.9971318505 0.0350649342 0.0670710305 -76.5440543843 -0.0599030165 0.1759802304 -0.9825693803 -51.7602982544 -0.0462569060 -0.9837689815 -0.1733749974 -3.9774665096 0.0000000000 0.0000000000 0.0000000000 1.0000000000
-0.9972110314 0.0357595798 0.0655088648 -76.5300064981 -0.0582229095 0.1764036211 -0.9825944511 -51.8143026088 -0.0466931656 -0.9836681427 -0.1738296102 -3.9856377081 0.0000000000 0.0000000000 0.0000000000 1.0000000000
-0.9973824876 0.0380408058 0.0614904106 -76.5149588891 -0.0541698411 0.1701798300 -0.9839229918 -51.8678253557 -0.0478936511 -0.9846784869 -0.1676737178 -3.9929439019 0.0000000000 0.0000000000 0.0000000000 1.0000000000
-0.9970832558 0.0413225367 0.0641671956 -76.4984361340 -0.0565970281 0.1637169356 -0.9848825013 -51.9207377821 -0.0512031000 -0.9856415235 -0.1609006825 -3.9981704810 0.0000000000 0.0000000000 0.0000000000 1.0000000000
-0.9970012336 0.0437476155 0.0638332705 -76.4811205590 -0.0563882321 0.1542369987 -0.9864234970 -51.9731758631 -0.0529991280 -0.9870648886 -0.1513076272 -3.9992327641 0.0000000000 0.0000000000 0.0000000000 1.0000000000
-0.9984141927 0.0415720374 0.0379587339 -76.4646068231 -0.0315032964 0.1462138506 -0.9887512590 -52.0258878944 -0.0466544970 -0.9883791153 -0.1446723274 -3.9929644736 0.0000000000 0.0000000000 0.0000000000 1.0000000000
-0.9988503580 0.0329746541 0.0347941745 -76.4465456604 -0.0298627608 0.1397611902 -0.9897348257 -52.0783379412 -0.0374990388 -0.9896360351 -0.1386158007 -3.9817316201 0.0000000000 0.0000000000 0.0000000000 1.0000000000
-0.9996492686 0.0227665295 0.0135286673 -76.4299221787 -0.0103122065 0.1358946690 -0.9906696207 -52.1301389154 -0.0243925829 -0.9904616722 -0.1356122333 -3.9720670851 0.0000000000 0.0000000000 0.0000000000 1.0000000000
-0.9996032878 0.0085017491 -0.0268512053 -76.4154490687 0.0277499181 0.1342191297 -0.9905630557 -52.1816541453 -0.0048175732 -0.9909152060 -0.1344018061 -3.9653338215 0.0000000000 0.0000000000 0.0000000000 1.0000000000
-0.9991579742 -0.0043774424 -0.0407943687 -76.4007777489 0.0398139138 0.1366973294 -0.9898124531 -52.2330252372 0.0099093283 -0.9906031890 -0.1364079436 -3.9626701266 0.0000000000 0.0000000000 0.0000000000 1.0000000000
-0.9990299943 -0.0104922908 -0.0427666037 -76.3869328747 0.0409642639 0.1348703331 -0.9900161223 -52.2839579228 0.0161554832 -0.9908077034 -0.1343096991 -3.9645192376 0.0000000000 0.0000000000 0.0000000000 1.0000000000
-0.9989331056 -0.0092787456 -0.0452388711 -76.3744259970 0.0436813976 0.1280483784 -0.9908055048 -52.3347234283 0.0149861963 -0.9917245170 -0.1275064557 -3.9698298584 0.0000000000 0.0000000000 0.0000000000 1.0000000000
-0.9992678529 -0.0051885949 -0.0379056286 -76.3619414187 0.0370096195 0.1200415453 -0.9920787849 -52.3860682982 0.0096977451 -0.9927553102 -0.1197616293 -3.9753683432 0.0000000000 0.0000000000 0.0000000000 1.0000000000
-0.9998073372 -0.0059931088 -0.0186914699 -76.3487088234 0.0179268850 0.1090496904 -0.9938746359 -52.4380301652 0.0079946978 -0.9940182331 -0.1089212428 -3.9789761016 0.0000000000 0.0000000000 0.0000000000 1.0000000000
-0.9999004474 -0.0094008783 -0.0105222953 -76.3362532597 0.0095681861 0.0963354463 -0.9953029346 -52.4898109517 0.0103703918 -0.9953045289 -0.0962359065 -3.9807695062 0.0000000000 0.0000000000 0.0000000000 1.0000000000
-0.9998993684 -0.0135348744 -0.0042497279 -76.3243925555 0.0031368399 0.0812084646 -0.9966922020 -52.5409340268 0.0138352177 -0.9966052340 -0.0811578358 -3.9799676400 0.0000000000 0.0000000000 0.0000000000 1.0000000000
-0.9998573779 -0.0107999695 0.0129840097 -76.3122662417 -0.0136291109 0.0619746679 -0.9979846631 -52.5914928298 0.0099735242 -0.9980192890 -0.0621130229 -3.9739978081 0.0000000000 0.0000000000 0.0000000000 1.0000000000
-0.9994451672 -0.0023191185 0.0332261847 -76.3002377277 -0.0332977694 0.0460593458 -0.9983835912 -52.6416028279 0.0007849935 -0.9989360131 -0.0461110120 -3.9645705228 0.0000000000 0.0000000000 0.0000000000 1.0000000000
-0.9987564836 0.0041938840 0.0496779399 -76.2887404939 -0.0495174632 0.0322474398 -0.9982525349 -52.6912883696 -0.0057885417 -0.9994711171 -0.0319996690 -3.9560424435 0.0000000000 0.0000000000 0.0000000000 1.0000000000
-0.9983516550 0.0068030644 0.0569885187 -76.2772718589 -0.0567548991 0.0306479147 -0.9979176252 -52.7412591589 -0.0085354771 -0.9995070903 -0.0302112891 -3.9498763504 0.0000000000 0.0000000000 0.0000000000 1.0000000000
-0.9980485225 0.0046049128 0.0622731206 -76.2650587430 -0.0621021272 0.0308845060 -0.9975918369 -52.7921463352 -0.0065170980 -0.9995123521 -0.0305382607 -3.9449645941 0.0000000000 0.0000000000 0.0000000000 1.0000000000
-0.9979131358 0.0011963785 0.0645596012 -76.2522409441 -0.0644931587 0.0305126119 -0.9974515592 -52.8444446316 -0.0031632117 -0.9995336659 -0.0303717780 -3.9428319559 0.0000000000 0.0000000000 0.0000000000 1.0000000000
-0.9976312504 -0.0018315962 0.0687643330 -76.2385085564 -0.0687864093 0.0347591224 -0.9970256934 -52.8982341590 -0.0005640394 -0.9993940407 -0.0348027757 -3.9462578284 0.0000000000 0.0000000000 0.0000000000 1.0000000000
-0.9974392163 -0.0047701408 0.0713600413 -76.2240184442 -0.0714964583 0.0412919272 -0.9965857882 -52.9534119626 0.0018072609 -0.9991357378 -0.0415272357 -3.9540789815 0.0000000000 0.0000000000 0.0000000000 1.0000000000
-0.9974482390 -0.0066686529 0.0710812179 -76.2088488293 -0.0713182831 0.0474257762 -0.9963254981 -53.0095169442 0.0032730670 -0.9988525040 -0.0477803538 -3.9628636398 0.0000000000 0.0000000000 0.0000000000 1.0000000000
-0.9974966601 -0.0064717570 0.0704168267 -76.1930194297 -0.0706567491 0.0512958932 -0.9961808848 -53.0656825526 0.0028349466 -0.9986625294 -0.0516247554 -3.9702950124 0.0000000000 0.0000000000 0.0000000000 1.0000000000
-0.9968745321 -0.0041723546 0.0788908030 -76.1762472991 -0.0790010015 0.0514424392 -0.9955463411 -53.1210842258 0.0000954370 -0.9986672453 -0.0516112777 -3.9753656524 0.0000000000 0.0000000000 0.0000000000 1.0000000000
-0.9965187255 -0.0008317135 0.0833650886 -76.1593073344 -0.0833109420 0.0473225337 -0.9953993494 -53.1755305754 -0.0031171602 -0.9988793151 -0.0472270818 -3.9758513273 0.0000000000 0.0000000000 0.0000000000 1.0000000000
-0.9977075382 -0.0010657298 0.0676648538 -76.1437267091 -0.0676569773 0.0376314656 -0.9969986992 -53.2291603281 -0.0014837964 -0.9992911173 -0.0376173009 -3.9694474185 0.0000000000 0.0000000000 0.0000000000 1.0000000000
-0.9972819029 -0.0059884625 0.0734366698 -76.1277041398 -0.0735756477 0.0278032561 -0.9969020027 -53.2817700198 0.0039281318 -0.9995954768 -0.0281682892 -3.9600783509 0.0000000000 0.0000000000 0.0000000000 1.0000000000
-0.9972750316 -0.0120413164 0.0727840502 -76.1134608684 -0.0730289431 0.0213299881 -0.9971017025 -53.3342176551 0.0104539341 -0.9996999741 -0.0221512292 -3.9533335529 0.0000000000 0.0000000000 0.0000000000 1.0000000000
-0.9989180710 -0.0181408123 0.0428205370 -76.1022933875 -0.0431848611 0.0201912804 -0.9988630436 -53.3881070254 0.0172555856 -0.9996315437 -0.0209528434 -3.9496079498 0.0000000000 0.0000000000 0.0000000000 1.0000000000
-0.9993128391 -0.0206916279 0.0307523366 -76.0911451702 -0.0312874026 0.0260523234 -0.9991708437 -53.4439098151 0.0198733015 -0.9994464133 -0.0266818085 -3.9486022839 0.0000000000 0.0000000000 0.0000000000 1.0000000000
-0.9992234446 -0.0147929843 0.0365195208 -76.0802482691 -0.0369982941 0.0334994686 -0.9987536793 -53.5014825300 0.0135511629 -0.9993292517 -0.0340207696 -3.9516008707 0.0000000000 0.0000000000 0.0000000000 1.0000000000
-0.9989165286 -0.0017891434 0.0465034176 -76.0701398644 -0.0465377215 0.0404802477 -0.9980959824 -53.5604044037 -0.0000967331 -0.9991787370 -0.0405196512 -3.9586400156 0.0000000000 0.0000000000 0.0000000000 1.0000000000
-0.9978781281 0.0103991753 0.0642736225 -76.0598425425 -0.0637618257 0.0437252491 -0.9970067864 -53.6203264427 -0.0131784285 -0.9989894693 -0.0429693993 -3.9670288497 0.0000000000 0.0000000000 0.0000000000 1.0000000000
-0.9968036311 0.0166933570 0.0781271580 -76.0496049112 -0.0773327110 0.0438643359 -0.9960399449 -53.6808208694 -0.0200542463 -0.9988980188 -0.0424331867 -3.9742001174 0.0000000000 0.0000000000 0.0000000000 1.0000000000
-0.9959943858 0.0181308559 0.0875582973 -76.0392798788 -0.0866884377 0.0442093712 -0.9952540612 -53.7413567952 -0.0219157052 -0.9988577494 -0.0424605500 -3.9787781863 0.0000000000 0.0000000000 0.0000000000 1.0000000000
-0.9954484655 0.0176158425 0.0936591407 -76.0287400497 -0.0929513013 0.0374370876 -0.9949665924 -53.8014412811 -0.0210335002 -0.9991437067 -0.0356292760 -3.9777830212 0.0000000000 0.0000000000 0.0000000000 1.0000000000
-0.9937602016 0.0186111791 0.1099740228 -76.0167462066 -0.1093877057 0.0300366560 -0.9935452326 -53.8607567082 -0.0217943001 -0.9993755167 -0.0278133991 -3.9702077369 0.0000000000 0.0000000000 0.0000000000 1.0000000000
-0.9909239307 0.0193152111 0.1330288924 -76.0036739421 -0.1325153685 0.0258020006 -0.9908450605 -53.9189034445 -0.0225707931 -0.9994804547 -0.0230082575 -3.9605874003 0.0000000000 0.0000000000 0.0000000000 1.0000000000
-0.9908582469 0.0177136695 0.1337391509 -75.9911114048 -0.1332491016 0.0264421638 -0.9907297759 -53.9761435051 -0.0210858123 -0.9994933906 -0.0238401056 -3.9525045818 0.0000000000 0.0000000000 0.0000000000 1.0000000000
-0.9908025339 0.0149682948 0.1344852743 -75.9774285474 -0.1339505366 0.0323247068 -0.9904606843 -54.0325508461 -0.0191727045 -0.9993653303 -0.0300223903 -3.9459416240 0.0000000000 0.0000000000 0.0000000000 1.0000000000
-0.9898287744 0.0103408101 0.1418875083 -75.9623766275 -0.1415108075 0.0309142195 -0.9894538910 -54.0882317579 -0.0146180964 -0.9994685481 -0.0291364476 -3.9411410033 0.0000000000 0.0000000000 0.0000000000 1.0000000000
-0.9893281654 0.0069437328 0.1455388801 -75.9469112728 -0.1453102683 0.0264022146 -0.9890337957 -54.1434106607 -0.0107101351 -0.9996272844 -0.0251114589 -3.9406380705 0.0000000000 0.0000000000 0.0000000000 1.0000000000
-0.9886188302 0.0063288782 0.1503088614 -75.9312150838 -0.1501115022 0.0246958341 -0.9883605884 -54.1983363839 -0.0099672165 -0.9996749777 -0.0234647292 -3.9455578524 0.0000000000 0.0000000000 0.0000000000 1.0000000000
-0.9870351365 0.0076655191 0.1603211747 -75.9152667130 -0.1601060784 0.0232979841 -0.9868248313 -54.2533393096 -0.0112996848 -0.9996991766 -0.0217686327 -3.9536985143 0.0000000000 0.0000000000 0.0000000000 1.0000000000
-0.9855171158 0.0131735516 0.1690635147 -75.8992678842 -0.1687603922 0.0214715404 -0.9854232101 -54.3088018724 -0.0166115776 -0.9996826649 -0.0189373968 -3.9620957205 0.0000000000 0.0000000000 0.0000000000 1.0000000000
-0.9854290709 0.0244378919 0.1683221185 -75.8836064953 -0.1678552057 0.0200573435 -0.9856075958 -54.3646650041 -0.0274622664 -0.9995001213 -0.0156630620 -3.9686477860 0.0000000000 0.0000000000 0.0000000000 1.0000000000
-0.9826959349 0.0366404866 0.1815658953 -75.8667601902 -0.1809427858 0.0196879779 -0.9832965432 -54.4204583293 -0.0396031291 -0.9991345546 -0.0127174641 -3.9718545992 0.0000000000 0.0000000000 0.0000000000 1.0000000000
-0.9815777955 0.0416757631 0.1864622273 -75.8500641079 -0.1859324721 0.0162795378 -0.9824276525 -54.4762582382 -0.0439789410 -0.9989985523 -0.0082307551 -3.9711013315 0.0000000000 0.0000000000 0.0000000000 1.0000000000
-0.9861471715 0.0428576710 0.1602403698 -75.8348862584 -0.1600069578 0.0088445407 -0.9870762623 -54.5325611424 -0.0437210422 -0.9990420382 -0.0018644933 -3.9650624100 0.0000000000 0.0000000000 0.0000000000 1.0000000000
-0.9891753664 0.0423210801 0.1405027425 -75.8191709751 -0.1404548135 0.0041186609 -0.9900785232 -54.5894923638 -0.0424798756 -0.9990955724 0.0018701215 -3.9576758240 0.0000000000 0.0000000000 0.0000000000 1.0000000000
-0.9925820367 0.0339108612 0.1167516763 -75.8035422474 -0.1164364114 0.0111342386 -0.9931357364 -54.6478086389 -0.0349780291 -0.9993628381 -0.0071031863 -3.9522600321 0.0000000000 0.0000000000 0.0000000000 1.0000000000
-0.9933597619 0.0243021388 0.1124534991 -75.7866782051 -0.1118874782 0.0235192719 -0.9934425178 -54.7072515985 -0.0267876024 -0.9994279613 -0.0206439933 -3.9490654801 0.0000000000 0.0000000000 0.0000000000 1.0000000000
-0.9943719581 0.0237827308 0.1032414194 -75.7704835614 -0.1024413414 0.0327100887 -0.9942010972 -54.7674344269 -0.0270218530 -0.9991818812 -0.0300896601 -3.9493754608 0.0000000000 0.0000000000 0.0000000000 1.0000000000
-0.9946113821 0.0300540756 0.0992217270 -75.7546880235 -0.0980756211 0.0374730874 -0.9944731974 -54.8277129081 -0.0336061171 -0.9988455938 -0.0343235871 -3.9543530547 0.0000000000 0.0000000000 0.0000000000 1.0000000000
-0.9926030706 0.0356936709 0.1160392436 -75.7381387205 -0.1145988216 0.0400590983 -0.9926038378 -54.8878990154 -0.0400781021 -0.9985595778 -0.0356723313 -3.9624357266 0.0000000000 0.0000000000 0.0000000000 1.0000000000
-0.9899593779 0.0370965170 0.1363975016 -75.7215382605 -0.1350136061 0.0375634277 -0.9901314635 -54.9480694612 -0.0418539863 -0.9986054463 -0.0321777330 -3.9708974443 0.0000000000 0.0000000000 0.0000000000 1.0000000000
-0.9888416702 0.0374497604 0.1441862224 -75.7059286333 -0.1428809594 0.0354745391 -0.9891039321 -55.0083127829 -0.0421566451 -0.9986686500 -0.0297278448 -3.9784514437 0.0000000000 0.0000000000 0.0000000000 1.0000000000
-0.9863692212 0.0391504195 0.1598217888 -75.6902776723 -0.1586787029 0.0307653506 -0.9868508309 -55.0682391403 -0.0435525973 -0.9987595996 -0.0241336571 -3.9831905894 0.0000000000 0.0000000000 0.0000000000 1.0000000000
-0.9857174717 0.0414537287 0.1632257771 -75.6749259723 -0.1623859563 0.0228997479 -0.9864615567 -55.1282335474 -0.0446303388 -0.9988779655 -0.0158411782 -3.9808140311 0.0000000000 0.0000000000 0.0000000000 1.0000000000
-0.9868082799 0.0405046543 0.1567443514 -75.6591304277 -0.1557616247 0.0263942831 -0.9874419771 -55.1881501295 -0.0441331507 -0.9988306737 -0.0197370263 -3.9733503310 0.0000000000 0.0000000000 0.0000000000 1.0000000000
-0.9863832371 0.0357052223 0.1605404829 -75.6418736451 -0.1594828924 0.0307398139 -0.9867219826 -55.2473054466 -0.0401661123 -0.9988894838 -0.0246268650 -3.9642494980 0.0000000000 0.0000000000 0.0000000000 1.0000000000
-0.9857739697 0.0295056620 0.1654663004 -75.6231552840 -0.1641639501 0.0421539021 -0.9855319609 -55.3054858352 -0.0360538231 -0.9986753549 -0.0367104534 -3.9565479802 0.0000000000 0.0000000000 0.0000000000 1.0000000000
-0.9856534875 0.0207103205 0.1675060752 -75.6033152468 -0.1663400491 0.0489980218 -0.9848503348 -55.3623781295 -0.0286040324 -0.9985841359 -0.0448501154 -3.9522854335 0.0000000000 0.0000000000 0.0000000000 1.0000000000
-0.9870700483 0.0140507673 0.1596724640 -75.5830861385 -0.1588564382 0.0471544757 -0.9861749781 -55.4179447228 -0.0213857864 -0.9987887822 -0.0443127158 -3.9526741514 0.0000000000 0.0000000000 0.0000000000 1.0000000000
-0.9884139481 0.0085695704 0.1515401913 -75.5619682043 -0.1510383107 0.0432010240 -0.9875834649 -55.4723590422 -0.0150098574 -0.9990296462 -0.0414061612 -3.9578343585 0.0000000000 0.0000000000 0.0000000000 1.0000000000
-0.9887398408 0.0050857090 0.1495582253 -75.5397125392 -0.1492521914 0.0388218878 -0.9880367627 -55.5257998281 -0.0108310001 -0.9992332043 -0.0376256940 -3.9659839391 0.0000000000 0.0000000000 0.0000000000 1.0000000000
-0.9862476515 0.0055617148 0.1651806202 -75.5161217119 -0.1649364034 0.0307480296 -0.9858248026 -55.5785545991 -0.0105618550 -0.9995116938 -0.0294078428 -3.9745096724 0.0000000000 0.0000000000 0.0000000000 1.0000000000
-0.9855499883 0.0116708152 0.1689822851 -75.4934273844 -0.1686699092 0.0239429110 -0.9853817528 -55.6313645872 -0.0155461362 -0.9996452016 -0.0216284203 -3.9820207039 0.0000000000 0.0000000000 0.0000000000 1.0000000000
-0.9863351117 0.0230212450 0.1631351271 -75.4714218353 -0.1627745973 0.0167630853 -0.9865208713 -55.6843877147 -0.0254455867 -0.9995944284 -0.0127867457 -3.9864083398 0.0000000000 0.0000000000 0.0000000000 1.0000000000
-0.9875076581 0.0347015441 0.1537024010 -75.4493748069 -0.1533277494 0.0132269764 -0.9880868628 -55.7379155868 -0.0363211578 -0.9993101870 -0.0077410308 -3.9848467585 0.0000000000 0.0000000000 0.0000000000 1.0000000000
-0.9883501062 0.0390853156 0.1470931868 -75.4269977218 -0.1467507857 0.0115052172 -0.9891065852 -55.7922188628 -0.0403518821 -0.9991696393 -0.0056353819 -3.9769294548 0.0000000000 0.0000000000 0.0000000000 1.0000000000
-0.9886698868 0.0381128710 0.1451869965 -75.4043008617 -0.1446481968 0.0165476716 -0.9893447699 -55.8473879378 -0.0401092764 -0.9991364189 -0.0108472266 -3.9682483587 0.0000000000 0.0000000000 0.0000000000 1.0000000000
-0.9919109237 0.0309420905 0.1231068903 -75.3827234670 -0.1223029585 0.0266617223 -0.9921346375 -55.9039653057 -0.0339809615 -0.9991655216 -0.0226617444 -3.9611825328 0.0000000000 0.0000000000 0.0000000000 1.0000000000
-0.9924389633 0.0215673548 0.1208294391 -75.3598154408 -0.1199556746 0.0380308913 -0.9920505468 -55.9613868631 -0.0259911574 -0.9990437931 -0.0351562118 -3.9573929725 0.0000000000 0.0000000000 0.0000000000 1.0000000000
-0.9927633881 0.0165615042 0.1189393619 -75.3370300652 -0.1179687409 0.0507039008 -0.9917219825 -56.0194763740 -0.0224550974 -0.9985764022 -0.0483832365 -3.9590634354 0.0000000000 0.0000000000 0.0000000000 1.0000000000
-0.9926879396 0.0157786124 0.1196732637 -75.3146197843 -0.1185517636 0.0591533104 -0.9911843245 -56.0779095251 -0.0227185829 -0.9981242013 -0.0568501955 -3.9653984182 0.0000000000 0.0000000000 0.0000000000 1.0000000000
-0.9912886167 0.0161767960 0.1307103273 -75.2919214959 -0.1294038770 0.0651801095 -0.9894474165 -56.1364833065 -0.0245258024 -0.9977423839 -0.0625189605 -3.9739424195 0.0000000000 0.0000000000 0.0000000000 1.0000000000
-0.9897451774 0.0143132146 0.1421253521 -75.2692331064 -0.1409000927 0.0657733824 -0.9878365381 -56.1949175204 -0.0234871815 -0.9977319249 -0.0630821547 -3.9821055888 0.0000000000 0.0000000000 0.0000000000 1.0000000000
-0.9879740226 0.0112571957 0.1542096175 -75.2466320747 -0.1532269371 0.0622933185 -0.9862256579 -56.2530001855 -0.0207083640 -0.9979943978 -0.0598192749 -3.9885102696 0.0000000000 0.0000000000 0.0000000000 1.0000000000
-0.9868562054 0.0096786169 0.1613107384 -75.2245245006 -0.1605290483 0.0560616974 -0.9854377254 -56.3104784368 -0.0185810280 -0.9983803937 -0.0537711348 -3.9920614411 0.0000000000 0.0000000000 0.0000000000 1.0000000000
-0.9865386826 0.0101977215 0.1632097860 -75.2024717847 -0.1625598573 0.0472889033 -0.9855648393 -56.3676830894 -0.0177685275 -0.9988291977 -0.0449945922 -3.9888255997 0.0000000000 0.0000000000 0.0000000000 1.0000000000
-0.9835407114 0.0115085227 0.1803197795 -75.1787667514 -0.1796041574 0.0468071412 -0.9826247698 -56.4241214451 -0.0197488128 -0.9988376472 -0.0439697505 -3.9812527497 0.0000000000 0.0000000000 0.0000000000 1.0000000000
-0.9808091089 0.0109043341 0.1946653215 -75.1546691583 -0.1940057189 0.0446195378 -0.9799851417 -56.4796333777 -0.0193719621 -0.9989445392 -0.0416477459 -3.9733951204 0.0000000000 0.0000000000 0.0000000000 1.0000000000
-0.9803766643 0.0068173821 0.1970155309 -75.1301961021 -0.1964246264 0.0508924434 -0.9791972862 -56.5346620039 -0.0167021639 -0.9986808712 -0.0485546622 -3.9672914470 0.0000000000 0.0000000000 0.0000000000 1.0000000000
-0.9774153336 -0.0010526102 0.2113247680 -75.1038161225 -0.2110503643 0.0560478154 -0.9758669920 -56.5891716759 -0.0108170840 -0.9984275309 -0.0550041479 -3.9628949147 0.0000000000 0.0000000000 0.0000000000 1.0000000000
-0.9777302811 -0.0080833587 0.2097096965 -75.0774294584 -0.2098301795 0.0559661579 -0.9761347678 -56.6436652600 -0.0038461986 -0.9983999442 -0.0564159399 -3.9608402671 0.0000000000 0.0000000000 0.0000000000 1.0000000000
-0.9780857799 -0.0136745754 0.2077527694 -75.0506967936 -0.2081960455 0.0564895589 -0.9764544722 -56.6977684638 0.0016167380 -0.9983095390 -0.0580986268 -3.9628533004 0.0000000000 0.0000000000 0.0000000000 1.0000000000
-0.9745178743 -0.0161061562 0.2237308751 -75.0230309650 -0.2242879431 0.0560243156 -0.9729111957 -56.7509066615 0.0031354905 -0.9982994880 -0.0582091136 -3.9688629543 0.0000000000 0.0000000000 0.0000000000 1.0000000000
-0.9714185936 -0.0135187324 0.2369876788 -74.9957783982 -0.2373722157 0.0528451012 -0.9699803227 -56.8033716284 0.0005892666 -0.9985112113 -0.0545436854 -3.9762973451 0.0000000000 0.0000000000 0.0000000000 1.0000000000
-0.9725683818 -0.0046142763 0.2325713893 -74.9700180276 -0.2325142744 0.0490164890 -0.9713570384 -56.8554817592 -0.0069177232 -0.9987873108 -0.0487447725 -3.9820607913 0.0000000000 0.0000000000 0.0000000000 1.0000000000
-0.9727651762 0.0119720790 0.2314834361 -74.9446919164 -0.2307825477 0.0431145515 -0.9720496649 -56.9069702966 -0.0216177599 -0.9989984008 -0.0391773874 -3.9834127473 0.0000000000 0.0000000000 0.0000000000 1.0000000000
-0.9740809385 0.0290308900 0.2243290723 -74.9200961924 -0.2231646792 0.0385762364 -0.9740171456 -56.9582672730 -0.0369303560 -0.9988338608 -0.0310977073 -3.9781172712 0.0000000000 0.0000000000 0.0000000000 1.0000000000
-0.9747511326 0.0380758785 0.2200237646 -74.8959535701 -0.2188188288 0.0334033839 -0.9751935880 -57.0094904806 -0.0444808908 -0.9987163969 -0.0242282672 -3.9675256587 0.0000000000 0.0000000000 0.0000000000 1.0000000000
-0.9759632752 0.0404509609 0.2141480917 -74.8727580073 -0.2127409922 0.0364184715 -0.9764297031 -57.0608805153 -0.0472964659 -0.9985176086 -0.0269375132 -3.9582023903 0.0000000000 0.0000000000 0.0000000000 1.0000000000
-0.9801534895 0.0383090714 0.1945033473 -74.8511066449 -0.1929401998 0.0410078494 -0.9803532198 -57.1129341277 -0.0455325855 -0.9984241440 -0.0328026268 -3.9511579995 0.0000000000 0.0000000000 0.0000000000 1.0000000000
-0.9822503180 0.0327273831 0.1846976750 -74.8291748573 -0.1831935063 0.0441992144 -0.9820827708 -57.1652500564 -0.0403044913 -0.9984865286 -0.0374192483 -3.9466336525 0.0000000000 0.0000000000 0.0000000000 1.0000000000
-0.9840586579 0.0301157770 0.1752757763 -74.8075440601 -0.1737554629 0.0473095444 -0.9836517911 -57.2175993280 -0.0379156551 -0.9984261850 -0.0413225860 -3.9460591219 0.0000000000 0.0000000000 0.0000000000 1.0000000000
-0.9834821224 0.0298068021 0.1785342248 -74.7856284973 -0.1770640845 0.0462818392 -0.9831105235 -57.2695118427 -0.0375662731 -0.9984836233 -0.0402396474 -3.9492898320 0.0000000000 0.0000000000 0.0000000000 1.0000000000
-0.9828151683 0.0309551522 0.1819783602 -74.7640798849 -0.1806157900 0.0422625796 -0.9826453128 -57.3211392000 -0.0381088101 -0.9986268837 -0.0359453150 -3.9550277948 0.0000000000 0.0000000000 0.0000000000 1.0000000000
-0.9824732757 0.0290994260 0.1841181305 -74.7428473459 -0.1831036397 0.0343735329 -0.9824925024 -57.3725428646 -0.0349187585 -0.9989853270 -0.0284428666 -3.9610837749 0.0000000000 0.0000000000 0.0000000000 1.0000000000
-0.9806793550 0.0255169047 0.1939507420 -74.7213930995 -0.1932379484 0.0279580835 -0.9807535067 -57.4236654986 -0.0304482848 -0.9992833598 -0.0224870810 -3.9656705464 0.0000000000 0.0000000000 0.0000000000 1.0000000000
-0.9774365189 0.0215435947 0.2101278778 -74.6996518494 -0.2097968432 0.0166457668 -0.9776032953 -57.4742800767 -0.0245588289 -0.9996293273 -0.0117504022 -3.9665197926 0.0000000000 0.0000000000 0.0000000000 1.0000000000
-0.9758084697 0.0190134777 0.2177988019 -74.6779110686 -0.2177529561 0.0044742817 -0.9759936633 -57.5245706121 -0.0195315270 -0.9998092160 -0.0002258010 -3.9622177171 0.0000000000 0.0000000000 0.0000000000 1.0000000000
-0.9726458433 0.0145251889 0.2318384835 -74.6552318261 -0.2319050051 -0.0030530254 -0.9727336468 -57.5741418702 -0.0134213312 -0.9998898429 0.0063379765 -3.9556305061 0.0000000000 0.0000000000 0.0000000000 1.0000000000
-0.9712536358 0.0055412001 0.2379824993 -74.6325282164 -0.2380335516 -0.0119801508 -0.9711830437 -57.6233807251 -0.0025304534 -0.9999128817 0.0129547565 -3.9494535824 0.0000000000 0.0000000000 0.0000000000 1.0000000000
-0.9730570715 -0.0055852211 0.2304967263 -74.6097085341 -0.2304216051 -0.0116200214 -0.9730215100 -57.6729135912 0.0081129172 -0.9999168868 0.0100199884 -3.9443895457 0.0000000000 0.0000000000 0.0000000000 1.0000000000
-0.9718005365 -0.0183381225 0.2350902605 -74.5855444445 -0.2349439383 -0.0097931189 -0.9719595880 -57.7226670998 0.0201261809 -0.9997838807 0.0052085274 -3.9399273522 0.0000000000 0.0000000000 0.0000000000 1.0000000000
-0.9685352369 -0.0287133428 0.2472145602 -74.5609151820 -0.2470210743 -0.0101567222 -0.9689568772 -57.7729677316 0.0303328806 -0.9995360849 0.0027443425 -3.9375846863 0.0000000000 0.0000000000 0.0000000000 1.0000000000
-0.9657715260 -0.0358419624 0.2569060398 -74.5366511829 -0.2567175964 -0.0098428564 -0.9664363372 -57.8239308771 0.0371676641 -0.9993089972 0.0003046880 -3.9396675427 0.0000000000 0.0000000000 0.0000000000 1.0000000000
-0.9635403897 -0.0398374041 0.2645806091 -74.5127832013 -0.2644275847 -0.0091582919 -0.9643620576 -57.8753315381 0.0408407875 -0.9991642042 -0.0017097244 -3.9452387055 0.0000000000 0.0000000000 0.0000000000 1.0000000000
-0.9598724359 -0.0393861478 0.2776574114 -74.4887800273 -0.2773362038 -0.0135069160 -0.9606779863 -57.9268139618 0.0415877004 -0.9991327712 0.0020417117 -3.9516117420 0.0000000000 0.0000000000 0.0000000000 1.0000000000
-0.9578186768 -0.0329886318 0.2854735234 -74.4649964174 -0.2850115529 -0.0180472095 -0.9583541688 -57.9784531137 0.0367667933 -0.9992927741 0.0078838132 -3.9567204673 0.0000000000 0.0000000000 0.0000000000 1.0000000000
-0.9572058799 -0.0256202419 0.2882715849 -74.4414371015 -0.2876841300 -0.0243184950 -0.9574165510 -58.0301415919 0.0315395747 -0.9993759123 0.0159072694 -3.9598477874 0.0000000000 0.0000000000 0.0000000000 1.0000000000
-0.9579071815 -0.0201161315 0.2863724373 -74.4179345770 -0.2856876319 -0.0312642741 -0.9578126759 -58.0818897294 0.0282207122 -0.9993087043 0.0242013427 -3.9580497576 0.0000000000 0.0000000000 0.0000000000 1.0000000000
-0.9622198291 -0.0170203015 0.2717412554 -74.3952418055 -0.2709635262 -0.0379336668 -0.9618418812 -58.1339397563 0.0266789810 -0.9991352993 0.0318886454 -3.9484818337 0.0000000000 0.0000000000 0.0000000000 1.0000000000
-0.9587162719 -0.0172846943 0.2838385974 -74.3719332172 -0.2829175480 -0.0425838293 -0.9581984547 -58.1854881296 0.0286491018 -0.9989433702 0.0359356667 -3.9361215294 0.0000000000 0.0000000000 0.0000000000 1.0000000000
-0.9619028637 -0.0158853061 0.2729295474 -74.3516220325 -0.2721435539 -0.0396393245 -0.9614398629 -58.2379396693 0.0260915094 -0.9990877744 0.0338060961 -3.9265196477 0.0000000000 0.0000000000 0.0000000000 1.0000000000
-0.9702170587 -0.0140727792 0.2418280711 -74.3338126528 -0.2412616952 -0.0333649787 -0.9698863710 -58.2914497778 0.0217175852 -0.9993441525 0.0289760490 -3.9200968978 0.0000000000 0.0000000000 0.0000000000 1.0000000000
-0.9722775491 -0.0117411306 0.2335348227 -74.3154921800 -0.2331867056 -0.0253341008 -0.9721019204 -58.3453503708 0.0173299704 -0.9996100886 0.0218939019 -3.9179925685 0.0000000000 0.0000000000 0.0000000000 1.0000000000
-0.9737131012 -0.0045782407 0.2277319395 -74.2976942129 -0.2276211394 -0.0175351259 -0.9735918735 -58.3999024265 0.0084506462 -0.9998357660 0.0160320774 -3.9207675229 0.0000000000 0.0000000000 0.0000000000 1.0000000000
-0.9738227747 0.0030874630 0.2272876396 -74.2797035253 -0.2273079018 -0.0107335712 -0.9737637846 -58.4550910457 -0.0005668516 -0.9999376271 0.0111544008 -3.9271421740 0.0000000000 0.0000000000 0.0000000000 1.0000000000
-0.9711526764 0.0067841153 0.2383620249 -74.2605889083 -0.2384004070 -0.0055501224 -0.9711510913 -58.5108118079 -0.0052654626 -0.9999615852 0.0070073521 -3.9347362087 0.0000000000 0.0000000000 0.0000000000 1.0000000000
-0.9689271831 0.0074736825 0.2472332055 -74.2411011592 -0.2472731853 -0.0049927070 -0.9689329413 -58.5673159541 -0.0060071342 -0.9999596077 0.0066856108 -3.9415216120 0.0000000000 0.0000000000 0.0000000000 1.0000000000
-0.9666731657 0.0066685550 0.2559267884 -74.2212317644 -0.2559638086 -0.0054493382 -0.9666710058 -58.6240129483 -0.0050516671 -0.9999629169 0.0069746377 -3.9469830443 0.0000000000 0.0000000000 0.0000000000 1.0000000000
-0.9640731783 0.0088185693 0.2654903758 -74.2008107287 -0.2655672887 -0.0091347521 -0.9640490503 -58.6808588088 -0.0060763446 -0.9999193913 0.0111484930 -3.9486054647 0.0000000000 0.0000000000 0.0000000000 1.0000000000
-0.9624388879 0.0134618936 0.2711644601 -74.1796692972 -0.2713201066 -0.0114984647 -0.9624204825 -58.7380376311 -0.0098380272 -0.9998432691 0.0147190519 -3.9432370538 0.0000000000 0.0000000000 0.0000000000 1.0000000000
-0.9573929345 0.0190502599 0.2881594289 -74.1570896480 -0.2883401654 -0.0074815900 -0.9574988119 -58.7946794134 -0.0160847105 -0.9997905348 0.0126557765 -3.9333753037 0.0000000000 0.0000000000 0.0000000000 1.0000000000
-0.9496028996 0.0259682363 0.3123779501 -74.1335647559 -0.3124804780 0.0001154661 -0.9499241746 -58.8501169007 -0.0247039245 -0.9996627618 0.0080049200 -3.9237589021 0.0000000000 0.0000000000 0.0000000000 1.0000000000
-0.9449717837 0.0307405154 0.3257043885 -74.1094900551 -0.3253860029 0.0149866045 -0.9454625063 -58.9045375641 -0.0339452076 -0.9994150401 -0.0041593849 -3.9163655707 0.0000000000 0.0000000000 0.0000000000 1.0000000000
-0.9406170512 0.0317287868 0.3379835011 -74.0840065190 -0.3374134985 0.0220291616 -0.9410987446 -58.9577346410 -0.0373054146 -0.9992537216 -0.0100152841 -3.9111653856 0.0000000000 0.0000000000 0.0000000000 1.0000000000
-0.9379572547 0.0318557017 0.3452845242 -74.0573694666 -0.3447074251 0.0222853198 -0.9384456061 -59.0101194825 -0.0375896193 -0.9992440036 -0.0099217805 -3.9095276030 0.0000000000 0.0000000000 0.0000000000 1.0000000000
-0.9346839213 0.0287842583 0.3543126215 -74.0292011791 -0.3537872127 0.0218281519 -0.9350711951 -59.0616814926 -0.0346493205 -0.9993472861 -0.0102189201 -3.9124800518 0.0000000000 0.0000000000 0.0000000000 1.0000000000
-0.9295596548 0.0258684581 0.3677630637 -73.9994951988 -0.3673093476 0.0206954849 -0.9298685606 -59.1126976590 -0.0316653008 -0.9994511093 -0.0097359613 -3.9183753583 0.0000000000 0.0000000000 0.0000000000 1.0000000000
-0.9246366018 0.0272437908 0.3798748878 -73.9685613510 -0.3794327878 0.0200883562 -0.9250011986 -59.1637504609 -0.0328316012 -0.9994269527 -0.0082372420 -3.9249090904 0.0000000000 0.0000000000 0.0000000000 1.0000000000
-0.9245558167 0.0307677047 0.3798024357 -73.9369752672 -0.3793815733 0.0187505879 -0.9250502890 -59.2153327197 -0.0355831931 -0.9993506711 -0.0056632649 -3.9303878180 0.0000000000 0.0000000000 0.0000000000 1.0000000000
-0.9270576808 0.0324880147 0.3735084809 -73.9047321502 -0.3730726057 0.0188055545 -0.9276115469 -59.2671256452 -0.0371602916 -0.9992951916 -0.0053134455 -3.9328896041 0.0000000000 0.0000000000 0.0000000000 1.0000000000
-0.9302202407 0.0319825670 0.3656055514 -73.8719150061 -0.3651713386 0.0187110339 -0.9307522714 -59.3188479875 -0.0366087047 -0.9993132705 -0.0057262657 -3.9295659588 0.0000000000 0.0000000000 0.0000000000 1.0000000000
-0.9370849266 0.0284323244 0.3479417241 -73.8396111752 -0.3475292315 0.0185088452 -0.9374864564 -59.3706792455 -0.0330949186 -0.9994243471 -0.0074632960 -3.9194597635 0.0000000000 0.0000000000 0.0000000000 1.0000000000
-0.9366922586 0.0219650517 0.3494640885 -73.8067927336 -0.3490007953 0.0223572854 -0.9368556968 -59.4220195819 -0.0283911522 -0.9995087235 -0.0132760757 -3.9081686990 0.0000000000 0.0000000000 0.0000000000 1.0000000000
-0.9438405589 0.0113742041 0.3302054313 -73.7761302498 -0.3297144413 0.0319827384 -0.9435388130 -59.4740521010 -0.0212928770 -0.9994236999 -0.0264363663 -3.8992160903 0.0000000000 0.0000000000 0.0000000000 1.0000000000
-0.9465184696 -0.0001741138 0.3226495877 -73.7453660787 -0.3224271710 0.0376386321 -0.9458456813 -59.5258030202 -0.0119794044 -0.9992914005 -0.0356817995 -3.8936664034 0.0000000000 0.0000000000 0.0000000000 1.0000000000
-0.9479722903 -0.0060994150 0.3182944139 -73.7146691198 -0.3182776913 0.0398823721 -0.9471582273 -59.5772029991 -0.0069172251 -0.9991857653 -0.0397486913 -3.8940304247 0.0000000000 0.0000000000 0.0000000000 1.0000000000
-0.9521819245 -0.0042262323 0.3055024084 -73.6847014189 -0.3054192054 0.0402901117 -0.9513652379 -59.6287237983 -0.0082880357 -0.9991790860 -0.0396542887 -3.9004984186 0.0000000000 0.0000000000 0.0000000000 1.0000000000
-0.9510830402 0.0018306660 0.3089299262 -73.6535113263 -0.3085935140 0.0413990212 -0.9502926729 -59.6801459741 -0.0145290651 -0.9991410159 -0.0388089753 -3.9096558909 0.0000000000 0.0000000000 0.0000000000 1.0000000000
-0.9462299165 0.0029564546 0.3234813820 -73.6207024849 -0.3231216852 0.0393812214 -0.9455376756 -59.7316914404 -0.0155345311 -0.9992198851 -0.0363083953 -3.9172217056 0.0000000000 0.0000000000 0.0000000000 1.0000000000
-0.9409137775 -0.0043250164 0.3386186020 -73.5869485836 -0.3385615465 0.0343731142 -0.9403162065 -59.7832001694 -0.0075724929 -0.9993997115 -0.0338064209 -3.9223845434 0.0000000000 0.0000000000 0.0000000000 1.0000000000
-0.9406304129 -0.0107983050 0.3392607005 -73.5538463726 -0.3394320098 0.0282145943 -0.9402073428 -59.8347697238 0.0005805426 -0.9995435625 -0.0302047959 -3.9251054151 0.0000000000 0.0000000000 0.0000000000 1.0000000000
-0.9392586646 -0.0112280338 0.3430263725 -73.5205679337 -0.3431530279 0.0124990331 -0.9391963446 -59.8854979284 0.0062578303 -0.9998588428 -0.0155927589 -3.9214454411 0.0000000000 0.0000000000 0.0000000000 1.0000000000
-0.9327532139 -0.0056971338 0.3604705044 -73.4868527292 -0.3604859238 0.0019266007 -0.9327626638 -59.9357618217 0.0046195910 -0.9999819153 -0.0038507796 -3.9130068884 0.0000000000 0.0000000000 0.0000000000 1.0000000000
-0.9314056183 0.0004326438 0.3639826740 -73.4549994045 -0.3639820692 -0.0032832971 -0.9314001682 -59.9867832820 0.0007920987 -0.9999945164 0.0032155559 -3.9039560713 0.0000000000 0.0000000000 0.0000000000 1.0000000000
-0.9326880876 0.0003895284 0.3606837666 -73.4239658525 -0.3606701070 0.0077624488 -0.9326611487 -60.0386357156 -0.0031630873 -0.9999697959 -0.0070994523 -3.8963927721 0.0000000000 0.0000000000 0.0000000000 1.0000000000
-0.9251882748 -0.0011944760 0.3795065605 -73.3915625822 -0.3794446332 0.0212480493 -0.9249704269 -60.0901958912 -0.0069589191 -0.9997735212 -0.0201116836 -3.8891075919 0.0000000000 0.0000000000 0.0000000000 1.0000000000
-0.9177305518 0.0031165904 0.3971912903 -73.3592367370 -0.3969581651 0.0279453566 -0.9174111795 -60.1417486141 -0.0139588471 -0.9996045938 -0.0244091515 -3.8836236763 0.0000000000 0.0000000000 0.0000000000 1.0000000000
-0.9152509135 0.0100641469 0.4027585855 -73.3273269754 -0.4023146408 0.0303121495 -0.9149995101 -60.1935800513 -0.0214171680 -0.9994898131 -0.0236942689 -3.8828763798 0.0000000000 0.0000000000 0.0000000000 1.0000000000
-0.9174243838 0.0130532953 0.3976960039 -73.2952472958 -0.3971815934 0.0304134924 -0.9172359573 -60.2454994798 -0.0240682762 -0.9994521654 -0.0227175509 -3.8876585448 0.0000000000 0.0000000000 0.0000000000 1.0000000000
-0.9215746806 0.0100385108 0.3880713032 -73.2623826528 -0.3876346923 0.0301864050 -0.9213186888 -60.2973244728 -0.0209631451 -0.9994938765 -0.0239277515 -3.8972360027 0.0000000000 0.0000000000 0.0000000000 1.0000000000
-0.9258648303 0.0027703874 0.3778447313 -73.2287971869 -0.3775999588 0.0299425246 -0.9254845846 -60.3489184933 -0.0138775760 -0.9995477828 -0.0266766323 -3.9091297730 0.0000000000 0.0000000000 0.0000000000 1.0000000000
-0.9293012250 -0.0021350589 0.3693164967 -73.1950165685 -0.3692100355 0.0300653613 -0.9288595285 -60.4001903039 -0.0091204641 -0.9995456546 -0.0287280623 -3.9185807781 0.0000000000 0.0000000000 0.0000000000 1.0000000000
-0.9339125080 0.0012479500 0.3574994685 -73.1620938066 -0.3573252766 0.0281489601 -0.9335557202 -60.4515872451 -0.0112282692 -0.9996029605 -0.0258427418 -3.9208180044 0.0000000000 0.0000000000 0.0000000000 1.0000000000
-0.9360526167 0.0074530239 0.3517811126 -73.1306183260 -0.3514291902 0.0296588711 -0.9357445568 -60.5032753667 -0.0174075572 -0.9995322925 -0.0251430537 -3.9143757990 0.0000000000 0.0000000000 0.0000000000 1.0000000000
-0.9309790567 0.0119309979 0.3648775784 -73.1002569843 -0.3642591700 0.0363243225 -0.9305889537 -60.5548782001 -0.0243567857 -0.9992688301 -0.0294712081 -3.9041522923 0.0000000000 0.0000000000 0.0000000000 1.0000000000
-0.9371676975 0.0123701003 0.3486598449 -73.0737716267 -0.3477452900 0.0473879375 -0.9363907286 -60.6075303543 -0.0281055182 -0.9987999620 -0.0401088001 -3.8945769637 0.0000000000 0.0000000000 0.0000000000 1.0000000000
-0.9412464565 0.0135700488 0.3374477172 -73.0484676765 -0.3362320224 0.0560530587 -0.9401096116 -60.6600362350 -0.0316723101 -0.9983355690 -0.0481970579 -3.8875978757 0.0000000000 0.0000000000 0.0000000000 1.0000000000
-0.9420318323 0.0161436410 0.3351349129 -73.0232539934 -0.3336165774 0.0612728067 -0.9407154843 -60.7118824259 -0.0357212298 -0.9979904940 -0.0523351481 -3.8856879893 0.0000000000 0.0000000000 0.0000000000 1.0000000000
-0.9444790766 0.0203698417 0.3279395424 -72.9985372236 -0.3261514226 0.0627939978 -0.9432296451 -60.7635001602 -0.0398060734 -0.9978186125 -0.0526639642 -3.8892828057 0.0000000000 0.0000000000 0.0000000000 1.0000000000
-0.9443835487 0.0240205286 0.3279675703 -72.9734063753 -0.3260140011 0.0622194191 -0.9433152257 -60.8149484230 -0.0430648820 -0.9977734002 -0.0509279672 -3.8963864646 0.0000000000 0.0000000000 0.0000000000 1.0000000000
-0.9406914698 0.0231019422 0.3384757879 -72.9473701192 -0.3368108256 0.0561500554 -0.9398966108 -60.8663637356 -0.0407188714 -0.9981550338 -0.0450388939 -3.9043988532 0.0000000000 0.0000000000 0.0000000000 1.0000000000
-0.9381980763 0.0161342197 0.3457225138 -72.9213210234 -0.3445780438 0.0499948401 -0.9374254572 -60.9181543350 -0.0324089700 -0.9986191481 -0.0413455649 -3.9116627103 0.0000000000 0.0000000000 0.0000000000 1.0000000000
-0.9389991737 0.0105457286 0.3437576755 -72.8958135871 -0.3430487829 0.0423555648 -0.9383621575 -60.9703398384 -0.0244557632 -0.9990469427 -0.0361541410 -3.9159983290 0.0000000000 0.0000000000 0.0000000000 1.0000000000
-0.9372063710 0.0081460399 0.3486801690 -72.8697627604 -0.3482590029 0.0325202055 -0.9368340852 -61.0226597500 -0.0189706386 -0.9994378811 -0.0276412120 -3.9135279968 0.0000000000 0.0000000000 0.0000000000 1.0000000000
-0.9332591896 0.0055823902 0.3591603012 -72.8430686746 -0.3588047722 0.0326218434 -0.9328424041 -61.0747391309 -0.0169239614 -0.9994521761 -0.0284416469 -3.9056906409 0.0000000000 0.0000000000 0.0000000000 1.0000000000
-0.9245539461 0.0069845778 0.3809871605 -72.8157058668 -0.3805717805 0.0332118806 -0.9241547981 -61.1258377114 -0.0191081311 -0.9994239274 -0.0280480420 -3.8963414325 0.0000000000 0.0000000000 0.0000000000 1.0000000000
-0.9175554116 0.0073115835 0.3975406991 -72.7879450741 -0.3969645640 0.0400093062 -0.9169614988 -61.1761899991 -0.0226097681 -0.9991725557 -0.0338083159 -3.8887209682 0.0000000000 0.0000000000 0.0000000000 1.0000000000
-0.9145962403 0.0022380119 0.4043621008 -72.7597485197 -0.4038055671 0.0476823844 -0.9136013650 -61.2263248443 -0.0213255999 -0.9988600410 -0.0427064078 -3.8828059049 0.0000000000 0.0000000000 0.0000000000 1.0000000000
-0.9119279924 -0.0003981578 0.4103500679 -72.7309941171 -0.4098237309 0.0515255608 -0.9107083101 -61.2762515361 -0.0207809118 -0.9986715967 -0.0471507758 -3.8791198385 0.0000000000 0.0000000000 0.0000000000 1.0000000000
-0.9045101948 -0.0036580285 0.4264363098 -72.7009375401 -0.4259555351 0.0559868119 -0.9030101655 -61.3252588261 -0.0205715726 -0.9984248072 -0.0521987996 -3.8803243902 0.0000000000 0.0000000000 0.0000000000 1.0000000000
-0.8998965035 -0.0068845400 0.4360491786 -72.6703481445 -0.4356763048 0.0584393693 -0.8982043184 -61.3734677257 -0.0192987154 -0.9982672204 -0.0555888150 -3.8864233041 0.0000000000 0.0000000000 0.0000000000 1.0000000000
-0.8991451827 -0.0082197894 0.4375732801 -72.6391662409 -0.4373046946 0.0566106598 -0.8975298532 -61.4209598728 -0.0173938057 -0.9983624934 -0.0544957545 -3.8944148282 0.0000000000 0.0000000000 0.0000000000 1.0000000000
-0.8997653604 -0.0100840097 0.4362575031 -72.6068401230 -0.4361449867 0.0531686611 -0.8983043159 -61.4677884458 -0.0141367179 -0.9985346295 -0.0522374097 -3.9016176087 0.0000000000 0.0000000000 0.0000000000 1.0000000000
-0.9010756140 -0.0111720934 0.4335180760 -72.5737109128 -0.4335001581 0.0505144308 -0.8997365755 -61.5139069574 -0.0118469778 -0.9986608416 -0.0503604260 -3.9068008445 0.0000000000 0.0000000000 0.0000000000 1.0000000000
-0.8987867064 -0.0088400234 0.4382970573 -72.5395430492 -0.4382143207 0.0461106604 -0.8976870369 -61.5590155996 -0.0122745924 -0.9988972224 -0.0453174734 -3.9081029443 0.0000000000 0.0000000000 0.0000000000 1.0000000000
-0.9062224326 -0.0077059323 0.4227310271 -72.5063624276 -0.4226631310 0.0420663612 -0.9053100568 -61.6042040456 -0.0108064980 -0.9990851014 -0.0413784937 -3.9032002178 0.0000000000 0.0000000000 0.0000000000 1.0000000000
-0.9056147730 -0.0105453309 0.4239701391 -72.4723053544 -0.4240349205 0.0401966775 -0.9047533439 -61.6484263703 -0.0075012675 -0.9991361384 -0.0408742935 -3.8939041479 0.0000000000 0.0000000000 0.0000000000 1.0000000000
-0.9030366513 -0.0175715425 0.4292039694 -72.4382771018 -0.4295486659 0.0452434400 -0.9019096267 -61.6922505187 -0.0035707207 -0.9988214415 -0.0484043172 -3.8850768784 0.0000000000 0.0000000000 0.0000000000 1.0000000000
-0.9047927473 -0.0269667494 0.4249975046 -72.4049735215 -0.4258433114 0.0508510534 -0.9033668383 -61.7363505276 0.0027492963 -0.9983421081 -0.0574932742 -3.8778983441 0.0000000000 0.0000000000 0.0000000000 1.0000000000
-0.8991780686 -0.0354517582 0.4361444414 -72.3709199726 -0.4375069013 0.0542599166 -0.8975764997 -61.7796631948 0.0081555040 -0.9978973065 -0.0642997159 -3.8748014239 0.0000000000 0.0000000000 0.0000000000 1.0000000000
-0.8944075143 -0.0377275145 0.4456588752 -72.3373065866 -0.4471629065 0.0554382463 -0.8927328469 -61.8224469124 0.0089740450 -0.9977490844 -0.0664547291 -3.8776669370 0.0000000000 0.0000000000 0.0000000000 1.0000000000
-0.8876670995 -0.0341871726 0.4592149362 -72.3035314075 -0.4604628927 0.0559637596 -0.8859130782 -61.8648488849 0.0045874690 -0.9978473304 -0.0654191126 -3.8843234552 0.0000000000 0.0000000000 0.0000000000 1.0000000000
-0.8769466254 -0.0316120357 0.4795469688 -72.2686070687 -0.4805859564 0.0549331480 -0.8752253926 -61.9070791621 0.0013246318 -0.9979894932 -0.0633657392 -3.8915636804 0.0000000000 0.0000000000 0.0000000000 1.0000000000
-0.8657019297 -0.0337529978 0.4994205683 -72.2327477360 -0.5005450743 0.0507055885 -0.8642242602 -61.9492954650 0.0038467457 -0.9981431152 -0.0607908226 -3.8975258072 0.0000000000 0.0000000000 0.0000000000 1.0000000000
-0.8491819533 -0.0365669192 0.5268328678 -72.1960077125 -0.5280610450 0.0466194442 -0.8479257987 -61.9908932802 0.0064453787 -0.9982432007 -0.0588979563 -3.9024217457 0.0000000000 0.0000000000 0.0000000000 1.0000000000
-0.8335382106 -0.0356099638 0.5513129618 -72.1595698023 -0.5523980490 0.0385601862 -0.8326881214 -62.0320623526 0.0083932634 -0.9986215712 -0.0518122631 -3.9047077694 0.0000000000 0.0000000000 0.0000000000 1.0000000000
-0.8210755079 -0.0330817748 0.5698601640 -72.1229166161 -0.5707460479 0.0315539523 -0.8205201380 -62.0729471491 0.0091629220 -0.9989544255 -0.0447894696 -3.9018029191 0.0000000000 0.0000000000 0.0000000000 1.0000000000
-0.7997242501 -0.0322978887 0.5994980986 -72.0849693148 -0.6002959792 0.0276057832 -0.7993013563 -62.1124313906 0.0092661317 -0.9990969758 -0.0414653070 -3.8954650280 0.0000000000 0.0000000000 0.0000000000 1.0000000000
-0.7759299482 -0.0314377322 0.6300352248 -72.0467329716 -0.6307422461 0.0230766759 -0.7756492029 -62.1506146258 0.0098455333 -0.9992392787 -0.0377349897 -3.8901572239 0.0000000000 0.0000000000 0.0000000000 1.0000000000
-0.7641662004 -0.0378233105 0.6439094776 -72.0086920695 -0.6449153904 0.0268766071 -0.7637812430 -62.1887427300 0.0115826331 -0.9989229426 -0.0449310298 -3.8870865066 0.0000000000 0.0000000000 0.0000000000 1.0000000000
-0.7532553424 -0.0441636061 0.6562438304 -71.9698863415 -0.6576089556 0.0315703423 -0.7526976651 -62.2268481851 0.0125240008 -0.9985253574 -0.0528229118 -3.8840684312 0.0000000000 0.0000000000 0.0000000000 1.0000000000
-0.7372687241 -0.0472600228 0.6739445962 -71.9303008454 -0.6755436070 0.0387260122 -0.7363023367 -62.2649635308 0.0086984786 -0.9981316477 -0.0604776839 -3.8825946224 0.0000000000 0.0000000000 0.0000000000 1.0000000000
-0.7128918270 -0.0516412697 0.6993700181 -71.8897813476 -0.7012660007 0.0477285918 -0.7113002023 -62.3023434151 0.0033524995 -0.9975245164 -0.0702395897 -3.8853185621 0.0000000000 0.0000000000 0.0000000000 1.0000000000
-0.6940546525 -0.0552146100 0.7178018433 -71.8489178550 -0.7199194283 0.0560539041 -0.6917904137 -62.3393116904 -0.0020386578 -0.9968998479 -0.0786545434 -3.8920240363 0.0000000000 0.0000000000 0.0000000000 1.0000000000
-0.6819154715 -0.0557161285 0.7293058362 -71.8073885971 -0.7314045266 0.0604237896 -0.6792616463 -62.3757548455 -0.0062215932 -0.9966166157 -0.0819549455 -3.9000801923 0.0000000000 0.0000000000 0.0000000000 1.0000000000
-0.6729670516 -0.0547119762 0.7376462209 -71.7648886844 -0.7396199620 0.0616557458 -0.6701946589 -62.4113505968 -0.0088124537 -0.9965967934 -0.0819583553 -3.9077345454 0.0000000000 0.0000000000 0.0000000000 1.0000000000
-0.6653033653 -0.0526579887 0.7447137492 -71.7213367099 -0.7464859770 0.0621613240 -0.6624912497 -62.4459844578 -0.0114069359 -0.9966760286 -0.0806645882 -3.9138393135 0.0000000000 0.0000000000 0.0000000000 1.0000000000
-0.6611924554 -0.0500972028 0.7485417873 -71.6768974750 -0.7500813125 0.0630732472 -0.6583310643 -62.4799406832 -0.0142324164 -0.9967507390 -0.0792805308 -3.9161346835 0.0000000000 0.0000000000 0.0000000000 1.0000000000
-0.6650781004 -0.0504257539 0.7450693684 -71.6319762452 -0.7466805603 0.0606700991 -0.6624102052 -62.5142196209 -0.0118008985 -0.9968833344 -0.0780022844 -3.9112539339 0.0000000000 0.0000000000 0.0000000000 1.0000000000
-0.6578699903 -0.0593741699 0.7507874425 -71.5864510870 -0.7531157095 0.0583210265 -0.6552979368 -62.5479065447 -0.0048789233 -0.9965306648 -0.0830832732 -3.9022039275 0.0000000000 0.0000000000 0.0000000000 1.0000000000
-0.6589388958 -0.0709935893 0.7488387289 -71.5425664706 -0.7521934095 0.0650320741 -0.6557254791 -62.5825930551 -0.0021462303 -0.9953545798 -0.0962530731 -3.8947561204 0.0000000000 0.0000000000 0.0000000000 1.0000000000
-0.6613092463 -0.0793743962 0.7459019949 -71.4999472066 -0.7501092501 0.0732762033 -0.6572417447 -62.6178433623 -0.0024886995 -0.9941480288 -0.1079976996 -3.8893692101 0.0000000000 0.0000000000 0.0000000000 1.0000000000
-0.6553820009 -0.0865740332 0.7503195117 -71.4572591332 -0.7552913275 0.0791626548 -0.6505907198 -62.6524141534 -0.0030730219 -0.9930952678 -0.1172703956 -3.8872276606 0.0000000000 0.0000000000 0.0000000000 1.0000000000
-0.6517239265 -0.0882279205 0.7533072134 -71.4148836175 -0.7584365062 0.0829815253 -0.6464426754 -62.6865233535 -0.0054762886 -0.9926378496 -0.1209963213 -3.8899542478 0.0000000000 0.0000000000 0.0000000000 1.0000000000
-0.6469257108 -0.0836524135 0.7579507889 -71.3725087886 -0.7624515866 0.0871710999 -0.6411464555 -62.7203298630 -0.0124379555 -0.9926749080 -0.1201741411 -3.8968579068 0.0000000000 0.0000000000 0.0000000000 1.0000000000
-0.6312750924 -0.0771862342 0.7717085220 -71.3288748923 -0.7752397898 0.0913462563 -0.6250273032 -62.7533819247 -0.0222491807 -0.9928233210 -0.1175024564 -3.9045938483 0.0000000000 0.0000000000 0.0000000000 1.0000000000
-0.6136632349 -0.0725213525 0.7862303019 -71.2840861819 -0.7891807792 0.0875142673 -0.6078938648 -62.7861275490 -0.0247210836 -0.9935199578 -0.1109367458 -3.9106509077 0.0000000000 0.0000000000 0.0000000000 1.0000000000
-0.5992545991 -0.0700967744 0.7974837727 -71.2389465015 -0.8002219225 0.0813320604 -0.5941632526 -62.8187612303 -0.0232120709 -0.9942190595 -0.1048315868 -3.9151684489 0.0000000000 0.0000000000 0.0000000000 1.0000000000
-0.5808086536 -0.0629981539 0.8115987559 -71.1937473990 -0.8136904887 0.0741466632 -0.5765501374 -62.8509467052 -0.0238557453 -0.9952554973 -0.0943260223 -3.9179109985 0.0000000000 0.0000000000 0.0000000000 1.0000000000
-0.5705557185 -0.0558755218 0.8193559045 -71.1483344470 -0.8208536790 0.0701363914 -0.5668157763 -62.8833765632 -0.0257955392 -0.9959712911 -0.0858823469 -3.9159734118 0.0000000000 0.0000000000 0.0000000000 1.0000000000
-0.5520245002 -0.0529309833 0.8321461784 -71.1018861598 -0.8332985208 0.0705758118 -0.5482997629 -62.9147899318 -0.0297073465 -0.9961010821 -0.0830668874 -3.9094996847 0.0000000000 0.0000000000 0.0000000000 1.0000000000
-0.5336142763 -0.0470201978 0.8444198631 -71.0555788174 -0.8451141967 0.0676783738 -0.5302844823 -62.9453281859 -0.0322148819 -0.9965985845 -0.0758515831 -3.9023238467 0.0000000000 0.0000000000 0.0000000000 1.0000000000
-0.5276578770 -0.0499702287 0.8479859321 -71.0094183099 -0.8487576404 0.0715137383 -0.5239239001 -62.9751495289 -0.0344620469 -0.9961871117 -0.0801474008 -3.8975474870 0.0000000000 0.0000000000 0.0000000000 1.0000000000
-0.5171178986 -0.0554254726 0.8541177296 -70.9622567384 -0.8552826152 0.0717896412 -0.5131645892 -63.0031748554 -0.0328744155 -0.9958786394 -0.0845281515 -3.8936148820 0.0000000000 0.0000000000 0.0000000000 1.0000000000
-0.5199178588 -0.0540884368 0.8525021179 -70.9146408587 -0.8536758827 0.0683927312 -0.5162944137 -63.0310727099 -0.0303793904 -0.9961911841 -0.0817325964 -3.8906691719 0.0000000000 0.0000000000 0.0000000000 1.0000000000
-0.5110245445 -0.0537618274 0.8578831977 -70.8657444589 -0.8590258542 0.0673222564 -0.5074862516 -63.0575929096 -0.0304712443 -0.9962817773 -0.0805861251 -3.8920001393 0.0000000000 0.0000000000 0.0000000000 1.0000000000
-0.4960885838 -0.0537587959 0.8666060863 -70.8157172288 -0.8676940376 0.0671028646 -0.4925487414 -63.0830238557 -0.0316729236 -0.9962967417 -0.0799351517 -3.8988628653 0.0000000000 0.0000000000 0.0000000000 1.0000000000
-0.4876629760 -0.0501894992 0.8715881114 -70.7645490060 -0.8724160486 0.0655098269 -0.4843539003 -63.1080978160 -0.0327881066 -0.9965889206 -0.0757328418 -3.9089834054 0.0000000000 0.0000000000 0.0000000000 1.0000000000
-0.4914616441 -0.0451098995 0.8697301589 -70.7120974333 -0.8702731354 0.0632983975 -0.4884853966 -63.1332408087 -0.0330169982 -0.9969746285 -0.0703666682 -3.9193557159 0.0000000000 0.0000000000 0.0000000000 1.0000000000
-0.4958879916 -0.0397496082 0.8674762639 -70.6583733765 -0.8676779589 0.0630257514 -0.4931153154 -63.1578576098 -0.0350722028 -0.9972199974 -0.0657435721 -3.9282774243 0.0000000000 0.0000000000 0.0000000000 1.0000000000
-0.4936080697 -0.0362315811 0.8689294252 -70.6035517410 -0.8688809522 0.0634841911 -0.4909334460 -63.1815501252 -0.0373759867 -0.9973249370 -0.0628172397 -3.9333305268 0.0000000000 0.0000000000 0.0000000000 1.0000000000
-0.5187276293 -0.0331164023 0.8542979284 -70.5491447810 -0.8542009128 0.0616041423 -0.5162806700 -63.2069791138 -0.0355309328 -0.9975511183 -0.0602438318 -3.9300757783 0.0000000000 0.0000000000 0.0000000000 1.0000000000
-0.5213423035 -0.0326980383 0.8527209631 -70.4940022336 -0.8526615416 0.0600231126 -0.5190043558 -63.2315279076 -0.0342125421 -0.9976612974 -0.0591729475 -3.9207819061 0.0000000000 0.0000000000 0.0000000000 1.0000000000
-0.5310253431 -0.0414466560 0.8463416920 -70.4395064581 -0.8467143583 0.0648145203 -0.5280851005 -63.2569236652 -0.0329678693 -0.9970362344 -0.0695116316 -3.9113563486 0.0000000000 0.0000000000 0.0000000000 1.0000000000
-0.5332152451 -0.0487946956 0.8445712404 -70.3849401009 -0.8453698720 0.0686298324 -0.5297544012 -63.2819212314 -0.0321135779 -0.9964482043 -0.0778440385 -3.9032870320 0.0000000000 0.0000000000 0.0000000000 1.0000000000
-0.5225777815 -0.0508486239 0.8510739567 -70.3299036147 -0.8518786162 0.0719559412 -0.5187727497 -63.3055039995 -0.0348609471 -0.9961108171 -0.0809194315 -3.9003276323 0.0000000000 0.0000000000 0.0000000000 1.0000000000
-0.5183165320 -0.0438190103 0.8540654934 -70.2752049018 -0.8541947247 0.0746673408 -0.5145640490 -63.3288850759 -0.0412231119 -0.9962452924 -0.0761312845 -3.9041346027 0.0000000000 0.0000000000 0.0000000000 1.0000000000
-0.5100816941 -0.0324496810 0.8595136320 -70.2199755106 -0.8587382785 0.0759532671 -0.5067540530 -63.3517253432 -0.0488388611 -0.9965832225 -0.0666081544 -3.9125752753 0.0000000000 0.0000000000 0.0000000000 1.0000000000
-0.4930862640 -0.0225073329 0.8696892297 -70.1634550958 -0.8682758348 0.0752794405 -0.4903367013 -63.3739710410 -0.0544335472 -0.9969084340 -0.0566618313 -3.9222903215 0.0000000000 0.0000000000 0.0000000000 1.0000000000
-0.4693996175 -0.0133264386 0.8828852729 -70.1057421937 -0.8813393592 0.0681042087 -0.4675497307 -63.3959403066 -0.0538974301 -0.9975892054 -0.0437132044 -3.9300363417 0.0000000000 0.0000000000 0.0000000000 1.0000000000
-0.4446024580 -0.0073487677 0.8956978564 -70.0472436190 -0.8941344444 0.0632626514 -0.4433073791 -63.4180619099 -0.0534064583 -0.9979698555 -0.0346975167 -3.9350728200 0.0000000000 0.0000000000 0.0000000000 1.0000000000
-0.4213619675 0.0043530384 0.9068821001 -69.9882451633 -0.9050106273 0.0623700214 -0.4207918070 -63.4403232442 -0.0583939789 -0.9980436020 -0.0223408089 -3.9344059225 0.0000000000 0.0000000000 0.0000000000 1.0000000000
-0.3988424261 0.0108260110 0.9169555696 -69.9286133931 -0.9145831868 0.0681441301 -0.3986150674 -63.4621284880 -0.0668005508 -0.9976167476 -0.0172774825 -3.9283343962 0.0000000000 0.0000000000 0.0000000000 1.0000000000
-0.3904821240 0.0101768129 0.9205542587 -69.8692643272 -0.9177907068 0.0739003270 -0.3901268513 -63.4842423758 -0.0719995087 -0.9972137054 -0.0195165723 -3.9193136680 0.0000000000 0.0000000000 0.0000000000 1.0000000000
-0.3778138026 0.0010786754 0.9258809681 -69.8096994506 -0.9227750703 0.0814096572 -0.3766412583 -63.5053242619 -0.0757819259 -0.9966801414 -0.0297623173 -3.9101137231 0.0000000000 0.0000000000 0.0000000000 1.0000000000
-0.3553559408 -0.0075488449 0.9347005779 -69.7500020710 -0.9315243264 0.0856191706 -0.3534569095 -63.5250287939 -0.0773600969 -0.9962993388 -0.0374572136 -3.9032004682 0.0000000000 0.0000000000 0.0000000000 1.0000000000
-0.3593644420 -0.0095722073 0.9331482040 -69.6911558050 -0.9299335017 0.0872310463 -0.3572316154 -63.5454534401 -0.0779799991 -0.9961421171 -0.0402492526 -3.9013258460 0.0000000000 0.0000000000 0.0000000000 1.0000000000
-0.3646311297 -0.0107185681 0.9310903563 -69.6326645743 -0.9279765024 0.0866945084 -0.3624136768 -63.5647325613 -0.0768358650 -0.9961772807 -0.0415580959 -3.9055255555 0.0000000000 0.0000000000 0.0000000000 1.0000000000
-0.3596999752 -0.0118392780 0.9329929042 -69.5742412067 -0.9300321321 0.0851450591 -0.3574780444 -63.5820542441 -0.0752074541 -0.9962982236 -0.0416375846 -3.9143999164 0.0000000000 0.0000000000 0.0000000000 1.0000000000
-0.3574345650 -0.0078596126 0.9339051120 -69.5162055998 -0.9309763567 0.0825733234 -0.3556187138 -63.5981887872 -0.0743206235 -0.9965539989 -0.0368316734 -3.9247456375 0.0000000000 0.0000000000 0.0000000000 1.0000000000
-0.3638727185 0.0028070632 0.9314444509 -69.4588099330 -0.9283442469 0.0804831032 -0.3629041599 -63.6137858910 -0.0759842348 -0.9967520206 -0.0266796845 -3.9347350520 0.0000000000 0.0000000000 0.0000000000 1.0000000000
-0.3673520896 0.0165795565 0.9299341700 -69.4018047567 -0.9265099789 0.0810199295 -0.3674439141 -63.6285628368 -0.0814352580 -0.9965745779 -0.0144017158 -3.9417861900 0.0000000000 0.0000000000 0.0000000000 1.0000000000
-0.3726038904 0.0303617388 0.9274936688 -69.3451429390 -0.9241218254 0.0790271071 -0.3738362853 -63.6430223579 -0.0846474611 -0.9964099965 -0.0013878621 -3.9438921809 0.0000000000 0.0000000000 0.0000000000 1.0000000000
-0.3984249921 0.0435731742 0.9161653258 -69.2892276378 -0.9133884740 0.0721300325 -0.4006479177 -63.6588404882 -0.0835405362 -0.9964429923 0.0110608275 -3.9394404037 0.0000000000 0.0000000000 0.0000000000 1.0000000000
-0.4122190462 0.0534744681 0.9095141226 -69.2330212589 -0.9077866685 0.0607574031 -0.4150083161 -63.6745507158 -0.0774520651 -0.9967191276 0.0234980505 -3.9321222672 0.0000000000 0.0000000000 0.0000000000 1.0000000000
-0.4354896663 0.0477673802 0.8989254852 -69.1762915461 -0.8974189147 0.0553086409 -0.4376988071 -63.6918090132 -0.0706260722 -0.9973260408 0.0187810089 -3.9261389932 0.0000000000 0.0000000000 0.0000000000 1.0000000000
-0.4347633733 0.0364927427 0.8998050283 -69.1178463274 -0.8982699579 0.0534007053 -0.4361873993 -63.7088497862 -0.0639678977 -0.9979061301 0.0095636637 -3.9217466776 0.0000000000 0.0000000000 0.0000000000 1.0000000000
-0.4156108897 0.0325954665 0.9089582630 -69.0577529219 -0.9072050660 0.0567444967 -0.4168441318 -63.7258315508 -0.0651656081 -0.9978565015 0.0059871416 -3.9210249932 0.0000000000 0.0000000000 0.0000000000 1.0000000000
-0.4023257610 0.0331147360 0.9148974786 -68.9965116059 -0.9125114514 0.0661308532 -0.4036701144 -63.7441521239 -0.0738703801 -0.9972613121 0.0036114300 -3.9252747731 0.0000000000 0.0000000000 0.0000000000 1.0000000000
-0.3783836154 0.0334206150 0.9250453514 -68.9338724189 -0.9219857876 0.0752107350 -0.3798493817 -63.7626056602 -0.0822681407 -0.9966074492 0.0023548222 -3.9328093592 0.0000000000 0.0000000000 0.0000000000 1.0000000000
-0.3518657280 0.0345310942 0.9354133381 -68.8704713351 -0.9320604543 0.0792459600 -0.3535298959 -63.7815236906 -0.0863355021 -0.9962568350 0.0043011299 -3.9405580986 0.0000000000 0.0000000000 0.0000000000 1.0000000000
-0.3302531036 0.0356425327 0.9432192202 -68.8069354129 -0.9398759211 0.0796706894 -0.3320931109 -63.8010122169 -0.0869835651 -0.9961838139 0.0071880658 -3.9465430743 0.0000000000 0.0000000000 0.0000000000 1.0000000000
-0.3097296605 0.0365313822 0.9501226213 -68.7435684261 -0.9469957143 0.0777350952 -0.3116991691 -63.8205568888 -0.0852446739 -0.9963045283 0.0105181977 -3.9495003692 0.0000000000 0.0000000000 0.0000000000 1.0000000000
-0.2926945031 0.0404965332 0.9553480824 -68.6805389450 -0.9527223994 0.0728547773 -0.2949783230 -63.8398891142 -0.0815472713 -0.9965200511 0.0172577614 -3.9462042196 0.0000000000 0.0000000000 0.0000000000 1.0000000000
-0.2809872212 0.0357967128 0.9590436783 -68.6178821160 -0.9564657729 0.0716714711 -0.2829070969 -63.8584247918 -0.0788632154 -0.9967857320 0.0140995630 -3.9393678563 0.0000000000 0.0000000000 0.0000000000 1.0000000000
-0.2812874202 0.0274339222 0.9592313418 -68.5558795193 -0.9568449735 0.0679942385 -0.2825322641 -63.8764520190 -0.0729731727 -0.9973084595 0.0071240867 -3.9318008013 0.0000000000 0.0000000000 0.0000000000 1.0000000000
-0.2874200758 0.0128991485 0.9577177622 -68.4941424964 -0.9554491486 0.0662211795 -0.2876311523 -63.8935529813 -0.0671313968 -0.9977215881 -0.0067088160 -3.9247733017 0.0000000000 0.0000000000 0.0000000000 1.0000000000
-0.2874631472 0.0027849621 0.9577876503 -68.4326255486 -0.9558195773 0.0633046674 -0.2870565358 -63.9095307629 -0.0614318702 -0.9979903622 -0.0155358376 -3.9190245905 0.0000000000 0.0000000000 0.0000000000 1.0000000000
-0.2866431450 -0.0025109021 0.9580341345 -68.3714128028 -0.9563149810 0.0606875294 -0.2859697202 -63.9252899012 -0.0574226827 -0.9981536551 -0.0197968776 -3.9171962904 0.0000000000 0.0000000000 0.0000000000 1.0000000000
-0.2853805550 -0.0105308898 0.9583564260 -68.3104771533 -0.9568696037 0.0598794092 -0.2842798230 -63.9408688701 -0.0543920971 -0.9981500672 -0.0271651074 -3.9210623858 0.0000000000 0.0000000000 0.0000000000 1.0000000000
-0.2737207429 -0.0176179151 0.9616478378 -68.2497768882 -0.9604119241 0.0588809816 -0.2722902240 -63.9555544163 -0.0518255826 -0.9981095326 -0.0330374018 -3.9292561653 0.0000000000 0.0000000000 0.0000000000 1.0000000000
-0.2661245254 -0.0187355196 0.9637565654 -68.1895679984 -0.9625658622 0.0585055813 -0.2646583795 -63.9699932699 -0.0514266259 -0.9981112550 -0.0336039416 -3.9390392196 0.0000000000 0.0000000000 0.0000000000 1.0000000000
-0.2723503523 -0.0164052494 0.9620582900 -68.1299111876 -0.9607491720 0.0594878737 -0.2709653508 -63.9846625527 -0.0527855479 -0.9980942143 -0.0319628731 -3.9482991527 0.0000000000 0.0000000000 0.0000000000 1.0000000000
-0.2704982670 -0.0112140318 0.9626551475 -68.0703567562 -0.9610744817 0.0615924225 -0.2693366187 -63.9983007126 -0.0562719132 -0.9980383855 -0.0274381634 -3.9537678032 0.0000000000 0.0000000000 0.0000000000 1.0000000000
-0.2830274535 -0.0049071721 0.9590992546 -68.0107306157 -0.9572850534 0.0631343443 -0.2821690649 -64.0125469218 -0.0591674504 -0.9979929730 -0.0225663152 -3.9514730751 0.0000000000 0.0000000000 0.0000000000 1.0000000000
-0.2927884387 -0.0053632633 0.9561622067 -67.9507251366 -0.9546661878 0.0578360418 -0.2920059282 -64.0266298273 -0.0537345327 -0.9983116886 -0.0220538505 -3.9419033315 0.0000000000 0.0000000000 0.0000000000 1.0000000000
-0.2963597852 -0.0135840737 0.9549797645 -67.8911185719 -0.9541255639 0.0488166496 -0.2954003098 -64.0405608362 -0.0426061729 -0.9987153787 -0.0274282038 -3.9326959502 0.0000000000 0.0000000000 0.0000000000 1.0000000000
-0.3435471146 -0.0216323640 0.9388862662 -67.8331416675 -0.9386107623 0.0413224972 -0.3424942162 -64.0578520114 -0.0313881655 -0.9989116538 -0.0345005944 -3.9265210405 0.0000000000 0.0000000000 0.0000000000 1.0000000000
-0.3728669197 -0.0262268521 0.9275141036 -67.7752526710 -0.9276332445 0.0338123289 -0.3719587209 -64.0747782787 -0.0216061055 -0.9990840198 -0.0369363988 -3.9224067825 0.0000000000 0.0000000000 0.0000000000 1.0000000000
-0.3684508856 -0.0305229530 0.9291460027 -67.7167449730 -0.9294606688 0.0321162154 -0.3675206305 -64.0902433913 -0.0186228383 -0.9990179668 -0.0402031323 -3.9222186693 0.0000000000 0.0000000000 0.0000000000 1.0000000000
-0.3532566134 -0.0298302729 0.9350507579 -67.6579122473 -0.9352710222 0.0346160353 -0.3522354967 -64.1054002636 -0.0218604691 -0.9989553969 -0.0401277332 -3.9262793852 0.0000000000 0.0000000000 0.0000000000 1.0000000000
-0.3291964178 -0.0246202119 0.9439404450 -67.5985834174 -0.9438647752 0.0375532891 -0.3281905491 -64.1200707272 -0.0273679475 -0.9989912891 -0.0356005590 -3.9327518604 0.0000000000 0.0000000000 0.0000000000 1.0000000000
-0.3124431757 -0.0191747694 0.9497429074 -67.5388989529 -0.9494804187 0.0372797226 -0.3116041667 -64.1351819227 -0.0294312141 -0.9991208888 -0.0298538630 -3.9387357397 0.0000000000 0.0000000000 0.0000000000 1.0000000000
-0.2956719059 -0.0174807855 0.9551295965 -67.4787012502 -0.9548705097 0.0350192379 -0.2949507802 -64.1501000680 -0.0282919392 -0.9992337440 -0.0270460914 -3.9424135550 0.0000000000 0.0000000000 0.0000000000 1.0000000000
-0.2701931616 -0.0136876639 0.9627088362 -67.4180987809 -0.9624564784 0.0307851283 -0.2696846363 -64.1643078515 -0.0259457623 -0.9994323007 -0.0214917120 -3.9412965149 0.0000000000 0.0000000000 0.0000000000 1.0000000000
-0.2361332381 -0.0034709638 0.9717144880 -67.3573433718 -0.9713944593 0.0267530684 -0.2359599070 -64.1772466604 -0.0251773358 -0.9996360466 -0.0096889637 -3.9332262774 0.0000000000 0.0000000000 0.0000000000 1.0000000000
-0.2075928758 0.0025302756 0.9782120402 -67.2969105274 -0.9778666500 0.0261600946 -0.2075872448 -64.1892276693 -0.0261153724 -0.9996545639 -0.0029563772 -3.9229096671 0.0000000000 0.0000000000 0.0000000000 1.0000000000
-0.1925152186 0.0033317435 0.9812883318 -67.2370950621 -0.9810361582 0.0222684467 -0.1925413531 -64.2004498599 -0.0224932653 -0.9997464757 -0.0010184540 -3.9145233788 0.0000000000 0.0000000000 0.0000000000 1.0000000000
-0.1900973383 -0.0076682256 0.9817353005 -67.1774546206 -0.9816138220 0.0190468486 -0.1899250431 -64.2104636139 -0.0172425756 -0.9997891857 -0.0111479914 -3.9082026327 0.0000000000 0.0000000000 0.0000000000 1.0000000000
-0.1838319984 -0.0155165537 0.9828352013 -67.1180543835 -0.9829321878 0.0101025321 -0.1836906449 -64.2188356193 -0.0070788784 -0.9998285730 -0.0171088887 -3.9024031798 0.0000000000 0.0000000000 0.0000000000 1.0000000000
-0.1762860622 -0.0211289838 0.9841121838 -67.0590569996 -0.9843387692 0.0031322132 -0.1762594019 -64.2262680082 0.0006417328 -0.9997718516 -0.0213502435 -3.8994281140 0.0000000000 0.0000000000 0.0000000000 1.0000000000
-0.1627533848 -0.0280326208 0.9862684766 -67.0006987899 -0.9866535582 -0.0005509622 -0.1628325907 -64.2325794996 0.0051080209 -0.9996068570 -0.0275688141 -3.9012929674 0.0000000000 0.0000000000 0.0000000000 1.0000000000
-0.1466354130 -0.0314416437 0.9886907902 -66.9428889593 -0.9891504280 -0.0043477336 -0.1468418467 -64.2376255001 0.0089155132 -0.9994961332 -0.0304629836 -3.9069763333 0.0000000000 0.0000000000 0.0000000000 1.0000000000
-0.1444021507 -0.0322022112 0.9889949628 -66.8854293363 -0.9894543349 -0.0067346344 -0.1446885065 -64.2422656106 0.0113198094 -0.9994586846 -0.0308901218 -3.9148299566 0.0000000000 0.0000000000 0.0000000000 1.0000000000
-0.1463067925 -0.0318333929 0.9887269378 -66.8282251402 -0.9891617187 -0.0078066650 -0.1466224753 -64.2460731023 0.0123861509 -0.9994627012 -0.0303462055 -3.9235498741 0.0000000000 0.0000000000 0.0000000000 1.0000000000
-0.1441690169 -0.0311651545 0.9890621961 -66.7713188886 -0.9894868513 -0.0070233380 -0.1444522200 -64.2484418406 0.0114483939 -0.9994895727 -0.0298249628 -3.9314011095 0.0000000000 0.0000000000 0.0000000000 1.0000000000
-0.1572861311 -0.0293100024 0.9871180257 -66.7148537796 -0.9874578097 -0.0092157255 -0.1576139097 -64.2506236592 0.0137166728 -0.9995278856 -0.0274928849 -3.9344513461 0.0000000000 0.0000000000 0.0000000000 1.0000000000
-0.1780618965 -0.0251722305 0.9836972704 -66.6588369100 -0.9838475508 -0.0141218547 -0.1784504691 -64.2529159872 0.0183836262 -0.9995833792 -0.0222510731 -3.9304579859 0.0000000000 0.0000000000 0.0000000000 1.0000000000
-0.1751388498 -0.0270904842 0.9841709653 -66.6031238484 -0.9843148576 -0.0167355254 -0.1756251216 -64.2542020088 0.0212283878 -0.9994928853 -0.0237345254 -3.9233912745 0.0000000000 0.0000000000 0.0000000000 1.0000000000
-0.1771864438 -0.0356508961 0.9835313812 -66.5479865741 -0.9838641825 -0.0187902446 -0.1779275050 -64.2565056304 0.0248240702 -0.9991876402 -0.0317462631 -3.9169483476 0.0000000000 0.0000000000 0.0000000000 1.0000000000
-0.1682699465 -0.0415532531 0.9848647381 -66.4931364058 -0.9854187834 -0.0184509427 -0.1691430876 -64.2584827257 0.0252001284 -0.9989659103 -0.0378426170 -3.9122287263 0.0000000000 0.0000000000 0.0000000000 1.0000000000
-0.1569318785 -0.0433198183 0.9866588969 -66.4386585789 -0.9874127595 -0.0130544513 -0.1576249463 -64.2602915673 0.0197085746 -0.9989759630 -0.0407258818 -3.9112544121 0.0000000000 0.0000000000 0.0000000000 1.0000000000
-0.1412363678 -0.0400745744 0.9891644539 -66.3845510457 -0.9898986815 -0.0067629346 -0.1416151940 -64.2616391025 0.0123648232 -0.9991738043 -0.0387145961 -3.9147675024 0.0000000000 0.0000000000 0.0000000000 1.0000000000
-0.1197093729 -0.0342091600 0.9922194311 -66.3304242534 -0.9927730450 -0.0043781844 -0.1199271138 -64.2620402030 0.0084467254 -0.9994051055 -0.0334378222 -3.9213968253 0.0000000000 0.0000000000 0.0000000000 1.0000000000
-0.1066539411 -0.0262669796 0.9939491851 -66.2758403515 -0.9942275063 -0.0089333041 -0.1069198852 -64.2621532946 0.0116877128 -0.9996150468 -0.0251625815 -3.9282579187 0.0000000000 0.0000000000 0.0000000000 1.0000000000
-0.0955179580 -0.0178151106 0.9952682762 -66.2205359920 -0.9952372694 -0.0178475705 -0.0958344502 -64.2617959112 0.0194704221 -0.9996819925 -0.0160254985 -3.9334276572 0.0000000000 0.0000000000 0.0000000000 1.0000000000
-0.0910532793 -0.0101181469 0.9957946191 -66.1644728440 -0.9955014031 -0.0253796045 -0.0912843474 -64.2618544231 0.0261965021 -0.9996266797 -0.0077617332 -3.9362486434 0.0000000000 0.0000000000 0.0000000000 1.0000000000
-0.0985030436 0.0014587645 0.9951356804 -66.1075604944 -0.9946659263 -0.0309018063 -0.0984112464 -64.2626987701 0.0306079312 -0.9995213606 0.0044949053 -3.9337227017 0.0000000000 0.0000000000 0.0000000000 1.0000000000
-0.0864790261 0.0046457173 0.9962428396 -66.0495392880 -0.9958671554 -0.0282557926 -0.0863146513 -64.2621656100 0.0277486376 -0.9995899297 0.0070700507 -3.9259013327 0.0000000000 0.0000000000 0.0000000000 1.0000000000
-0.0576706367 0.0006936800 0.9983354228 -65.9910615938 -0.9980596007 -0.0235553732 -0.0576383362 -64.2603431296 0.0234761809 -0.9997222930 0.0020507873 -3.9162367285 0.0000000000 0.0000000000 0.0000000000 1.0000000000
-0.0301671574 -0.0114562650 0.9994792127 -65.9327044428 -0.9993530100 -0.0192451972 -0.0303839412 -64.2576716179 0.0195832610 -0.9997491567 -0.0108682800 -3.9078764447 0.0000000000 0.0000000000 0.0000000000 1.0000000000
-0.0142062497 -0.0286209419 0.9994893817 -65.8746173234 -0.9997590340 -0.0163231355 -0.0146775046 -64.2537846936 0.0167348846 -0.9994570511 -0.0283821547 -3.9005800482 0.0000000000 0.0000000000 0.0000000000 1.0000000000
-0.0151592667 -0.0396543950 0.9990984564 -65.8169249105 -0.9997104664 -0.0180727099 -0.0158858617 -64.2490558341 0.0186863608 -0.9990500018 -0.0393689447 -3.8945398083 0.0000000000 0.0000000000 0.0000000000 1.0000000000
0.0017581214 -0.0454876275 0.9989633551 -65.7599872475 -0.9996715415 -0.0256214320 0.0005927002 -64.2414475724 0.0255679111 -0.9986362791 -0.0455177323 -3.8923555050 0.0000000000 0.0000000000 0.0000000000 1.0000000000
0.0131138035 -0.0466854965 0.9988235543 -65.7041267085 -0.9993663087 -0.0336696208 0.0115471951 -64.2325052073 0.0330909238 -0.9983420361 -0.0470974491 -3.8957060206 0.0000000000 0.0000000000 0.0000000000 1.0000000000
0.0191904415 -0.0442317384 0.9988369638 -65.6493034209 -0.9992309609 -0.0350150665 0.0176474307 -64.2228948305 0.0341937662 -0.9984074812 -0.0448696770 -3.9039063371 0.0000000000 0.0000000000 0.0000000000 1.0000000000
0.0384986502 -0.0396308452 0.9984724583 -65.5951958898 -0.9988587091 -0.0297939121 0.0373309788 -64.2119331869 0.0282689424 -0.9987701031 -0.0407326402 -3.9129039923 0.0000000000 0.0000000000 0.0000000000 1.0000000000
0.0559854620 -0.0324268783 0.9979048680 -65.5414541788 -0.9982727621 -0.0196444369 0.0553677568 -64.2005939140 0.0178078757 -0.9992810384 -0.0334706723 -3.9193343559 0.0000000000 0.0000000000 0.0000000000 1.0000000000
0.0837505410 -0.0225959562 0.9962305304 -65.4878645933 -0.9964716272 -0.0074072765 0.0836028016 -64.1876374791 0.0054902697 -0.9997172375 -0.0231365926 -3.9207478378 0.0000000000 0.0000000000 0.0000000000 1.0000000000
0.0883878175 -0.0146148153 0.9959789159 -65.4337546328 -0.9960850382 0.0001888223 0.0884000060 -64.1745820547 -0.0014800128 -0.9998931801 -0.0145409093 -3.9151997112 0.0000000000 0.0000000000 0.0000000000 1.0000000000
0.0904863517 -0.0054445284 0.9958828130 -65.3791730712 -0.9958947742 -0.0029168088 0.0904714922 -64.1606604294 0.0024122251 -0.9999809245 -0.0056861088 -3.9035309338 0.0000000000 0.0000000000 0.0000000000 1.0000000000
0.0907097007 -0.0020614142 0.9958752436 -65.3239311771 -0.9957921541 -0.0132699317 0.0906746643 -64.1469775048 0.0130282784 -0.9999098257 -0.0032564517 -3.8917617795 0.0000000000 0.0000000000 0.0000000000 1.0000000000
0.0645823917 -0.0049790357 0.9978999569 -65.2675137107 -0.9975879973 -0.0258171707 0.0644333871 -64.1359515236 0.0254421374 -0.9996542817 -0.0066343609 -3.8812140113 0.0000000000 0.0000000000 0.0000000000 1.0000000000
0.0673948200 -0.0099751544 0.9976765180 -65.2104198376 -0.9971842852 -0.0336319784 0.0670253033 -64.1245737294 0.0328852473 -0.9993845037 -0.0122136883 -3.8742599687 0.0000000000 0.0000000000 0.0000000000 1.0000000000
0.0866600705 -0.0098536945 0.9961892074 -65.1528877082 -0.9957383139 -0.0325217606 0.0862991612 -64.1137037499 0.0315474614 -0.9994224531 -0.0126300392 -3.8728770030 0.0000000000 0.0000000000 0.0000000000 1.0000000000
0.0931035456 -0.0066224845 0.9956344070 -65.0946418590 -0.9954154499 -0.0226187963 0.0929326211 -64.1047439820 0.0219046070 -0.9997222278 -0.0086980135 -3.8772677395 0.0000000000 0.0000000000 0.0000000000 1.0000000000
0.0995948906 -0.0042255383 0.9950190966 -65.0355165931 -0.9949511088 -0.0128599656 0.0995334732 -64.0964760195 0.0123753289 -0.9999083789 -0.0054849909 -3.8851762309 0.0000000000 0.0000000000 0.0000000000 1.0000000000
0.1095918818 0.0011829718 0.9939759655 -64.9756937226 -0.9939396127 -0.0085044550 0.1095979952 -64.0881995622 0.0085828752 -0.9999631367 0.0002437833 -3.8930989200 0.0000000000 0.0000000000 0.0000000000 1.0000000000
0.1278088727 0.0069225739 0.9917746569 -64.9153334629 -0.9917641866 -0.0074642333 0.1278596237 -64.0792341031 0.0082879551 -0.9999481803 0.0059115656 -3.8992187877 0.0000000000 0.0000000000 0.0000000000 1.0000000000
0.1481681485 0.0120053233 0.9888893123 -64.8548738178 -0.9889363476 -0.0054290791 0.1482411061 -64.0703490467 0.0071484407 -0.9999131949 0.0110680840 -3.9018889758 0.0000000000 0.0000000000 0.0000000000 1.0000000000
0.1699791192 0.0241874813 0.9851507828 -64.7947256198 -0.9854332143 -0.0012417535 0.1700583379 -64.0608441939 0.0053365973 -0.9997066689 0.0236240753 -3.8980659861 0.0000000000 0.0000000000 0.0000000000 1.0000000000
0.1912725447 0.0330698110 0.9809797150 -64.7348240495 -0.9815320663 0.0032867011 0.1912694447 -64.0500579771 0.0031010573 -0.9994476400 0.0330877356 -3.8903803586 0.0000000000 0.0000000000 0.0000000000 1.0000000000
0.1957274600 0.0384546273 0.9799040785 -64.6749472727 -0.9806485340 0.0032085872 0.1957502433 -64.0388342116 0.0043833950 -0.9992551959 0.0383384825 -3.8831557227 0.0000000000 0.0000000000 0.0000000000 1.0000000000
0.1836433374 0.0317274549 0.9824807852 -64.6150172694 -0.9829639964 -0.0017429881 0.1837899450 -64.0267620691 0.0075436395 -0.9994950378 0.0308668577 -3.8778410251 0.0000000000 0.0000000000 0.0000000000 1.0000000000
0.1963719154 0.0218884452 0.9802851457 -64.5555323724 -0.9804155911 -0.0108543916 0.1966404103 -64.0120327870 0.0149445517 -0.9997014945 0.0193282753 -3.8739448022 0.0000000000 0.0000000000 0.0000000000 1.0000000000
0.2196267443 0.0173964906 0.9754288571 -64.4960450946 -0.9753933106 -0.0158508140 0.2199014354 -63.9968321262 0.0192868546 -0.9997230185 0.0134871579 -3.8729183780 0.0000000000 0.0000000000 0.0000000000 1.0000000000
0.2276204379 0.0103423075 0.9736950102 -64.4357545710 -0.9736204081 -0.0138919384 0.2277505543 -63.9831374282 0.0158819774 -0.9998500141 0.0069073925 -3.8776232088 0.0000000000 0.0000000000 0.0000000000 1.0000000000
0.2255386658 0.0027959799 0.9742302052 -64.3748465517 -0.9741943449 -0.0083999337 0.2255544713 -63.9702232915 0.0088141149 -0.9999608110 0.0008293179 -3.8877512682 0.0000000000 0.0000000000 0.0000000000 1.0000000000
0.2247669280 -0.0000726500 0.9744125527 -64.3135525441 -0.9744108982 -0.0018610393 0.2247664076 -63.9568646400 0.0017970908 -0.9999982656 -0.0004890911 -3.9008550637 0.0000000000 0.0000000000 0.0000000000 1.0000000000
0.2133146841 -0.0046344716 0.9769725519 -64.2517609330 -0.9769560487 0.0064904268 0.2133418694 -63.9433702652 -0.0073296957 -0.9999681975 -0.0031431717 -3.9136286451 0.0000000000 0.0000000000 0.0000000000 1.0000000000
0.2136962570 -0.0078012290 0.9768690038 -64.1902413630 -0.9767282237 0.0170537693 0.2138016510 -63.9283868762 -0.0183272143 -0.9998241394 -0.0039753539 -3.9228746858 0.0000000000 0.0000000000 0.0000000000 1.0000000000
0.2038620984 -0.0100136693 0.9789484007 -64.1286526364 -0.9784726042 0.0307218320 0.2040772695 -63.9128243449 -0.0321186506 -0.9994778114 -0.0035350840 -3.9256835223 0.0000000000 0.0000000000 0.0000000000 1.0000000000
0.1887324350 -0.0136450761 0.9819337451 -64.0669431444 -0.9813662797 0.0340953047 0.1890971581 -63.8965546266 -0.0360595753 -0.9993254335 -0.0069559277 -3.9213659011 0.0000000000 0.0000000000 0.0000000000 1.0000000000
0.1881492966 -0.0197934216 0.9819409670 -64.0056895151 -0.9817497668 0.0244066833 0.1886046372 -63.8787662219 -0.0276990533 -0.9995061452 -0.0148400868 -3.9152425035 0.0000000000 0.0000000000 0.0000000000 1.0000000000
0.1437965353 -0.0267551139 0.9892455309 -63.9442102763 -0.9894864333 0.0117341027 0.1441489131 -63.8635377347 -0.0154646292 -0.9995731463 -0.0247864989 -3.9089091829 0.0000000000 0.0000000000 0.0000000000 1.0000000000
0.1355445356 -0.0288496893 0.9903511369 -63.8835938431 -0.9907485599 0.0028187996 0.1356810427 -63.8461745481 -0.0067059573 -0.9995797866 -0.0282007152 -3.9041476909 0.0000000000 0.0000000000 0.0000000000 1.0000000000
0.1445932473 -0.0293779596 0.9890549673 -63.8235125102 -0.9894777553 0.0009136095 0.1446821931 -63.8277817044 -0.0051540777 -0.9995679571 -0.0289367357 -3.9047199669 0.0000000000 0.0000000000 0.0000000000 1.0000000000
0.1469881978 -0.0280286155 0.9887410512 -63.7631433349 -0.9890808311 0.0066051884 0.1472259526 -63.8100348347 -0.0106573606 -0.9995852981 -0.0267516816 -3.9116830200 0.0000000000 0.0000000000 0.0000000000 1.0000000000
0.1609131954 -0.0255870100 0.9866368372 -63.7024880336 -0.9868013105 0.0142318914 0.1613091035 -63.7914550948 -0.0181691260 -0.9995712872 -0.0229591959 -3.9237396962 0.0000000000 0.0000000000 0.0000000000 1.0000000000
0.1868773389 -0.0227735001 0.9821192534 -63.6411795072 -0.9821524342 0.0173394023 0.1872857207 -63.7710925772 -0.0212945123 -0.9995902725 -0.0191267072 -3.9373591090 0.0000000000 0.0000000000 0.0000000000 1.0000000000
0.2080562973 -0.0221867944 0.9778651867 -63.5789440737 -0.9778390506 0.0191076056 0.2084842692 -63.7497562321 -0.0233102599 -0.9995712309 -0.0177196563 -3.9487480317 0.0000000000 0.0000000000 0.0000000000 1.0000000000
0.2238747713 -0.0184504220 0.9744432609 -63.5159111877 -0.9743166366 0.0206215315 0.2242361345 -63.7278187175 -0.0242317637 -0.9996170939 -0.0133599124 -3.9532353182 0.0000000000 0.0000000000 0.0000000000 1.0000000000
0.2225442747 -0.0184928282 0.9747471780 -63.4524896096 -0.9745700588 0.0226650627 0.2229338365 -63.7059794049 -0.0262153830 -0.9995720636 -0.0129785767 -3.9494177588 0.0000000000 0.0000000000 0.0000000000 1.0000000000
0.2218602036 -0.0239602459 0.9747840564 -63.3897388037 -0.9745969854 0.0259639002 0.2224558204 -63.6837973940 -0.0306392921 -0.9993756964 -0.0175912272 -3.9405557290 0.0000000000 0.0000000000 0.0000000000 1.0000000000
0.2425434639 -0.0405595322 0.9692923153 -63.3284746603 -0.9694971835 0.0262472534 0.2436930302 -63.6597696583 -0.0353253363 -0.9988323213 -0.0329562525 -3.9310387457 0.0000000000 0.0000000000 0.0000000000 1.0000000000
0.2720755885 -0.0562671595 0.9606294191 -63.2689887644 -0.9615836012 0.0219627240 0.2736322656 -63.6341345146 -0.0364945491 -0.9981741559 -0.0481300568 -3.9228981282 0.0000000000 0.0000000000 0.0000000000 1.0000000000
0.2721268391 -0.0568800696 0.9605788053 -63.2106928950 -0.9616690634 0.0189447580 0.2735575053 -63.6090311837 -0.0337579029 -0.9982012592 -0.0495444261 -3.9180126629 0.0000000000 0.0000000000 0.0000000000 1.0000000000
0.2527365228 -0.0531189964 0.9660758885 -63.1533802992 -0.9671796727 0.0131932044 0.2537507044 -63.5837224462 -0.0262246194 -0.9985010323 -0.0480412089 -3.9185952309 0.0000000000 0.0000000000 0.0000000000 1.0000000000
0.2456141980 -0.0509445136 0.9680280586 -63.0972439232 -0.9692351623 0.0036043134 0.2461101565 -63.5564298512 -0.0160270388 -0.9986949812 -0.0484919434 -3.9243660928 0.0000000000 0.0000000000 0.0000000000 1.0000000000
0.2497402281 -0.0480244883 0.9671212266 -63.0420759100 -0.9682875277 -0.0051595726 0.2497851929 -63.5272688968 -0.0070058739 -0.9988328325 -0.0477900659 -3.9332000374 0.0000000000 0.0000000000 0.0000000000 1.0000000000
0.2563290046 -0.0446821351 0.9655562895 -62.9874842052 -0.9665890527 -0.0107929381 0.2561037206 -63.4971162906 -0.0010220717 -0.9989429510 -0.0459558058 -3.9428801800 0.0000000000 0.0000000000 0.0000000000 1.0000000000
0.2540453048 -0.0402723467 0.9663535177 -62.9331997783 -0.9671912446 -0.0120677112 0.2537626189 -63.4670808481 0.0014420590 -0.9991158634 -0.0420168065 -3.9512342579 0.0000000000 0.0000000000 0.0000000000 1.0000000000
0.2515281533 -0.0350704425 0.9672143776 -62.8794222846 -0.9678401289 -0.0136234985 0.2511969051 -63.4373137329 0.0043672570 -0.9992919815 -0.0373692750 -3.9553961654 0.0000000000 0.0000000000 0.0000000000 1.0000000000
0.2399860825 -0.0295494760 0.9703264959 -62.8259808763 -0.9707635489 -0.0124336139 0.2397155342 -63.4090186449 0.0049811965 -0.9994859848 -0.0316694485 -3.9523652846 0.0000000000 0.0000000000 0.0000000000 1.0000000000
0.2304622631 -0.0170186823 0.9729324282 -62.7728714454 -0.9730717935 -0.0084417200 0.2303476112 -63.3815520000 0.0042930104 -0.9998195346 -0.0185058976 -3.9439676306 0.0000000000 0.0000000000 0.0000000000 1.0000000000
0.2019110517 -0.0105572466 0.9793469619 -62.7192701301 -0.9793388015 -0.0137019266 0.2017616641 -63.3557006927 0.0112888925 -0.9998503897 -0.0131056917 -3.9354870652 0.0000000000 0.0000000000 0.0000000000 1.0000000000
0.1862007279 -0.0094489494 0.9824662876 -62.6654346535 -0.9822829147 -0.0233696408 0.1859412149 -63.3296767619 0.0212029351 -0.9996822381 -0.0136329857 -3.9301161955 0.0000000000 0.0000000000 0.0000000000 1.0000000000
0.1882709518 -0.0046113351 0.9821062999 -62.6114364490 -0.9818516355 -0.0241337796 0.1881088158 -63.3036585672 0.0228345042 -0.9996981026 -0.0090713366 -3.9290926897 0.0000000000 0.0000000000 0.0000000000 1.0000000000
0.1834461384 0.0010310919 0.9830292219 -62.5566185432 -0.9828946725 -0.0163854690 0.1834382163 -63.2787204767 0.0162965365 -0.9998652175 -0.0019923963 -3.9332871904 0.0000000000 0.0000000000 0.0000000000 1.0000000000
0.1892744974 0.0062443746 0.9819043601 -62.5010089897 -0.9818857444 -0.0076481425 0.1893195470 -63.2533478163 0.0086919267 -0.9999512557 0.0046836641 -3.9405403694 0.0000000000 0.0000000000 0.0000000000 1.0000000000
0.2050099846 0.0096213606 0.9787125909 -62.4442752067 -0.9787371613 -0.0047981423 0.2050623001 -63.2268977203 0.0066689806 -0.9999422020 0.0084331161 -3.9487631163 0.0000000000 0.0000000000 0.0000000000 1.0000000000
0.2235765404 0.0156343601 0.9745609767 -62.3869578133 -0.9746367384 -0.0065046975 0.2236982724 -63.2001342497 0.0098366037 -0.9998566176 0.0137835240 -3.9567027366 0.0000000000 0.0000000000 0.0000000000 1.0000000000
0.2390620388 0.0207256840 0.9707830796 -62.3296546326 -0.9709188423 -0.0081613198 0.2392697109 -63.1737237294 0.0128818996 -0.9997518887 0.0181718954 -3.9640139489 0.0000000000 0.0000000000 0.0000000000 1.0000000000
0.2571410595 0.0301922446 0.9659021192 -62.2734303746 -0.9663074893 -0.0036826463 0.2573640889 -63.1474142240 0.0113274754 -0.9995373262 0.0282280326 -3.9668965080 0.0000000000 0.0000000000 0.0000000000 1.0000000000
0.2755564511 0.0372133201 0.9605643191 -62.2182951711 -0.9612741240 0.0059377431 0.2755300377 -63.1210386940 0.0045498034 -0.9992897037 0.0374083851 -3.9638564743 0.0000000000 0.0000000000 0.0000000000 1.0000000000
0.2641842590 0.0383063000 0.9637112144 -62.1631464666 -0.9644716043 0.0093569646 0.2640207789 -63.0960067035 0.0010962474 -0.9992222348 0.0394173014 -3.9562192016 0.0000000000 0.0000000000 0.0000000000 1.0000000000
0.2673162323 0.0301683994 0.9631364907 -62.1083417035 -0.9636045486 0.0053796617 0.2672776331 -63.0697469040 0.0028819899 -0.9995303532 0.0305084778 -3.9460027519 0.0000000000 0.0000000000 0.0000000000 1.0000000000
0.2910940904 0.0237708640 0.9563990676 -62.0538958801 -0.9566875966 0.0034545540 0.2910960471 -63.0425559359 0.0036156724 -0.9997114644 0.0237468910 -3.9376035748 0.0000000000 0.0000000000 0.0000000000 1.0000000000
0.2890346895 0.0209090712 0.9570902564 -61.9987621113 -0.9573184433 0.0069275277 0.2889522582 -63.0175455077 -0.0005885460 -0.9997573806 0.0220189353 -3.9350804308 0.0000000000 0.0000000000 0.0000000000 1.0000000000
0.2720618836 0.0183420135 0.9621049330 -61.9429565359 -0.9622606528 0.0114858338 0.2718869465 -62.9939119993 -0.0060636233 -0.9997657957 0.0207746554 -3.9390871609 0.0000000000 0.0000000000 0.0000000000 1.0000000000
0.2622708911 0.0157574132 0.9648656298 -61.8870226240 -0.9649414747 0.0147432777 0.2620507319 -62.9700911593 -0.0100960402 -0.9997671427 0.0190717142 -3.9477210620 0.0000000000 0.0000000000 0.0000000000 1.0000000000
0.2578139264 0.0141834881 0.9660904761 -61.8314225085 -0.9661239198 0.0158774174 0.2575897497 -62.9457937784 -0.0116855006 -0.9997733425 0.0177964264 -3.9587278855 0.0000000000 0.0000000000 0.0000000000 1.0000000000
0.2512702197 0.0111051135 0.9678532705 -61.7765018013 -0.9677782572 0.0198111361 0.2510234328 -62.9215241897 -0.0163866291 -0.9997420644 0.0157252359 -3.9703601741 0.0000000000 0.0000000000 0.0000000000 1.0000000000
0.2560138363 0.0113760288 0.9666061771 -61.7228081653 -0.9664606114 0.0239777349 0.2556930871 -62.8965164005 -0.0202682547 -0.9996477651 0.0171331157 -3.9795826897 0.0000000000 0.0000000000 0.0000000000 1.0000000000
0.2338907718 0.0092551728 0.9722188276 -61.6696215272 -0.9720727900 0.0219985081 0.2336462210 -62.8732856540 -0.0192249276 -0.9997151631 0.0141419497 -3.9834691178 0.0000000000 0.0000000000 0.0000000000 1.0000000000
0.2203943854 0.0142398035 0.9753068968 -61.6176130116 -0.9752993921 0.0183320629 0.2201250354 -62.8501287685 -0.0147448501 -0.9997305454 0.0179283554 -3.9807681767 0.0000000000 0.0000000000 0.0000000000 1.0000000000
0.2098270647 0.0061729872 0.9777190277 -61.5658534218 -0.9777113270 0.0087819370 0.2097699659 -62.8272652435 -0.0072913596 -0.9999423842 0.0078780876 -3.9759830523 0.0000000000 0.0000000000 0.0000000000 1.0000000000
0.2007493026 -0.0063017680 0.9796223789 -61.5141585322 -0.9796390584 -0.0039983359 0.2007269999 -62.8050261737 0.0026519243 -0.9999721501 -0.0069761212 -3.9700135820 0.0000000000 0.0000000000 0.0000000000 1.0000000000
0.2044485845 -0.0084878962 0.9788405038 -61.4627830117 -0.9788529235 -0.0088302779 0.2043746079 -62.7830982831 0.0069087232 -0.9999249881 -0.0101137398 -3.9644321237 0.0000000000 0.0000000000 0.0000000000 1.0000000000
0.2070150438 -0.0108895938 0.9782771532 -61.4109402673 -0.9783285721 -0.0066376970 0.2069520378 -62.7622158955 0.0042398837 -0.9999186756 -0.0120277039 -3.9633397443 0.0000000000 0.0000000000 0.0000000000 1.0000000000
0.2163952661 -0.0124541291 0.9762263997 -61.3585507804 -0.9763046703 -0.0012141071 0.2163971271 -62.7422004990 -0.0015097943 -0.9999217072 -0.0124217514 -3.9677860752 0.0000000000 0.0000000000 0.0000000000 1.0000000000
0.2286429141 -0.0118760511 0.9734379165 -61.3057639333 -0.9734868748 0.0041561191 0.2287051186 -62.7230085074 -0.0067618376 -0.9999208399 -0.0106109127 -3.9755926385 0.0000000000 0.0000000000 0.0000000000 1.0000000000
0.2342078093 -0.0103375792 0.9721315942 -61.2524867486 -0.9721409251 0.0071979738 0.2342866000 -62.7048143695 -0.0094193340 -0.9999206587 -0.0083637622 -3.9838901721 0.0000000000 0.0000000000 0.0000000000 1.0000000000
0.2424426703 -0.0069730089 0.9701406747 -61.1992023662 -0.9701236713 0.0075691457 0.2424928253 -62.6870475112 -0.0090340407 -0.9999470412 -0.0049295971 -3.9910819041 0.0000000000 0.0000000000 0.0000000000 1.0000000000
0.2423185390 -0.0012365475 0.9701959578 -61.1459225898 -0.9701758820 0.0062492916 0.2423214897 -62.6704693171 -0.0063626795 -0.9999797084 0.0003146506 -3.9951832020 0.0000000000 0.0000000000 0.0000000000 1.0000000000
0.2365046291 0.0050936393 0.9716170106 -61.0930483792 -0.9716167194 0.0065389727 0.2364702781 -62.6542345536 -0.0051488828 -0.9999656477 0.0064955625 -3.9931886854 0.0000000000 0.0000000000 0.0000000000 1.0000000000
0.2361170024 0.0042249709 0.9717154475 -61.0408797954 -0.9717050992 0.0073671029 0.2360824560 -62.6374793100 -0.0061612862 -0.9999639371 0.0058449240 -3.9869382203 0.0000000000 0.0000000000 0.0000000000 1.0000000000
0.2445202606 0.0025791204 0.9696407532 -60.9895294708 -0.9696344551 0.0051298121 0.2445050277 -62.6199646071 -0.0043434669 -0.9999835164 0.0037551470 -3.9795518894 0.0000000000 0.0000000000 0.0000000000 1.0000000000
0.2460205902 -0.0055630694 0.9692486376 -60.9385872452 -0.9692643238 -0.0006539851 0.2460208181 -62.6023780654 -0.0007347568 -0.9999843122 -0.0055529785 -3.9730028125 0.0000000000 0.0000000000 0.0000000000 1.0000000000
0.2483077512 -0.0086309668 0.9686427448 -60.8880638676 -0.9686773233 -0.0050402021 0.2482717052 -62.5846121784 0.0027393304 -0.9999500501 -0.0096121431 -3.9682836503 0.0000000000 0.0000000000 0.0000000000 1.0000000000
0.2511261593 -0.0116844065 0.9678838395 -60.8375173080 -0.9679507278 -0.0057724707 0.2510738282 -62.5670668934 0.0026534324 -0.9999150730 -0.0127595482 -3.9674327284 0.0000000000 0.0000000000 0.0000000000 1.0000000000
0.2565580544 -0.0159797691 0.9663967155 -60.7867009354 -0.9665277816 -0.0057091335 0.2564984468 -62.5496409906 0.0014185019 -0.9998560160 -0.0169096150 -3.9707317646 0.0000000000 0.0000000000 0.0000000000 1.0000000000
0.2630765744 -0.0204584262 0.9645580173 -60.7354123907 -0.9647749357 -0.0057844475 0.2630130483 -62.5321490754 0.0001986022 -0.9997739709 -0.0212595295 -3.9766909086 0.0000000000 0.0000000000 0.0000000000 1.0000000000
0.2692912570 -0.0213372919 0.9628223818 -60.6835792744 -0.9630587795 -0.0058849099 0.2692269583 -62.5144125491 -0.0000784513 -0.9997550139 -0.0221338210 -3.9833111037 0.0000000000 0.0000000000 0.0000000000 1.0000000000
0.2637712599 -0.0219044721 0.9643365162 -60.6307213205 -0.9645843739 -0.0046353423 0.2637337658 -62.4971172179 -0.0013069191 -0.9997493224 -0.0223513816 -3.9894556325 0.0000000000 0.0000000000 0.0000000000 1.0000000000
0.2647882236 -0.0227041920 0.9640392711 -60.5777576084 -0.9643031747 -0.0035741664 0.2647765332 -62.4793122676 -0.0025659005 -0.9997358376 -0.0228401216 -3.9943689839 0.0000000000 0.0000000000 0.0000000000 1.0000000000
0.2645348730 -0.0245429880 0.9640637649 -60.5247198023 -0.9643606832 -0.0010759509 0.2645889547 -62.4615236404 -0.0054565182 -0.9996981965 -0.0239529192 -3.9965333011 0.0000000000 0.0000000000 0.0000000000 1.0000000000
0.2336194231 -0.0257570251 0.9719869036 -60.4714086168 -0.9723074290 0.0003323662 0.2337052696 -62.4457633412 -0.0063426081 -0.9996681775 -0.0249660996 -3.9925459796 0.0000000000 0.0000000000 0.0000000000 1.0000000000
0.2259879169 -0.0220584151 0.9738803252 -60.4189783105 -0.9740952411 0.0033410890 0.2261134637 -62.4288890578 -0.0082415255 -0.9997511007 -0.0207319514 -3.9834796144 0.0000000000 0.0000000000 0.0000000000 1.0000000000
0.2185152888 -0.0209218304 0.9756092177 -60.3667558745 -0.9758011467 0.0034594436 0.2186324641 -62.4124494409 -0.0079492564 -0.9997751293 -0.0196596048 -3.9751481033 0.0000000000 0.0000000000 0.0000000000 1.0000000000
0.2014695908 -0.0258179925 0.9791544491 -60.3142371621 -0.9794919658 -0.0029184856 0.2014620842 -62.3968861478 -0.0023436985 -0.9996623999 -0.0258765024 -3.9703009267 0.0000000000 0.0000000000 0.0000000000 1.0000000000
0.2026323561 -0.0282921477 0.9788460975 -60.2617823613 -0.9792516082 -0.0084399095 0.2024723579 -62.3808243937 0.0025329946 -0.9995640661 -0.0294153299 -3.9697338686 0.0000000000 0.0000000000 0.0000000000 1.0000000000
0.1993744714 -0.0272069403 0.9795456102 -60.2088296902 -0.9799231647 -0.0061898561 0.1992793943 -62.3657644413 0.0006414638 -0.9996106582 -0.0278948103 -3.9734845987 0.0000000000 0.0000000000 0.0000000000 1.0000000000
0.1950469326 -0.0285011994 0.9803797100 -60.1549476534 -0.9807730191 0.0008562852 0.1951500752 -62.3510786369 -0.0064014958 -0.9995933915 -0.0277861916 -3.9798640076 0.0000000000 0.0000000000 0.0000000000 1.0000000000
0.2082836746 -0.0290184720 0.9776378876 -60.1001283483 -0.9780286244 0.0028418912 0.2084512739 -62.3351229340 -0.0088272780 -0.9995748356 -0.0277889767 -3.9859807594 0.0000000000 0.0000000000 0.0000000000 1.0000000000
0.2175484593 -0.0267269651 0.9756835231 -60.0443876030 -0.9760412687 -0.0018463949 0.2175776475 -62.3190600778 -0.0040136931 -0.9996410657 -0.0264883013 -3.9907410251 0.0000000000 0.0000000000 0.0000000000 1.0000000000
0.2304144300 -0.0259743628 0.9727458676 -59.9884193566 -0.9730891532 -0.0088075055 0.2302605651 -62.3028068982 0.0025865931 -0.9996238094 -0.0273047471 -3.9947596755 0.0000000000 0.0000000000 0.0000000000 1.0000000000
0.2452035864 -0.0179613982 0.9693052096 -59.9326701206 -0.9694369702 -0.0129945840 0.2449961257 -62.2863825447 0.0081952450 -0.9997542343 -0.0205987620 -3.9961918356 0.0000000000 0.0000000000 0.0000000000 1.0000000000
0.2536397508 -0.0089121269 0.9672576962 -59.8771464668 -0.9672540836 -0.0119465789 0.2535287300 -62.2700217108 0.0092959402 -0.9998889205 -0.0116504185 -3.9937052259 0.0000000000 0.0000000000 0.0000000000 1.0000000000
0.2680411535 -0.0015133934 0.9634062745 -59.8220965397 -0.9633730815 -0.0088693319 0.2680179859 -62.2531845454 0.0081391533 -0.9999595215 -0.0038353084 -3.9889159440 0.0000000000 0.0000000000 0.0000000000 1.0000000000
0.2663698667 0.0017856072 0.9638692368 -59.7668598393 -0.9638422922 -0.0072098072 0.2663757769 -62.2370009251 0.0074249539 -0.9999724148 -0.0001994317 -3.9844081216 0.0000000000 0.0000000000 0.0000000000 1.0000000000
0.2570925846 -0.0052584967 0.9663724702 -59.7112131499 -0.9663616008 -0.0086170633 0.2570428033 -62.2205036797 0.0069756340 -0.9999490459 -0.0072969924 -3.9800163855 0.0000000000 0.0000000000 0.0000000000 1.0000000000
0.2627361276 -0.0097020518 0.9648189454 -59.6554981348 -0.9648321186 -0.0112323452 0.2626267644 -62.2028539194 0.0082891610 -0.9998898462 -0.0123119941 -3.9764156054 0.0000000000 0.0000000000 0.0000000000 1.0000000000
0.2728125541 -0.0111129598 0.9620030210 -59.5997343994 -0.9620380781 -0.0109322856 0.2726962072 -62.1850412039 0.0074864298 -0.9998784862 -0.0136735552 -3.9767746587 0.0000000000 0.0000000000 0.0000000000 1.0000000000
0.2736044654 -0.0110305633 0.9617790407 -59.5438235928 -0.9618257685 -0.0089990210 0.2735145493 -62.1676482136 0.0056380502 -0.9998986670 -0.0130716523 -3.9827023705 0.0000000000 0.0000000000 0.0000000000 1.0000000000
0.2632343111 -0.0093681691 0.9646864438 -59.4875125612 -0.9647243236 -0.0065270769 0.2631812623 -62.1503574378 0.0038310561 -0.9999348152 -0.0107558512 -3.9922527833 0.0000000000 0.0000000000 0.0000000000 1.0000000000
0.2574784906 -0.0061419189 0.9662645102 -59.4308293585 -0.9662828916 -0.0031716527 0.2574632285 -62.1319355951 0.0014833372 -0.9999761084 -0.0067514635 -4.0024307428 0.0000000000 0.0000000000 0.0000000000 1.0000000000
0.2541052714 -0.0057552726 0.9671594428 -59.3737283642 -0.9671700550 0.0021573705 0.2541208975 -62.1126354685 -0.0035490563 -0.9999811111 -0.0050181281 -4.0112780268 0.0000000000 0.0000000000 0.0000000000 1.0000000000
0.2550657797 -0.0052150603 0.9669096396 -59.3165668082 -0.9668576494 0.0103127916 0.2551076873 -62.0926439366 -0.0113019396 -0.9999332225 -0.0024117807 -4.0167291789 0.0000000000 0.0000000000 0.0000000000 1.0000000000
0.2397453828 -0.0053606783 0.9708210003 -59.2591005669 -0.9706909306 0.0159510017 0.2398013402 -62.0732366413 -0.0167710653 -0.9998584043 -0.0013793828 -4.0159901506 0.0000000000 0.0000000000 0.0000000000 1.0000000000
0.2329931230 -0.0041241711 0.9724696375 -59.2019164544 -0.9723181698 0.0171631200 0.2330296205 -62.0531989911 -0.0176516671 -0.9998441971 -0.0000111175 -4.0090410549 0.0000000000 0.0000000000 0.0000000000 1.0000000000
0.2263590631 -0.0069124311 0.9740194006 -59.1447929569 -0.9739748984 0.0102986349 0.2264218084 -62.0330018041 -0.0115961953 -0.9999230752 -0.0044013450 -4.0011712874 0.0000000000 0.0000000000 0.0000000000 1.0000000000
0.1945092343 -0.0152974518 0.9807813955 -59.0869207036 -0.9808975293 -0.0004963527 0.1945245244 -62.0146703100 -0.0024889160 -0.9998828639 -0.0151017778 -3.9941184967 0.0000000000 0.0000000000 0.0000000000 1.0000000000
0.1963254342 -0.0235091102 0.9802569284 -59.0290737526 -0.9805386656 -0.0052159499 0.1962567684 -61.9949541443 0.0004991491 -0.9997100158 -0.0240756152 -3.9888284220 0.0000000000 0.0000000000 0.0000000000 1.0000000000
0.2060614797 -0.0311206739 0.9780440533 -58.9709869994 -0.9785299632 -0.0022467026 0.2060923663 -61.9755793531 -0.0042163592 -0.9995131095 -0.0309154708 -3.9879347511 0.0000000000 0.0000000000 0.0000000000 1.0000000000
0.2113089277 -0.0374311798 0.9767023312 -58.9126290821 -0.9773395226 0.0046773371 0.2116260381 -61.9569838729 -0.0124897783 -0.9992882614 -0.0355946083 -3.9922899243 0.0000000000 0.0000000000 0.0000000000 1.0000000000
0.2259452096 -0.0400195548 0.9733176242 -58.8540771634 -0.9739497039 0.0104685228 0.2265223706 -61.9380880316 -0.0192545222 -0.9991440563 -0.0366117210 -4.0001935985 0.0000000000 0.0000000000 0.0000000000 1.0000000000
0.2316992999 -0.0367449315 0.9720932283 -58.7953221028 -0.9726392971 0.0086892623 0.2321579083 -61.9186916184 -0.0169773995 -0.9992868991 -0.0337262683 -4.0088026442 0.0000000000 0.0000000000 0.0000000000 1.0000000000
0.2315949847 -0.0339035563 0.9722213287 -58.7362288879 -0.9727425089 0.0038998499 0.2318551327 -61.8990368583 -0.0116522308 -0.9994175004 -0.0320762447 -4.0164675242 0.0000000000 0.0000000000 0.0000000000 1.0000000000
0.2369134223 -0.0289033928 0.9711007281 -58.6770968871 -0.9715125063 -0.0009197444 0.2369865064 -61.8784965794 -0.0059565497 -0.9995817865 -0.0282979074 -4.0198867496 0.0000000000 0.0000000000 0.0000000000 1.0000000000
0.2344710631 -0.0275288913 0.9717332354 -58.6178654489 -0.9721223561 -0.0054036548 0.2344118709 -61.8574582341 -0.0012021879 -0.9996064029 -0.0280284513 -4.0168844776 0.0000000000 0.0000000000 0.0000000000 1.0000000000
0.2262306046 -0.0320141093 0.9735475388 -58.5590354558 -0.9740737644 -0.0073098601 0.2261125104 -61.8361104404 -0.0001222943 -0.9994606859 -0.0328378180 -4.0099478253 0.0000000000 0.0000000000 0.0000000000 1.0000000000
0.2339655640 -0.0431385510 0.9712873830 -58.5013269420 -0.9722441806 -0.0091791814 0.2337883570 -61.8133260607 -0.0011696679 -0.9990269306 -0.0440888175 -4.0026945452 0.0000000000 0.0000000000 0.0000000000 1.0000000000
0.2584212153 -0.0574761231 0.9643209895 -58.4449312471 -0.9660297710 -0.0130746095 0.2580998571 -61.7887763060 -0.0022264588 -0.9982612633 -0.0589024025 -3.9963706990 0.0000000000 0.0000000000 0.0000000000 1.0000000000
0.2651160836 -0.0631856026 0.9621439819 -58.3892483428 -0.9642084789 -0.0133024641 0.2648113549 -61.7648936560 -0.0039333792 -0.9979131345 -0.0644507909 -3.9930379092 0.0000000000 0.0000000000 0.0000000000 1.0000000000
0.2619716369 -0.0650313487 0.9628820204 -58.3341596884 -0.9650560834 -0.0113117245 0.2617991611 -61.7413319753 -0.0061332964 -0.9978191061 -0.0657222496 -3.9949409804 0.0000000000 0.0000000000 0.0000000000 1.0000000000
0.2648964130 -0.0675478273 0.9619080940 -58.2795095909 -0.9642597230 -0.0126060653 0.2646587872 -61.7164750412 -0.0057512498 -0.9976363958 -0.0684729507 -4.0018053903 0.0000000000 0.0000000000 0.0000000000 1.0000000000
0.2706966404 -0.0671803641 0.9603177222 -58.2256871121 -0.9626561486 -0.0146853744 0.2703284658 -61.6908894313 -0.0040581395 -0.9976327673 -0.0686468720 -4.0111156466 0.0000000000 0.0000000000 0.0000000000 1.0000000000
0.2708061001 -0.0634351864 0.9605415313 -58.1722296837 -0.9626322839 -0.0160080262 0.2703383602 -61.6646359948 -0.0017725903 -0.9978575651 -0.0653998295 -4.0199423126 0.0000000000 0.0000000000 0.0000000000 1.0000000000
0.2590830789 -0.0615398620 0.9638925270 -58.1190779441 -0.9658527722 -0.0186701408 0.2584179720 -61.6384980069 0.0020930029 -0.9979299932 -0.0642755638 -4.0268095192 0.0000000000 0.0000000000 0.0000000000 1.0000000000
0.2581895241 -0.0580320098 0.9643497578 -58.0667271637 -0.9660818379 -0.0205761478 0.2574150434 -61.6115558876 0.0049042908 -0.9981026540 -0.0613762165 -4.0292560748 0.0000000000 0.0000000000 0.0000000000 1.0000000000
0.2394090139 -0.0547199812 0.9693755968 -58.0145438851 -0.9708966713 -0.0202339033 0.2386425000 -61.5861463568 0.0065557390 -0.9982967058 -0.0579716264 -4.0253969995 0.0000000000 0.0000000000 0.0000000000 1.0000000000
0.2321721189 -0.0468723466 0.9715446929 -57.9631068911 -0.9726546248 -0.0176081564 0.2315878531 -61.5611041836 0.0062520448 -0.9987456813 -0.0496787277 -4.0174612233 0.0000000000 0.0000000000 0.0000000000 1.0000000000
0.2204570549 -0.0445569525 0.9743784506 -57.9115710178 -0.9753618396 -0.0185137550 0.2198329427 -61.5373287370 0.0082443179 -0.9988352811 -0.0475406391 -4.0101452692 0.0000000000 0.0000000000 0.0000000000 1.0000000000
0.2065608859 -0.0472444232 0.9772924664 -57.8592761865 -0.9783024324 -0.0263365202 0.2055011885 -61.5143966631 0.0160296976 -0.9985361046 -0.0516594291 -4.0043242150 0.0000000000 0.0000000000 0.0000000000 1.0000000000
0.2118388312 -0.0470205446 0.9761728218 -57.8065643710 -0.9770607734 -0.0325007592 0.2104660202 -61.4909885175 0.0218301310 -0.9983650480 -0.0528268525 -4.0021110517 0.0000000000 0.0000000000 0.0000000000 1.0000000000
0.2130710443 -0.0461113742 0.9759479859 -57.7530114950 -0.9768087941 -0.0316278380 0.2117646327 -61.4686466660 0.0211023666 -0.9984354867 -0.0517809723 -4.0056850207 0.0000000000 0.0000000000 0.0000000000 1.0000000000
0.2191985844 -0.0463422155 0.9745790782 -57.6983674331 -0.9755070360 -0.0292313572 0.2180173167 -61.4465258544 0.0183848636 -0.9984978352 -0.0516146294 -4.0140724313 0.0000000000 0.0000000000 0.0000000000 1.0000000000
0.2342011530 -0.0441040899 0.9711872369 -57.6423387147 -0.9719844101 -0.0310737151 0.2329822541 -61.4239407376 0.0199029252 -0.9985435661 -0.0501459877 -4.0240100101 0.0000000000 0.0000000000 0.0000000000 1.0000000000
0.2440182928 -0.0404172364 0.9689280261 -57.5845125108 -0.9694783407 -0.0346956887 0.2427096125 -61.4015162741 0.0238079733 -0.9985803203 -0.0476500180 -4.0327996218 0.0000000000 0.0000000000 0.0000000000 1.0000000000
0.2596793249 -0.0394985422 0.9648867879 -57.5253806745 -0.9652528857 -0.0408439434 0.2581058676 -61.3788401932 0.0292149758 -0.9983845138 -0.0487324094 -4.0393257752 0.0000000000 0.0000000000 0.0000000000 1.0000000000
0.2778738479 -0.0351123957 0.9599756478 -57.4656104212 -0.9599693960 -0.0468548167 0.2761582606 -61.3563448227 0.0352829049 -0.9982844013 -0.0467265535 -4.0409180103 0.0000000000 0.0000000000 0.0000000000 1.0000000000
0.2896436190 -0.0274244725 0.9567415912 -57.4057526475 -0.9564290047 -0.0466669361 0.2882113046 -61.3340274120 0.0367441557 -0.9985339731 -0.0397463412 -4.0354235496 0.0000000000 0.0000000000 0.0000000000 1.0000000000
0.3005235063 -0.0227268877 0.9535035976 -57.3467055253 -0.9531544468 -0.0431959867 0.2993838794 -61.3115498598 0.0343834649 -0.9988080873 -0.0346436435 -4.0267716460 0.0000000000 0.0000000000 0.0000000000 1.0000000000
0.3089560810 -0.0208442437 0.9508478624 -57.2887295461 -0.9504523016 -0.0429765427 0.3078854318 -61.2890541810 0.0344465147 -0.9988586158 -0.0330893236 -4.0193121907 0.0000000000 0.0000000000 0.0000000000 1.0000000000
0.3149049350 -0.0251199700 0.9487907404 -57.2314776635 -0.9483904599 -0.0476013387 0.3135117990 -61.2660466974 0.0372883024 -0.9985504993 -0.0388134364 -4.0138099628 0.0000000000 0.0000000000 0.0000000000 1.0000000000
0.3200547162 -0.0243579576 0.9470858823 -57.1744874696 -0.9464440139 -0.0530957460 0.3184722442 -61.2426924248 0.0425288980 -0.9982923077 -0.0400469871 -4.0102563510 0.0000000000 0.0000000000 0.0000000000 1.0000000000
0.3264045483 -0.0240996883 0.9449228941 -57.1174944693 -0.9441074771 -0.0570208171 0.3246685974 -61.2192338914 0.0460558636 -0.9980820765 -0.0413645500 -4.0112585971 0.0000000000 0.0000000000 0.0000000000 1.0000000000
0.3299748853 -0.0251816514 0.9436537816 -57.0601707916 -0.9426609833 -0.0618102164 0.3279783037 -61.1959332927 0.0500684091 -0.9977702048 -0.0441335793 -4.0177365607 0.0000000000 0.0000000000 0.0000000000 1.0000000000
0.3264013666 -0.0247380789 0.9449074956 -57.0023162394 -0.9436694134 -0.0659713801 0.3242465346 -61.1730763086 0.0543156152 -0.9975148142 -0.0448777170 -4.0272274790 0.0000000000 0.0000000000 0.0000000000 1.0000000000
0.3223081277 -0.0240162680 0.9463301167 -56.9438039603 -0.9450980907 -0.0651021567 0.3202363318 -61.1502762020 0.0539172500 -0.9975895589 -0.0436806833 -4.0369700249 0.0000000000 0.0000000000 0.0000000000 1.0000000000
0.3234602744 -0.0260959614 0.9458818381 -56.8849735507 -0.9450226390 -0.0596350608 0.3215211834 -61.1276280336 0.0480173165 -0.9978790810 -0.0439508475 -4.0458316541 0.0000000000 0.0000000000 0.0000000000 1.0000000000
0.3278557357 -0.0263881373 0.9443591916 -56.8262462530 -0.9439699923 -0.0491802329 0.3263463778 -61.1051654453 0.0378321319 -0.9984412706 -0.0410336312 -4.0517757338 0.0000000000 0.0000000000 0.0000000000 1.0000000000
0.3079234554 -0.0309442144 0.9509077774 -56.7670503225 -0.9509984090 -0.0394470955 0.3066691258 -61.0843869061 0.0280209147 -0.9987424003 -0.0415745846 -4.0519333108 0.0000000000 0.0000000000 0.0000000000 1.0000000000
0.2995112056 -0.0315388986 0.9535713584 -56.7082414343 -0.9539320052 -0.0282465803 0.2986902410 -61.0635928380 0.0175147688 -0.9991033123 -0.0385461321 -4.0465577072 0.0000000000 0.0000000000 0.0000000000 1.0000000000
0.2941399023 -0.0389246837 0.9549694167 -56.6493686677 -0.9556723092 -0.0256948143 0.2933090759 -61.0430160552 0.0131207989 -0.9989117306 -0.0447571125 -4.0395240012 0.0000000000 0.0000000000 0.0000000000 1.0000000000
0.2788844789 -0.0494076198 0.9590528320 -56.5899628672 -0.9602401430 -0.0275961176 0.2778080670 -61.0233709311 0.0127402994 -0.9983973865 -0.0551393088 -4.0318433790 0.0000000000 0.0000000000 0.0000000000 1.0000000000
0.2816121173 -0.0555111667 0.9579212524 -56.5308025188 -0.9595035897 -0.0234604969 0.2807177701 -61.0027250461 0.0068903377 -0.9981824059 -0.0598699240 -4.0262148484 0.0000000000 0.0000000000 0.0000000000 1.0000000000
0.2897260388 -0.0579341514 0.9553546234 -56.4719806473 -0.9571094313 -0.0169123854 0.2892326187 -60.9813445728 -0.0005991208 -0.9981771413 -0.0603492812 -4.0258243292 0.0000000000 0.0000000000 0.0000000000 1.0000000000
0.2931166364 -0.0557581705 0.9544494035 -56.4133575468 -0.9560650268 -0.0121632345 0.2929022367 -60.9597214983 -0.0047225009 -0.9983702130 -0.0568736832 -4.0308488966 0.0000000000 0.0000000000 0.0000000000 1.0000000000
0.2922988656 -0.0492761842 0.9550566637 -56.3546181299 -0.9563256259 -0.0133546338 0.2919982037 -60.9379359320 -0.0016341252 -0.9986959054 -0.0510276220 -4.0385412939 0.0000000000 0.0000000000 0.0000000000 1.0000000000
0.2995706406 -0.0438822102 0.9530644170 -56.2954623622 -0.9540514802 -0.0206604108 0.2989296248 -60.9156933604 0.0065730097 -0.9988230569 -0.0480551401 -4.0447858098 0.0000000000 0.0000000000 0.0000000000 1.0000000000
0.3264400302 -0.0459430692 0.9441007049 -56.2362630033 -0.9451743297 -0.0254579407 0.3255723878 -60.8924428885 0.0090770650 -0.9986196111 -0.0517347005 -4.0481552670 0.0000000000 0.0000000000 0.0000000000 1.0000000000
0.3433351387 -0.0369279223 0.9384867133 -56.1770580757 -0.9391530182 -0.0247872704 0.3426035604 -60.8692024860 0.0106108863 -0.9990104703 -0.0431913106 -4.0459367856 0.0000000000 0.0000000000 0.0000000000 1.0000000000
0.3302511278 -0.0281864889 0.9434721588 -56.1171072107 -0.9438200671 -0.0222955497 0.3297068233 -60.8466527424 0.0117419527 -0.9993540065 -0.0339661043 -4.0374307433 0.0000000000 0.0000000000 0.0000000000 1.0000000000
0.3061736226 -0.0347105473 0.9513426779 -56.0569139734 -0.9519428660 -0.0194616970 0.3056567064 -60.8239734817 0.0079052314 -0.9992078964 -0.0390011161 -4.0270215322 0.0000000000 0.0000000000 0.0000000000 1.0000000000
0.3155548565 -0.0524577827 0.9474562331 -55.9981055597 -0.9488969127 -0.0221243614 0.3148097229 -60.7987051939 0.0044476441 -0.9983780314 -0.0567584777 -4.0180803091 0.0000000000 0.0000000000 0.0000000000 1.0000000000
0.3405612634 -0.0649222873 0.9379782100 -55.9409209135 -0.9402142578 -0.0276488647 0.3394594081 -60.7719981266 0.0038955514 -0.9975072115 -0.0704569924 -4.0113673334 0.0000000000 0.0000000000 0.0000000000 1.0000000000
0.3286617976 -0.0671714322 0.9420559545 -55.8842948263 -0.9444374248 -0.0280236038 0.3274944707 -60.7474330931 0.0044015302 -0.9973478211 -0.0726495024 -4.0083078967 0.0000000000 0.0000000000 0.0000000000 1.0000000000
0.3135168710 -0.0649685347 0.9473575149 -55.8288276252 -0.9495582015 -0.0286057606 0.3122834169 -60.7232358134 0.0068112863 -0.9974772178 -0.0706597935 -4.0100899831 0.0000000000 0.0000000000 0.0000000000 1.0000000000
0.3121022827 -0.0618828666 0.9480309467 -55.7748254057 -0.9499818451 -0.0321486966 0.3106460289 -60.6982497605 0.0112542925 -0.9975655227 -0.0688212814 -4.0165004295 0.0000000000 0.0000000000 0.0000000000 1.0000000000
0.3059841516 -0.0554482582 0.9504205330 -55.7217855930 -0.9518860999 -0.0355687092 0.3043808795 -60.6733205980 0.0169278420 -0.9978278196 -0.0636638876 -4.0254044085 0.0000000000 0.0000000000 0.0000000000 1.0000000000
0.2960155970 -0.0469038189 0.9540308161 -55.6693285002 -0.9549732449 -0.0354683261 0.2945642535 -60.6483208597 0.0200216877 -0.9982695175 -0.0552910699 -4.0338482899 0.0000000000 0.0000000000 0.0000000000 1.0000000000
0.2893656046 -0.0375696785 0.9564810851 -55.6172304686 -0.9570590317 -0.0296027121 0.2883776850 -60.6227198181 0.0174801773 -0.9988554443 -0.0445224068 -4.0382543341 0.0000000000 0.0000000000 0.0000000000 1.0000000000
0.2809490690 -0.0306380829 0.9592335109 -55.5648044924 -0.9596763309 -0.0187912709 0.2804785697 -60.5970628535 0.0094318911 -0.9993538893 -0.0346820331 -4.0353298795 0.0000000000 0.0000000000 0.0000000000 1.0000000000
0.2785930853 -0.0285466914 0.9599848849 -55.5118160725 -0.9603979986 -0.0131151281 0.2783229738 -60.5715180942 0.0046451247 -0.9995064181 -0.0310699693 -4.0262332155 0.0000000000 0.0000000000 0.0000000000 1.0000000000
0.2905279739 -0.0302270363 0.9563889495 -55.4583899741 -0.9568606343 -0.0126769423 0.2902706009 -60.5462856467 0.0033500675 -0.9994626663 -0.0326060675 -4.0165036278 0.0000000000 0.0000000000 0.0000000000 1.0000000000
0.2600236514 -0.0395092759 0.9647936141 -55.4030073598 -0.9655811260 -0.0172477475 0.2595295827 -60.5250141504 0.0063866907 -0.9990703340 -0.0426342334 -4.0092164433 0.0000000000 0.0000000000 0.0000000000 1.0000000000
0.2271164893 -0.0521238860 0.9724716967 -55.3465197523 -0.9738277808 -0.0211851560 0.2262976854 -60.5052615114 0.0088064498 -0.9984158901 -0.0555711865 -4.0047273513 0.0000000000 0.0000000000 0.0000000000 1.0000000000
0.2228137343 -0.0654209600 0.9726634247 -55.2898076719 -0.9748375608 -0.0218763769 0.2218403799 -60.4847730902 0.0067653410 -0.9976179239 -0.0686491663 -4.0048699513 0.0000000000 0.0000000000 0.0000000000 1.0000000000
0.2218701728 -0.0754654980 0.9721515237 -55.2325693537 -0.9750762157 -0.0171782742 0.2212041603 -60.4649665381 0.0000066033 -0.9970004341 -0.0773959588 -4.0093139820 0.0000000000 0.0000000000 0.0000000000 1.0000000000
0.2222495338 -0.0801460189 0.9716901566 -55.1747986574 -0.9749582679 -0.0102512647 0.2221514965 -60.4456354587 -0.0078435050 -0.9967304185 -0.0804173626 -4.0161854072 0.0000000000 0.0000000000 0.0000000000 1.0000000000
0.2217657397 -0.0792681874 0.9718726826 -55.1164493582 -0.9750441489 -0.0073619980 0.2218889558 -60.4267511398 -0.0104338106 -0.9968261410 -0.0789226213 -4.0226693696 0.0000000000 0.0000000000 0.0000000000 1.0000000000
0.2255104776 -0.0784184370 0.9710795916 -55.0578985860 -0.9741921974 -0.0082005064 0.2255710847 -60.4081161512 -0.0097255875 -0.9968868042 -0.0782439296 -4.0264752475 0.0000000000 0.0000000000 0.0000000000 1.0000000000
0.2312121864 -0.0729528954 0.9701643159 -54.9996228111 -0.9728654960 -0.0085404768 0.2312137256 -60.3901452752 -0.0085820450 -0.9972988195 -0.0729480171 -4.0255583382 0.0000000000 0.0000000000 0.0000000000 1.0000000000
0.2273533109 -0.0624607445 0.9718071452 -54.9417879872 -0.9737348409 -0.0019915545 0.2276762907 -60.3731257088 -0.0122854237 -0.9980454344 -0.0612729896 -4.0172320092 0.0000000000 0.0000000000 0.0000000000 1.0000000000
0.2334185700 -0.0578182887 0.9706558693 -54.8855162848 -0.9721265280 0.0087508611 0.2342934824 -60.3553831127 -0.0220405229 -0.9982887698 -0.0541640788 -4.0053906687 0.0000000000 0.0000000000 0.0000000000 1.0000000000
0.2470857106 -0.0512563548 0.9676370382 -54.8314655542 -0.9684876263 0.0192043732 0.2483201759 -60.3368238679 -0.0313108498 -0.9985008654 -0.0448960192 -3.9961066687 0.0000000000 0.0000000000 0.0000000000 1.0000000000
0.2462094982 -0.0487248588 0.9679911008 -54.7788497763 -0.9684061930 0.0284670836 0.2477479981 -60.3179082905 -0.0396273698 -0.9984064870 -0.0401765887 -3.9908233690 0.0000000000 0.0000000000 0.0000000000 1.0000000000
0.2453140737 -0.0466374938 0.9683212016 -54.7269314457 -0.9686152731 0.0294918799 0.2468089984 -60.2974031605 -0.0400681657 -0.9984764260 -0.0379390156 -3.9873283062 0.0000000000 0.0000000000 0.0000000000 1.0000000000
0.2391768381 -0.0406992363 0.9701226790 -54.6748157066 -0.9704716173 0.0221804564 0.2401933957 -60.2762693796 -0.0312934516 -0.9989252222 -0.0341924022 -3.9848033726 0.0000000000 0.0000000000 0.0000000000 1.0000000000
0.2365985852 -0.0362017925 0.9709328194 -54.6224766147 -0.9714251012 0.0105477643 0.2371118248 -60.2544676773 -0.0188250436 -0.9992888346 -0.0326717439 -3.9850813961 0.0000000000 0.0000000000 0.0000000000 1.0000000000
0.2497496485 -0.0308686967 0.9678182870 -54.5704889409 -0.9682731497 0.0008104856 0.2498928784 -60.2317211190 -0.0084982702 -0.9995231196 -0.0296869117 -3.9892596425 0.0000000000 0.0000000000 0.0000000000 1.0000000000
0.2662983036 -0.0222652295 0.9636334744 -54.5187887026 -0.9638883120 -0.0039424116 0.2662776360 -60.2087621656 -0.0021296929 -0.9997443258 -0.0225110520 -3.9955734266 0.0000000000 0.0000000000 0.0000000000 1.0000000000
0.2660356319 -0.0124587987 0.9638826800 -54.4669072037 -0.9639631350 -0.0030837356 0.2660179786 -60.1865654914 -0.0003419051 -0.9999176311 -0.0128302062 -4.0007798921 0.0000000000 0.0000000000 0.0000000000 1.0000000000
0.2553207645 -0.0007333578 0.9668561265 -54.4149124022 -0.9668560154 -0.0010910230 0.2553199076 -60.1645781776 0.0008676214 -0.9999991359 -0.0009876122 -4.0025892214 0.0000000000 0.0000000000 0.0000000000 1.0000000000
0.2490810656 0.0113332605 0.9684163257 -54.3629646219 -0.9684734940 -0.0014307606 0.2491125135 -60.1419066429 0.0042088289 -0.9999347529 0.0106195871 -3.9982158467 0.0000000000 0.0000000000 0.0000000000 1.0000000000
0.2292317681 0.0176394101 0.9732120261 -54.3105397402 -0.9733214122 -0.0060263989 0.2293667612 -60.1205790580 0.0099108583 -0.9998262518 0.0157873735 -3.9863485697 0.0000000000 0.0000000000 0.0000000000 1.0000000000
0.2408547044 0.0221251263 0.9703089663 -54.2583907877 -0.9704095024 -0.0121844779 0.2411574922 -60.0989835403 0.0171583481 -0.9996809577 0.0185357439 -3.9733115593 0.0000000000 0.0000000000 0.0000000000 1.0000000000
0.2314083333 0.0262268921 0.9725031277 -54.2053153958 -0.9725238051 -0.0199128165 0.2319502711 -60.0803391336 0.0254486111 -0.9994576679 0.0208982852 -3.9640812863 0.0000000000 0.0000000000 0.0000000000 1.0000000000
0.1906715916 0.0280294814 0.9812536330 -54.1507278795 -0.9811841089 -0.0254791040 0.1913858920 -60.0652113115 0.0303659106 -0.9992823242 0.0226439404 -3.9585825366 0.0000000000 0.0000000000 0.0000000000 1.0000000000
0.1717784575 0.0280211954 0.9847370076 -54.0954007924 -0.9846564037 -0.0262906814 0.1725125117 -60.0503897607 0.0307234138 -0.9992615337 0.0230750768 -3.9574000880 0.0000000000 0.0000000000 0.0000000000 1.0000000000
0.1810787245 0.0265302202 0.9831106972 -54.0395111323 -0.9831776244 -0.0194317318 0.1816154364 -60.0355745917 0.0239218409 -0.9994591313 0.0225652457 -3.9607327450 0.0000000000 0.0000000000 0.0000000000 1.0000000000
0.1993137346 0.0263396591 0.9795816748 -53.9830234331 -0.9798564844 -0.0073558029 0.1995674374 -60.0214761981 0.0124621480 -0.9996259873 0.0243429733 -3.9670493856 0.0000000000 0.0000000000 0.0000000000 1.0000000000
0.2127617523 0.0297830442 0.9766500945 -53.9259753688 -0.9771019883 0.0044034321 0.2127259136 -60.0083392815 0.0020350129 -0.9995466873 0.0300379536 -3.9735437944 0.0000000000 0.0000000000 0.0000000000 1.0000000000
0.2263693829 0.0359694823 0.9733771616 -53.8687428253 -0.9740347801 0.0120796646 0.2260759360 -59.9952884276 -0.0036262353 -0.9992798797 0.0377699930 -3.9783000952 0.0000000000 0.0000000000 0.0000000000 1.0000000000
0.2406493062 0.0424288834 0.9696843307 -53.8118057798 -0.9706006706 0.0153746363 0.2402039942 -59.9820952725 -0.0047169567 -0.9989811862 0.0448813982 -3.9801117525 0.0000000000 0.0000000000 0.0000000000 1.0000000000
0.2456992026 0.0578580375 0.9676178736 -53.7553015997 -0.9693340856 0.0196392530 0.2449606706 -59.9690949058 -0.0048303486 -0.9981316282 0.0609091166 -3.9753457635 0.0000000000 0.0000000000 0.0000000000 1.0000000000
0.2605009917 0.0650029493 0.9632828504 -53.6989475213 -0.9654559146 0.0235740985 0.2594978590 -59.9547916885 -0.0058403986 -0.9976065750 0.0688985579 -3.9665865048 0.0000000000 0.0000000000 0.0000000000 1.0000000000
0.2820396254 0.0635893771 0.9572930799 -53.6420419222 -0.9593918125 0.0234593791 0.2810996399 -59.9396763877 -0.0045825503 -0.9977003802 0.0676236023 -3.9582239458 0.0000000000 0.0000000000 0.0000000000 1.0000000000
0.2837841206 0.0499661268 0.9575854839 -53.5836367409 -0.9588754117 0.0199441605 0.2831257236 -59.9248954384 -0.0049515428 -0.9985517596 0.0535711264 -3.9509648333 0.0000000000 0.0000000000 0.0000000000 1.0000000000
0.2881271170 0.0286418834 0.9571637305 -53.5239381577 -0.9575451369 0.0185242213 0.2876876153 -59.9088812594 -0.0094907977 -0.9994180786 0.0327632267 -3.9450252888 0.0000000000 0.0000000000 0.0000000000 1.0000000000
0.3028024031 0.0080074866 0.9530197190 -53.4631966333 -0.9529648192 0.0161740066 0.3026490621 -59.8913986349 -0.0129906889 -0.9998371276 0.0125283810 -3.9426548806 0.0000000000 0.0000000000 0.0000000000 1.0000000000
0.3094276258 -0.0124095522 0.9508420202 -53.4015789108 -0.9507978757 0.0121826499 0.3095722573 -59.8735272741 -0.0154254285 -0.9998487816 -0.0080293274 -3.9455419384 0.0000000000 0.0000000000 0.0000000000 1.0000000000
0.3003758376 -0.0284889066 0.9533953736 -53.3395973586 -0.9536360618 0.0107085339 0.3007716559 -59.8556613927 -0.0187781223 -0.9995367475 -0.0239514638 -3.9528904002 0.0000000000 0.0000000000 0.0000000000 1.0000000000
0.2789045505 -0.0429317108 0.9593587024 -53.2777760860 -0.9600076944 0.0129633666 0.2796733414 -59.8373954907 -0.0244433735 -0.9989939036 -0.0375992308 -3.9623535299 0.0000000000 0.0000000000 0.0000000000 1.0000000000
0.2653728972 -0.0532762616 0.9626727717 -53.2169063170 -0.9636899278 0.0160456823 0.2665412896 -59.8175906306 -0.0296470649 -0.9984508881 -0.0470837075 -3.9708952024 0.0000000000 0.0000000000 0.0000000000 1.0000000000
0.2674437018 -0.0605167429 0.9616712485 -53.1573446567 -0.9629380385 0.0194539962 0.2690202151 -59.7959833968 -0.0349885760 -0.9979775879 -0.0530710249 -3.9767726253 0.0000000000 0.0000000000 0.0000000000 1.0000000000
0.2658882960 -0.0649032212 0.9618165033 -53.0990942640 -0.9631817384 0.0233104086 0.2678386895 -59.7737170947 -0.0398039294 -0.9976192644 -0.0563156326 -3.9778661823 0.0000000000 0.0000000000 0.0000000000 1.0000000000
0.2466845102 -0.0653648566 0.9668889222 -53.0420361388 -0.9683356416 0.0228855803 0.2486007550 -59.7518730394 -0.0383775668 -0.9975989604 -0.0576496022 -3.9724076552 0.0000000000 0.0000000000 0.0000000000 1.0000000000
0.2280647051 -0.0599308305 0.9717997663 -52.9866721348 -0.9731128484 0.0189949438 0.2295442799 -59.7299553959 -0.0322160613 -0.9980217872 -0.0539873849 -3.9608763850 0.0000000000 0.0000000000 0.0000000000 1.0000000000
0.2214120995 -0.0567652579 0.9735267781 -52.9330221940 -0.9748321929 0.0137893244 0.2225130340 -59.7076801833 -0.0260552863 -0.9982923219 -0.0522834776 -3.9502306608 0.0000000000 0.0000000000 0.0000000000 1.0000000000
0.2099661996 -0.0542515238 0.9762023188 -52.8798499013 -0.9775799759 0.0045489344 0.2105153153 -59.6859887368 -0.0158614570 -0.9985169399 -0.0520800808 -3.9426707146 0.0000000000 0.0000000000 0.0000000000 1.0000000000
0.2106723309 -0.0547967136 0.9760197176 -52.8264654739 -0.9775485389 -0.0077207427 0.2105688586 -59.6633248283 -0.0040028843 -0.9984676812 -0.0551929942 -3.9391823558 0.0000000000 0.0000000000 0.0000000000 1.0000000000
0.2189509741 -0.0580275949 0.9740088650 -52.7724700999 -0.9757290025 -0.0167638903 0.2183389238 -59.6399108347 0.0036584951 -0.9981742184 -0.0602896774 -3.9410971487 0.0000000000 0.0000000000 0.0000000000 1.0000000000
0.2208943733 -0.0580226350 0.9735702592 -52.7175559130 -0.9752556230 -0.0224174479 0.2199407370 -59.6165945331 0.0090634195 -0.9980635410 -0.0615387892 -3.9466708911 0.0000000000 0.0000000000 0.0000000000 1.0000000000
0.2186248012 -0.0570637075 0.9741390710 -52.6615381119 -0.9757143728 -0.0266855606 0.2174151413 -59.5932336365 0.0135889332 -0.9980138346 -0.0615120049 -3.9540993885 0.0000000000 0.0000000000 0.0000000000 1.0000000000
0.2200099533 -0.0537541545 0.9740154574 -52.6044490796 -0.9752072868 -0.0364790849 0.2182659481 -59.5694715043 0.0237984910 -0.9978876526 -0.0604472049 -3.9613164902 0.0000000000 0.0000000000 0.0000000000 1.0000000000
0.2261869217 -0.0531820094 0.9726310453 -52.5466415147 -0.9735027290 -0.0468292631 0.2238290792 -59.5457654850 0.0336439149 -0.9974861874 -0.0623649982 -3.9672578373 0.0000000000 0.0000000000 0.0000000000 1.0000000000
0.2364273115 -0.0500663132 0.9703584341 -52.4886174360 -0.9708536907 -0.0525751940 0.2338353270 -59.5223443240 0.0393095102 -0.9973611248 -0.0610372768 -3.9701508604 0.0000000000 0.0000000000 0.0000000000 1.0000000000
0.2323396728 -0.0449750486 0.9715943194 -52.4302806293 -0.9718391709 -0.0511287009 0.2300314800 -59.4996743668 0.0393306784 -0.9976788566 -0.0555877395 -3.9660727790 0.0000000000 0.0000000000 0.0000000000 1.0000000000
0.2357664537 -0.0454723409 0.9707453041 -52.3723603048 -0.9711333272 -0.0482873660 0.2335987824 -59.4765611638 0.0362524504 -0.9977978736 -0.0555442468 -3.9576468166 0.0000000000 0.0000000000 0.0000000000 1.0000000000
0.2621460324 -0.0482995663 0.9638187639 -52.3154139860 -0.9644607914 -0.0473571492 0.2599474606 -59.4524538661 0.0330883594 -0.9977096032 -0.0589975267 -3.9497009992 0.0000000000 0.0000000000 0.0000000000 1.0000000000
0.2814574400 -0.0560381628 0.9579360280 -52.2587336516 -0.9590911572 -0.0480843412 0.2789839570 -59.4284421871 0.0304279744 -0.9972700840 -0.0672794020 -3.9431816857 0.0000000000 0.0000000000 0.0000000000 1.0000000000
0.2998288080 -0.0675278465 0.9516000609 -52.2022133920 -0.9536207976 -0.0490768883 0.2969828840 -59.4040499505 0.0266469553 -0.9965096332 -0.0791106238 -3.9401126131 0.0000000000 0.0000000000 0.0000000000 1.0000000000
0.3233513419 -0.0730825901 0.9434526192 -52.1458538906 -0.9459699593 -0.0504427658 0.3203066711 -59.3788265449 0.0241815183 -0.9960494277 -0.0854446708 -3.9420068977 0.0000000000 0.0000000000 0.0000000000 1.0000000000
0.3219476105 -0.0775490754 0.9435761109 -52.0886332921 -0.9464102027 -0.0533531426 0.3185297010 -59.3544873444 0.0256410670 -0.9955599344 -0.0905701530 -3.9490013705 0.0000000000 0.0000000000 0.0000000000 1.0000000000
0.3079571516 -0.0846601944 0.9476260044 -52.0304259972 -0.9509963803 -0.0564100219 0.3040128190 -59.3303654264 0.0277178193 -0.9948118219 -0.0978834081 -3.9587022573 0.0000000000 0.0000000000 0.0000000000 1.0000000000
0.3116883476 -0.0935470993 0.9455682494 -51.9716557510 -0.9498481409 -0.0571474004 0.3074454162 -59.3050518169 0.0252761404 -0.9939733975 -0.1066677171 -3.9681323872 0.0000000000 0.0000000000 0.0000000000 1.0000000000
0.3173975794 -0.1034962482 0.9426278710 -51.9123599119 -0.9481438252 -0.0522399123 0.3135191832 -59.2798871777 0.0167947381 -0.9932570252 -0.1147101504 -3.9756153443 0.0000000000 0.0000000000 0.0000000000 1.0000000000
0.3203148042 -0.1099508571 0.9409087284 -51.8528445642 -0.9472702417 -0.0464072900 0.3170574910 -59.2553300474 0.0088042814 -0.9928530468 -0.1190181170 -3.9800959620 0.0000000000 0.0000000000 0.0000000000 1.0000000000
0.3063036944 -0.1145437782 0.9450173383 -51.7931508975 -0.9519323379 -0.0386236965 0.3038635125 -59.2319540860 0.0016943881 -0.9926670806 -0.1208685075 -3.9793554858 0.0000000000 0.0000000000 0.0000000000 1.0000000000
0.2728624788 -0.1190749383 0.9546555540 -51.7331894158 -0.9620523665 -0.0325912541 0.2709115249 -59.2099855028 -0.0011453513 -0.9923502251 -0.1234492566 -3.9725505855 0.0000000000 0.0000000000 0.0000000000 1.0000000000
0.2561755939 -0.1228233251 0.9587953358 -51.6741533450 -0.9666269465 -0.0299521811 0.2544311560 -59.1877654467 -0.0025320690 -0.9919764602 -0.1263973535 -3.9641760118 0.0000000000 0.0000000000 0.0000000000 1.0000000000
0.2273620327 -0.1310939753 0.9649460481 -51.6155251788 -0.9737971079 -0.0357653264 0.2245885886 -59.1668497035 0.0050693995 -0.9907245889 -0.1357906114 -3.9574123826 0.0000000000 0.0000000000 0.0000000000 1.0000000000
0.2143323269 -0.1379447138 0.9669709973 -51.5575991716 -0.9766855808 -0.0425525930 0.2104151919 -59.1452276128 0.0121214598 -0.9895254078 -0.1438490092 -3.9533085482 0.0000000000 0.0000000000 0.0000000000 1.0000000000
0.2131268357 -0.1427221739 0.9665440150 -51.5003361626 -0.9769760209 -0.0409906082 0.2093743648 -59.1233812270 0.0097368625 -0.9889136217 -0.1481723402 -3.9532047557 0.0000000000 0.0000000000 0.0000000000 1.0000000000
0.2212457000 -0.1429238656 0.9646880889 -51.4437030899 -0.9752163183 -0.0305345409 0.2191364285 -59.1013054348 -0.0018635176 -0.9892625589 -0.1461373219 -3.9575238473 0.0000000000 0.0000000000 0.0000000000 1.0000000000
0.2446727788 -0.1414167948 0.9592374688 -51.3875085051 -0.9694110411 -0.0158550974 0.2449302949 -59.0781330653 -0.0194284538 -0.9898231691 -0.1409703130 -3.9651080743 0.0000000000 0.0000000000 0.0000000000 1.0000000000
0.2679058386 -0.1361216616 0.9537805591 -51.3310381354 -0.9630494554 -0.0094677311 0.2691581477 -59.0543264532 -0.0276081164 -0.9906468873 -0.1336283525 -3.9730526706 0.0000000000 0.0000000000 0.0000000000 1.0000000000
0.2891302582 -0.1281361977 0.9486752915 -51.2743719267 -0.9569618650 -0.0127518517 0.2899334048 -59.0302440827 -0.0250535974 -0.9916745964 -0.1263084009 -3.9799877269 0.0000000000 0.0000000000 0.0000000000 1.0000000000
0.3050452620 -0.1205342808 0.9446792447 -51.2174681579 -0.9521154020 -0.0171605081 0.3052569054 -59.0065922455 -0.0205827458 -0.9925608314 -0.1199972769 -3.9835819035 0.0000000000 0.0000000000 0.0000000000 1.0000000000
0.3149095344 -0.1157061159 0.9420425043 -51.1601843429 -0.9489502484 -0.0195188544 0.3148212833 -58.9835412599 -0.0180391574 -0.9930916922 -0.1159460208 -3.9792122434 0.0000000000 0.0000000000 0.0000000000 1.0000000000
0.3268984753 -0.1146783898 0.9380758252 -51.1036363435 -0.9448267491 -0.0176311623 0.3270956379 -58.9608506703 -0.0209714340 -0.9932461976 -0.1141148103 -3.9706225641 0.0000000000 0.0000000000 0.0000000000 1.0000000000
0.3293090355 -0.1153733349 0.9371470284 -51.0479147294 -0.9438708005 -0.0131477715 0.3300530987 -58.9394333849 -0.0257579317 -0.9932351835 -0.1132272019 -3.9612314445 0.0000000000 0.0000000000 0.0000000000 1.0000000000
0.3295073924 -0.1218871320 0.9362523193 -50.9930133394 -0.9435430976 -0.0068737453 0.3311784635 -58.9179457197 -0.0339308331 -0.9925201654 -0.1172707120 -3.9531483096 0.0000000000 0.0000000000 0.0000000000 1.0000000000
0.3317091200 -0.1205148423 0.9356523032 -50.9389668933 -0.9424798158 0.0010238516 0.3342614972 -58.8960388173 -0.0412414407 -0.9927109975 -0.1132431855 -3.9482474812 0.0000000000 0.0000000000 0.0000000000 1.0000000000
0.3163767747 -0.1160325159 0.9415105903 -50.8851588243 -0.9475761195 0.0081955039 0.3194250012 -58.8746770690 -0.0447798403 -0.9932116033 -0.1073567741 -3.9486758436 0.0000000000 0.0000000000 0.0000000000 1.0000000000
0.3036398429 -0.1104526694 0.9463630665 -50.8318490066 -0.9516405612 0.0135508074 0.3069146754 -58.8525598033 -0.0467235288 -0.9937890035 -0.1009966752 -3.9544291064 0.0000000000 0.0000000000 0.0000000000 1.0000000000
0.3017198403 -0.1044044164 0.9476628387 -50.7787802450 -0.9521488137 0.0178409630 0.3051136454 -58.8289998370 -0.0487624297 -0.9943748880 -0.0940255687 -3.9633158637 0.0000000000 0.0000000000 0.0000000000 1.0000000000
0.2972289661 -0.0959006347 0.9499778997 -50.7255634714 -0.9535111178 0.0219907460 0.3005544132 -58.8046297463 -0.0497140816 -0.9951479666 -0.0849060347 -3.9728281433 0.0000000000 0.0000000000 0.0000000000 1.0000000000
0.2895593962 -0.0876940676 0.9531343591 -50.6723588138 -0.9557451683 0.0276342522 0.2928950689 -58.7796757487 -0.0520243152 -0.9957640778 -0.0758114240 -3.9803789858 0.0000000000 0.0000000000 0.0000000000 1.0000000000
0.2990879386 -0.0816412988 0.9507266186 -50.6194235760 -0.9522193694 0.0390375396 0.3029097935 -58.7534130750 -0.0618439770 -0.9958969670 -0.0660647688 -3.9821829928 0.0000000000 0.0000000000 0.0000000000 1.0000000000
0.3029693928 -0.0781997059 0.9497864776 -50.5662116105 -0.9502029410 0.0515178731 0.3073439109 -58.7277842061 -0.0729651827 -0.9956057025 -0.0586972518 -3.9752350780 0.0000000000 0.0000000000 0.0000000000 1.0000000000
0.3141791084 -0.0686586250 0.9468777540 -50.5133962310 -0.9462945732 0.0574860404 0.3181539501 -58.7024641253 -0.0762762656 -0.9959826045 -0.0469103714 -3.9628451863 0.0000000000 0.0000000000 0.0000000000 1.0000000000
0.3041569818 -0.0616598791 0.9506243158 -50.4604416924 -0.9498410614 0.0565635575 0.3075752299 -58.6789189029 -0.0727357446 -0.9964931627 -0.0413628841 -3.9525842216 0.0000000000 0.0000000000 0.0000000000 1.0000000000
0.2583405847 -0.0579659367 0.9643132751 -50.4066520231 -0.9641813215 0.0466502324 0.2611094313 -58.6575598745 -0.0601208911 -0.9972280110 -0.0438380251 -3.9450038208 0.0000000000 0.0000000000 0.0000000000 1.0000000000
0.2380199692 -0.0549357143 0.9697053994 -50.3528293534 -0.9701219974 0.0348751320 0.2400979703 -58.6346443996 -0.0470085573 -0.9978806504 -0.0449933671 -3.9402039062 0.0000000000 0.0000000000 0.0000000000 1.0000000000
0.2332210374 -0.0540589385 0.9709199652 -50.2989114587 -0.9715647789 0.0290036039 0.2349907900 -58.6107422381 -0.0408635307 -0.9981164372 -0.0457575101 -3.9402124477 0.0000000000 0.0000000000 0.0000000000 1.0000000000
0.2374123321 -0.0507100358 0.9700844689 -50.2446569372 -0.9705994738 0.0283771511 0.2390217536 -58.5867767751 -0.0396490352 -0.9983101870 -0.0424820485 -3.9443401610 0.0000000000 0.0000000000 0.0000000000 1.0000000000
0.2505561123 -0.0492685022 0.9668475833 -50.1900681681 -0.9672602884 0.0288986810 0.2521356793 -58.5627237628 -0.0403629671 -0.9983674078 -0.0404147245 -3.9520767505 0.0000000000 0.0000000000 0.0000000000 1.0000000000
0.2613239193 -0.0476344604 0.9640750839 -50.1351881972 -0.9645650978 0.0247635479 0.2626802977 -58.5392430644 -0.0363865537 -0.9985578225 -0.0394752306 -3.9617378012 0.0000000000 0.0000000000 0.0000000000 1.0000000000
0.2652995669 -0.0416930253 0.9632641545 -50.0799455151 -0.9636770504 0.0203480328 0.2662940108 -58.5167206596 -0.0307031336 -0.9989232449 -0.0347802873 -3.9703472360 0.0000000000 0.0000000000 0.0000000000 1.0000000000
0.2679689092 -0.0237455021 0.9631348892 -49.9682021193 -0.9630670952 0.0207420173 0.2684614290 -58.4717200858 -0.0263521119 -0.9995028363 -0.0173102960 -3.9665236269 0.0000000000 0.0000000000 0.0000000000 1.0000000000
0.2955084150 -0.0198995526 0.9551328622 -49.9129900384 -0.9547801770 0.0280742494 0.2959842060 -58.4472943155 -0.0327045915 -0.9994077468 -0.0107035214 -3.9582012443 0.0000000000 0.0000000000 0.0000000000 1.0000000000
0.3090143259 -0.0252975362 0.9507208744 -49.8576969231 -0.9501319387 0.0358771301 0.3097775503 -58.4231157724 -0.0419457453 -0.9990359684 -0.0129494499 -3.9505691212 0.0000000000 0.0000000000 0.0000000000 1.0000000000
0.3153419887 -0.0369993519 0.9482565466 -49.8023945474 -0.9476912423 0.0397423798 0.3167046771 -58.3985892867 -0.0494038396 -0.9985247074 -0.0225315207 -3.9441429637 0.0000000000 0.0000000000 0.0000000000 1.0000000000
0.3279070453 -0.0428478497 0.9437377980 -49.7475082619 -0.9432798917 0.0400962811 0.3295684058 -58.3736554262 -0.0519616736 -0.9982766901 -0.0272696619 -3.9397265062 0.0000000000 0.0000000000 0.0000000000 1.0000000000
0.3312959887 -0.0450496808 0.9424507914 -49.6931593501 -0.9420838505 0.0394282698 0.3330516930 -58.3495840771 -0.0521630765 -0.9982063603 -0.0293781491 -3.9399590028 0.0000000000 0.0000000000 0.0000000000 1.0000000000
0.3237042819 -0.0401071717 0.9453078613 -49.6396172597 -0.9448653599 0.0385107540 0.3251866749 -58.3262966490 -0.0494468363 -0.9984529717 -0.0254297812 -3.9456856635 0.0000000000 0.0000000000 0.0000000000 1.0000000000
0.3089245563 -0.0293012035 0.9506350814 -49.5869372538 -0.9500191061 0.0378355156 0.3098905803 -58.3030649996 -0.0450479354 -0.9988543003 -0.0161483833 -3.9550460877 0.0000000000 0.0000000000 0.0000000000 1.0000000000
0.2949782801 -0.0204860196 0.9552843227 -49.5348905040 -0.9544241793 0.0411992170 0.2955961950 -58.2790121240 -0.0454125555 -0.9989409129 -0.0073994783 -3.9648328631 0.0000000000 0.0000000000 0.0000000000 1.0000000000
0.2834963398 -0.0136717562 0.9588758566 -49.4830401308 -0.9576849399 0.0477772761 0.2838254530 -58.2541171936 -0.0496928689 -0.9987644442 0.0004514478 -3.9715473083 0.0000000000 0.0000000000 0.0000000000 1.0000000000
0.2773173391 -0.0041465784 0.9607694309 -49.4314019220 -0.9592848647 0.0545409203 0.2771242254 -58.2286013452 -0.0535503663 -0.9985029263 0.0111473930 -3.9720148387 0.0000000000 0.0000000000 0.0000000000 1.0000000000
0.2629292562 0.0044739228 0.9648047420 -49.3796036222 -0.9631351613 0.0602029467 0.2621950921 -58.2038667436 -0.0569110479 -0.9981761314 0.0201381083 -3.9648567149 0.0000000000 0.0000000000 0.0000000000 1.0000000000
0.2647560253 0.0108564822 0.9642543149 -49.3278173690 -0.9625612759 0.0632609324 0.2635789152 -58.1791965561 -0.0581380872 -0.9979379696 0.0271987424 -3.9545229837 0.0000000000 0.0000000000 0.0000000000 1.0000000000
0.2639080014 0.0104332673 0.9644914275 -49.2757295342 -0.9631596806 0.0564787614 0.2629326514 -58.1555011762 -0.0517300346 -0.9983492858 0.0249540995 -3.9464750009 0.0000000000 0.0000000000 0.0000000000 1.0000000000
0.2442043397 0.0052527157 0.9697095696 -49.2226583697 -0.9688413138 0.0439735171 0.2437474893 -58.1337250174 -0.0413612041 -0.9990188881 0.0158275717 -3.9407931239 0.0000000000 0.0000000000 0.0000000000 1.0000000000
0.2402672855 0.0013057559 0.9707058908 -49.1691159255 -0.9701926443 0.0328652583 0.2400960386 -58.1115522110 -0.0315889930 -0.9994589385 0.0091632811 -3.9380186521 0.0000000000 0.0000000000 0.0000000000 1.0000000000
0.2429263161 -0.0029913468 0.9700401315 -49.1147374493 -0.9696834683 0.0265406786 0.2429188416 -58.0894513836 -0.0264721779 -0.9996432585 0.0035467698 -3.9404088918 0.0000000000 0.0000000000 0.0000000000 1.0000000000
0.2570102381 -0.0063499394 0.9663878185 -49.0593099226 -0.9660974230 0.0236893890 0.2570886658 -58.0672741084 -0.0245256344 -0.9996992003 -0.0000462446 -3.9477527778 0.0000000000 0.0000000000 0.0000000000 1.0000000000
0.2717368760 -0.0086061153 0.9623331050 -49.0024257235 -0.9620722728 0.0225083760 0.2718645158 -58.0458188454 -0.0240002527 -0.9997096117 -0.0021633491 -3.9577627149 0.0000000000 0.0000000000 0.0000000000 1.0000000000
0.2792983402 -0.0123022683 0.9601255602 -48.9438679262 -0.9598552726 0.0233837029 0.2795193339 -58.0256877341 -0.0258900127 -0.9996508674 -0.0052773677 -3.9675416842 0.0000000000 0.0000000000 0.0000000000 1.0000000000
0.2718915431 -0.0202267309 0.9621153092 -48.8836875245 -0.9618893313 0.0244684003 0.2723420860 -58.0075212177 -0.0290500126 -0.9994959613 -0.0128031255 -3.9743009385 0.0000000000 0.0000000000 0.0000000000 1.0000000000
0.2603562116 -0.0257148548 0.9651701349 -48.8230127041 -0.9650285766 0.0247194188 0.2609766210 -57.9903766500 -0.0305694207 -0.9993636458 -0.0183797155 -3.9732148151 0.0000000000 0.0000000000 0.0000000000 1.0000000000
0.2746952483 -0.0338543230 0.9609351723 -48.7634483609 -0.9609449006 0.0252329642 0.2755870017 -57.9716911259 -0.0335770541 -0.9991081935 -0.0256007637 -3.9652809457 0.0000000000 0.0000000000 0.0000000000 1.0000000000
0.2980393993 -0.0382647056 0.9537863119 -48.7058403481 -0.9538533591 0.0263262727 0.2991165271 -57.9524403349 -0.0365552444 -0.9989207875 -0.0286526514 -3.9568133492 0.0000000000 0.0000000000 0.0000000000 1.0000000000
0.3000523276 -0.0420470062 0.9529956191 -48.6496790693 -0.9530924788 0.0284583349 0.3013384309 -57.9340031352 -0.0397910474 -0.9987102545 -0.0315356957 -3.9507838424 0.0000000000 0.0000000000 0.0000000000 1.0000000000
0.2943391444 -0.0463359408 0.9545771046 -48.5947225294 -0.9548153413 0.0287342103 0.2958073852 -57.9149860840 -0.0411355328 -0.9985125566 -0.0357846643 -3.9469976981 0.0000000000 0.0000000000 0.0000000000 1.0000000000
0.2852373256 -0.0460742476 0.9573488558 -48.5402995637 -0.9578459287 0.0219564741 0.2864421234 -57.8954871822 -0.0342176106 -0.9986966892 -0.0378692246 -3.9445569927 0.0000000000 0.0000000000 0.0000000000 1.0000000000
0.2819851852 -0.0479389080 0.9582203381 -48.4862558840 -0.9591273021 0.0105307078 0.2827789286 -57.8752027911 -0.0236468514 -0.9987947563 -0.0430100119 -3.9448317003 0.0000000000 0.0000000000 0.0000000000 1.0000000000
0.2909410359 -0.0498381767 0.9554420285 -48.4325895944 -0.9566225304 0.0005604627 0.2913297448 -57.8539782275 -0.0150548329 -0.9987571487 -0.0475132611 -3.9491092446 0.0000000000 0.0000000000 0.0000000000 1.0000000000
0.2925040489 -0.0507722118 0.9549154747 -48.3787127483 -0.9562160334 -0.0054981518 0.2926100953 -57.8328311624 -0.0096061915 -0.9986951251 -0.0501574346 -3.9565313081 0.0000000000 0.0000000000 0.0000000000 1.0000000000
0.2860475248 -0.0485651924 0.9569839265 -48.3246520150 -0.9581798912 -0.0058955269 0.2861058177 -57.8116334370 -0.0082528596 -0.9988026156 -0.0482205917 -3.9652351919 0.0000000000 0.0000000000 0.0000000000 1.0000000000
0.2789810519 -0.0448443468 0.9592489548 -48.2705685533 -0.9602314647 -0.0013922339 0.2792017119 -57.7898063487 -0.0111851195 -0.9989930161 -0.0434493597 -3.9734383010 0.0000000000 0.0000000000 0.0000000000 1.0000000000
0.2835998261 -0.0390086934 0.9581489761 -48.2166248158 -0.9588171608 0.0046334163 0.2839862385 -57.7667197166 -0.0155174352 -0.9992281288 -0.0360881687 -3.9778956539 0.0000000000 0.0000000000 0.0000000000 1.0000000000
0.2690599358 -0.0370363594 0.9624110655 -48.1624553853 -0.9629882898 0.0063942181 0.2694673776 -57.7443792823 -0.0161339569 -0.9992934614 -0.0339451525 -3.9759669977 0.0000000000 0.0000000000 0.0000000000 1.0000000000
0.2520297651 -0.0338690767 0.9671266117 -48.1086998186 -0.9676026469 0.0067095192 0.2523887877 -57.7227436122 -0.0150371297 -0.9994037562 -0.0310808097 -3.9685058248 0.0000000000 0.0000000000 0.0000000000 1.0000000000
0.2420753200 -0.0298002200 0.9697997145 -48.0556771668 -0.9701584686 0.0068433219 0.2423751531 -57.7016087670 -0.0138594845 -0.9995324486 -0.0272543364 -3.9611415498 0.0000000000 0.0000000000 0.0000000000 1.0000000000
0.2048972395 -0.0278250599 0.9783879023 -48.0018923456 -0.9787526428 0.0021113683 0.2050336714 -57.6829428843 -0.0077708114 -0.9996105783 -0.0268012374 -3.9555286351 0.0000000000 0.0000000000 0.0000000000 1.0000000000
0.1774576752 -0.0299141036 0.9836736857 -47.9477552219 -0.9841270393 -0.0037116476 0.1774265881 -57.6635446446 -0.0016565073 -0.9995455818 -0.0300979386 -3.9518136439 0.0000000000 0.0000000000 0.0000000000 1.0000000000
0.1785199204 -0.0352065332 0.9833062280 -47.8933073596 -0.9839343244 -0.0043861872 0.1784769076 -57.6425789091 -0.0019705880 -0.9993704325 -0.0354239382 -3.9522662364 0.0000000000 0.0000000000 0.0000000000 1.0000000000
0.1875705999 -0.0367697890 0.9815626586 -47.8383971070 -0.9822287222 -0.0002724555 0.1876876742 -57.6215887175 -0.0066338041 -0.9993237255 -0.0361674475 -3.9571293857 0.0000000000 0.0000000000 0.0000000000 1.0000000000
0.1968860871 -0.0367074551 0.9797389609 -47.7829448613 -0.9803716809 0.0031837520 0.1971325213 -57.6007706776 -0.0103554791 -0.9993209827 -0.0353601130 -3.9651036825 0.0000000000 0.0000000000 0.0000000000 1.0000000000
0.2109689237 -0.0342611276 0.9768921580 -47.7271302066 -0.9774345989 0.0035086878 0.2112091240 -57.5798794098 -0.0106638724 -0.9994067562 -0.0327477874 -3.9730751797 0.0000000000 0.0000000000 0.0000000000 1.0000000000
0.2203551578 -0.0291759415 0.9749832659 -47.6711890159 -0.9753636834 0.0041221044 0.2205644878 -57.5595785157 -0.0104541594 -0.9995657921 -0.0275488268 -3.9789227040 0.0000000000 0.0000000000 0.0000000000 1.0000000000
0.2290420518 -0.0216223395 0.9731763524 -47.6156427067 -0.9733796993 0.0036091760 0.2291701004 -57.5396371324 -0.0084675585 -0.9997596953 -0.0202200933 -3.9808781773 0.0000000000 0.0000000000 0.0000000000 1.0000000000
0.2481696595 -0.0126282142 0.9686342696 -47.5612659960 -0.9686585199 0.0077128567 0.2482764261 -57.5189213219 -0.0106062252 -0.9998905140 -0.0103183303 -3.9773049543 0.0000000000 0.0000000000 0.0000000000 1.0000000000
0.2632662580 -0.0031716866 0.9647179991 -47.5078951057 -0.9646442574 0.0119281598 0.2632853503 -57.4980258380 -0.0123423691 -0.9999238268 0.0000807327 -3.9701763080 0.0000000000 0.0000000000 0.0000000000 1.0000000000
0.2610936769 0.0019210120 0.9653115567 -47.4547627461 -0.9652654114 0.0104977506 0.2610603047 -57.4773805737 -0.0096321000 -0.9999430519 0.0045951828 -3.9618180668 0.0000000000 0.0000000000 0.0000000000 1.0000000000
0.2624655219 -0.0023468004 0.9649385174 -47.4016442395 -0.9649263151 0.0049478828 0.2624742365 -57.4556370527 -0.0053903773 -0.9999850054 -0.0009658408 -3.9535576317 0.0000000000 0.0000000000 0.0000000000 1.0000000000
0.2792232459 -0.0026223137 0.9602226317 -47.3486753700 -0.9602228444 0.0018860130 0.2792284584 -57.4327263151 -0.0025432170 -0.9999947832 -0.0019913869 -3.9479517652 0.0000000000 0.0000000000 0.0000000000 1.0000000000
0.2930891299 0.0002546966 0.9560850888 -47.2954842314 -0.9560782357 0.0038736854 0.2930859971 -57.4100477803 -0.0036289249 -0.9999924648 0.0013788449 -3.9489661301 0.0000000000 0.0000000000 0.0000000000 1.0000000000
0.2906803096 0.0022403119 0.9568176099 -47.2416437533 -0.9568088797 0.0055519669 0.2906646579 -57.3884224815 -0.0046610403 -0.9999820782 0.0037573978 -3.9571592542 0.0000000000 0.0000000000 0.0000000000 1.0000000000
0.2860302217 0.0041888141 0.9582114412 -47.1870094489 -0.9582088376 0.0062044692 0.2860023217 -57.3667841545 -0.0047471828 -0.9999719788 0.0057884244 -3.9693564326 0.0000000000 0.0000000000 0.0000000000 1.0000000000
0.2723176058 0.0038410418 0.9621997547 -47.1313962709 -0.9621925034 0.0066554334 0.2722889855 -57.3452676919 -0.0053579831 -0.9999704754 0.0055082133 -3.9812006990 0.0000000000 0.0000000000 0.0000000000 1.0000000000
0.2622645634 -0.0000895621 0.9649960056 -47.0752353864 -0.9649511541 0.0096174042 0.2622532664 -57.3234666936 -0.0093042445 -0.9999537477 0.0024358813 -3.9897515407 0.0000000000 0.0000000000 0.0000000000 1.0000000000
0.2685840107 -0.0040867464 0.9632475942 -47.0190659838 -0.9631455060 0.0140246461 0.2686150473 -57.3007119877 -0.0146069681 -0.9998932982 -0.0001693357 -3.9931628910 0.0000000000 0.0000000000 0.0000000000 1.0000000000
0.2583454967 -0.0062785261 0.9660321860 -46.9629268511 -0.9658092792 0.0207631975 0.2584208309 -57.2793640513 -0.0216804190 -0.9997647072 -0.0006997801 -3.9896658649 0.0000000000 0.0000000000 0.0000000000 1.0000000000
0.2437422693 -0.0055438251 0.9698241965 -46.9072006039 -0.9694801996 0.0258451201 0.2438035528 -57.2589792787 -0.0264168270 -0.9996505868 0.0009249196 -3.9808746322 0.0000000000 0.0000000000 0.0000000000 1.0000000000
0.2388894993 -0.0060594820 0.9710278522 -46.8518091765 -0.9707359751 0.0238074450 0.2389662575 -57.2383910094 -0.0245657039 -0.9996981986 -0.0001948086 -3.9720076926 0.0000000000 0.0000000000 0.0000000000 1.0000000000
0.2164807732 -0.0120809260 0.9762121317 -46.7956825858 -0.9761630134 0.0132494406 0.2166338468 -57.2188480829 -0.0155514021 -0.9998392389 -0.0089247040 -3.9656990645 0.0000000000 0.0000000000 0.0000000000 1.0000000000
0.2028775460 -0.0158202102 0.9790763108 -46.7391371677 -0.9791877109 0.0025101180 0.2029411888 -57.1988387579 -0.0056681694 -0.9998717019 -0.0149817089 -3.9633617931 0.0000000000 0.0000000000 0.0000000000 1.0000000000
0.1947804791 -0.0173477458 0.9806934387 -46.6821490529 -0.9808468610 -0.0034567930 0.1947498030 -57.1789952103 0.0000115842 -0.9998435409 -0.0176887978 -3.9666611420 0.0000000000 0.0000000000 0.0000000000 1.0000000000
0.1917812616 -0.0198630693 0.9812366718 -46.6246139912 -0.9814376731 -0.0040888914 0.1917377760 -57.1594900848 0.0002036695 -0.9997943486 -0.0202785373 -3.9750918500 0.0000000000 0.0000000000 0.0000000000 1.0000000000
0.1986405921 -0.0193374574 0.9798816142 -46.5664160478 -0.9800719680 -0.0048613107 0.1985832449 -57.1397606455 0.0009234139 -0.9998011954 -0.0199177536 -3.9851164558 0.0000000000 0.0000000000 0.0000000000 1.0000000000
0.2042492245 -0.0172935669 0.9787661553 -46.5071947205 -0.9789001766 -0.0097956163 0.2041041159 -57.1201812347 0.0060579295 -0.9998024697 -0.0189294227 -3.9935601688 0.0000000000 0.0000000000 0.0000000000 1.0000000000
0.2104859617 -0.0183450518 0.9774247383 -46.4473090621 -0.9775412307 -0.0146176314 0.2102366932 -57.1010123542 0.0104308316 -0.9997248541 -0.0210098507 -3.9996005885 0.0000000000 0.0000000000 0.0000000000 1.0000000000
0.2293038412 -0.0154281746 0.9732326134 -46.3873427538 -0.9732790015 -0.0161200262 0.2290592279 -57.0818347325 0.0121545694 -0.9997510271 -0.0187123023 -4.0009869401 0.0000000000 0.0000000000 0.0000000000 1.0000000000
0.2489439433 -0.0163220213 0.9683803513 -46.3272715555 -0.9684549401 -0.0155951381 0.2487002625 -57.0628358110 0.0110427343 -0.9997451592 -0.0196894574 -3.9970921445 0.0000000000 0.0000000000 0.0000000000 1.0000000000
0.2643752630 -0.0187365646 0.9642378656 -46.2676378528 -0.9643616303 -0.0161252216 0.2640958601 -57.0441576073 0.0106003001 -0.9996944125 -0.0223319337 -3.9906430175 0.0000000000 0.0000000000 0.0000000000 1.0000000000
0.2701264898 -0.0251306355 0.9624968211 -46.2082259875 -0.9627692479 -0.0177927064 0.2697383822 -57.0256374041 0.0103467264 -0.9995258230 -0.0290012844 -3.9839316846 0.0000000000 0.0000000000 0.0000000000 1.0000000000
0.2736943249 -0.0366948329 0.9611164892 -46.1488432921 -0.9617788224 -0.0193129080 0.2731455807 -57.0063451173 0.0085389229 -0.9991398805 -0.0405781465 -3.9776944135 0.0000000000 0.0000000000 0.0000000000 1.0000000000
0.2771814251 -0.0431653818 0.9598474917 -46.0895290075 -0.9607556161 -0.0237988089 0.2763734119 -56.9862598389 0.0109134632 -0.9987844445 -0.0480679707 -3.9735181540 0.0000000000 0.0000000000 0.0000000000 1.0000000000
0.2824899238 -0.0490186561 0.9580170219 -46.0304714293 -0.9591360306 -0.0311400577 0.2812265484 -56.9655461435 0.0160473579 -0.9983123099 -0.0558123118 -3.9743272769 0.0000000000 0.0000000000 0.0000000000 1.0000000000
0.2824337267 -0.0537563552 0.9577794340 -45.9717420049 -0.9590724581 -0.0369291709 0.2807423310 -56.9450182424 0.0202783160 -0.9978709789 -0.0619862831 -3.9806852562 0.0000000000 0.0000000000 0.0000000000 1.0000000000
0.2790850079 -0.0562514232 0.9586174084 -45.9131528453 -0.9600086860 -0.0394707543 0.2771739207 -56.9247197713 0.0222459246 -0.9976361245 -0.0650175507 -3.9906987379 0.0000000000 0.0000000000 0.0000000000 1.0000000000
0.2734969507 -0.0586258368 0.9600845948 -45.8543499912 -0.9616813212 -0.0365851613 0.2717177993 -56.9045267318 0.0191951664 -0.9976094112 -0.0663853023 -4.0010424561 0.0000000000 0.0000000000 0.0000000000 1.0000000000
0.2630840533 -0.0643310176 0.9626257326 -45.7952231196 -0.9647060427 -0.0292890076 0.2616952526 -56.8841813967 0.0113592305 -0.9974987089 -0.0697659922 -4.0087548368 0.0000000000 0.0000000000 0.0000000000 1.0000000000
0.2641067860 -0.0722777196 0.9617814392 -45.7363247323 -0.9644887249 -0.0229114397 0.2631284202 -56.8625840214 0.0030174752 -0.9971213553 -0.0757621123 -4.0112280088 0.0000000000 0.0000000000 0.0000000000 1.0000000000
0.2576051920 -0.0811513729 0.9628364450 -45.6773396575 -0.9662499757 -0.0208706538 0.2567594212 -56.8412880523 -0.0007413534 -0.9964832515 -0.0837889008 -4.0066556180 0.0000000000 0.0000000000 0.0000000000 1.0000000000
0.2653763821 -0.0858119779 0.9603185306 -45.6187775026 -0.9641378013 -0.0197987618 0.2646626328 -56.8195787816 -0.0036981061 -0.9961146086 -0.0879886954 -3.9979149810 0.0000000000 0.0000000000 0.0000000000 1.0000000000
0.2681623928 -0.0973031982 0.9584471914 -45.5600711408 -0.9633604998 -0.0218719792 0.2673165987 -56.7990222233 -0.0050476229 -0.9950144241 -0.0996032999 -3.9904219148 0.0000000000 0.0000000000 0.0000000000 1.0000000000
0.2517812067 -0.1100010059 0.9615123518 -45.5005553812 -0.9677828832 -0.0269900960 0.2503354263 -56.7804620664 -0.0015858381 -0.9935649518 -0.1132526896 -3.9848327855 0.0000000000 0.0000000000 0.0000000000 1.0000000000
0.2436023936 -0.1197425752 0.9624549805 -45.4408054702 -0.9698751424 -0.0297825530 0.2417751181 -56.7618681411 -0.0002864088 -0.9923581587 -0.1233904484 -3.9819209045 0.0000000000 0.0000000000 0.0000000000 1.0000000000
0.2363300787 -0.1267937271 0.9633646478 -45.3812596410 -0.9716707782 -0.0287998425 0.2345772108 -56.7433388661 -0.0019981687 -0.9915109278 -0.1300080285 -3.9829943099 0.0000000000 0.0000000000 0.0000000000 1.0000000000
0.2366158356 -0.1274483489 0.9632081108 -45.3223299119 -0.9715827225 -0.0245870992 0.2354198122 -56.7244141022 -0.0063213730 -0.9915404142 -0.1296443108 -3.9876032963 0.0000000000 0.0000000000 0.0000000000 1.0000000000
0.2381380265 -0.1216082859 0.9635879333 -45.2638565385 -0.9711947864 -0.0212107684 0.2373410839 -56.7052638660 -0.0084242019 -0.9923515144 -0.1231564238 -3.9941848947 0.0000000000 0.0000000000 0.0000000000 1.0000000000
0.2372083849 -0.1131590724 0.9648456905 -45.2055245917 -0.9714384789 -0.0212077559 0.2363419404 -56.6860134238 -0.0062820228 -0.9933505199 -0.1149577347 -4.0013884821 0.0000000000 0.0000000000 0.0000000000 1.0000000000
0.2425452902 -0.1073753745 0.9641796052 -45.1475266061 -0.9701324353 -0.0228983130 0.2414927021 -56.6663993296 -0.0038522829 -0.9939548260 -0.1097222116 -4.0081516200 0.0000000000 0.0000000000 0.0000000000 1.0000000000
0.2451836305 -0.0963216638 0.9646798041 -45.0892855283 -0.9694765653 -0.0247915165 0.2439273869 -56.6468689669 0.0004203835 -0.9950414654 -0.0994600698 -4.0095666951 0.0000000000 0.0000000000 0.0000000000 1.0000000000
0.2382020887 -0.0945151447 0.9666057378 -45.0305294312 -0.9712127159 -0.0256113950 0.2368330994 -56.6274486767 0.0023718067 -0.9951939227 -0.0978949982 -4.0044939184 0.0000000000 0.0000000000 0.0000000000 1.0000000000
0.2390277252 -0.0990281874 0.9659498769 -44.9721548201 -0.9710125108 -0.0250646548 0.2377108893 -56.6079364271 0.0006711217 -0.9947689084 -0.1021487563 -3.9959616940 0.0000000000 0.0000000000 0.0000000000 1.0000000000
0.2457793637 -0.1053000046 0.9635893386 -44.9146364616 -0.9693245121 -0.0250797448 0.2445015269 -56.5884636732 -0.0015794372 -0.9941241952 -0.1082339593 -3.9867792068 0.0000000000 0.0000000000 0.0000000000 1.0000000000
0.2547256913 -0.1140280231 0.9602668546 -44.8580187936 -0.9670025819 -0.0253497263 0.2535022643 -56.5688445816 -0.0045638601 -0.9931540673 -0.1167226193 -3.9794196380 0.0000000000 0.0000000000 0.0000000000 1.0000000000
0.2614944734 -0.1161837451 0.9581868178 -44.8022610814 -0.9651632645 -0.0222464838 0.2607009146 -56.5495081721 -0.0089729211 -0.9929785654 -0.1179536153 -3.9758555070 0.0000000000 0.0000000000 0.0000000000 1.0000000000
0.2607597531 -0.1160417191 0.9584042313 -44.7468945241 -0.9652983582 -0.0166730257 0.2606167490 -56.5306392684 -0.0142629172 -0.9931043901 -0.1163625350 -3.9768513145 0.0000000000 0.0000000000 0.0000000000 1.0000000000
0.2560122877 -0.1148771394 0.9598233959 -44.6916339885 -0.9665125898 -0.0123013575 0.2563241899 -56.5117683456 -0.0176386589 -0.9933035384 -0.1141795002 -3.9811047618 0.0000000000 0.0000000000 0.0000000000 1.0000000000
0.2544281991 -0.1140351492 0.9603448736 -44.6365418630 -0.9668638263 -0.0084398492 0.2551531116 -56.4922455410 -0.0209912573 -0.9934408657 -0.1124037963 -3.9866756676 0.0000000000 0.0000000000 0.0000000000 1.0000000000
0.2556731231 -0.1092525317 0.9605702153 -44.5820431202 -0.9664579454 -0.0039138716 0.2567950962 -56.4721140420 -0.0242959659 -0.9940063209 -0.1065886491 -3.9918259150 0.0000000000 0.0000000000 0.0000000000 1.0000000000
0.2582776998 -0.1031338377 0.9605498640 -44.5284617744 -0.9656537898 0.0016473992 0.2598269508 -56.4516355957 -0.0283793597 -0.9946661237 -0.0991660947 -3.9963144229 0.0000000000 0.0000000000 0.0000000000 1.0000000000
0.2552872160 -0.0965135704 0.9620361574 -44.4756783418 -0.9662492654 0.0100454040 0.2574129890 -56.4311889185 -0.0345078885 -0.9952809757 -0.0906917033 -3.9977532965 0.0000000000 0.0000000000 0.0000000000 1.0000000000
0.2406589211 -0.0909533166 0.9663388525 -44.4231266239 -0.9699981967 0.0127993587 0.2427749469 -56.4110074102 -0.0344497042 -0.9957729011 -0.0851442732 -3.9925806376 0.0000000000 0.0000000000 0.0000000000 1.0000000000
0.2463467008 -0.0807770631 0.9658096961 -44.3715922822 -0.9687441183 0.0094216349 0.2478831703 -56.3893715347 -0.0291227808 -0.9966876636 -0.0759313161 -3.9827243538 0.0000000000 0.0000000000 0.0000000000 1.0000000000
0.2281012871 -0.0759133386 0.9706734610 -44.3202057966 -0.9734908229 -0.0004830926 0.2287255657 -56.3693786225 -0.0168943962 -0.9971143022 -0.0740111325 -3.9738836366 0.0000000000 0.0000000000 0.0000000000 1.0000000000
0.2085109584 -0.0739775141 0.9752181846 -44.2688117728 -0.9780159184 -0.0128801629 0.2081320850 -56.3503212202 -0.0028361252 -0.9971767290 -0.0750368415 -3.9667450229 0.0000000000 0.0000000000 0.0000000000 1.0000000000
0.2185440699 -0.0707557298 0.9732585043 -44.2177120647 -0.9758223584 -0.0189487381 0.2177422103 -56.3308777118 0.0030355115 -0.9973136778 -0.0731861575 -3.9633263012 0.0000000000 0.0000000000 0.0000000000 1.0000000000
0.2388686307 -0.0657479636 0.9688235043 -44.1665033409 -0.9710494370 -0.0139297273 0.2384721233 -56.3124994802 -0.0021836093 -0.9977390280 -0.0671718979 -3.9649436245 0.0000000000 0.0000000000 0.0000000000 1.0000000000
0.2553662565 -0.0581387018 0.9650947966 -44.1145433978 -0.9667700548 -0.0029769112 0.2556302002 -56.2954919696 -0.0119890065 -0.9983040766 -0.0569669586 -3.9702665619 0.0000000000 0.0000000000 0.0000000000 1.0000000000
0.2735258559 -0.0479569404 0.9606683809 -44.0615428185 -0.9617204462 0.0036583183 0.2740080293 -56.2786951861 -0.0166550174 -0.9988427046 -0.0451205255 -3.9766248625 0.0000000000 0.0000000000 0.0000000000 1.0000000000
0.2924368803 -0.0384641492 0.9555109525 -44.0073899900 -0.9561671341 0.0039148025 0.2927952971 -56.2617494602 -0.0150027587 -0.9992523123 -0.0356333227 -3.9813651748 0.0000000000 0.0000000000 0.0000000000 1.0000000000
0.3119560426 -0.0309818397 0.9495912558 -43.9524384350 -0.9499727148 0.0059642351 0.3122759501 -56.2450616768 -0.0153384689 -0.9995021528 -0.0275713232 -3.9834891762 0.0000000000 0.0000000000 0.0000000000 1.0000000000
0.3219153136 -0.0214618763 0.9465251813 -43.8966454905 -0.9466212477 0.0103335892 0.3221822937 -56.2294409569 -0.0166956389 -0.9997162621 -0.0169897275 -3.9799333360 0.0000000000 0.0000000000 0.0000000000 1.0000000000
0.3353908514 -0.0184830294 0.9418977410 -43.8410732784 -0.9417998743 0.0177612437 0.3357045351 -56.2136673698 -0.0229341122 -0.9996714039 -0.0114503561 -3.9718958213 0.0000000000 0.0000000000 0.0000000000 1.0000000000
0.3504671075 -0.0140362951 0.9364698548 -43.7862657032 -0.9361159977 0.0260519111 0.3507251585 -56.1974559909 -0.0293197113 -0.9995620443 -0.0040092625 -3.9631516665 0.0000000000 0.0000000000 0.0000000000 1.0000000000
0.3404727188 -0.0140092869 0.9401500240 -43.7316159354 -0.9395398375 0.0339054645 0.3407569708 -56.1816254687 -0.0366499854 -0.9993268531 -0.0016183974 -3.9559499593 0.0000000000 0.0000000000 0.0000000000 1.0000000000
0.3327274021 -0.0173905960 0.9428626852 -43.6775492936 -0.9420860133 0.0384307330 0.3331621561 -56.1643291478 -0.0420287925 -0.9991099269 -0.0035964793 -3.9502785768 0.0000000000 0.0000000000 0.0000000000 1.0000000000
0.3424351186 -0.0143963870 0.9394311755 -43.6242888329 -0.9386206160 0.0390166109 0.3427375720 -56.1451273300 -0.0415876034 -0.9991348498 -0.0001520879 -3.9474370016 0.0000000000 0.0000000000 0.0000000000 1.0000000000
0.3450340600 -0.0100310393 0.9385365607 -43.5712339403 -0.9377243878 0.0392552103 0.3451550390 -56.1256818072 -0.0403047139 -0.9991788662 0.0041380344 -3.9500332316 0.0000000000 0.0000000000 0.0000000000 1.0000000000
0.3386067117 -0.0049399594 0.9409150289 -43.5183547368 -0.9401357449 0.0392508948 0.3385323448 -56.1061612932 -0.0386040928 -0.9992171756 0.0086463840 -3.9578933678 0.0000000000 0.0000000000 0.0000000000 1.0000000000
0.3346730399 0.0016435080 0.9423328792 -43.4657685364 -0.9415924646 0.0402552064 0.3343398705 -56.0859322587 -0.0373843143 -0.9991880790 0.0150198470 -3.9679329155 0.0000000000 0.0000000000 0.0000000000 1.0000000000
0.3366831023 0.0065242417 0.9415954136 -43.4128562974 -0.9408721366 0.0421247624 0.3361326033 -56.0648144778 -0.0374714727 -0.9990910562 0.0203211729 -3.9772129481 0.0000000000 0.0000000000 0.0000000000 1.0000000000
0.3401874991 0.0116816136 0.9402850660 -43.3596796437 -0.9394557056 0.0480058880 0.3392910430 -56.0431170692 -0.0411757527 -0.9987787416 0.0273053615 -3.9836201433 0.0000000000 0.0000000000 0.0000000000 1.0000000000
0.3385633591 0.0168943276 0.9407919183 -43.3060131428 -0.9397138265 0.0571722950 0.3371487106 -56.0211697628 -0.0480913323 -0.9982213734 0.0352322775 -3.9842597255 0.0000000000 0.0000000000 0.0000000000 1.0000000000
0.3209387113 0.0185979148 0.9469173465 -43.2513417407 -0.9457763377 0.0591335610 0.3193905774 -55.9996694588 -0.0500545959 -0.9980768205 0.0365677166 -3.9776359490 0.0000000000 0.0000000000 0.0000000000 1.0000000000
0.3144451936 0.0191958737 0.9490815237 -43.1958642109 -0.9480967520 0.0561621662 0.3129830025 -55.9773716164 -0.0472944920 -0.9982371109 0.0358594688 -3.9668696354 0.0000000000 0.0000000000 0.0000000000 1.0000000000
0.2923991409 0.0127099369 0.9562119011 -43.1382495881 -0.9553740926 0.0477866447 0.2915077697 -55.9560012826 -0.0419891130 -0.9987766988 0.0261155183 -3.9576901198 0.0000000000 0.0000000000 0.0000000000 1.0000000000
0.2733440242 0.0004419715 0.9619162381 -43.0789814420 -0.9613175936 0.0354031966 0.2731576430 -55.9347816748 -0.0339341818 -0.9993730126 0.0101021272 -3.9522385278 0.0000000000 0.0000000000 0.0000000000 1.0000000000
0.2772659751 -0.0119621969 0.9607187335 -43.0190336341 -0.9604086309 0.0248379508 0.2774857435 -55.9127475504 -0.0271816237 -0.9996199188 -0.0046018785 -3.9530333561 0.0000000000 0.0000000000 0.0000000000 1.0000000000
0.2745695845 -0.0200775048 0.9613576010 -42.9583192150 -0.9611926894 0.0221714784 0.2749855257 -55.8918593717 -0.0268357425 -0.9995525596 -0.0132107372 -3.9598838105 0.0000000000 0.0000000000 0.0000000000 1.0000000000
0.2697159718 -0.0288927743 0.9625063647 -42.8969744048 -0.9623592183 0.0266203008 0.2704738334 -55.8716489489 -0.0334369484 -0.9992279856 -0.0206253074 -3.9698073269 0.0000000000 0.0000000000 0.0000000000 1.0000000000
0.2816551065 -0.0313970532 0.9590018905 -42.8356876432 -0.9588781130 0.0272197623 0.2825099095 -55.8506199403 -0.0349737822 -0.9991362818 -0.0224393621 -3.9789381949 0.0000000000 0.0000000000 0.0000000000 1.0000000000
0.2889873911 -0.0302744056 0.9568540893 -42.7745371294 -0.9568569324 0.0223796176 0.2896963301 -55.8299227124 -0.0301844128 -0.9992910552 -0.0225008476 -3.9859230122 0.0000000000 0.0000000000 0.0000000000 1.0000000000
0.2885682756 -0.0270917796 0.9570759561 -42.7140303014 -0.9571191977 0.0184793139 0.2891044040 -55.8099723966 -0.0255184598 -0.9994621306 -0.0205975186 -3.9903185470 0.0000000000 0.0000000000 0.0000000000 1.0000000000
0.2942936881 -0.0162900832 0.9555761918 -42.6545414897 -0.9554618533 0.0179981458 0.2945652962 -55.7895168682 -0.0219970929 -0.9997053065 -0.0102678124 -3.9883073746 0.0000000000 0.0000000000 0.0000000000 1.0000000000
0.3042501900 -0.0115131098 0.9525225825 -42.5959752750 -0.9523564405 0.0185670549 0.3044215411 -55.7680297827 -0.0211903777 -0.9997613279 -0.0053155542 -3.9812614361 0.0000000000 0.0000000000 0.0000000000 1.0000000000
0.3143678509 -0.0068592984 0.9492764636 -42.5379688868 -0.9491389122 0.0162210007 0.3144395086 -55.7458746491 -0.0175550486 -0.9998449026 -0.0014110659 -3.9736658335 0.0000000000 0.0000000000 0.0000000000 1.0000000000
0.3169401131 -0.0132376496 0.9483531670 -42.4796210733 -0.9483070889 0.0126621397 0.3171014591 -55.7231273884 -0.0162058583 -0.9998322033 -0.0085402170 -3.9684318089 0.0000000000 0.0000000000 0.0000000000 1.0000000000
0.3250745429 -0.0256162890 0.9453413919 -42.4206586632 -0.9455803592 0.0063052058 0.3253275713 -55.6990266328 -0.0142942571 -0.9996519645 -0.0221725978 -3.9653594987 0.0000000000 0.0000000000 0.0000000000 1.0000000000
0.3319701732 -0.0336313616 0.9426901588 -42.3608421395 -0.9432341289 -0.0009696194 0.3321271413 -55.6745828415 -0.0102558373 -0.9994338354 -0.0320441327 -3.9649548060 0.0000000000 0.0000000000 0.0000000000 1.0000000000
0.3312008537 -0.0435474605 0.9425548330 -42.3001819290 -0.9435345236 -0.0079049668 0.3311798821 -55.6504569368 -0.0069711781 -0.9990200850 -0.0437066642 -3.9693620641 0.0000000000 0.0000000000 0.0000000000 1.0000000000
0.3323686024 -0.0538638750 0.9416102140 -42.2394370359 -0.9431298201 -0.0125203867 0.3321887751 -55.6263826055 -0.0061036506 -0.9984697907 -0.0549620101 -3.9789362388 0.0000000000 0.0000000000 0.0000000000 1.0000000000
0.3348719557 -0.0570869430 0.9405327502 -42.1790940422 -0.9422347020 -0.0124643501 0.3347213860 -55.6022867283 -0.0073850912 -0.9982914008 -0.0579632600 -3.9911141115 0.0000000000 0.0000000000 0.0000000000 1.0000000000
0.3208058912 -0.0556663287 0.9455077155 -42.1190872420 -0.9470886031 -0.0079634134 0.3208734360 -55.5790099545 -0.0103323773 -0.9984176701 -0.0552756554 -4.0027872296 0.0000000000 0.0000000000 0.0000000000 1.0000000000
0.3140931406 -0.0514452263 0.9479973036 -42.0601292727 -0.9492823957 -0.0018335437 0.3144194195 -55.5548437653 -0.0144371837 -0.9986741344 -0.0494119512 -4.0101310107 0.0000000000 0.0000000000 0.0000000000 1.0000000000
0.3161224279 -0.0502577865 0.9473862810 -42.0020757590 -0.9485680828 0.0010320702 0.3165715198 -55.5295185923 -0.0168879530 -0.9987357457 -0.0473466716 -4.0097597787 0.0000000000 0.0000000000 0.0000000000 1.0000000000
0.3182278977 -0.0439264921 0.9469960234 -41.9445574971 -0.9479030046 0.0005588205 0.3185586000 -55.5041420741 -0.0145223626 -0.9990346095 -0.0414602216 -4.0012364305 0.0000000000 0.0000000000 0.0000000000 1.0000000000
0.3138836312 -0.0379508411 0.9487026930 -41.8874949868 -0.9494046124 -0.0016113665 0.3140514058 -55.4796711116 -0.0103898072 -0.9992783082 -0.0365364852 -3.9908605757 0.0000000000 0.0000000000 0.0000000000 1.0000000000
0.2904803393 -0.0420626532 0.9559560166 -41.8300848210 -0.9568777722 -0.0101899531 0.2903120631 -55.4571821196 -0.0024701487 -0.9990630101 -0.0432087989 -3.9827994516 0.0000000000 0.0000000000 0.0000000000 1.0000000000
0.2879235797 -0.0444141707 0.9566229109 -41.7732225564 -0.9576434206 -0.0179108756 0.2873991642 -55.4342105083 0.0043693584 -0.9988526328 -0.0476899018 -3.9772684198 0.0000000000 0.0000000000 0.0000000000 1.0000000000
0.2851535116 -0.0445340622 0.9574467046 -41.7167815478 -0.9584596878 -0.0200432026 0.2845229287 -55.4120453433 0.0065193364 -0.9988067818 -0.0483994930 -3.9761390182 0.0000000000 0.0000000000 0.0000000000 1.0000000000
0.2782807389 -0.0405008020 0.9596455155 -41.6608846056 -0.9604758879 -0.0187810262 0.2777288997 -55.3914382796 0.0067748844 -0.9990029820 -0.0441264416 -3.9807755403 0.0000000000 0.0000000000 0.0000000000 1.0000000000
0.2838073064 -0.0333903747 0.9582997943 -41.6056862651 -0.9588626194 -0.0161265372 0.2834120885 -55.3715541756 0.0059908214 -0.9993122724 -0.0365936112 -3.9902613472 0.0000000000 0.0000000000 0.0000000000 1.0000000000
0.2827357087 -0.0202922100 0.9589831830 -41.5505741291 -0.9591837148 -0.0114093223 0.2825534085 -55.3531237594 0.0052077151 -0.9997289901 -0.0226897802 -4.0010811568 0.0000000000 0.0000000000 0.0000000000 1.0000000000
0.2764482995 -0.0057111078 0.9610118214 -41.4950255550 -0.9610235610 -0.0049419933 0.2764223072 -55.3354431449 0.0031706364 -0.9999714796 -0.0068547148 -4.0093172068 0.0000000000 0.0000000000 0.0000000000 1.0000000000
0.2794776652 0.0053707958 0.9601371721 -41.4391658411 -0.9601479444 -0.0014116720 0.2794886974 -55.3173346016 0.0028564755 -0.9999845807 0.0047622278 -4.0137355612 0.0000000000 0.0000000000 0.0000000000 1.0000000000
0.3058764761 0.0197027475 0.9518673138 -41.3839868180 -0.9520666533 0.0032380936 0.3058735071 -55.2977607561 0.0029443131 -0.9998006384 0.0197487855 -4.0125371695 0.0000000000 0.0000000000 0.0000000000 1.0000000000
0.3374417264 0.0333384321 0.9407558824 -41.3299022737 -0.9413464191 0.0119287649 0.3372308167 -55.2774812260 0.0000206910 -0.9993729301 0.0354082767 -4.0082972726 0.0000000000 0.0000000000 0.0000000000 1.0000000000
0.3324440921 0.0441988652 0.9420867189 -41.2757055253 -0.9431229226 0.0152829241 0.3320927358 -55.2586436545 0.0002802822 -0.9989058477 0.0467656807 -4.0034096772 0.0000000000 0.0000000000 0.0000000000 1.0000000000
0.3239671329 0.0429207220 0.9450942326 -41.2216392511 -0.9460657303 0.0123528225 0.3237391570 -55.2390869642 0.0022205370 -0.9990021118 0.0446077327 -3.9976303100 0.0000000000 0.0000000000 0.0000000000 1.0000000000
0.3415324348 0.0415984533 0.9389489681 -41.1680040247 -0.9398659779 0.0121974379 0.3413256014 -55.2176037740 0.0027458453 -0.9990599538 0.0432627917 -3.9912286352 0.0000000000 0.0000000000 0.0000000000 1.0000000000
0.3531809648 0.0401860814 0.9346915453 -41.1137277458 -0.9355544711 0.0162584625 0.3528080130 -55.1963967787 -0.0010186759 -0.9990599288 0.0433384476 -3.9873845621 0.0000000000 0.0000000000 0.0000000000 1.0000000000
0.3469833680 0.0360815501 0.9371769652 -41.0583418882 -0.9378524690 0.0196780512 0.3464758588 -55.1760848372 -0.0059404303 -0.9991550911 0.0406671273 -3.9883598083 0.0000000000 0.0000000000 0.0000000000 1.0000000000
0.3432065926 0.0321801507 0.9387085132 -41.0022555922 -0.9391970255 0.0233252575 0.3425855802 -55.1555204092 -0.0108711622 -0.9992098730 0.0382288839 -3.9935451109 0.0000000000 0.0000000000 0.0000000000 1.0000000000
0.3453329092 0.0276746126 0.9380721175 -40.9455962319 -0.9383017395 0.0296766310 0.3445419324 -55.1343020428 -0.0183037556 -0.9991763675 0.0362154544 -4.0008824452 0.0000000000 0.0000000000 0.0000000000 1.0000000000
0.3501704998 0.0219514871 0.9364287230 -40.8888600697 -0.9362279934 0.0394610293 0.3491704046 -55.1121815923 -0.0292876316 -0.9989799595 0.0343696850 -4.0081016341 0.0000000000 0.0000000000 0.0000000000 1.0000000000
0.3536229992 0.0190542489 0.9351939425 -40.8319696963 -0.9344978354 0.0508048879 0.3523246499 -55.0893207481 -0.0407991419 -0.9985268143 0.0357719312 -4.0136825601 0.0000000000 0.0000000000 0.0000000000 1.0000000000
0.3555424840 0.0178522756 0.9344896138 -40.7753010714 -0.9334642943 0.0573419293 0.3540569367 -55.0657787107 -0.0472647153 -0.9981949706 0.0370519538 -4.0147997558 0.0000000000 0.0000000000 0.0000000000 1.0000000000
0.3386152019 0.0229349949 0.9406453801 -40.7185811027 -0.9396066519 0.0611428921 0.3367504810 -55.0430956052 -0.0497904084 -0.9978654883 0.0422537866 -4.0089680957 0.0000000000 0.0000000000 0.0000000000 1.0000000000
0.3223614131 0.0272585956 0.9462241216 -40.6619531471 -0.9451995587 0.0639435515 0.3201702928 -55.0205860443 -0.0517775383 -0.9975811702 0.0463777462 -3.9997515882 0.0000000000 0.0000000000 0.0000000000 1.0000000000
0.3054579537 0.0175217158 0.9520443414 -40.6048345810 -0.9507080849 0.0616632724 0.3038943537 -54.9982437011 -0.0533814191 -0.9979431999 0.0354935739 -3.9920702933 0.0000000000 0.0000000000 0.0000000000 1.0000000000
0.3094654063 0.0077971165 0.9508787343 -40.5478321658 -0.9493634265 0.0595547305 0.3084839031 -54.9748280457 -0.0542240418 -0.9981945898 0.0258324261 -3.9866192034 0.0000000000 0.0000000000 0.0000000000 1.0000000000
0.3096711775 0.0020925864 0.9508414079 -40.4905356139 -0.9491512087 0.0603193355 0.3089879622 -54.9515131245 -0.0567075379 -0.9981769376 0.0206653405 -3.9851305595 0.0000000000 0.0000000000 0.0000000000 1.0000000000
0.3112063491 -0.0015316635 0.9503411294 -40.4331204541 -0.9483615479 0.0640307168 0.3106612976 -54.9277989095 -0.0613268523 -0.9979467527 0.0184741949 -3.9885856105 0.0000000000 0.0000000000 0.0000000000 1.0000000000
0.3249915711 -0.0032654154 0.9457112751 -40.3756426449 -0.9435445589 0.0666208002 0.3244770167 -54.9028716757 -0.0640635942 -0.9977730233 0.0185701336 -3.9950749302 0.0000000000 0.0000000000 0.0000000000 1.0000000000
0.3310953200 -0.0029598272 0.9435926709 -40.3173645819 -0.9416576401 0.0630491722 0.3306141114 -54.8780473848 -0.0604712975 -0.9980060327 0.0180881420 -4.0013833621 0.0000000000 0.0000000000 0.0000000000 1.0000000000
0.3343864621 -0.0021820145 0.9424335164 -40.2581219850 -0.9407924650 0.0582599681 0.3339390870 -54.8535266385 -0.0556348065 -0.9982990609 0.0174285219 -4.0049618623 0.0000000000 0.0000000000 0.0000000000 1.0000000000
0.3523696988 -0.0027404138 0.9358568723 -40.1986803070 -0.9342818798 0.0570351253 0.3519436937 -54.8285168950 -0.0543411853 -0.9983684113 0.0175371309 -4.0036734728 0.0000000000 0.0000000000 0.0000000000 1.0000000000
0.4003780647 0.0020435178 0.9163477666 -40.1404942762 -0.9146407111 0.0619423831 0.3994940685 -54.8022720235 -0.0559443912 -0.9980776349 0.0266694561 -3.9962587850 0.0000000000 0.0000000000 0.0000000000 1.0000000000
0.4413874081 0.0136559461 0.8972127235 -40.0833077118 -0.8953945625 0.0721130323 0.4393953665 -54.7767053549 -0.0587003706 -0.9973029759 0.0440572443 -3.9852733629 0.0000000000 0.0000000000 0.0000000000 1.0000000000
0.4272681829 0.0243707260 0.9037964193 -40.0250217803 -0.9021478995 0.0775631316 0.4243973705 -54.7540830006 -0.0597584086 -0.9966895346 0.0551262576 -3.9740518010 0.0000000000 0.0000000000 0.0000000000 1.0000000000
0.4057029946 0.0233817812 0.9137058457 -39.9661768009 -0.9123612807 0.0702855463 0.4033073710 -54.7310636489 -0.0547902698 -0.9972528437 0.0498476885 -3.9643335270 0.0000000000 0.0000000000 0.0000000000 1.0000000000
0.4190920291 0.0127954312 0.9078535940 -39.9074826817 -0.9065441162 0.0613958721 0.4176222124 -54.7054974139 -0.0503948069 -0.9980314744 0.0373301435 -3.9567530741 0.0000000000 0.0000000000 0.0000000000 1.0000000000
0.4307872870 0.0066197611 0.9024292172 -39.8480762152 -0.9009896475 0.0600876663 0.4296593156 -54.6799453372 -0.0513806236 -0.9981711532 0.0318493390 -3.9528207218 0.0000000000 0.0000000000 0.0000000000 1.0000000000
0.4149420467 0.0040778298 0.9098387050 -39.7873785260 -0.9080100249 0.0653829319 0.4138150154 -54.6557435005 -0.0578004548 -0.9978519146 0.0308328379 -3.9540370262 0.0000000000 0.0000000000 0.0000000000 1.0000000000
0.3933319137 -0.0010424329 0.9193959533 -39.7262136113 -0.9171001183 0.0701898527 0.3924293026 -54.6314498193 -0.0649413478 -0.9975331062 0.0266518938 -3.9598340466 0.0000000000 0.0000000000 0.0000000000 1.0000000000
0.3713584340 -0.0158899096 0.9283536095 -39.6650596507 -0.9257101042 0.0709708433 0.3715157365 -54.6065922861 -0.0717893900 -0.9973518187 0.0116461714 -3.9674032789 0.0000000000 0.0000000000 0.0000000000 1.0000000000
0.3627045151 -0.0318884510 0.9313584495 -39.6047706113 -0.9283490721 0.0748504438 0.3640953329 -54.5805104504 -0.0813230295 -0.9966847735 -0.0024550199 -3.9734141136 0.0000000000 0.0000000000 0.0000000000 1.0000000000
0.3598720609 -0.0457944011 0.9318771231 -39.5454664891 -0.9283525474 0.0820093456 0.3625410528 -54.5535097666 -0.0930249834 -0.9955788970 -0.0130004768 -3.9759121418 0.0000000000 0.0000000000 0.0000000000 1.0000000000
0.3549674522 -0.0513306911 0.9334684076 -39.4875747026 -0.9294727097 0.0878460278 0.3582786029 -54.5259828520 -0.1003921799 -0.9948106531 -0.0165279959 -3.9737829158 0.0000000000 0.0000000000 0.0000000000 1.0000000000
0.3345402754 -0.0452728088 0.9412933533 -39.4311564036 -0.9368972731 0.0916245866 0.3373846984 -54.4984939716 -0.1015199673 -0.9947639458 -0.0117638567 -3.9662968008 0.0000000000 0.0000000000 0.0000000000 1.0000000000
0.3208921066 -0.0367415763 0.9464028278 -39.3765492462 -0.9416979172 0.0943505937 0.3229597471 -54.4697555995 -0.1011597189 -0.9948608054 -0.0043231052 -3.9543600193 0.0000000000 0.0000000000 0.0000000000 1.0000000000
0.3143645354 -0.0322422364 0.9487546454 -39.3231699518 -0.9447892084 0.0867120954 0.3159974118 -54.4399602901 -0.0924569666 -0.9957115299 -0.0032029094 -3.9430486567 0.0000000000 0.0000000000 0.0000000000 1.0000000000
0.2907760164 -0.0312347365 0.9562811822 -39.2697403380 -0.9537498728 0.0701642018 0.2922980753 -54.4109130663 -0.0762265593 -0.9970463259 -0.0093880588 -3.9332200971 0.0000000000 0.0000000000 0.0000000000 1.0000000000
0.2972091806 -0.0326739112 0.9542531732 -39.2161668305 -0.9529042035 0.0530029076 0.2986038693 -54.3803964005 -0.0603347491 -0.9980596712 -0.0153821566 -3.9266769017 0.0000000000 0.0000000000 0.0000000000 1.0000000000
0.3171433923 -0.0313147974 0.9478604603 -39.1621922411 -0.9470612912 0.0421826018 0.3182696008 -54.3497320555 -0.0499497684 -0.9986190523 -0.0162790990 -3.9267784004 0.0000000000 0.0000000000 0.0000000000 1.0000000000
0.3174165589 -0.0313712023 0.9477671527 -39.1064471236 -0.9469403952 0.0427427631 0.3185544601 -54.3214386005 -0.0505036233 -0.9985934628 -0.0161393979 -3.9343332709 0.0000000000 0.0000000000 0.0000000000 1.0000000000
0.3155121347 -0.0330425214 0.9483460785 -39.0488683215 -0.9471507569 0.0500602526 0.3168586668 -54.2945808522 -0.0579442535 -0.9981994605 -0.0155016320 -3.9461871936 0.0000000000 0.0000000000 0.0000000000 1.0000000000
0.3176849177 -0.0313805876 0.9476769237 -38.9895179208 -0.9460682423 0.0564334412 0.3190143378 -54.2684051151 -0.0634915274 -0.9979130851 -0.0117601242 -3.9573378407 0.0000000000 0.0000000000 0.0000000000 1.0000000000
0.3105542994 -0.0297664712 0.9500894612 -38.9286560426 -0.9484494989 0.0567957858 0.3117976695 -54.2433805478 -0.0632421939 -0.9979419802 -0.0105938192 -3.9647066979 0.0000000000 0.0000000000 0.0000000000 1.0000000000
0.3098817607 -0.0268502151 0.9503958966 -38.8673460778 -0.9488802809 0.0543431903 0.3109228686 -54.2187770321 -0.0599958910 -0.9981612513 -0.0086376762 -3.9653089607 0.0000000000 0.0000000000 0.0000000000 1.0000000000
0.3183472691 -0.0205739122 0.9477508799 -38.8065545534 -0.9459984066 0.0576194343 0.3190094284 -54.1940572976 -0.0611721416 -0.9981266027 -0.0011198986 -3.9568508392 0.0000000000 0.0000000000 0.0000000000 1.0000000000
0.3241041686 -0.0173676013 0.9458619637 -38.7468156018 -0.9438603667 0.0616054865 0.3245494911 -54.1690108375 -0.0639069326 -0.9979494629 0.0035740045 -3.9454572284 0.0000000000 0.0000000000 0.0000000000 1.0000000000
0.3159541400 -0.0181638257 0.9486005781 -38.6878878960 -0.9465408410 0.0625305293 0.3164654313 -54.1441580883 -0.0650647192 -0.9978777522 0.0025639768 -3.9366736099 0.0000000000 0.0000000000 0.0000000000 1.0000000000
0.3146586612 -0.0256310477 0.9488587758 -38.6297035671 -0.9472238243 0.0560716085 0.3156311162 -54.1177787190 -0.0612939940 -0.9980977027 -0.0066349218 -3.9315086228 0.0000000000 0.0000000000 0.0000000000 1.0000000000
0.3268893471 -0.0307458799 0.9445623566 -38.5716967399 -0.9435010571 0.0468149594 0.3280459035 -54.0898649401 -0.0543057083 -0.9984302932 -0.0137054587 -3.9296937417 0.0000000000 0.0000000000 0.0000000000 1.0000000000
0.3269465453 -0.0328775296 0.9444707643 -38.5128603658 -0.9437979928 0.0399197473 0.3281032803 -54.0625423199 -0.0484902595 -0.9986618456 -0.0179781230 -3.9316206550 0.0000000000 0.0000000000 0.0000000000 1.0000000000
0.3195927428 -0.0392329584 0.9467424432 -38.4530342673 -0.9465998364 0.0316315372 0.3208554122 -54.0355904387 -0.0425350259 -0.9987293031 -0.0270287023 -3.9382723645 0.0000000000 0.0000000000 0.0000000000 1.0000000000
0.3256414253 -0.0472744504 0.9443107478 -38.3928405255 -0.9446683541 0.0254452260 0.3270385930 -54.0078057524 -0.0394887701 -0.9985577934 -0.0363726576 -3.9477770762 0.0000000000 0.0000000000 0.0000000000 1.0000000000
0.3368735085 -0.0537061555 0.9400169616 -38.3324146182 -0.9405781953 0.0261510074 0.3385687277 -53.9794787824 -0.0427656152 -0.9982142925 -0.0417052572 -3.9574461920 0.0000000000 0.0000000000 0.0000000000 1.0000000000
0.3316510281 -0.0574006572 0.9416542678 -38.2715999251 -0.9422087674 0.0300358015 0.3336772230 -53.9514371789 -0.0474366326 -0.9978993011 -0.0441219980 -3.9645356649 0.0000000000 0.0000000000 0.0000000000 1.0000000000
0.3329515801 -0.0577061327 0.9411765230 -38.2113002320 -0.9418035941 0.0287215802 0.3349344129 -53.9222577852 -0.0463598467 -0.9979203741 -0.0447849476 -3.9671796915 0.0000000000 0.0000000000 0.0000000000 1.0000000000
0.3103228801 -0.0566739735 0.9489403410 -38.1508751568 -0.9499113937 0.0203522827 0.3118559423 -53.8941507658 -0.0369872175 -0.9981852760 -0.0475194742 -3.9624624710 0.0000000000 0.0000000000 0.0000000000 1.0000000000
0.2978718314 -0.0524167766 0.9531657010 -38.0912093948 -0.9543462110 0.0069359381 0.2986221733 -53.8661336200 -0.0222639100 -0.9986012088 -0.0479577316 -3.9513936797 0.0000000000 0.0000000000 0.0000000000 1.0000000000
0.2744798591 -0.0546554983 0.9600383240 -38.0321353105 -0.9615879938 -0.0124283587 0.2742153645 -53.8403637871 -0.0030556767 -0.9984279205 -0.0559674051 -3.9416823062 0.0000000000 0.0000000000 0.0000000000 1.0000000000
0.2318975094 -0.0630613674 0.9706939832 -37.9736048520 -0.9726284667 -0.0301580413 0.2304004305 -53.8179988675 0.0147448631 -0.9975538865 -0.0683288557 -3.9350968784 0.0000000000 0.0000000000 0.0000000000 1.0000000000
0.2206182919 -0.0674492807 0.9730252637 -37.9160518789 -0.9750435673 -0.0406701047 0.2182566938 -53.7958080401 0.0248517823 -0.9968934432 -0.0747385563 -3.9322085925 0.0000000000 0.0000000000 0.0000000000 1.0000000000
0.2308592203 -0.0640303285 0.9708780240 -37.8592682887 -0.9725995868 -0.0433477532 0.2284097548 -53.7742592302 0.0274602294 -0.9970060628 -0.0722830995 -3.9340456130 0.0000000000 0.0000000000 0.0000000000 1.0000000000
0.2278231181 -0.0585801169 0.9719387824 -37.8022348342 -0.9734528178 -0.0363081669 0.2259896647 -53.7553498601 0.0220508146 -0.9976222165 -0.0652968197 -3.9407833392 0.0000000000 0.0000000000 0.0000000000 1.0000000000
0.2328875151 -0.0541583131 0.9709944812 -37.7450777306 -0.9723903062 -0.0282132065 0.2316486723 -53.7372331581 0.0148491665 -0.9981337045 -0.0592335222 -3.9504604135 0.0000000000 0.0000000000 0.0000000000 1.0000000000
0.2440535646 -0.0497337519 0.9684856280 -37.6882486501 -0.9696569401 -0.0271975230 0.2429520800 -53.7195114649 0.0142574917 -0.9983921317 -0.0548623301 -3.9603945111 0.0000000000 0.0000000000 0.0000000000 1.0000000000
0.2571004566 -0.0430990843 0.9654231322 -37.6320543261 -0.9662413310 -0.0286710568 0.2560383969 -53.7019926045 0.0166446810 -0.9986593210 -0.0490154584 -3.9673302703 0.0000000000 0.0000000000 0.0000000000 1.0000000000
0.2827145309 -0.0277827620 0.9588016542 -37.5763812852 -0.9590216978 -0.0276794603 0.2819773582 -53.6837054923 0.0187050025 -0.9992306869 -0.0344696572 -3.9663224148 0.0000000000 0.0000000000 0.0000000000 1.0000000000
0.3220670433 -0.0093850921 0.9466703437 -37.5218521264 -0.9465478593 -0.0220857034 0.3218064198 -53.6637757199 0.0178876975 -0.9997120294 -0.0159965160 -3.9571847986 0.0000000000 0.0000000000 0.0000000000 1.0000000000
0.3357398261 0.0093558325 0.9419082957 -37.4670886381 -0.9417097795 -0.0194704247 0.3358624625 -53.6447503229 0.0214816274 -0.9997666583 0.0022734820 -3.9449426252 0.0000000000 0.0000000000 0.0000000000 1.0000000000
0.3032973336 0.0199300944 0.9526875242 -37.4105380965 -0.9525184992 -0.0217970922 0.3036995151 -53.6279811897 0.0268185778 -0.9995637439 0.0123727836 -3.9337374036 0.0000000000 0.0000000000 0.0000000000 1.0000000000
0.2976049194 0.0151545922 0.9545688295 -37.3531652188 -0.9542264331 -0.0264038656 0.2979173547 -53.6093727986 0.0297191231 -0.9995364797 0.0066029921 -3.9254678198 0.0000000000 0.0000000000 0.0000000000 1.0000000000
0.3235310982 0.0081606575 0.9461823461 -37.2951931075 -0.9458205364 -0.0261745542 0.3236331345 -53.5894790079 0.0274069602 -0.9996240775 -0.0007497648 -3.9213786801 0.0000000000 0.0000000000 0.0000000000 1.0000000000
0.3256300400 0.0007633060 0.9454969563 -37.2355231150 -0.9453074662 -0.0197730742 0.3255807424 -53.5719024296 0.0189438992 -0.9998042023 -0.0057171481 -3.9229962593 0.0000000000 0.0000000000 0.0000000000 1.0000000000
0.3058367846 -0.0074982469 0.9520544299 -37.1742503845 -0.9520439303 -0.0115778074 0.3057422266 -53.5562991985 0.0087301721 -0.9999048608 -0.0106795798 -3.9298462645 0.0000000000 0.0000000000 0.0000000000 1.0000000000
0.2929531478 -0.0131581551 0.9560362525 -37.1121444380 -0.9561227198 -0.0069519247 0.2928839625 -53.5403681559 0.0027924795 -0.9998892607 -0.0146173992 -3.9394903230 0.0000000000 0.0000000000 0.0000000000 1.0000000000
0.2783381691 -0.0201067218 0.9602726609 -37.0493701938 -0.9604774558 -0.0023868533 0.2783475523 -53.5241250818 -0.0033046268 -0.9997949903 -0.0199764054 -3.9492053011 0.0000000000 0.0000000000 0.0000000000 1.0000000000
0.2616793942 -0.0297853898 0.9646951462 -36.9865891501 -0.9651082599 0.0017462226 0.2618453692 -53.5076889498 -0.0094837388 -0.9995547915 -0.0282891753 -3.9573285992 0.0000000000 0.0000000000 0.0000000000 1.0000000000
0.2626898158 -0.0344403416 0.9642654839 -36.9252888132 -0.9647641162 0.0061352255 0.2630447854 -53.4899163560 -0.0149753384 -0.9993879236 -0.0316151444 -3.9617164389 0.0000000000 0.0000000000 0.0000000000 1.0000000000
0.2432474110 -0.0355444923 0.9693127906 -36.8652873104 -0.9697726614 0.0109506238 0.2437643718 -53.4732894880 -0.0192790605 -0.9993080971 -0.0318063660 -3.9601255030 0.0000000000 0.0000000000 0.0000000000 1.0000000000
0.2254160911 -0.0264576785 0.9739032689 -36.8070248253 -0.9740793768 0.0132647855 0.2258172120 -53.4569458218 -0.0188932172 -0.9995619224 -0.0227817829 -3.9531016636 0.0000000000 0.0000000000 0.0000000000 1.0000000000
0.1921853189 -0.0234665994 0.9810780407 -36.7497445651 -0.9812190239 0.0122685340 0.1925063899 -53.4420011161 -0.0165538596 -0.9996493394 -0.0206680416 -3.9457471583 0.0000000000 0.0000000000 0.0000000000 1.0000000000
0.1660312019 -0.0209153652 0.9858986700 -36.6934786155 -0.9860697822 0.0066184191 0.1662004248 -53.4269123490 -0.0100012332 -0.9997593431 -0.0195251455 -3.9384054321 0.0000000000 0.0000000000 0.0000000000 1.0000000000
0.1763509159 -0.0157177316 0.9842018631 -36.6378798841 -0.9843152909 0.0021357379 0.1764053479 -53.4099190504 -0.0048746891 -0.9998741879 -0.0150945642 -3.9342727608 0.0000000000 0.0000000000 0.0000000000 1.0000000000
0.1893357128 -0.0085775873 0.9818749477 -36.5816322380 -0.9818918661 0.0048150941 0.1893810395 -53.3932613120 -0.0063522526 -0.9999516188 -0.0075105939 -3.9365728781 0.0000000000 0.0000000000 0.0000000000 1.0000000000
0.1828881148 -0.0030506310 0.9831290002 -36.5238595248 -0.9830949016 0.0083203436 0.1829075894 -53.3780953992 -0.0087379547 -0.9999607320 -0.0014773678 -3.9447006854 0.0000000000 0.0000000000 0.0000000000 1.0000000000
0.1798444812 0.0008831754 0.9836946592 -36.4648128142 -0.9836765603 0.0062936402 0.1798355217 -53.3628490692 -0.0060321940 -0.9999798048 0.0020006354 -3.9561206431 0.0000000000 0.0000000000 0.0000000000 1.0000000000
0.1939302596 0.0017270529 0.9810137979 -36.4050041450 -0.9810153172 0.0003861066 0.1939298802 -53.3474125385 -0.0000438488 -0.9999984341 0.0017691431 -3.9679354732 0.0000000000 0.0000000000 0.0000000000 1.0000000000
0.2215601190 0.0022978781 0.9751440065 -36.3451611079 -0.9751464722 0.0012261080 0.2215577900 -53.3324881258 -0.0006865191 -0.9999966082 0.0025124244 -3.9769655510 0.0000000000 0.0000000000 0.0000000000 1.0000000000
0.2484341805 0.0113493119 0.9685822893 -36.2857809969 -0.9686358370 0.0080798071 0.2483532404 -53.3187362424 -0.0050073197 -0.9999029502 0.0130006505 -3.9787066397 0.0000000000 0.0000000000 0.0000000000 1.0000000000
0.2462373633 0.0203249558 0.9689964175 -36.2267507878 -0.9691501895 0.0162289137 0.2459360335 -53.3066478734 -0.0107271202 -0.9996617020 0.0236940997 -3.9715485368 0.0000000000 0.0000000000 0.0000000000 1.0000000000
0.2459525453 0.0255659478 0.9689446464 -36.1686186010 -0.9691913560 0.0201478824 0.2454835600 -53.2941855496 -0.0132461629 -0.9994700822 0.0297337186 -3.9614007360 0.0000000000 0.0000000000 0.0000000000 1.0000000000
0.2303902354 0.0266405008 0.9727335828 -36.1107520071 -0.9730396849 0.0172804885 0.2299894701 -53.2821291320 -0.0106822768 -0.9994957071 0.0299035203 -3.9505151283 0.0000000000 0.0000000000 0.0000000000 1.0000000000
0.2179852633 0.0224283499 0.9756943139 -36.0530203476 -0.9759350527 0.0109116049 0.2177882224 -53.2694477810 -0.0057617604 -0.9996889046 0.0242671819 -3.9418766016 0.0000000000 0.0000000000 0.0000000000 1.0000000000
0.2285246390 0.0177175660 0.9733768937 -35.9952965378 -0.9735326689 0.0075076677 0.2284245553 -53.2555984239 -0.0032606631 -0.9998148443 0.0189643163 -3.9399064072 0.0000000000 0.0000000000 0.0000000000 1.0000000000
0.2282018700 0.0131767757 0.9735246680 -35.9364006896 -0.9735989079 0.0086259774 0.2281025188 -53.2431174028 -0.0053919461 -0.9998759749 0.0147973586 -3.9459213749 0.0000000000 0.0000000000 0.0000000000 1.0000000000
0.2059443838 0.0067321738 0.9785405401 -35.8763446627 -0.9785268036 0.0101000836 0.2058720061 -53.2323388163 -0.0084973751 -0.9999263304 0.0086676680 -3.9586673185 0.0000000000 0.0000000000 0.0000000000 1.0000000000
0.1851795341 0.0000839064 0.9827047029 -35.8154794660 -0.9826523241 0.0103408205 0.1851687810 -53.2216090831 -0.0101464361 -0.9999465288 0.0019973591 -3.9739270058 0.0000000000 0.0000000000 0.0000000000 1.0000000000
0.1730551735 -0.0034254902 0.9849061747 -35.7541061377 -0.9848158948 0.0133770959 0.1730858360 -53.2103009228 -0.0137680882 -0.9999046551 -0.0010585016 -3.9880650954 0.0000000000 0.0000000000 0.0000000000 1.0000000000
0.1559406644 -0.0074045808 0.9877386706 -35.6921897103 -0.9875522891 0.0196520226 0.1560585605 -53.1989717798 -0.0205666109 -0.9997794608 -0.0042478613 -3.9986116919 0.0000000000 0.0000000000 0.0000000000 1.0000000000
0.1573928341 -0.0123567039 0.9874587625 -35.6303565717 -0.9871360664 0.0264887286 0.1576728694 -53.1863435286 -0.0281048441 -0.9995727383 -0.0080286120 -4.0035127400 0.0000000000 0.0000000000 0.0000000000 1.0000000000
0.1499896467 -0.0136969847 0.9885926858 -35.5686131797 -0.9881290701 0.0315274170 0.1503561201 -53.1743595310 -0.0332271993 -0.9994090327 -0.0088056026 -4.0014066966 0.0000000000 0.0000000000 0.0000000000 1.0000000000
0.1339736551 -0.0105923208 0.9909282832 -35.5070871093 -0.9902672070 0.0366182324 0.1342757005 -53.1632015264 -0.0377083335 -0.9992731898 -0.0055833495 -3.9947644057 0.0000000000 0.0000000000 0.0000000000 1.0000000000
0.1059361709 -0.0147725561 0.9942631942 -35.4452276902 -0.9937507802 0.0337920968 0.1063836505 -53.1529524931 -0.0351697966 -0.9993197015 -0.0111004338 -3.9883512572 0.0000000000 0.0000000000 0.0000000000 1.0000000000
0.0823184263 -0.0284642925 0.9961995085 -35.3831662381 -0.9961938388 0.0263977678 0.0830722181 -53.1424646995 -0.0286620353 -0.9992461868 -0.0261829301 -3.9825126224 0.0000000000 0.0000000000 0.0000000000 1.0000000000
0.0935687213 -0.0366556529 0.9949378159 -35.3215692836 -0.9952721960 0.0226945789 0.0944362852 -53.1302138105 -0.0260413185 -0.9990702274 -0.0343588494 -3.9788394990 0.0000000000 0.0000000000 0.0000000000 1.0000000000
0.1035089893 -0.0375692108 0.9939187308 -35.2604807981 -0.9941974267 0.0255098761 0.1045022631 -53.1184474952 -0.0292808112 -0.9989683682 -0.0347107112 -3.9804420178 0.0000000000 0.0000000000 0.0000000000 1.0000000000
0.1107543081 -0.0358072165 0.9932025606 -35.1996362896 -0.9932472867 0.0307476594 0.1118678189 -53.1071150274 -0.0345443293 -0.9988855914 -0.0321599849 -3.9880253255 0.0000000000 0.0000000000 0.0000000000 1.0000000000
0.1214332636 -0.0303970760 0.9921340536 -35.1388437402 -0.9919511081 0.0324084535 0.1224038043 -53.0955712527 -0.0358742481 -0.9990123672 -0.0262169490 -3.9992490186 0.0000000000 0.0000000000 0.0000000000 1.0000000000
0.1338737959 -0.0217575009 0.9907595157 -35.0777009968 -0.9904451189 0.0304651369 0.1345003412 -53.0839743481 -0.0331100155 -0.9992989976 -0.0174711271 -4.0107722787 0.0000000000 0.0000000000 0.0000000000 1.0000000000
0.1477247262 -0.0180112457 0.9888645005 -35.0160176880 -0.9884989399 0.0300260403 0.1482170121 -53.0727235285 -0.0323612584 -0.9993868280 -0.0133685087 -4.0207250357 0.0000000000 0.0000000000 0.0000000000 1.0000000000
0.1611122353 -0.0100597420 0.9868848206 -34.9538571736 -0.9863642957 0.0323921444 0.1613574450 -53.0620847404 -0.0335905299 -0.9994246097 -0.0047037995 -4.0240653796 0.0000000000 0.0000000000 0.0000000000 1.0000000000
0.1743931383 -0.0090805677 0.9846342349 -34.8913755756 -0.9838912394 0.0383103459 0.1746148515 -53.0512198171 -0.0393072801 -0.9992246297 -0.0022532295 -4.0204825129 0.0000000000 0.0000000000 0.0000000000 1.0000000000
0.1780409588 -0.0109007181 0.9839626981 -34.8290023655 -0.9829838249 0.0439740900 0.1783510007 -53.0405094413 -0.0452130182 -0.9989731997 -0.0028860404 -4.0140812250 0.0000000000 0.0000000000 0.0000000000 1.0000000000
0.1655600592 -0.0200067973 0.9859967520 -34.7669517555 -0.9849930767 0.0460876377 0.1663266920 -53.0297236801 -0.0487699255 -0.9987370313 -0.0120762848 -4.0079591277 0.0000000000 0.0000000000 0.0000000000 1.0000000000
0.1843675852 -0.0280081140 0.9824582124 -34.5874549809 -0.9814799867 0.0476549177 0.1855425678 -52.9860002733 -0.0520156627 -0.9984711084 -0.0187033812 -4.0039216455 0.0000000000 0.0000000000 0.0000000000 1.0000000000
0.1857897604 -0.0211892170 0.9823610243 -34.5298405287 -0.9813690669 0.0458127302 0.1865903218 -52.9689753753 -0.0489583434 -0.9987252930 -0.0122829059 -4.0128638183 0.0000000000 0.0000000000 0.0000000000 1.0000000000
0.1764812160 -0.0120957935 0.9842296847 -34.4727956458 -0.9832368731 0.0443825409 0.1768486398 -52.9515168583 -0.0458217389 -0.9989413806 -0.0040603453 -4.0255594424 0.0000000000 0.0000000000 0.0000000000 1.0000000000
0.1609633941 -0.0012920365 0.9869595313 -34.4159852077 -0.9859703381 0.0445692733 0.1608604124 -52.9336980525 -0.0441959066 -0.9990054607 0.0059001118 -4.0373957521 0.0000000000 0.0000000000 0.0000000000 1.0000000000
0.1602654952 0.0035782377 0.9870674583 -34.3593142318 -0.9860184400 0.0468132563 0.1599254674 -52.9145700671 -0.0456355906 -0.9988972496 0.0110307581 -4.0448367456 0.0000000000 0.0000000000 0.0000000000 1.0000000000
0.1920737791 0.0113433782 0.9813149297 -34.3033497548 -0.9802566332 0.0500583263 0.1912879951 -52.8936083828 -0.0469531309 -0.9986818771 0.0207343136 -4.0462361053 0.0000000000 0.0000000000 0.0000000000 1.0000000000
0.1839615727 0.0244039368 0.9826304431 -34.2471272948 -0.9815629291 0.0573335367 0.1823378233 -52.8756506778 -0.0518879179 -0.9980567686 0.0345011673 -4.0413515209 0.0000000000 0.0000000000 0.0000000000 1.0000000000
0.1505763847 0.0406789101 0.9877610939 -34.1901399408 -0.9868327564 0.0658735249 0.1477220012 -52.8592971967 -0.0590581350 -0.9969984478 0.0500622782 -4.0325807289 0.0000000000 0.0000000000 0.0000000000 1.0000000000
0.1276296797 0.0419008809 0.9909364162 -34.1317349503 -0.9903919341 0.0590150361 0.1250641527 -52.8412135535 -0.0532398502 -0.9973773316 0.0490303647 -4.0230252492 0.0000000000 0.0000000000 0.0000000000 1.0000000000
0.1382441236 0.0306056731 0.9899251765 -34.0719197109 -0.9896639404 0.0427495302 0.1368859477 -52.8200329906 -0.0381293496 -0.9986169288 0.0361992024 -4.0154717281 0.0000000000 0.0000000000 0.0000000000 1.0000000000
0.1601292096 0.0223060696 0.9868439975 -34.0110610545 -0.9866620634 0.0332598720 0.1593479007 -52.7978261170 -0.0292678796 -0.9991977883 0.0273344297 -4.0134774624 0.0000000000 0.0000000000 0.0000000000 1.0000000000
0.1673775386 0.0201045219 0.9856878653 -33.9493713628 -0.9854955719 0.0317927522 0.1666964268 -52.7764586319 -0.0279863781 -0.9992922641 0.0251343100 -4.0173112551 0.0000000000 0.0000000000 0.0000000000 1.0000000000
0.1691957336 0.0178232670 0.9854212982 -33.8871145721 -0.9851991142 0.0309425963 0.1685979276 -52.7553036486 -0.0274865275 -0.9993622401 0.0227948221 -4.0246697148 0.0000000000 0.0000000000 0.0000000000 1.0000000000
0.1694492546 0.0177345106 0.9853793367 -33.8245433914 -0.9854032987 0.0196349587 0.1690999921 -52.7341904483 -0.0163489769 -0.9996499165 0.0208027744 -4.0319104413 0.0000000000 0.0000000000 0.0000000000 1.0000000000
0.1721039908 0.0202242036 0.9848711580 -33.7619793578 -0.9850785082 0.0027812969 0.1720831112 -52.7133781112 0.0007410248 -0.9997916013 0.0204011006 -4.0371520435 0.0000000000 0.0000000000 0.0000000000 1.0000000000
0.1756200039 0.0268234958 0.9840925334 -33.6997358661 -0.9843665886 -0.0088397565 0.1759098575 -52.6932737389 0.0134176557 -0.9996010998 0.0248517150 -4.0381843719 0.0000000000 0.0000000000 0.0000000000 1.0000000000
0.1788891664 0.0322962701 0.9833390143 -33.6377975766 -0.9837006404 -0.0126305399 0.1793697843 -52.6736516976 0.0182130777 -0.9993985293 0.0295103948 -4.0327892698 0.0000000000 0.0000000000 0.0000000000 1.0000000000
0.1837762010 0.0320841218 0.9824443583 -33.5763473951 -0.9827691718 -0.0141099894 0.1842977568 -52.6541769658 0.0197753112 -0.9993855699 0.0289382055 -4.0239458958 0.0000000000 0.0000000000 0.0000000000 1.0000000000
0.1922705104 0.0277082164 0.9809507152 -33.5154966693 -0.9810762529 -0.0178325784 0.1927988205 -52.6348926526 0.0228349920 -0.9994569795 0.0237551942 -4.0156616149 0.0000000000 0.0000000000 0.0000000000 1.0000000000
0.1961935760 0.0153636545 0.9804448168 -33.4550024615 -0.9802197686 -0.0234643592 0.1965162309 -52.6156831150 0.0260247168 -0.9996066136 0.0104562013 -4.0095320364 0.0000000000 0.0000000000 0.0000000000 1.0000000000
0.1935382367 0.0077475563 0.9810621419 -33.3946383401 -0.9805994862 -0.0301771496 0.1936852790 -52.5964107797 0.0311062466 -0.9995145397 0.0017568175 -4.0058688314 0.0000000000 0.0000000000 0.0000000000 1.0000000000
0.1912137669 0.0003781448 0.9815483444 -33.3341026558 -0.9808645845 -0.0372478245 0.1910949146 -52.5768637138 0.0366328021 -0.9993059875 -0.0067513880 -4.0068169065 0.0000000000 0.0000000000 0.0000000000 1.0000000000
0.1972769212 -0.0061564739 0.9803284726 -33.2737217971 -0.9793121855 -0.0471892550 0.1967760591 -52.5567523001 0.0450495236 -0.9988669942 -0.0153384608 -4.0137886948 0.0000000000 0.0000000000 0.0000000000 1.0000000000
0.1923997461 -0.0094754994 0.9812708865 -33.2132977661 -0.9798620672 -0.0562797498 0.1915800589 -52.5373283419 0.0534103633 -0.9983700740 -0.0201128921 -4.0247761543 0.0000000000 0.0000000000 0.0000000000 1.0000000000
0.1836934549 -0.0115213686 0.9829160558 -33.1527178946 -0.9814096705 -0.0587119752 0.1827237328 -52.5185562998 0.0556037156 -0.9982084762 -0.0220921882 -4.0357143345 0.0000000000 0.0000000000 0.0000000000 1.0000000000
0.1882633354 -0.0133483175 0.9820278708 -33.0921402039 -0.9807095648 -0.0560972344 0.1872480970 -52.5000377642 0.0525896006 -0.9983360770 -0.0236518751 -4.0438847102 0.0000000000 0.0000000000 0.0000000000 1.0000000000
0.2045239685 -0.0197682245 0.9786619251 -33.0317169607 -0.9779003477 -0.0484226804 0.2033867103 -52.4823658299 0.0433688394 -0.9986312940 -0.0292349524 -4.0468709770 0.0000000000 0.0000000000 0.0000000000 1.0000000000
0.2221545767 -0.0258273570 0.9746693243 -32.9717095050 -0.9745263348 -0.0374122186 0.2211306145 -52.4665269862 0.0307533225 -0.9989661023 -0.0334807352 -4.0420129201 0.0000000000 0.0000000000 0.0000000000 1.0000000000
0.2264653423 -0.0272296847 0.9736385330 -32.9121336192 -0.9738907867 -0.0225630027 0.2258929977 -52.4531899262 0.0158172137 -0.9993745320 -0.0316284771 -4.0307488710 0.0000000000 0.0000000000 0.0000000000 1.0000000000
0.2232237217 -0.0234358848 0.9744854690 -32.8530769839 -0.9747404939 -0.0127722663 0.2229749733 -52.4411382677 0.0072207721 -0.9996437508 -0.0256949788 -4.0184949343 0.0000000000 0.0000000000 0.0000000000 1.0000000000
0.1823143880 -0.0262673739 0.9828893574 -32.7932271911 -0.9831888758 -0.0150928038 0.1819665953 -52.4314708363 0.0100547717 -0.9995410108 -0.0285774251 -4.0083264635 0.0000000000 0.0000000000 0.0000000000 1.0000000000
0.1469160817 -0.0335516228 0.9885797659 -32.7328756306 -0.9890171730 -0.0212965113 0.1462582993 -52.4214866615 0.0161460969 -0.9992100616 -0.0363119311 -4.0006581238 0.0000000000 0.0000000000 0.0000000000 1.0000000000
0.1433121045 -0.0387955695 0.9889168542 -32.6724790662 -0.9895468825 -0.0218536610 0.1425460800 -52.4098932925 0.0160812973 -0.9990081688 -0.0415219290 -3.9976002395 0.0000000000 0.0000000000 0.0000000000 1.0000000000
0.1562626278 -0.0401639867 0.9868985993 -32.6116628332 -0.9876884943 -0.0137483411 0.1558281788 -52.3978707563 0.0073095377 -0.9990985123 -0.0418178595 -4.0003843969 0.0000000000 0.0000000000 0.0000000000 1.0000000000
0.1735408615 -0.0436800939 0.9838575196 -32.5503406709 -0.9848154727 -0.0029331376 0.1735796113 -52.3859616689 -0.0046961843 -0.9990412635 -0.0435258515 -4.0080397039 0.0000000000 0.0000000000 0.0000000000 1.0000000000
0.1840221849 -0.0475565171 0.9817709576 -32.4881529669 -0.9828789098 0.0004592405 0.1842521038 -52.3746111949 -0.0092132573 -0.9988684432 -0.0466577873 -4.0173858664 0.0000000000 0.0000000000 0.0000000000 1.0000000000
0.1921444626 -0.0541226148 0.9798730775 -32.4254138054 -0.9813247066 -0.0013648001 0.1923537304 -52.3639838404 -0.0090733560 -0.9985333644 -0.0533740979 -4.0245849664 0.0000000000 0.0000000000 0.0000000000 1.0000000000
0.2032351743 -0.0578267988 0.9774208537 -32.3628085953 -0.9790371169 0.0017444125 0.2036744481 -52.3542578093 -0.0134828665 -0.9983251066 -0.0562600564 -4.0256034163 0.0000000000 0.0000000000 0.0000000000 1.0000000000
0.2055654337 -0.0552066112 0.9770849925 -32.3011236635 -0.9783839905 0.0113922764 0.2064824041 -52.3457227808 -0.0225304161 -0.9984099589 -0.0516714064 -4.0194115730 0.0000000000 0.0000000000 0.0000000000 1.0000000000
0.2069605585 -0.0501504156 0.9770630804 -32.2412978270 -0.9777699466 0.0237610853 0.2083298885 -52.3374308903 -0.0336639097 -0.9984589860 -0.0441179617 -4.0114526204 0.0000000000 0.0000000000 0.0000000000 1.0000000000
0.1971005218 -0.0468786903 0.9792618509 -32.1830211053 -0.9795021964 0.0329219380 0.1987249183 -52.3294976412 -0.0415551618 -0.9983579190 -0.0394288490 -4.0040757049 0.0000000000 0.0000000000 0.0000000000 1.0000000000
0.1947135563 -0.0517614922 0.9794934298 -32.1258930411 -0.9797216236 0.0378372629 0.1967584354 -52.3201115197 -0.0472458606 -0.9979424279 -0.0433444251 -3.9973215340 0.0000000000 0.0000000000 0.0000000000 1.0000000000
0.2036995416 -0.0528349859 0.9776067517 -32.0695127361 -0.9776019194 0.0430020779 0.2060225921 -52.3093395036 -0.0529243224 -0.9976769445 -0.0428920801 -3.9914509250 0.0000000000 0.0000000000 0.0000000000 1.0000000000
0.2062355573 -0.0489901793 0.9772752208 -32.0135247868 -0.9769955255 0.0450963751 0.2084371852 -52.2982372736 -0.0542829450 -0.9977806769 -0.0385627099 -3.9897676728 0.0000000000 0.0000000000 0.0000000000 1.0000000000
0.1985363019 -0.0442381586 0.9790946441 -31.9577477311 -0.9788371353 0.0416167359 0.2003644428 -52.2871317000 -0.0496104772 -0.9981538121 -0.0350395196 -3.9941893794 0.0000000000 0.0000000000 0.0000000000 1.0000000000
0.1773205904 -0.0365975960 0.9834724318 -31.9018425028 -0.9832258190 0.0367829188 0.1786449151 -52.2766794358 -0.0427129610 -0.9986529091 -0.0294613324 -4.0027678350 0.0000000000 0.0000000000 0.0000000000 1.0000000000
0.1576448164 -0.0319567560 0.9869786612 -31.8455606363 -0.9866457119 0.0363674890 0.1587691560 -52.2660052777 -0.0409676828 -0.9988273982 -0.0257968502 -4.0125786832 0.0000000000 0.0000000000 0.0000000000 1.0000000000
0.1444163440 -0.0318879316 0.9890030735 -31.7888294269 -0.9883427147 0.0440302020 0.1457395608 -52.2542113987 -0.0481933382 -0.9985211571 -0.0251575241 -4.0211248705 0.0000000000 0.0000000000 0.0000000000 1.0000000000
0.1482656869 -0.0316516313 0.9884409240 -31.7319447336 -0.9872196602 0.0543206100 0.1498219402 -52.2400310647 -0.0584348227 -0.9980217661 -0.0231932302 -4.0246932567 0.0000000000 0.0000000000 0.0000000000 1.0000000000
0.1485474324 -0.0303973255 0.9884379914 -31.6751203027 -0.9869209339 0.0587313736 0.1501256009 -52.2245095619 -0.0626157377 -0.9978109181 -0.0212753621 -4.0187830020 0.0000000000 0.0000000000 0.0000000000 1.0000000000
0.1378614606 -0.0279885786 0.9900559869 -31.6189642285 -0.9887399162 0.0548516857 0.1392288432 -52.2085969145 -0.0582030573 -0.9981021651 -0.0201114913 -4.0058680974 0.0000000000 0.0000000000 0.0000000000 1.0000000000
0.1327857708 -0.0252274789 0.9908236540 -31.5640037734 -0.9901651969 0.0410575228 0.1337428978 -52.1915521375 -0.0440547609 -0.9988382522 -0.0195275168 -3.9928738075 0.0000000000 0.0000000000 0.0000000000 1.0000000000
0.1019671603 -0.0278407438 0.9943981050 -31.5095505539 -0.9945485532 0.0190672073 0.1025164232 -52.1757426393 -0.0218145283 -0.9994305051 -0.0257447424 -3.9829990110 0.0000000000 0.0000000000 0.0000000000 1.0000000000
0.0804357915 -0.0299491173 0.9963097580 -31.4553154207 -0.9967589640 -0.0011282571 0.0804381421 -52.1593676340 -0.0012849578 -0.9995507878 -0.0299428034 -3.9768868881 0.0000000000 0.0000000000 0.0000000000 1.0000000000
0.0914429311 -0.0288937058 0.9953910509 -31.4016066376 -0.9957826291 -0.0101072974 0.0911855145 -52.1420190455 0.0074260260 -0.9995313884 -0.0296960912 -3.9769700043 0.0000000000 0.0000000000 0.0000000000 1.0000000000
0.1240812373 -0.0242586134 0.9919754867 -31.3481049489 -0.9922562881 -0.0086704364 0.1239043271 -52.1249680233 0.0055951132 -0.9996681165 -0.0251466001 -3.9831253124 0.0000000000 0.0000000000 0.0000000000 1.0000000000
0.1455192013 -0.0203316242 0.9891464943 -31.2939714726 -0.9893533631 -0.0050328984 0.1454461852 -52.1100662003 0.0020211166 -0.9997806234 -0.0208475441 -3.9926888380 0.0000000000 0.0000000000 0.0000000000 1.0000000000
0.1493384186 -0.0144624694 0.9886803698 -31.2386678585 -0.9887850574 -0.0036660163 0.1493006047 -52.0974675712 0.0014652629 -0.9998886925 -0.0148477507 -4.0017630438 0.0000000000 0.0000000000 0.0000000000 1.0000000000
0.1665279618 -0.0080013763 0.9860042677 -31.1823662164 -0.9860360199 -0.0025535632 0.1665126025 -52.0854173171 0.0011854943 -0.9999647280 -0.0083148849 -4.0073282899 0.0000000000 0.0000000000 0.0000000000 1.0000000000
0.1812781542 -0.0026046858 0.9834284145 -31.1251211761 -0.9834318609 -0.0005576492 0.1812773125 -52.0745346333 0.0000762376 -0.9999964523 -0.0026626207 -4.0069115887 0.0000000000 0.0000000000 0.0000000000 1.0000000000
0.1767464807 0.0020388945 0.9842542987 -31.0671453361 -0.9842454174 0.0050924048 0.1767343369 -52.0652328226 -0.0046518787 -0.9999849550 0.0029068372 -3.9986128284 0.0000000000 0.0000000000 0.0000000000 1.0000000000
0.1822304249 0.0035539201 0.9832494302 -31.0094913306 -0.9831034973 0.0182617434 0.1821373720 -52.0553919694 -0.0173085471 -0.9998269242 0.0068217165 -3.9876070162 0.0000000000 0.0000000000 0.0000000000 1.0000000000
0.1862977560 0.0065992179 0.9824711682 -30.9525698841 -0.9820680808 0.0306689665 0.1860153197 -52.0450818745 -0.0289038197 -0.9995078113 0.0121944409 -3.9783541991 0.0000000000 0.0000000000 0.0000000000 1.0000000000
0.1728335640 0.0003290651 0.9849509891 -30.8958783300 -0.9843144483 0.0360052568 0.1727098384 -52.0340246453 -0.0354065805 -0.9993515464 0.0065468204 -3.9720394462 0.0000000000 0.0000000000 0.0000000000 1.0000000000
0.1626031754 -0.0111231357 0.9866288477 -30.8393954016 -0.9859067311 0.0380427897 0.1629130556 -52.0207288417 -0.0393462178 -0.9992142023 -0.0047804959 -3.9677447033 0.0000000000 0.0000000000 0.0000000000 1.0000000000
0.1666034063 -0.0160498428 0.9858933551 -30.7833118895 -0.9851324442 0.0398001780 0.1671227487 -52.0050658364 -0.0419210248 -0.9990787498 -0.0091803757 -3.9664796906 0.0000000000 0.0000000000 0.0000000000 1.0000000000
0.1800709069 -0.0218488486 0.9834109499 -30.7276066425 -0.9826938055 0.0401589082 0.1808318188 -51.9877417880 -0.0434436771 -0.9989543983 -0.0142392771 -3.9712784551 0.0000000000 0.0000000000 0.0000000000 1.0000000000
0.1836570876 -0.0277959553 0.9825973026 -30.6719904953 -0.9819300901 0.0412275700 0.1846986347 -51.9702520840 -0.0456439741 -0.9987630712 -0.0197219494 -3.9811943619 0.0000000000 0.0000000000 0.0000000000 1.0000000000
0.1840138153 -0.0333762722 0.9823568294 -30.6162851847 -0.9815182710 0.0471858586 0.1854599108 -51.9523309531 -0.0525433109 -0.9983283624 -0.0240765711 -3.9915159240 0.0000000000 0.0000000000 0.0000000000 1.0000000000
0.1977707817 -0.0367952429 0.9795574654 -30.5607237050 -0.9781692566 0.0576412259 0.1996556897 -51.9329536612 -0.0638092728 -0.9976590596 -0.0245922251 -3.9990545650 0.0000000000 0.0000000000 0.0000000000 1.0000000000
0.2049776320 -0.0368217712 0.9780737843 -30.5053672191 -0.9759066205 0.0686483540 0.2071078741 -51.9131706048 -0.0747692342 -0.9969611631 -0.0218632332 -4.0025011571 0.0000000000 0.0000000000 0.0000000000 1.0000000000
0.2007050031 -0.0326210579 0.9791084558 -30.4504996785 -0.9763540537 0.0752755519 0.2026483484 -51.8931983893 -0.0803135329 -0.9966290473 -0.0167415222 -3.9994459431 0.0000000000 0.0000000000 0.0000000000 1.0000000000
0.1712005615 -0.0217207019 0.9849967405 -30.3960705995 -0.9821039535 0.0758942673 0.1723713573 -51.8747388575 -0.0784996327 -0.9968792662 -0.0083388460 -3.9897681697 0.0000000000 0.0000000000 0.0000000000 1.0000000000
0.1435597104 -0.0120091365 0.9895687900 -30.3424751077 -0.9866622310 0.0757955715 0.1440578815 -51.8570306715 -0.0767349427 -0.9970510579 -0.0009677711 -3.9795625496 0.0000000000 0.0000000000 0.0000000000 1.0000000000
0.1199600722 -0.0099530185 0.9927288243 -30.2890625023 -0.9897350013 0.0770423028 0.1203707223 -51.8406823579 -0.0776801667 -0.9969781447 -0.0006088506 -3.9721258187 0.0000000000 0.0000000000 0.0000000000 1.0000000000
0.1044670169 -0.0119930752 0.9944560365 -30.2353180320 -0.9913607791 0.0784871414 0.1050884118 -51.8253748739 -0.0793123448 -0.9968429840 -0.0036901469 -3.9662945240 0.0000000000 0.0000000000 0.0000000000 1.0000000000
0.1069610177 -0.0143585154 0.9941595313 -30.1814173108 -0.9907514305 0.0824259542 0.1077848094 -51.8099418355 -0.0834921779 -0.9964937507 -0.0054093557 -3.9647749535 0.0000000000 0.0000000000 0.0000000000 1.0000000000
0.1130463977 -0.0137008134 0.9934952439 -30.1273656360 -0.9893683330 0.0905214739 0.1138251487 -51.7948945990 -0.0914921509 -0.9958002563 -0.0033220244 -3.9692802584 0.0000000000 0.0000000000 0.0000000000 1.0000000000
0.1099607731 -0.0093709282 0.9938917517 -30.0727884879 -0.9887197104 0.1012800637 0.1103434773 -51.7806282159 -0.1016954407 -0.9948138190 0.0018716127 -3.9777271067 0.0000000000 0.0000000000 0.0000000000 1.0000000000
0.1144794085 -0.0018416022 0.9934239143 -30.0173945944 -0.9876847034 0.1071406980 0.1140166545 -51.7659215092 -0.1066461049 -0.9942421633 0.0104464814 -3.9860812952 0.0000000000 0.0000000000 0.0000000000 1.0000000000
0.1254839169 0.0048341010 0.9920838765 -29.9609227798 -0.9864212136 0.1074082922 0.1242443083 -51.7511181554 -0.1059574254 -0.9942032439 0.0182464730 -3.9921431982 0.0000000000 0.0000000000 0.0000000000 1.0000000000
0.1290360159 0.0115322437 0.9915728485 -29.9034044830 -0.9857521689 0.1102938148 0.1269958103 -51.7373368450 -0.1078998055 -0.9938321195 0.0255998087 -3.9955563267 0.0000000000 0.0000000000 0.0000000000 1.0000000000
0.1155998097 0.0201991173 0.9930904690 -29.8449398207 -0.9867414415 0.1170015183 0.1124809863 -51.7249386828 -0.1139210761 -0.9929263016 0.0334566594 -3.9933288265 0.0000000000 0.0000000000 0.0000000000 1.0000000000
0.1182368628 0.0203535905 0.9927768005 -29.7860015163 -0.9859747553 0.1210007845 0.1149460396 -51.7105312852 -0.1177872071 -0.9924437221 0.0343748795 -3.9862354780 0.0000000000 0.0000000000 0.0000000000 1.0000000000
0.1506875246 0.0148291154 0.9884702157 -29.7271374235 -0.9818901748 0.1183840506 0.1479084213 -51.6926272280 -0.1148257570 -0.9928571468 0.0323995623 -3.9783433560 0.0000000000 0.0000000000 0.0000000000 1.0000000000
0.1666148928 0.0029871544 0.9860175224 -29.6678717980 -0.9802077446 0.1089387430 0.1653031389 -51.6733184122 -0.1069217235 -0.9940439765 0.0210788489 -3.9719487126 0.0000000000 0.0000000000 0.0000000000 1.0000000000
0.1641067213 -0.0149715149 0.9863289704 -29.6078994590 -0.9815263097 0.0972241182 0.1647834159 -51.6527411188 -0.0983620217 -0.9951499006 0.0012601954 -3.9675597340 0.0000000000 0.0000000000 0.0000000000 1.0000000000
0.1573547991 -0.0286069232 0.9871277076 -29.5475531044 -0.9840488757 0.0794591733 0.1591667364 -51.6307033732 -0.0829896222 -0.9964275607 -0.0156473284 -3.9656240491 0.0000000000 0.0000000000 0.0000000000 1.0000000000
0.1595782720 -0.0439321547 0.9862072505 -29.4872298628 -0.9850885449 0.0579902525 0.1619805213 -51.6071041226 -0.0643065608 -0.9973500370 -0.0340230780 -3.9683845630 0.0000000000 0.0000000000 0.0000000000 1.0000000000
0.1734635854 -0.0581877280 0.9831198161 -29.4272479211 -0.9836578078 0.0386668230 0.1758470757 -51.5824970266 -0.0482462617 -0.9975565473 -0.0505295272 -3.9759826177 0.0000000000 0.0000000000 0.0000000000 1.0000000000
0.1833831348 -0.0692515136 0.9805992320 -29.3675556888 -0.9822888052 0.0261196034 0.1855437130 -51.5584112314 -0.0384620460 -0.9972572357 -0.0632350918 -3.9864385597 0.0000000000 0.0000000000 0.0000000000 1.0000000000
0.1838253233 -0.0748943681 0.9801015683 -29.3082601784 -0.9823003088 0.0224976760 0.1859568712 -51.5354184430 -0.0359771299 -0.9969376551 -0.0694331184 -3.9965383198 0.0000000000 0.0000000000 0.0000000000 1.0000000000
0.1793652196 -0.0785811531 0.9806391387 -29.2495996530 -0.9829424049 0.0268722949 0.1819398484 -51.5134516430 -0.0406490672 -0.9965454742 -0.0724207925 -4.0041978844 0.0000000000 0.0000000000 0.0000000000 1.0000000000
0.1843832537 -0.0776015440 0.9797861073 -29.1919531074 -0.9817172748 0.0333985070 0.1873919212 -51.4915310933 -0.0472652956 -0.9964248793 -0.0700246509 -4.0070889846 0.0000000000 0.0000000000 0.0000000000 1.0000000000
0.1705865860 -0.0738461013 0.9825716106 -29.1348402585 -0.9840656094 0.0379856051 0.1737008068 -51.4711956091 -0.0501507046 -0.9965459584 -0.0661895740 -4.0023129070 0.0000000000 0.0000000000 0.0000000000 1.0000000000
0.1648679989 -0.0681322072 0.9839596258 -29.0785042236 -0.9849870516 0.0403894333 0.1678368309 -51.4508518589 -0.0511766654 -0.9968584132 -0.0604504168 -3.9922976140 0.0000000000 0.0000000000 0.0000000000 1.0000000000
0.1589978140 -0.0659413635 0.9850743280 -29.0225848258 -0.9862024155 0.0359737994 0.1615879991 -51.4308672290 -0.0460921992 -0.9971748203 -0.0593117765 -3.9832853506 0.0000000000 0.0000000000 0.0000000000 1.0000000000
0.1305440178 -0.0690829362 0.9890327635 -28.9661074073 -0.9909401165 0.0226620273 0.1323786920 -51.4122194978 -0.0315585963 -0.9973534882 -0.0654986608 -3.9769270938 0.0000000000 0.0000000000 0.0000000000 1.0000000000
0.1137430801 -0.0754398759 0.9906418812 -28.9090996988 -0.9933612709 0.0086285195 0.1147123973 -51.3927056308 -0.0172016618 -0.9971130196 -0.0739576166 -3.9743930981 0.0000000000 0.0000000000 0.0000000000 1.0000000000
0.1153655567 -0.0794952159 0.9901370102 -28.8517217286 -0.9932933728 -0.0015202323 0.1156112644 -51.3722709257 -0.0076853042 -0.9968340883 -0.0791374536 -3.9766020097 0.0000000000 0.0000000000 0.0000000000 1.0000000000
0.1237540616 -0.0828313338 0.9888497876 -28.7938665568 -0.9922968409 -0.0046570093 0.1237953627 -51.3519856636 -0.0056490523 -0.9965526993 -0.0827695947 -3.9822528142 0.0000000000 0.0000000000 0.0000000000 1.0000000000
0.1336672308 -0.0852754949 0.9873505767 -28.7354327484 -0.9910046137 -0.0049148257 0.1337374296 -51.3320627835 -0.0065518695 -0.9963452888 -0.0851653600 -3.9888619799 0.0000000000 0.0000000000 0.0000000000 1.0000000000
0.1535676177 -0.0826869096 0.9846724642 -28.6766664342 -0.9881231395 -0.0073592257 0.1534877945 -51.3122836844 -0.0054450045 -0.9965484016 -0.0828349875 -3.9945372157 0.0000000000 0.0000000000 0.0000000000 1.0000000000
0.1684723563 -0.0816608734 0.9823179561 -28.6178733418 -0.9857006317 -0.0105539557 0.1681751430 -51.2936087659 -0.0033659888 -0.9966042925 -0.0822712242 -3.9991335408 0.0000000000 0.0000000000 0.0000000000 1.0000000000
0.1800989576 -0.0787371774 0.9804921327 -28.5594135520 -0.9836484035 -0.0148507298 0.1794861393 -51.2756273127 0.0004287918 -0.9967847876 -0.0801242998 -4.0003427602 0.0000000000 0.0000000000 0.0000000000 1.0000000000
0.1944140391 -0.0725211704 0.9782350746 -28.5014333557 -0.9809031490 -0.0201416335 0.1934510970 -51.2572924303 0.0056739523 -0.9971634743 -0.0750520607 -3.9953429354 0.0000000000 0.0000000000 0.0000000000 1.0000000000
0.2009307598 -0.0690480880 0.9771689676 -28.4441125533 -0.9795553287 -0.0242521172 0.1997077687 -51.2394193213 0.0099089767 -0.9973185030 -0.0725094189 -3.9875092636 0.0000000000 0.0000000000 0.0000000000 1.0000000000
0.1938363593 -0.0705212164 0.9784958987 -28.3872007275 -0.9809017329 -0.0303022281 0.1921290329 -51.2225030631 0.0161014328 -0.9970499150 -0.0750480569 -3.9796673245 0.0000000000 0.0000000000 0.0000000000 1.0000000000
0.2033849633 -0.0793181934 0.9758807206 -28.3307345503 -0.9789483091 -0.0339515618 0.2012647501 -51.2045408284 0.0171687182 -0.9962710051 -0.0845536485 -3.9730675420 0.0000000000 0.0000000000 0.0000000000 1.0000000000
0.2240451468 -0.0856042226 0.9708118712 -28.2745035808 -0.9745068355 -0.0317805284 0.2220955326 -51.1861896071 0.0118405988 -0.9958222307 -0.0905421732 -3.9688474104 0.0000000000 0.0000000000 0.0000000000 1.0000000000
0.2350382492 -0.0911662620 0.9677012628 -28.2182465550 -0.9719797747 -0.0256429907 0.2336616243 -51.1686597106 0.0035126976 -0.9955054745 -0.0946388464 -3.9689713533 0.0000000000 0.0000000000 0.0000000000 1.0000000000
0.2420763979 -0.0957957119 0.9655165453 -28.1621390203 -0.9702541433 -0.0214063116 0.2411403475 -51.1511962458 -0.0024320633 -0.9951708152 -0.0981281492 -3.9734989136 0.0000000000 0.0000000000 0.0000000000 1.0000000000
0.2460604252 -0.0976106631 0.9643269288 -28.1062302083 -0.9692407568 -0.0194833290 0.2453421189 -51.1334515570 -0.0051597081 -0.9950339483 -0.0994023092 -3.9807397572 0.0000000000 0.0000000000 0.0000000000 1.0000000000
0.2443538105 -0.0971360095 0.9648086914 -28.0506192885 -0.9696610932 -0.0173252918 0.2438384681 -51.1154178374 -0.0069699036 -0.9951203093 -0.0984225102 -3.9887368989 0.0000000000 0.0000000000 0.0000000000 1.0000000000
0.2367566221 -0.0945587341 0.9669565387 -27.9954550139 -0.9715295385 -0.0140727214 0.2365001362 -51.0973895895 -0.0087554435 -0.9954198131 -0.0951984133 -3.9956087535 0.0000000000 0.0000000000 0.0000000000 1.0000000000
0.2335984568 -0.0916521950 0.9680039443 -27.9409560145 -0.9722174141 -0.0066561901 0.2339850312 -51.0788183975 -0.0150020234 -0.9957688338 -0.0906607358 -3.9986622300 0.0000000000 0.0000000000 0.0000000000 1.0000000000
0.2310452349 -0.0880332024 0.9689521426 -27.8868013758 -0.9727150712 0.0006556682 0.2320020698 -51.0600311691 -0.0210591963 -0.9961173251 -0.0854797338 -3.9942557242 0.0000000000 0.0000000000 0.0000000000 1.0000000000
0.2309568102 -0.0842584146 0.9693087596 -27.8331364777 -0.9726472261 0.0054256015 0.2322238927 -51.0413240740 -0.0248259001 -0.9964291658 -0.0807006336 -3.9832204963 0.0000000000 0.0000000000 0.0000000000 1.0000000000
0.2369331803 -0.0836846103 0.9679150552 -27.7803156760 -0.9711313022 0.0079937585 0.2384116057 -51.0229564673 -0.0276886615 -0.9964602279 -0.0793747579 -3.9720848410 0.0000000000 0.0000000000 0.0000000000 1.0000000000
0.2291832280 -0.0844610921 0.9697120046 -27.7278235074 -0.9730741054 0.0052279990 0.2304331863 -51.0061595544 -0.0245322920 -0.9964130629 -0.0809887319 -3.9638984622 0.0000000000 0.0000000000 0.0000000000 1.0000000000
0.2219203661 -0.0860217688 0.9712628925 -27.6758205029 -0.9748516112 0.0012543835 0.2228514364 -50.9899246540 -0.0203884109 -0.9962924680 -0.0835800867 -3.9599248489 0.0000000000 0.0000000000 0.0000000000 1.0000000000
0.2222221100 -0.0855334039 0.9712370311 -27.6244349928 -0.9748211883 -0.0006250544 0.2229871302 -50.9740749551 -0.0184657723 -0.9963351073 -0.0835186753 -3.9603094530 0.0000000000 0.0000000000 0.0000000000 1.0000000000
0.2254294887 -0.0823793292 0.9707704115 -27.5732821419 -0.9740680912 0.0006921822 0.2262540047 -50.9590272150 -0.0193106031 -0.9966008062 -0.0800870377 -3.9638861295 0.0000000000 0.0000000000 0.0000000000 1.0000000000
0.2390285653 -0.0792082629 0.9677765218 -27.5220060895 -0.9707672549 0.0029071672 0.2400051775 -50.9442012513 -0.0218238813 -0.9968538506 -0.0761978919 -3.9689149961 0.0000000000 0.0000000000 0.0000000000 1.0000000000
0.2549646452 -0.0730002896 0.9641908460 -27.4702235156 -0.9667051549 0.0032117489 0.2558726796 -50.9301154309 -0.0217755186 -0.9973267481 -0.0697508739 -3.9733190443 0.0000000000 0.0000000000 0.0000000000 1.0000000000
0.2652670084 -0.0656580744 0.9619368126 -27.4179858261 -0.9639771408 0.0021500102 0.2659764077 -50.9172992011 -0.0195316728 -0.9978398643 -0.0627225561 -3.9764281481 0.0000000000 0.0000000000 0.0000000000 1.0000000000
0.2792617061 -0.0567360082 0.9585373883 -27.3657382493 -0.9600378624 0.0026776015 0.2798573442 -50.9053960431 -0.0184445697 -0.9983856248 -0.0537209645 -3.9778212738 0.0000000000 0.0000000000 0.0000000000 1.0000000000
0.2896262973 -0.0426877684 0.9561874096 -27.3133057132 -0.9569973919 0.0043175596 0.2900643905 -50.8943192392 -0.0165105977 -0.9990791326 -0.0396016042 -3.9747207003 0.0000000000 0.0000000000 0.0000000000 1.0000000000
0.2913668753 -0.0360108934 0.9559333447 -27.2606636190 -0.9564553321 0.0070827542 0.2917927901 -50.8836460290 -0.0172783600 -0.9993262981 -0.0323791311 -3.9674409959 0.0000000000 0.0000000000 0.0000000000 1.0000000000
0.3023487812 -0.0304841472 0.9527097833 -27.2085366931 -0.9530311385 0.0089974187 0.3027386586 -50.8723089413 -0.0178006586 -0.9994947540 -0.0263319829 -3.9589255516 0.0000000000 0.0000000000 0.0000000000 1.0000000000
0.3137607989 -0.0339351572 0.9488954453 -27.1567035272 -0.9492528302 0.0116851973 0.3142968668 -50.8602893680 -0.0217537441 -0.9993557231 -0.0285466871 -3.9511494192 0.0000000000 0.0000000000 0.0000000000 1.0000000000
0.3255735535 -0.0425585042 0.9445584339 -27.1049486781 -0.9451910923 0.0115663774 0.3263127609 -50.8473065307 -0.0248125023 -0.9990270230 -0.0364602125 -3.9443134068 0.0000000000 0.0000000000 0.0000000000 1.0000000000
0.3297497409 -0.0461763122 0.9429384161 -27.0529859104 -0.9437767638 0.0086999377 0.3304689565 -50.8342688091 -0.0234633432 -0.9988954196 -0.0407113282 -3.9399464537 0.0000000000 0.0000000000 0.0000000000 1.0000000000
0.3333061259 -0.0455838670 0.9417160599 -27.0011308212 -0.9426146897 0.0046642148 0.3338499541 -50.8209190818 -0.0196105378 -0.9989496264 -0.0414134113 -3.9407956463 0.0000000000 0.0000000000 0.0000000000 1.0000000000
0.3304876087 -0.0415825627 0.9428938599 -26.9492705293 -0.9437381618 -0.0022052777 0.3306862845 -50.8075840295 -0.0116714403 -0.9991326375 -0.0399718683 -3.9471274408 0.0000000000 0.0000000000 0.0000000000 1.0000000000
0.3165797575 -0.0358572261 0.9478879240 -26.8970833182 -0.9485611347 -0.0088013279 0.3164716579 -50.7945706590 -0.0030051234 -0.9993181655 -0.0367990933 -3.9562080202 0.0000000000 0.0000000000 0.0000000000 1.0000000000
0.3080423880 -0.0292181868 0.9509238585 -26.8448043413 -0.9513726324 -0.0094211284 0.3078982893 -50.7808779019 -0.0000374539 -0.9995286589 -0.0306994902 -3.9647231859 0.0000000000 0.0000000000 0.0000000000 1.0000000000
0.3097220929 -0.0224681584 0.9505616272 -26.7925687286 -0.9508256295 -0.0055445412 0.3096770582 -50.7661677874 -0.0016874451 -0.9997321841 -0.0230805677 -3.9712007300 0.0000000000 0.0000000000 0.0000000000 1.0000000000
0.3194073177 -0.0156155754 0.9474888491 -26.7406459727 -0.9476111730 -0.0016037145 0.3194221233 -50.7502761132 -0.0034684587 -0.9998767834 -0.0153097319 -3.9743327400 0.0000000000 0.0000000000 0.0000000000 1.0000000000
0.3144921405 -0.0077494776 0.9492284442 -26.6886853581 -0.9492581157 -0.0005347521 0.3144976053 -50.7346180749 -0.0019295902 -0.9999698294 -0.0075244298 -3.9713473914 0.0000000000 0.0000000000 0.0000000000 1.0000000000
0.2984208650 0.0019116466 0.9544324664 -26.6367579532 -0.9544341673 -0.0000711693 0.2984215394 -50.7195159588 0.0006384028 -0.9999981703 0.0018033024 -3.9617052608 0.0000000000 0.0000000000 0.0000000000 1.0000000000
0.3020415918 0.0103346019 0.9532387282 -26.5852674205 -0.9532920819 0.0009094286 0.3020486377 -50.7034457553 0.0022546499 -0.9999461830 0.0101265794 -3.9513378864 0.0000000000 0.0000000000 0.0000000000 1.0000000000
0.2895848191 0.0111143381 0.9570878246 -26.5328024502 -0.9571344654 -0.0027511549 0.2896308794 -50.6885855219 0.0058521523 -0.9999344492 0.0098412234 -3.9438782634 0.0000000000 0.0000000000 0.0000000000 1.0000000000
0.2770525528 0.0060805318 0.9608355271 -26.4793842193 -0.9608274828 -0.0057825829 0.2770868277 -50.6740048368 0.0072409464 -0.9999647938 0.0042402627 -3.9394285417 0.0000000000 0.0000000000 0.0000000000 1.0000000000
0.2825426734 0.0025354041 0.9592513797 -26.4253867912 -0.9592477602 -0.0030653427 0.2825497093 -50.6589454353 0.0036568119 -0.9999920877 0.0015659905 -3.9390734030 0.0000000000 0.0000000000 0.0000000000 1.0000000000
0.2906847061 -0.0012039259 0.9568181396 -26.3706332811 -0.9568118309 0.0034774055 0.2906871650 -50.6441975760 -0.0036772105 -0.9999932291 -0.0001411019 -3.9434090162 0.0000000000 0.0000000000 0.0000000000 1.0000000000
0.3031408009 -0.0037157263 0.9529385333 -26.3151942543 -0.9528841444 0.0101911309 0.3031632367 -50.6293084434 -0.0108379929 -0.9999411654 -0.0004513091 -3.9511204289 0.0000000000 0.0000000000 0.0000000000 1.0000000000
0.3135714784 -0.0020894159 0.9495623004 -26.2589432592 -0.9494730122 0.0131986732 0.3135710353 -50.6144343394 -0.0131881428 -0.9999107107 0.0021548834 -3.9603340850 0.0000000000 0.0000000000 0.0000000000 1.0000000000
0.3210334800 -0.0004987920 0.9470677145 -26.2019135037 -0.9469655636 0.0145274046 0.3210065044 -50.5998192961 -0.0139185514 -0.9998943473 0.0041914444 -3.9694172319 0.0000000000 0.0000000000 0.0000000000 1.0000000000
0.3365579461 0.0013272796 0.9416618221 -26.1446146390 -0.9415254461 0.0175510289 0.3364844658 -50.5849907129 -0.0160805248 -0.9998450879 0.0071566058 -3.9767578963 0.0000000000 0.0000000000 0.0000000000 1.0000000000
0.3502908205 0.0075438454 0.9366106082 -26.0871839349 -0.9364571917 0.0226297060 0.3500511741 -50.5703243001 -0.0185544907 -0.9997154529 0.0149914666 -3.9781314210 0.0000000000 0.0000000000 0.0000000000 1.0000000000
0.3536804609 0.0093931300 0.9353191438 -26.0296577614 -0.9349763261 0.0324224288 0.3532252195 -50.5559383366 -0.0270074279 -0.9994301152 0.0202495337 -3.9731336926 0.0000000000 0.0000000000 0.0000000000 1.0000000000
0.3555086253 0.0130921684 0.9345813033 -25.9725471391 -0.9339364486 0.0446637021 0.3546376512 -50.5413643099 -0.0370988851 -0.9989162872 0.0281055846 -3.9659048567 0.0000000000 0.0000000000 0.0000000000 1.0000000000
0.3432262530 0.0097606190 0.9392020387 -25.9155556121 -0.9381497749 0.0520084537 0.3423012132 -50.5265846722 -0.0455053740 -0.9985989441 0.0270075891 -3.9591140147 0.0000000000 0.0000000000 0.0000000000 1.0000000000
0.3407906302 0.0014506178 0.9401380973 -25.8591781250 -0.9387107805 0.0556291149 0.3401874074 -50.5098369328 -0.0518055684 -0.9984504481 0.0203195917 -3.9529591889 0.0000000000 0.0000000000 0.0000000000 1.0000000000
0.3434506236 -0.0026425955 0.9391670170 -25.8031135885 -0.9375415125 0.0579118941 0.3430191318 -50.4916646867 -0.0552954016 -0.9983182004 0.0174123332 -3.9484939932 0.0000000000 0.0000000000 0.0000000000 1.0000000000
0.3435433408 -0.0059581736 0.9391179229 -25.7470824554 -0.9373499604 0.0594813729 0.3432739694 -50.4727176689 -0.0579053093 -0.9982116341 0.0148495358 -3.9482951025 0.0000000000 0.0000000000 0.0000000000 1.0000000000
0.3450440479 -0.0084938998 0.9385480588 -25.6913914020 -0.9367608315 0.0592224063 0.3449229641 -50.4526893276 -0.0585128156 -0.9982086757 0.0124775861 -3.9533160434 0.0000000000 0.0000000000 0.0000000000 1.0000000000
0.3446570991 -0.0078250285 0.9386960386 -25.6361448198 -0.9369036483 0.0594559372 0.3444946231 -50.4317838201 -0.0585067329 -0.9982002607 0.0131606131 -3.9626377708 0.0000000000 0.0000000000 0.0000000000 1.0000000000
0.3329142277 -0.0027757728 0.9429530275 -25.5811193075 -0.9412505942 0.0591566101 0.3324873146 -50.4102942977 -0.0567048138 -0.9982448550 0.0170813794 -3.9739475741 0.0000000000 0.0000000000 0.0000000000 1.0000000000
0.3128736959 0.0003805277 0.9497946650 -25.5260559732 -0.9482132627 0.0578085439 0.3123296026 -50.3882941704 -0.0547873965 -0.9983276153 0.0184475942 -3.9835886150 0.0000000000 0.0000000000 0.0000000000 1.0000000000
0.3109982467 0.0031857310 0.9504051461 -25.4715667130 -0.9488821228 0.0577293399 0.3103063652 -50.3645426674 -0.0538777091 -0.9983271881 0.0209766067 -3.9877018146 0.0000000000 0.0000000000 0.0000000000 1.0000000000
0.2999010124 0.0048370820 0.9539580627 -25.4167294157 -0.9524526219 0.0579031098 0.2991341387 -50.3412680014 -0.0537902021 -0.9983104890 0.0219722926 -3.9836703206 0.0000000000 0.0000000000 0.0000000000 1.0000000000
0.2958050373 0.0036554049 0.9552413402 -25.3615995602 -0.9537389766 0.0573226254 0.2951204520 -50.3178183312 -0.0536781567 -0.9983490144 0.0204426235 -3.9738978603 0.0000000000 0.0000000000 0.0000000000 1.0000000000
0.2933792958 -0.0071153526 0.9559696442 -25.3055992641 -0.9547032429 0.0498078694 0.2933613712 -50.2945087812 -0.0497021808 -0.9987334719 0.0078195474 -3.9650319525 0.0000000000 0.0000000000 0.0000000000 1.0000000000
0.2779472606 -0.0197421082 0.9603934452 -25.2482901379 -0.9597283587 0.0367849678 0.2785109398 -50.2723555618 -0.0408264351 -0.9991281776 -0.0087227801 -3.9588946727 0.0000000000 0.0000000000 0.0000000000 1.0000000000
0.2756778057 -0.0328318241 0.9606892415 -25.1902149772 -0.9606020798 0.0272817812 0.2765851564 -50.2502323954 -0.0352901089 -0.9990884724 -0.0240173370 -3.9576090345 0.0000000000 0.0000000000 0.0000000000 1.0000000000
0.2825471029 -0.0469093496 0.9581057601 -25.1315628619 -0.9585496296 0.0244466232 0.2838749200 -50.2287448667 -0.0367388384 -0.9985999577 -0.0380576171 -3.9615459703 0.0000000000 0.0000000000 0.0000000000 1.0000000000
0.2908173779 -0.0587411348 0.9549736812 -25.0724708798 -0.9558039666 0.0272031890 0.2927435123 -50.2084635093 -0.0431744157 -0.9979025331 -0.0482338495 -3.9684591866 0.0000000000 0.0000000000 0.0000000000 1.0000000000
0.2975965331 -0.0657751595 0.9524231895 -25.0133121473 -0.9533930155 0.0315431787 0.3000779662 -50.1891336084 -0.0497801309 -0.9973357791 -0.0533224370 -3.9756747626 0.0000000000 0.0000000000 0.0000000000 1.0000000000
0.3109847645 -0.0659009619 0.9481273857 -24.9546587066 -0.9490051799 0.0327831793 0.3135513222 -50.1699683168 -0.0517459638 -0.9972874843 -0.0523452849 -3.9809712929 0.0000000000 0.0000000000 0.0000000000 1.0000000000
0.3284422145 -0.0674143507 0.9421151825 -24.8969162357 -0.9431558926 0.0302594299 0.3309702843 -50.1508788734 -0.0508200151 -0.9972660990 -0.0536437679 -3.9846121961 0.0000000000 0.0000000000 0.0000000000 1.0000000000
0.3455560127 -0.0614358817 0.9363848966 -24.8401887452 -0.9372598016 0.0265391546 0.3476201052 -50.1321945497 -0.0462072112 -0.9977581399 -0.0484106179 -3.9839999139 0.0000000000 0.0000000000 0.0000000000 1.0000000000
0.3404686909 -0.0531062241 0.9387549198 -24.7838618034 -0.9393893186 0.0236418235 0.3420362150 -50.1146800298 -0.0403581300 -0.9983089668 -0.0418381190 -3.9765946190 0.0000000000 0.0000000000 0.0000000000 1.0000000000
0.3388069714 -0.0502605841 0.9395124852 -24.7286666491 -0.9400691620 0.0227441129 0.3402244495 -50.0971003575 -0.0384682576 -0.9984771299 -0.0395425612 -3.9670785346 0.0000000000 0.0000000000 0.0000000000 1.0000000000
0.3402097518 -0.0511174909 0.9389591721 -24.6745037345 -0.9395798750 0.0219137159 0.3416276445 -50.0793545917 -0.0380392326 -0.9984521977 -0.0405737058 -3.9591435085 0.0000000000 0.0000000000 0.0000000000 1.0000000000
0.3359701026 -0.0590284748 0.9400211324 -24.6208723259 -0.9410612030 0.0203815610 0.3376216879 -50.0612741303 -0.0390883914 -0.9980482108 -0.0487018124 -3.9538935546 0.0000000000 0.0000000000 0.0000000000 1.0000000000
0.3325753836 -0.0649161156 0.9408397909 -24.5675959856 -0.9422648301 0.0185130474 0.3343564818 -50.0426509748 -0.0391229357 -0.9977189810 -0.0550111888 -3.9511944958 0.0000000000 0.0000000000 0.0000000000 1.0000000000
0.3385866829 -0.0704985635 0.9382904725 -24.5148320285 -0.9400666050 0.0174924787 0.3405419083 -50.0231807113 -0.0404207415 -0.9973584941 -0.0603506249 -3.9521134989 0.0000000000 0.0000000000 0.0000000000 1.0000000000
0.3475657673 -0.0762052639 0.9345537947 -24.4626709384 -0.9367276319 0.0161123055 0.3496880570 -50.0030616583 -0.0417058869 -0.9969619608 -0.0657834906 -3.9569239391 0.0000000000 0.0000000000 0.0000000000 1.0000000000
0.3490913491 -0.0773260539 0.9338928800 -24.4109764165 -0.9361470513 0.0158887666 0.3512495488 -49.9826862967 -0.0419991476 -0.9968792447 -0.0668419264 -3.9640750324 0.0000000000 0.0000000000 0.0000000000 1.0000000000
0.3439531513 -0.0758934575 0.9359147466 -24.3596291941 -0.9380593570 0.0165170011 0.3460806718 -49.9619591866 -0.0417237637 -0.9969791230 -0.0655114934 -3.9715977296 0.0000000000 0.0000000000 0.0000000000 1.0000000000
0.3405394523 -0.0746894542 0.9372589647 -24.3086114398 -0.9392719846 0.0179695713 0.3427028354 -49.9406214757 -0.0424384295 -0.9970449237 -0.0640343639 -3.9775074162 0.0000000000 0.0000000000 0.0000000000 1.0000000000
0.3474182785 -0.0729092032 0.9348715355 -24.2580229802 -0.9365801332 0.0219524630 0.3497652690 -49.9184014222 -0.0460238398 -0.9970969549 -0.0606586244 -3.9798783968 0.0000000000 0.0000000000 0.0000000000 1.0000000000
0.3409891547 -0.0716197923 0.9373350531 -24.2069837156 -0.9386901494 0.0280095868 0.3436222729 -49.8971195534 -0.0508645234 -0.9970386494 -0.0576778282 -3.9761866164 0.0000000000 0.0000000000 0.0000000000 1.0000000000
0.3330472877 -0.0733421755 0.9400534184 -24.1556892817 -0.9413876176 0.0307690741 0.3359205523 -49.8765819750 -0.0535617174 -0.9968320768 -0.0587958592 -3.9671813554 0.0000000000 0.0000000000 0.0000000000 1.0000000000
0.3417952383 -0.0759387775 0.9367012956 -24.1050291790 -0.9381651424 0.0307345312 0.3448210466 -49.8559579565 -0.0549743639 -0.9966386961 -0.0607381976 -3.9583312321 0.0000000000 0.0000000000 0.0000000000 1.0000000000
0.3165803478 -0.0794729660 0.9452306232 -24.0536786752 -0.9473677102 0.0235754291 0.3192782810 -49.8380714113 -0.0476582095 -0.9965582004 -0.0678266042 -3.9522902769 0.0000000000 0.0000000000 0.0000000000 1.0000000000
0.2912363286 -0.0837531763 0.9529778625 -24.0022518168 -0.9559419986 0.0128705561 0.2932733267 -49.8206828303 -0.0368279277 -0.9964034094 -0.0763148052 -3.9490065769 0.0000000000 0.0000000000 0.0000000000 1.0000000000
0.2906259489 -0.0865896658 0.9529106923 -23.9513225178 -0.9563819815 0.0044130421 0.2920856561 -49.8023480515 -0.0294968344 -0.9962342871 -0.0815302516 -3.9497148781 0.0000000000 0.0000000000 0.0000000000 1.0000000000
0.2853460490 -0.0861111369 0.9545483248 -23.9001161285 -0.9580602539 0.0018302308 0.2865609884 -49.7850349183 -0.0264231363 -0.9962838563 -0.0819774085 -3.9544093462 0.0000000000 0.0000000000 0.0000000000 1.0000000000
0.2827164408 -0.0868040899 0.9552677447 -23.8482862890 -0.9587702362 0.0043575351 0.2841489856 -49.7682223579 -0.0288279068 -0.9962158711 -0.0819932310 -3.9614973514 0.0000000000 0.0000000000 0.0000000000 1.0000000000
0.2974623780 -0.0848238714 0.9509579615 -23.7957292774 -0.9541899479 0.0071936925 0.2991150181 -49.7510087239 -0.0322129930 -0.9963699923 -0.0787982325 -3.9684990739 0.0000000000 0.0000000000 0.0000000000 1.0000000000
0.3142339670 -0.0807085823 0.9459086313 -23.7421659063 -0.9486676178 0.0109532012 0.3160850809 -49.7343622111 -0.0358715063 -0.9966775567 -0.0731237506 -3.9746661498 0.0000000000 0.0000000000 0.0000000000 1.0000000000
0.3319083827 -0.0762899331 0.9402216077 -23.6876731006 -0.9424343719 0.0161578524 0.3340005666 -49.7184028936 -0.0406728428 -0.9969547482 -0.0665353286 -3.9795277105 0.0000000000 0.0000000000 0.0000000000 1.0000000000
0.3472046817 -0.0710903303 0.9350909442 -23.6319458937 -0.9367816311 0.0199214956 0.3493469761 -49.7029188984 -0.0434636020 -0.9972709256 -0.0596792790 -3.9804335519 0.0000000000 0.0000000000 0.0000000000 1.0000000000
0.3605838687 -0.0715621366 0.9299774913 -23.5752266868 -0.9314973183 0.0235479320 0.3629851800 -49.6871737233 -0.0478750418 -0.9971581397 -0.0581689339 -3.9758683771 0.0000000000 0.0000000000 0.0000000000 1.0000000000
0.3922301612 -0.0751702159 0.9167905646 -23.5189461767 -0.9181259928 0.0293004869 0.3952039256 -49.6697070585 -0.0565699744 -0.9967401467 -0.0575231944 -3.9688547235 0.0000000000 0.0000000000 0.0000000000 1.0000000000
0.4081719228 -0.0816046762 0.9092504376 -23.4626521400 -0.9105991817 0.0343522289 0.4118604796 -49.6520462573 -0.0648445202 -0.9960725883 -0.0602875361 -3.9624424801 0.0000000000 0.0000000000 0.0000000000 1.0000000000
0.3970493666 -0.0994968695 0.9123881704 -23.4058800185 -0.9150629743 0.0337630480 0.4018952720 -49.6343125442 -0.0707923271 -0.9944648961 -0.0776403045 -3.9574105939 0.0000000000 0.0000000000 0.0000000000 1.0000000000
0.4029204856 -0.1091507933 0.9087030244 -23.3498596166 -0.9124964052 0.0288410920 0.4080667862 -49.6146488099 -0.0707488009 -0.9936067108 -0.0879790397 -3.9532134686 0.0000000000 0.0000000000 0.0000000000 1.0000000000
0.4135628944 -0.1141564549 0.9032906709 -23.2949055773 -0.9076980545 0.0257398830 0.4188337383 -49.5943358432 -0.0710631709 -0.9931292777 -0.0929745315 -3.9531081093 0.0000000000 0.0000000000 0.0000000000 1.0000000000
0.4109266146 -0.1165727801 0.9041847733 -23.2410860173 -0.9088995476 0.0248547808 0.4162737707 -49.5746423256 -0.0709995051 -0.9928711028 -0.0957394561 -3.9584461422 0.0000000000 0.0000000000 0.0000000000 1.0000000000
0.4022684749 -0.1119687579 0.9086490364 -23.1883625317 -0.9128747697 0.0263616293 0.4073876771 -49.5547833072 -0.0695681612 -0.9933619994 -0.0916090016 -3.9663593823 0.0000000000 0.0000000000 0.0000000000 1.0000000000
0.3922009579 -0.1040645130 0.9139742807 -23.1364549041 -0.9174210827 0.0283426244 0.3969071084 -49.5339839193 -0.0672083747 -0.9941666222 -0.0843549738 -3.9736786122 0.0000000000 0.0000000000 0.0000000000 1.0000000000
0.3895128484 -0.0951438246 0.9160935507 -23.0855332712 -0.9186655417 0.0309560171 0.3938214666 -49.5117008016 -0.0658282881 -0.9949820992 -0.0753475868 -3.9795387823 0.0000000000 0.0000000000 0.0000000000 1.0000000000
0.3913166688 -0.0847281193 0.9163473198 -23.0352585034 -0.9180802818 0.0324895324 0.3950607883 -49.4883014649 -0.0632444535 -0.9958742772 -0.0650735201 -3.9825950085 0.0000000000 0.0000000000 0.0000000000 1.0000000000
0.3828069013 -0.0721299036 0.9210082265 -22.9846881204 -0.9220046128 0.0327831416 0.3857884908 -49.4646881351 -0.0580204298 -0.9968563300 -0.0539544910 -3.9799061982 0.0000000000 0.0000000000 0.0000000000 1.0000000000
0.3621059386 -0.0623228889 0.9300511527 -22.9331014427 -0.9308001869 0.0292404758 0.3643569768 -49.4415672490 -0.0499029176 -0.9976276119 -0.0474220067 -3.9711558804 0.0000000000 0.0000000000 0.0000000000 1.0000000000
0.3588231509 -0.0569308761 0.9316677636 -22.8811202885 -0.9324777694 0.0226288427 0.3605178846 -49.4174821701 -0.0416071623 -0.9981216413 -0.0449670237 -3.9616835876 0.0000000000 0.0000000000 0.0000000000 1.0000000000
0.3342485565 -0.0585447158 0.9406648812 -22.8272829617 -0.9420838263 0.0083625682 0.3352732195 -49.3947413755 -0.0274948496 -0.9982497602 -0.0523588535 -3.9548425997 0.0000000000 0.0000000000 0.0000000000 1.0000000000
0.3114165976 -0.0651410101 0.9480381593 -22.7720238198 -0.9501574250 -0.0057529092 0.3117174549 -49.3718664307 -0.0148516124 -0.9978594855 -0.0636857658 -3.9512951641 0.0000000000 0.0000000000 0.0000000000 1.0000000000
0.3086641389 -0.0730664105 0.9483605585 -22.7160541683 -0.9511327880 -0.0147617634 0.3084291004 -49.3479833236 -0.0085363331 -0.9972178247 -0.0740522857 -3.9526418332 0.0000000000 0.0000000000 0.0000000000 1.0000000000
0.3150802015 -0.0808338430 0.9456163897 -22.6595223705 -0.9490258855 -0.0177834326 0.3146960727 -49.3239689922 -0.0086217875 -0.9965689336 -0.0823166170 -3.9590611269 0.0000000000 0.0000000000 0.0000000000 1.0000000000
0.3206414040 -0.0872666649 0.9431721048 -22.6024345223 -0.9471128099 -0.0159769430 0.3205028277 -49.3003611013 -0.0129002059 -0.9960568591 -0.0877742456 -3.9680881201 0.0000000000 0.0000000000 0.0000000000 1.0000000000
0.3263966852 -0.0869530634 0.9412249299 -22.5450773959 -0.9451282882 -0.0152092510 0.3263452121 -49.2768313498 -0.0140613898 -0.9960963023 -0.0871460491 -3.9765566906 0.0000000000 0.0000000000 0.0000000000 1.0000000000
0.3402124223 -0.0866662000 0.9363463448 -22.4879863303 -0.9402514648 -0.0170395205 0.3400541688 -49.2530353403 -0.0135163099 -0.9960916748 -0.0872850780 -3.9833621481 0.0000000000 0.0000000000 0.0000000000 1.0000000000
0.3598107013 -0.0851512799 0.9291315939 -22.4314822933 -0.9329309695 -0.0186722174 0.3595707921 -49.2291620533 -0.0132689660 -0.9961930575 -0.0861587298 -3.9868760559 0.0000000000 0.0000000000 0.0000000000 1.0000000000
0.3716306460 -0.0801846141 0.9249113961 -22.3752975758 -0.9283060484 -0.0194642163 0.3713071838 -49.2052718769 -0.0117704477 -0.9965899718 -0.0816693615 -3.9832985305 0.0000000000 0.0000000000 0.0000000000 1.0000000000
0.3825844333 -0.0803831849 0.9204171310 -22.3200830063 -0.9238203045 -0.0186086683 0.3823738518 -49.1804476972 -0.0136086910 -0.9965903176 -0.0813790051 -3.9756209162 0.0000000000 0.0000000000 0.0000000000 1.0000000000
0.3929964529 -0.0806543349 0.9159959969 -22.2661530019 -0.9194432880 -0.0200205619 0.3927126395 -49.1547485101 -0.0133352222 -0.9965410455 -0.0820250967 -3.9678008608 0.0000000000 0.0000000000 0.0000000000 1.0000000000
0.3967609412 -0.0911156751 0.9133885752 -22.2132567521 -0.9178355878 -0.0257284444 0.3961260923 -49.1278757707 -0.0125932292 -0.9955079010 -0.0938372510 -3.9620600932 0.0000000000 0.0000000000 0.0000000000 1.0000000000
0.4165330644 -0.0987756715 0.9037386641 -22.1616888047 -0.9090578258 -0.0335743139 0.4153151031 -49.0986935763 -0.0106806226 -0.9945431776 -0.1037776090 -3.9584395026 0.0000000000 0.0000000000 0.0000000000 1.0000000000
0.4209778900 -0.1011309847 0.9014156311 -22.1101834936 -0.9070443306 -0.0393281615 0.4191943202 -49.0696014415 -0.0069425149 -0.9940954781 -0.1082865728 -3.9578772390 0.0000000000 0.0000000000 0.0000000000 1.0000000000
0.4206210609 -0.1058279404 0.9010429347 -22.0589459277 -0.9072190663 -0.0429209153 0.4184630938 -49.0403997612 -0.0056114999 -0.9934577203 -0.1140625662 -3.9621330398 0.0000000000 0.0000000000 0.0000000000 1.0000000000
0.4368278737 -0.1101345011 0.8927775761 -22.0086350998 -0.8995026431 -0.0438359124 0.4347107174 -49.0098289918 -0.0087409283 -0.9929495478 -0.1182150232 -3.9701678729 0.0000000000 0.0000000000 0.0000000000 1.0000000000
0.4467966860 -0.1109231472 0.8877323791 -21.9587641646 -0.8945402117 -0.0409069617 0.4451117053 -48.9788703366 -0.0130587568 -0.9929867451 -0.1175023104 -3.9792259056 0.0000000000 0.0000000000 0.0000000000 1.0000000000
0.4467955900 -0.1082742127 0.8880599054 -21.9094208088 -0.8944904766 -0.0361572320 0.4456225330 -48.9475245893 -0.0161396410 -0.9934633106 -0.1130051439 -3.9868802861 0.0000000000 0.0000000000 0.0000000000 1.0000000000
0.4506534562 -0.1060924099 0.8863723050 -21.8611471203 -0.8924612103 -0.0306284566 0.4500831986 -48.9149540771 -0.0206021955 -0.9938844491 -0.1084861803 -3.9912026350 0.0000000000 0.0000000000 0.0000000000 1.0000000000
0.4569684796 -0.1028875789 0.8835122833 -21.8138819152 -0.8891447580 -0.0254524302 0.4569176874 -48.8810774835 -0.0245236199 -0.9943672963 -0.1031129098 -3.9885666341 0.0000000000 0.0000000000 0.0000000000 1.0000000000
0.4587258192 -0.0967577120 0.8832941571 -21.7670758156 -0.8883551377 -0.0276828958 0.4583217282 -48.8470449855 -0.0198940217 -0.9949229128 -0.0986540696 -3.9783290196 0.0000000000 0.0000000000 0.0000000000 1.0000000000
0.4616240975 -0.0901330812 0.8824846856 -21.7212127944 -0.8869919955 -0.0332385130 0.4605870181 -48.8134130759 -0.0121816484 -0.9953749188 -0.0952910201 -3.9666237787 0.0000000000 0.0000000000 0.0000000000 1.0000000000
0.4429016535 -0.0861198791 0.8924245020 -21.6750763330 -0.8965689034 -0.0442362431 0.4406896370 -48.7821099871 0.0015253689 -0.9953022261 -0.0968047107 -3.9576266178 0.0000000000 0.0000000000 0.0000000000 1.0000000000
0.4301495479 -0.0828511381 0.8989477490 -21.6290814646 -0.9026547635 -0.0545058851 0.4268998552 -48.7513959230 0.0136288039 -0.9950702475 -0.0982316563 -3.9519840129 0.0000000000 0.0000000000 0.0000000000 1.0000000000
0.4450209449 -0.0824714421 0.8917145394 -21.5836663712 -0.8954074398 -0.0567768412 0.4416128475 -48.7202655624 0.0142082864 -0.9949747994 -0.0991124263 -3.9514108589 0.0000000000 0.0000000000 0.0000000000 1.0000000000
0.4573122018 -0.0808268650 0.8856255235 -21.5377921004 -0.8892703461 -0.0505069539 0.4545847546 -48.6905237124 0.0079875869 -0.9954476709 -0.0949743805 -3.9550908104 0.0000000000 0.0000000000 0.0000000000 1.0000000000
0.4702408635 -0.0784138387 0.8790476666 -21.4913577041 -0.8825375693 -0.0406699993 0.4684798715 -48.6613321919 -0.0009844371 -0.9960909703 -0.0883278542 -3.9607728759 0.0000000000 0.0000000000 0.0000000000 1.0000000000
0.4943434225 -0.0723925641 0.8662470186 -21.4445590087 -0.8692372401 -0.0329644981 0.4932950054 -48.6315317778 -0.0071554921 -0.9968313090 -0.0792220954 -3.9666272408 0.0000000000 0.0000000000 0.0000000000 1.0000000000
0.5134276905 -0.0647063716 0.8556898341 -21.3969673534 -0.8580727338 -0.0269076996 0.5128227366 -48.6021189541 -0.0101582535 -0.9975415085 -0.0693379312 -3.9718812582 0.0000000000 0.0000000000 0.0000000000 1.0000000000
0.5290396089 -0.0568069988 0.8466936029 -21.3490623633 -0.8485036123 -0.0205986975 0.5287885340 -48.5729146202 -0.0125981042 -0.9981726597 -0.0590984705 -3.9755455136 0.0000000000 0.0000000000 0.0000000000 1.0000000000
0.5488677889 -0.0421540125 0.8348456082 -21.3013478985 -0.8358213314 -0.0131972504 0.5488429052 -48.5431294359 -0.0121182642 -0.9990239596 -0.0424767685 -3.9738414638 0.0000000000 0.0000000000 0.0000000000 1.0000000000
0.5664295003 -0.0337571433 0.8234185306 -21.2539146998 -0.8239719065 -0.0048944081 0.5666095147 -48.5124509155 -0.0150969723 -0.9994180807 -0.0305872749 -3.9660915672 0.0000000000 0.0000000000 0.0000000000 1.0000000000
0.5894062597 -0.0283013170 0.8073408799 -21.2072310161 -0.8076030691 0.0033947580 0.5897166764 -48.4806708003 -0.0194304855 -0.9995936730 -0.0208553389 -3.9559301651 0.0000000000 0.0000000000 0.0000000000 1.0000000000
0.6057297675 -0.0317113457 0.7950382628 -21.1607320367 -0.7952631881 0.0078363899 0.6062137021 -48.4482380568 -0.0254540821 -0.9994663484 -0.0204721313 -3.9469639032 0.0000000000 0.0000000000 0.0000000000 1.0000000000
0.6226437552 -0.0408932460 0.7814361756 -21.1146007890 -0.7819364158 0.0055615826 0.6233333862 -48.4146844454 -0.0298361474 -0.9991480427 -0.0285130336 -3.9402628434 0.0000000000 0.0000000000 0.0000000000 1.0000000000
0.6447743339 -0.0449175629 0.7630520762 -21.0690675881 -0.7637792464 0.0014790207 0.6454758518 -48.3801332445 -0.0301217720 -0.9989896021 -0.0333534677 -3.9367190949 0.0000000000 0.0000000000 0.0000000000 1.0000000000
0.6583621433 -0.0468632685 0.7512410547 -21.0236962718 -0.7521061142 -0.0012737208 0.6590407959 -48.3456288841 -0.0299279344 -0.9989005014 -0.0360847203 -3.9380551198 0.0000000000 0.0000000000 0.0000000000 1.0000000000
0.6619522460 -0.0454105002 0.7481691724 -20.9785603324 -0.7490436408 -0.0035378192 0.6625112135 -48.3112772073 -0.0274380783 -0.9989621466 -0.0363563137 -3.9433167371 0.0000000000 0.0000000000 0.0000000000 1.0000000000
0.6598443162 -0.0408256040 0.7502924420 -20.9337727186 -0.7510778745 -0.0064945407 0.6601816775 -48.2766933492 -0.0220795109 -0.9991451801 -0.0349485937 -3.9499683641 0.0000000000 0.0000000000 0.0000000000 1.0000000000
0.6610032163 -0.0354367052 0.7495458545 -20.8897404183 -0.7501504050 -0.0063336487 0.6612369128 -48.2415217703 -0.0186846974 -0.9993518524 -0.0307694209 -3.9561373973 0.0000000000 0.0000000000 0.0000000000 1.0000000000
0.6650507287 -0.0285396502 0.7462526493 -20.8465428722 -0.7465935953 -0.0020198485 0.6652773284 -48.2061340429 -0.0174794649 -0.9995906205 -0.0226508217 -3.9608640204 0.0000000000 0.0000000000 0.0000000000 1.0000000000
0.6654600792 -0.0199971732 0.7461655286 -20.8039662926 -0.7462114692 0.0065544655 0.6656767100 -48.1709492629 -0.0182023687 -0.9997785515 -0.0105603849 -3.9621897254 0.0000000000 0.0000000000 0.0000000000 1.0000000000
0.6504378907 -0.0136439549 0.7594368919 -20.7609754397 -0.7592721341 0.0158184764 0.6505809728 -48.1369219325 -0.0208896320 -0.9997817853 -0.0000705383 -3.9571702699 0.0000000000 0.0000000000 0.0000000000 1.0000000000
0.6466487890 -0.0083785029 0.7627418596 -20.7187265511 -0.7624609941 0.0221711016 0.6466542158 -48.1027271193 -0.0223288215 -0.9997190820 0.0079486343 -3.9470702423 0.0000000000 0.0000000000 0.0000000000 1.0000000000
0.6495271950 -0.0083232960 0.7602928026 -20.6764960586 -0.7600123375 0.0221722602 0.6495303208 -48.0686806903 -0.0222636429 -0.9997195175 0.0080756783 -3.9373475154 0.0000000000 0.0000000000 0.0000000000 1.0000000000
0.6376359113 -0.0120774181 0.7702431958 -20.6325673870 -0.7700751399 0.0161187731 0.6377495308 -48.0355870375 -0.0201177431 -0.9997971400 0.0009773891 -3.9298378297 0.0000000000 0.0000000000 0.0000000000 1.0000000000
0.6395256898 -0.0216014489 0.7684661798 -20.5882559625 -0.7684558484 0.0105990069 0.6398150281 -48.0015653187 -0.0219659100 -0.9997104773 -0.0098214226 -3.9265967508 0.0000000000 0.0000000000 0.0000000000 1.0000000000
0.6565288614 -0.0340615175 0.7535314639 -20.5437505755 -0.7537441563 0.0087504151 0.6571097146 -47.9666516613 -0.0289758671 -0.9993814303 -0.0199287697 -3.9292034932 0.0000000000 0.0000000000 0.0000000000 1.0000000000
0.6700804860 -0.0472930603 0.7407803377 -20.4982719886 -0.7412794421 0.0093824792 0.6711309543 -47.9318543582 -0.0386901928 -0.9988369915 -0.0287703572 -3.9364123522 0.0000000000 0.0000000000 0.0000000000 1.0000000000
0.6808814870 -0.0567239322 0.7301936703 -20.4520242368 -0.7309520366 0.0098926364 0.6823571322 -47.8966669062 -0.0459295202 -0.9983408893 -0.0347267608 -3.9442001540 0.0000000000 0.0000000000 0.0000000000 1.0000000000
0.7068126162 -0.0565168591 0.7051395395 -20.3586932744 -0.7060736119 0.0046681461 0.7081230564 -47.8247086032 -0.0433125854 -0.9983907317 -0.0366055583 -3.9528359592 0.0000000000 0.0000000000 0.0000000000 1.0000000000
0.7192295144 -0.0518315496 0.6928364858 -20.3119611935 -0.6935248792 0.0061765035 0.7204061998 -47.7886746485 -0.0416190767 -0.9986367414 -0.0315041456 -3.9534041236 0.0000000000 0.0000000000 0.0000000000 1.0000000000
0.7246904008 -0.0421506644 0.6877842281 -20.2649945466 -0.6880822679 0.0092825144 0.7255733096 -47.7525301367 -0.0369677640 -0.9990681440 -0.0222761757 -3.9482582786 0.0000000000 0.0000000000 0.0000000000 1.0000000000
0.7353511688 -0.0375392512 0.6766457443 -20.2191369255 -0.6767493739 0.0118065997 0.7361188010 -47.7151944524 -0.0356222340 -0.9992254044 -0.0167226679 -3.9385947959 0.0000000000 0.0000000000 0.0000000000 1.0000000000
0.7600162305 -0.0331825758 0.6490564275 -20.1755109375 -0.6490249957 0.0131750536 0.7606529911 -47.6763194197 -0.0337917788 -0.9993624641 -0.0115230665 -3.9288714411 0.0000000000 0.0000000000 0.0000000000 1.0000000000
0.7728536227 -0.0367034576 0.6335220076 -20.1325763905 -0.6336346904 0.0099621156 0.7735682487 -47.6368785847 -0.0347038489 -0.9992765445 -0.0155573268 -3.9221059806 0.0000000000 0.0000000000 0.0000000000 1.0000000000
0.7742495732 -0.0460656842 0.6312016723 -20.0899121850 -0.6319107562 -0.0010818253 0.7750404027 -47.5964315700 -0.0350199165 -0.9989378271 -0.0299470041 -3.9177676521 0.0000000000 0.0000000000 0.0000000000 1.0000000000
0.7823929134 -0.0512057352 0.6206764871 -20.0483481411 -0.6220350796 -0.0153534357 0.7828388287 -47.5542955125 -0.0305563212 -0.9985701000 -0.0438641828 -3.9152634594 0.0000000000 0.0000000000 0.0000000000 1.0000000000
0.8010424380 -0.0575115798 0.5958384267 -20.0083864729 -0.5979363691 -0.0297514509 0.8009912295 -47.5105208521 -0.0283392134 -0.9979014327 -0.0582204400 -3.9165408343 0.0000000000 0.0000000000 0.0000000000 1.0000000000
0.8140113072 -0.0641151236 0.5772996126 -19.9690223279 -0.5801549607 -0.0411719479 0.8134648685 -47.4662683862 -0.0283868510 -0.9970928350 -0.0707111381 -3.9221295957 0.0000000000 0.0000000000 0.0000000000 1.0000000000
0.8189053711 -0.0678522207 0.5699035615 -19.9302725267 -0.5732423162 -0.0481542179 0.8179696927 -47.4216260475 -0.0280577998 -0.9965326123 -0.0783295118 -3.9295451372 0.0000000000 0.0000000000 0.0000000000 1.0000000000
0.8241914497 -0.0696677812 0.5620096570 -19.8927407532 -0.5656291748 -0.0525770403 0.8229819508 -47.3759958765 -0.0277865221 -0.9961837457 -0.0827396766 -3.9362477576 0.0000000000 0.0000000000 0.0000000000 1.0000000000
0.8303586240 -0.0683247005 0.5530246747 -19.8566911136 -0.5565648294 -0.0532384056 0.8290966547 -47.3296042937 -0.0272056287 -0.9962416411 -0.0822340945 -3.9410434705 0.0000000000 0.0000000000 0.0000000000 1.0000000000
0.8332523425 -0.0670831441 0.5488081500 -19.8218638922 -0.5521364451 -0.0490560176 0.8323093494 -47.2828513776 -0.0289115858 -0.9965406961 -0.0779150902 -3.9431636606 0.0000000000 0.0000000000 0.0000000000 1.0000000000
0.8309858880 -0.0655351314 0.5524197683 -19.7877131029 -0.5555073772 -0.0449835452 0.8302939447 -47.2355730393 -0.0295636231 -0.9968358075 -0.0737859402 -3.9390524647 0.0000000000 0.0000000000 0.0000000000 1.0000000000
0.8334992563 -0.0609197597 0.5491518666 -19.7543576682 -0.5519302909 -0.0458712598 0.8326276368 -47.1875860167 -0.0255331876 -0.9970880655 -0.0718571216 -3.9276414759 0.0000000000 0.0000000000 0.0000000000 1.0000000000
0.8447523117 -0.0594994921 0.5318395832 -19.7223790242 -0.5346274869 -0.0496093188 0.8436304675 -47.1395104260 -0.0238113849 -0.9969948475 -0.0737176506 -3.9155260966 0.0000000000 0.0000000000 0.0000000000 1.0000000000
0.8362446873 -0.0574976932 0.5453336943 -19.6246291817 -0.5482931493 -0.0725607146 0.8331323815 -47.0006772850 -0.0083333875 -0.9957052566 -0.0922041034 -3.9012017476 0.0000000000 0.0000000000 0.0000000000 1.0000000000
0.8411883158 -0.0564395735 0.5377887986 -19.5933028977 -0.5406680862 -0.0713115286 0.8382080210 -46.9544435676 -0.0089575619 -0.9958560340 -0.0905015008 -3.9041670826 0.0000000000 0.0000000000 0.0000000000 1.0000000000
0.8485706219 -0.0559718000 0.5261131602 -19.5621683476 -0.5289261711 -0.0656016720 0.8461285518 -46.9082192453 -0.0128454351 -0.9962748507 -0.0852726015 -3.9104241939 0.0000000000 0.0000000000 0.0000000000 1.0000000000
0.8592381466 -0.0527339873 0.5088506008 -19.5313040309 -0.5113509885 -0.0590470369 0.8573410138 -46.8614423368 -0.0151648900 -0.9968613615 -0.0777010431 -3.9174715337 0.0000000000 0.0000000000 0.0000000000 1.0000000000
0.8698382416 -0.0439919806 0.4913716914 -19.5003527978 -0.4931597914 -0.0508407242 0.8684518645 -46.8141428906 -0.0132232249 -0.9977374035 -0.0659182821 -3.9230120247 0.0000000000 0.0000000000 0.0000000000 1.0000000000
0.8777845728 -0.0363897837 0.4776714639 -19.4690664793 -0.4789242153 -0.0433106514 0.8767871940 -46.7665004640 -0.0112178341 -0.9983987035 -0.0554453702 -3.9260324211 0.0000000000 0.0000000000 0.0000000000 1.0000000000
0.8886410159 -0.0248061969 0.4579320883 -19.4383218388 -0.4585343657 -0.0307258020 0.8881453488 -46.7181078595 -0.0079611777 -0.9992199846 -0.0386787017 -3.9230195854 0.0000000000 0.0000000000 0.0000000000 1.0000000000
0.8960533443 -0.0168305934 0.4436272482 -19.4080198951 -0.4439030580 -0.0200044916 0.8958514918 -46.6688959290 -0.0062031747 -0.9996582173 -0.0253962434 -3.9137840705 0.0000000000 0.0000000000 0.0000000000 1.0000000000
0.9052214469 -0.0120137496 0.4247702931 -19.3786488395 -0.4249041409 -0.0125767861 0.9051509794 -46.6191585319 -0.0055320121 -0.9998487357 -0.0164894685 -3.9033363303 0.0000000000 0.0000000000 0.0000000000 1.0000000000
0.9137829037 -0.0106426553 0.4060634665 -19.3498340358 -0.4061652781 -0.0103320178 0.9137412195 -46.5692774500 -0.0055291778 -0.9998899856 -0.0137638983 -3.8955520256 0.0000000000 0.0000000000 0.0000000000 1.0000000000
0.9173064134 -0.0181000686 0.3977704507 -19.3208839078 -0.3980553434 -0.0164852523 0.9172132686 -46.5192129322 -0.0100442768 -0.9997002671 -0.0223268567 -3.8909629581 0.0000000000 0.0000000000 0.0000000000 1.0000000000
0.9218066442 -0.0224342818 0.3870002760 -19.2923081965 -0.3874453514 -0.0208853455 0.9216560649 -46.4686251792 -0.0125940574 -0.9995301423 -0.0279443085 -3.8882847507 0.0000000000 0.0000000000 0.0000000000 1.0000000000
0.9271689344 -0.0285885487 0.3735511503 -19.2639737081 -0.3742308695 -0.0238878141 0.9270278468 -46.4174971434 -0.0175790603 -0.9993057926 -0.0328467566 -3.8887650507 0.0000000000 0.0000000000 0.0000000000 1.0000000000
0.9337923919 -0.0365038279 0.3559483662 -19.2363155426 -0.3569621957 -0.0263858330 0.9337460997 -46.3657781145 -0.0246933128 -0.9989851142 -0.0376693766 -3.8933433383 0.0000000000 0.0000000000 0.0000000000 1.0000000000
0.9381937395 -0.0417507110 0.3435831563 -19.2091357333 -0.3447983847 -0.0263850318 0.9383058691 -46.3135061571 -0.0301094847 -0.9987796094 -0.0391498493 -3.9007221302 0.0000000000 0.0000000000 0.0000000000 1.0000000000
0.9390474446 -0.0447591987 0.3408614247 -19.1823963392 -0.3420822985 -0.0230207024 0.9393879648 -46.2605212692 -0.0341993831 -0.9987325275 -0.0369288613 -3.9086834982 0.0000000000 0.0000000000 0.0000000000 1.0000000000
0.9403631700 -0.0473580924 0.3368594953 -19.1569117004 -0.3379384714 -0.0167599318 0.9410189659 -46.2064633854 -0.0389191210 -0.9987373608 -0.0317645440 -3.9144968554 0.0000000000 0.0000000000 0.0000000000 1.0000000000
0.9421860863 -0.0511350378 0.3311654975 -19.1327360806 -0.3320441569 -0.0095210254 0.9432157908 -46.1513382027 -0.0450783400 -0.9986463628 -0.0259496682 -3.9152502118 0.0000000000 0.0000000000 0.0000000000 1.0000000000
0.9411529631 -0.0504785195 0.3341900944 -19.1087055650 -0.3348852522 -0.0057554184 0.9422413401 -46.0961562005 -0.0456395441 -0.9987085632 -0.0223212408 -3.9087304002 0.0000000000 0.0000000000 0.0000000000 1.0000000000
0.9421526043 -0.0483940746 0.3316722534 -19.0856593888 -0.3321080709 -0.0010267344 0.9432407832 -46.0416894562 -0.0453067255 -0.9988277926 -0.0170394033 -3.8967730869 0.0000000000 0.0000000000 0.0000000000 1.0000000000
0.9387714904 -0.0483614185 0.3411293919 -19.0628241654 -0.3415123786 0.0003650652 0.9398772058 -45.9886972731 -0.0455783294 -0.9988298353 -0.0161733102 -3.8854500001 0.0000000000 0.0000000000 0.0000000000 1.0000000000
0.9278312544 -0.0462498422 0.3701217576 -19.0397230304 -0.3708554402 -0.0081260232 0.9286550545 -45.9370159510 -0.0399425317 -0.9988968515 -0.0246915839 -3.8768202454 0.0000000000 0.0000000000 0.0000000000 1.0000000000
0.9277181920 -0.0449980272 0.3705592175 -19.0193294234 -0.3715580466 -0.0160389170 0.9282711733 -45.8853089853 -0.0358270029 -0.9988583136 -0.0315989742 -3.8713681147 0.0000000000 0.0000000000 0.0000000000 1.0000000000
0.9313859636 -0.0447344797 0.3612741523 -19.0003200034 -0.3623030036 -0.0172661936 0.9319004304 -45.8338435745 -0.0354502514 -0.9988496908 -0.0322889267 -3.8705416055 0.0000000000 0.0000000000 0.0000000000 1.0000000000
0.9340371078 -0.0452745746 0.3542949253 -18.9815334667 -0.3552138577 -0.0139154973 0.9346814828 -45.7825946705 -0.0373871164 -0.9988776561 -0.0290797471 -3.8746388607 0.0000000000 0.0000000000 0.0000000000 1.0000000000
0.9417836847 -0.0480734174 0.3327648386 -18.9636142564 -0.3335782121 -0.0097881714 0.9426716120 -45.7306790716 -0.0420602865 -0.9987958441 -0.0252545848 -3.8827811513 0.0000000000 0.0000000000 0.0000000000 1.0000000000
0.9503112696 -0.0464350941 0.3078185716 -18.9455166268 -0.3083881012 -0.0054664619 0.9512449195 -45.6781782373 -0.0424884688 -0.9989063519 -0.0195148708 -3.8923938395 0.0000000000 0.0000000000 0.0000000000 1.0000000000
0.9551997282 -0.0465812102 0.2922732799 -18.9262202889 -0.2926696649 -0.0017770906 0.9562119583 -45.6252030541 -0.0440221141 -0.9989129255 -0.0153303836 -3.9001460292 0.0000000000 0.0000000000 0.0000000000 1.0000000000
0.9593536786 -0.0463655485 0.2783716135 -18.9061278301 -0.2784443961 0.0050117995 0.9604392746 -45.5715398679 -0.0459264365 -0.9989119670 -0.0081021389 -3.9015150173 0.0000000000 0.0000000000 0.0000000000 1.0000000000
0.9576250625 -0.0458612869 0.2843430709 -18.8847242371 -0.2842731660 0.0081768007 0.9587084578 -45.5171887903 -0.0462926202 -0.9989143518 -0.0052068239 -3.8938943534 0.0000000000 0.0000000000 0.0000000000 1.0000000000
0.9596581328 -0.0481151250 0.2770220260 -18.8646801847 -0.2772592564 0.0018049789 0.9607934465 -45.4622072145 -0.0467287157 -0.9988401658 -0.0116082011 -3.8823072795 0.0000000000 0.0000000000 0.0000000000 1.0000000000
0.9723418593 -0.0486439656 0.2284405246 -18.8485251751 -0.2289663178 -0.0054512281 0.9734190821 -45.4071101658 -0.0461056830 -0.9988013059 -0.0164382870 -3.8724415055 0.0000000000 0.0000000000 0.0000000000 1.0000000000
0.9803239782 -0.0593010797 0.1882771354 -18.8340323068 -0.1895656949 -0.0168588246 0.9817232947 -45.3526442321 -0.0550431201 -0.9980977718 -0.0277685604 -3.8669100576 0.0000000000 0.0000000000 0.0000000000 1.0000000000
0.9834207693 -0.0671803527 0.1684351230 -18.8203360988 -0.1706400684 -0.0285165049 0.9849206953 -45.2984523368 -0.0613641386 -0.9973332488 -0.0395073832 -3.8634299221 0.0000000000 0.0000000000 0.0000000000 1.0000000000
0.9874744766 -0.0605616201 0.1456929929 -18.7953280999 -0.1484981438 -0.0447117550 0.9879013920 -45.1906265624 -0.0533147194 -0.9971625490 -0.0531450050 -3.8630781776 0.0000000000 0.0000000000 0.0000000000 1.0000000000
0.9909820375 -0.0511933656 0.1238298862 -18.7736556717 -0.1262786580 -0.0477320026 0.9908457783 -45.0844018994 -0.0448140817 -0.9975474401 -0.0537661867 -3.8772758299 0.0000000000 0.0000000000 0.0000000000 1.0000000000
0.9907536268 -0.0510853838 0.1256882437 -18.7629454170 -0.1278125007 -0.0406812016 0.9909636747 -45.0312565277 -0.0455106109 -0.9978653834 -0.0468343987 -3.8842539136 0.0000000000 0.0000000000 0.0000000000 1.0000000000
0.9921066385 -0.0522733358 0.1139820874 -18.7537481461 -0.1157447083 -0.0320226855 0.9927626655 -44.9776368194 -0.0482450037 -0.9981192544 -0.0378202809 -3.8887610086 0.0000000000 0.0000000000 0.0000000000 1.0000000000
0.9935528661 -0.0521505152 0.1006629332 -18.7455704629 -0.1018320827 -0.0202622079 0.9945952292 -44.9234458193 -0.0498290004 -0.9984336566 -0.0254421703 -3.8887492670 0.0000000000 0.0000000000 0.0000000000 1.0000000000
0.9925168815 -0.0497167728 0.1115279442 -18.7365531094 -0.1120986851 -0.0088345430 0.9936578061 -44.8685520980 -0.0484161610 -0.9987242829 -0.0143416179 -3.8818710251 0.0000000000 0.0000000000 0.0000000000 1.0000000000
0.9932402279 -0.0471741174 0.1060587207 -18.7286469327 -0.1063813216 -0.0043741778 0.9943157853 -44.8128128839 -0.0464420499 -0.9988771042 -0.0093630544 -3.8703806165 0.0000000000 0.0000000000 0.0000000000 1.0000000000
0.9950943524 -0.0438012931 0.0887055612 -18.7214019632 -0.0891676638 -0.0087075267 0.9959785674 -44.7564028852 -0.0428527431 -0.9990023152 -0.0125704696 -3.8600741363 0.0000000000 0.0000000000 0.0000000000 1.0000000000
0.9938921491 -0.0335844357 0.1051212713 -18.7118670426 -0.1057619590 -0.0179019073 0.9942303203 -44.6993353629 -0.0315087930 -0.9992755413 -0.0213445208 -3.8525961884 0.0000000000 0.0000000000 0.0000000000 1.0000000000
0.9919009077 -0.0233033871 0.1248580854 -18.7018911650 -0.1256111693 -0.0342699338 0.9914874713 -44.6412912237 -0.0188261380 -0.9991408929 -0.0369195442 -3.8488203468 0.0000000000 0.0000000000 0.0000000000 1.0000000000
0.9930740290 -0.0162435828 0.1163620169 -18.6930377956 -0.1170199164 -0.0482116479 0.9919586565 -44.5826396225 -0.0105029579 -0.9987050531 -0.0497785582 -3.8495533617 0.0000000000 0.0000000000 0.0000000000 1.0000000000
0.9945086959 -0.0133470919 0.1037993688 -18.6837791528 -0.1043707965 -0.0535780999 0.9930942171 -44.5239526834 -0.0076935469 -0.9984744575 -0.0546769329 -3.8545968653 0.0000000000 0.0000000000 0.0000000000 1.0000000000
0.9953212229 -0.0153651792 0.0953916897 -18.6737638002 -0.0961093678 -0.0559531443 0.9937968782 -44.4652906750 -0.0099324021 -0.9983151591 -0.0571680896 -3.8625336400 0.0000000000 0.0000000000 0.0000000000 1.0000000000
0.9975946403 -0.0130594731 0.0680763086 -18.6647434766 -0.0687026040 -0.0557449525 0.9960785373 -44.4064728699 -0.0092133503 -0.9983596298 -0.0565080857 -3.8709702472 0.0000000000 0.0000000000 0.0000000000 1.0000000000
0.9991517780 -0.0071087986 0.0405609358 -18.6557446667 -0.0408815685 -0.0530311682 0.9977556778 -44.3476864282 -0.0049418504 -0.9985675541 -0.0532768049 -3.8777873206 0.0000000000 0.0000000000 0.0000000000 1.0000000000
0.9996923973 -0.0008191065 0.0247878956 -18.6462407334 -0.0247977428 -0.0502342285 0.9984295640 -44.2890234205 0.0004273806 -0.9987371283 -0.0502390883 -3.8811023098 0.0000000000 0.0000000000 0.0000000000 1.0000000000
0.9996034989 0.0077497051 0.0270700382 -18.6362245784 -0.0267155290 -0.0426808294 0.9987315091 -44.2301230802 0.0088952463 -0.9990587014 -0.0424568690 -3.8762217069 0.0000000000 0.0000000000 0.0000000000 1.0000000000
0.9988765617 0.0146648276 0.0450617049 -18.6261744072 -0.0443669987 -0.0446744688 0.9980159123 -44.1709451615 0.0166488390 -0.9988939557 -0.0439736454 -3.8655725606 0.0000000000 0.0000000000 0.0000000000 1.0000000000
0.9993225288 0.0193474524 0.0313074986 -18.6184968338 -0.0302749007 -0.0515381228 0.9982120277 -44.1123144467 0.0209263895 -0.9984835993 -0.0509174651 -3.8547141603 0.0000000000 0.0000000000 0.0000000000 1.0000000000
0.9997781883 0.0186558304 0.0097741624 -18.6122022583 -0.0085439835 -0.0649179860 0.9978540251 -44.0544395434 0.0192503144 -0.9977161997 -0.0647441914 -3.8466111012 0.0000000000 0.0000000000 0.0000000000 1.0000000000
0.9998306287 0.0171506559 -0.0066759987 -18.6068982715 0.0080033368 -0.0785283889 0.9968797514 -43.9971172173 0.0165728862 -0.9967643388 -0.0786523509 -3.8411866813 0.0000000000 0.0000000000 0.0000000000 1.0000000000
0.9997949724 0.0175907342 -0.0100289181 -18.6018063611 0.0114979960 -0.0855061190 0.9962712982 -43.9401822444 0.0166676097 -0.9961823476 -0.0856908461 -3.8383344829 0.0000000000 0.0000000000 0.0000000000 1.0000000000
0.9996133090 0.0172977737 -0.0217719884 -18.5976720106 0.0232659164 -0.0914630695 0.9955366412 -43.8838377205 0.0152292347 -0.9956582215 -0.0918301501 -3.8394251262 0.0000000000 0.0000000000 0.0000000000 1.0000000000
0.9986489023 0.0153300644 -0.0496523821 -18.5944966535 0.0508965142 -0.0957779421 0.9941006642 -43.8284311060 0.0104840242 -0.9952846703 -0.0964287836 -3.8447171295 0.0000000000 0.0000000000 0.0000000000 1.0000000000
0.9977461797 0.0090539266 -0.0664874968 -18.5906414288 0.0670449429 -0.0939746071 0.9933145267 -43.7737201183 0.0027452604 -0.9955334247 -0.0943698252 -3.8519372105 0.0000000000 0.0000000000 0.0000000000 1.0000000000
0.9978336045 -0.0001672634 -0.0657880674 -18.5860770928 0.0655156244 -0.0884222006 0.9939261630 -43.7190954563 -0.0059833732 -0.9960830721 -0.0882196848 -3.8583052586 0.0000000000 0.0000000000 0.0000000000 1.0000000000
0.9979756874 -0.0077752994 -0.0631195062 -18.5818246053 0.0622679426 -0.0823520380 0.9946561442 -43.6643449838 -0.0129317693 -0.9965729710 -0.0817011798 -3.8618347350 0.0000000000 0.0000000000 0.0000000000 1.0000000000
0.9978611449 -0.0149159471 -0.0636447173 -18.5783543083 0.0623250989 -0.0765631554 0.9951149005 -43.6095450056 -0.0197159216 -0.9969531573 -0.0754697600 -3.8610412868 0.0000000000 0.0000000000 0.0000000000 1.0000000000
0.9987364775 -0.0172316316 -0.0472071961 -18.5743282963 0.0459198978 -0.0687027768 0.9965797968 -43.5546007256 -0.0204159614 -0.9974883455 -0.0678246945 -3.8540898712 0.0000000000 0.0000000000 0.0000000000 1.0000000000
0.9994308081 -0.0159059696 -0.0297499567 -18.5701426753 0.0287456592 -0.0600218605 0.9977830743 -43.4998818075 -0.0176563550 -0.9980703264 -0.0595304690 -3.8432058823 0.0000000000 0.0000000000 0.0000000000 1.0000000000
0.9998214917 -0.0148187908 -0.0117212696 -18.5654279664 0.0108563849 -0.0571551378 0.9983062802 -43.4457109291 -0.0154636227 -0.9982553249 -0.0569840567 -3.8348540752 0.0000000000 0.0000000000 0.0000000000 1.0000000000
0.9996110840 -0.0088377229 0.0264494887 -18.5590309142 -0.0269105332 -0.0569215205 0.9980159136 -43.3913696369 -0.0073146430 -0.9983395390 -0.0571372106 -3.8293222263 0.0000000000 0.0000000000 0.0000000000 1.0000000000
0.9986090387 -0.0050546711 0.0524827409 -18.5529965243 -0.0526898165 -0.0590082594 0.9968659933 -43.3365418101 -0.0019419146 -0.9982446973 -0.0591925109 -3.8271836572 0.0000000000 0.0000000000 0.0000000000 1.0000000000
0.9983555391 -0.0043275992 0.0571619585 -18.5476404554 -0.0573183468 -0.0595613061 0.9965776728 -43.2812631143 -0.0009081478 -0.9982152687 -0.0597114107 -3.8296823556 0.0000000000 0.0000000000 0.0000000000 1.0000000000
0.9983509693 -0.0069518510 0.0569825743 -18.5418587097 -0.0572828296 -0.0558994657 0.9967918174 -43.2254576565 -0.0037442527 -0.9984122002 -0.0562055074 -3.8359770799 0.0000000000 0.0000000000 0.0000000000 1.0000000000
0.9985587576 -0.0105471853 0.0526228510 -18.5361021221 -0.0530989393 -0.0515698526 0.9972567638 -43.1685193842 -0.0078044992 -0.9986136927 -0.0520555723 -3.8432617654 0.0000000000 0.0000000000 0.0000000000 1.0000000000
0.9993282355 -0.0072651819 0.0359206745 -18.5311525192 -0.0362254113 -0.0474019361 0.9982188017 -43.1102483636 -0.0055495316 -0.9988494749 -0.0476332774 -3.8492230579 0.0000000000 0.0000000000 0.0000000000 1.0000000000
0.9999323287 0.0007569686 0.0116088330 -18.5266699457 -0.0115620582 -0.0457452194 0.9988862266 -43.0509241981 0.0012871742 -0.9989528527 -0.0457333717 -3.8521526405 0.0000000000 0.0000000000 0.0000000000 1.0000000000
0.9997691379 0.0110905075 -0.0184030309 -18.5224101606 0.0188610284 -0.0427135797 0.9989093111 -42.9913465979 0.0102923518 -0.9990258008 -0.0429128972 -3.8506519475 0.0000000000 0.0000000000 0.0000000000 1.0000000000
0.9990007180 0.0213824016 -0.0392473993 -18.5183134770 0.0399330437 -0.0326426148 0.9986690201 -42.9318628356 0.0200728044 -0.9992383362 -0.0334638600 -3.8437095072 0.0000000000 0.0000000000 0.0000000000 1.0000000000
0.9980158176 0.0237659540 -0.0583061508 -18.5150509465 0.0588401429 -0.0224249577 0.9980155103 -42.8732590508 0.0224112778 -0.9994660078 -0.0237788547 -3.8352951870 0.0000000000 0.0000000000 0.0000000000 1.0000000000
0.9972208642 0.0251602866 -0.0701249456 -18.5121577025 0.0703890937 -0.0097701438 0.9974717639 -42.8155971528 0.0244115447 -0.9996356858 -0.0115140011 -3.8293461490 0.0000000000 0.0000000000 0.0000000000 1.0000000000
0.9982304191 0.0228544658 -0.0548972107 -18.5087095033 0.0551094685 -0.0087630335 0.9984418640 -42.7579602360 0.0223377893 -0.9997003964 -0.0100070241 -3.8260703869 0.0000000000 0.0000000000 0.0000000000 1.0000000000
0.9986003500 0.0205414315 -0.0487379794 -18.5063109572 0.0489536643 -0.0101310109 0.9987496690 -42.6998312248 0.0200219829 -0.9997376717 -0.0111224094 -3.8232521207 0.0000000000 0.0000000000 0.0000000000 1.0000000000
0.9978939551 0.0194558318 -0.0618799234 -18.5049578780 0.0620848923 -0.0101131758 0.9980196340 -42.6408367477 0.0187914995 -0.9997595682 -0.0112997902 -3.8216497103 0.0000000000 0.0000000000 0.0000000000 1.0000000000
0.9970773167 0.0169947595 -0.0744849160 -18.5033961184 0.0747683053 -0.0166973003 0.9970611319 -42.5808637873 0.0157011171 -0.9997161489 -0.0179191687 -3.8247461340 0.0000000000 0.0000000000 0.0000000000 1.0000000000
0.9966420245 0.0145314616 -0.0805823284 -18.5016125603 0.0808905273 -0.0220403681 0.9964792746 -42.5200853624 0.0127042362 -0.9996514687 -0.0231418147 -3.8323571206 0.0000000000 0.0000000000 0.0000000000 1.0000000000
0.9969351105 0.0112404707 -0.0774211685 -18.4998343826 0.0776779959 -0.0245642101 0.9966758392 -42.4584556683 0.0093013157 -0.9996350591 -0.0253620607 -3.8420759980 0.0000000000 0.0000000000 0.0000000000 1.0000000000
0.9976752502 0.0060030501 -0.0678826815 -18.4983968373 0.0680180719 -0.0263310736 0.9973365613 -42.3962287380 0.0041996374 -0.9996352525 -0.0266781763 -3.8515382743 0.0000000000 0.0000000000 0.0000000000 1.0000000000
0.9980703852 -0.0000352062 -0.0620927120 -18.4980450889 0.0620689749 -0.0270883141 0.9977041974 -42.3340454796 -0.0017171122 -0.9996330437 -0.0270338589 -3.8583829270 0.0000000000 0.0000000000 0.0000000000 1.0000000000
0.9984395068 -0.0065989316 -0.0554527312 -18.4984959348 0.0552680697 -0.0254772905 0.9981464563 -42.2724112550 -0.0079994855 -0.9996536209 -0.0250728232 -3.8597891988 0.0000000000 0.0000000000 0.0000000000 1.0000000000
0.9993527167 -0.0103090629 -0.0344655022 -18.4984598251 0.0342352714 -0.0217325480 0.9991774830 -42.2112485538 -0.0110496067 -0.9997106679 -0.0213655473 -3.8537047194 0.0000000000 0.0000000000 0.0000000000 1.0000000000
0.9996428504 -0.0134698693 -0.0230810352 -18.4988584090 0.0228318645 -0.0183679116 0.9995705707 -42.1503764400 -0.0138880353 -0.9997405576 -0.0180538093 -3.8446483776 0.0000000000 0.0000000000 0.0000000000 1.0000000000
0.9999351683 -0.0111110471 0.0024907425 -18.4980317983 -0.0027931100 -0.0272812416 0.9996238955 -42.0889231353 -0.0110389177 -0.9995660451 -0.0273105072 -3.8370826412 0.0000000000 0.0000000000 0.0000000000 1.0000000000
0.9998689520 -0.0118660548 0.0110125232 -18.4976818122 -0.0114828400 -0.0403247742 0.9991206419 -42.0267749779 -0.0114115427 -0.9991161641 -0.0404557457 -3.8326111341 0.0000000000 0.0000000000 0.0000000000 1.0000000000
0.9997853205 -0.0205295337 -0.0028019758 -18.4980172360 0.0017729023 -0.0499742786 0.9987489316 -41.9642278703 -0.0206438765 -0.9985394883 -0.0499271532 -3.8332159700 0.0000000000 0.0000000000 0.0000000000 1.0000000000
0.9992963379 -0.0340846714 -0.0156545246 -18.4977918462 0.0137651065 -0.0549790071 0.9983926235 -41.9016040828 -0.0348905548 -0.9979055787 -0.0544711414 -3.8391817272 0.0000000000 0.0000000000 0.0000000000 1.0000000000
0.9984282706 -0.0473367898 -0.0300036127 -18.4981686598 0.0272922433 -0.0569203504 0.9980056148 -41.8388403623 -0.0489501981 -0.9972558859 -0.0555389598 -3.8482682256 0.0000000000 0.0000000000 0.0000000000 1.0000000000
0.9975059354 -0.0505904275 -0.0492190762 -18.4996234427 0.0462783743 -0.0577417780 0.9972583412 -41.7757070757 -0.0532937227 -0.9970488933 -0.0552565235 -3.8574702393 0.0000000000 0.0000000000 0.0000000000 1.0000000000
0.9960165501 -0.0458182555 -0.0764965320 -18.5023694466 0.0736706478 -0.0604794781 0.9954470696 -41.7125128650 -0.0502361185 -0.9971173051 -0.0568631006 -3.8646320378 0.0000000000 0.0000000000 0.0000000000 1.0000000000
0.9928342001 -0.0406666643 -0.1123675823 -18.5060429011 0.1097935884 -0.0607945502 0.9920934384 -41.6499080068 -0.0471764674 -0.9973215355 -0.0558939697 -3.8679842888 0.0000000000 0.0000000000 0.0000000000 1.0000000000
0.9901729267 -0.0403527483 -0.1339000781 -18.5091993433 0.1316999591 -0.0529890094 0.9898723583 -41.5877973295 -0.0470393026 -0.9977794449 -0.0471538272 -3.8640367425 0.0000000000 0.0000000000 0.0000000000 1.0000000000
0.9881655765 -0.0468117477 -0.1460734528 -18.5120208734 0.1439695319 -0.0455584670 0.9885328522 -41.5262772532 -0.0529298330 -0.9978642625 -0.0382798434 -3.8561907339 0.0000000000 0.0000000000 0.0000000000 1.0000000000
0.9878741391 -0.0518480440 -0.1463436559 -18.5147037874 0.1442672583 -0.0417710504 0.9886567339 -41.4648782833 -0.0573728460 -0.9977810179 -0.0337845653 -3.8491491986 0.0000000000 0.0000000000 0.0000000000 1.0000000000
0.9897841483 -0.0540547462 -0.1319296185 -18.5173393589 0.1291761710 -0.0516209551 0.9902771298 -41.4030023006 -0.0603395119 -0.9972027685 -0.0441110179 -3.8444564020 0.0000000000 0.0000000000 0.0000000000 1.0000000000
0.9889570462 -0.0522554446 -0.1386842794 -18.5219407518 0.1354680455 -0.0607617838 0.9889167883 -41.3408163866 -0.0601029906 -0.9967835142 -0.0530118513 -3.8412843111 0.0000000000 0.0000000000 0.0000000000 1.0000000000
0.9900747479 -0.0472576184 -0.1323582675 -18.5261372966 0.1290002235 -0.0681777699 0.9892981017 -41.2780696414 -0.0557757637 -0.9965533148 -0.0614048450 -3.8408455230 0.0000000000 0.0000000000 0.0000000000 1.0000000000
0.9919940766 -0.0415798714 -0.1192428880 -18.5299893598 0.1158146437 -0.0769010055 0.9902894545 -41.2150924927 -0.0503460061 -0.9961713455 -0.0714697840 -3.8448256932 0.0000000000 0.0000000000 0.0000000000 1.0000000000
0.9927981411 -0.0389445574 -0.1132924206 -18.5343281026 0.1098043352 -0.0823415704 0.9905366595 -41.1522114056 -0.0479046876 -0.9958429531 -0.0774722768 -3.8524707395 0.0000000000 0.0000000000 0.0000000000 1.0000000000
0.9938053297 -0.0398459852 -0.1037461520 -18.5387731727 0.1000947500 -0.0847159723 0.9913648395 -41.0892943656 -0.0482908649 -0.9956081064 -0.0802028109 -3.8622317936 0.0000000000 0.0000000000 0.0000000000 1.0000000000
0.9946551952 -0.0439789471 -0.0934178510 -18.5435808504 0.0893754815 -0.0863171488 0.9922506604 -41.0264283986 -0.0517017019 -0.9952965397 -0.0819251609 -3.8725186648 0.0000000000 0.0000000000 0.0000000000 1.0000000000
0.9937683446 -0.0495140817 -0.0998640730 -18.5500970574 0.0953602472 -0.0862249068 0.9917014111 -40.9637444583 -0.0577139551 -0.9950445323 -0.0809659078 -3.8812675489 0.0000000000 0.0000000000 0.0000000000 1.0000000000
0.9941187414 -0.0525197321 -0.0947080029 -18.5568154288 0.0897898484 -0.0891975798 0.9919584542 -40.9009294707 -0.0605451169 -0.9946283072 -0.0839572470 -3.8851796446 0.0000000000 0.0000000000 0.0000000000 1.0000000000
0.9948704409 -0.0478558222 -0.0891214124 -18.5638520093 0.0843882482 -0.0931763746 0.9920669266 -40.8379922859 -0.0557801886 -0.9944988605 -0.0886599519 -3.8818902763 0.0000000000 0.0000000000 0.0000000000 1.0000000000
0.9943648801 -0.0403820635 -0.0980192546 -18.5718789611 0.0937057407 -0.0975785636 0.9908065695 -40.7752815526 -0.0495753918 -0.9944082225 -0.0932446655 -3.8744277610 0.0000000000 0.0000000000 0.0000000000 1.0000000000
0.9973600476 -0.0257586298 -0.0678927713 -18.5776895213 0.0646535765 -0.1106457398 0.9917547254 -40.7122167114 -0.0330582887 -0.9935260506 -0.1086882527 -3.8668611769 0.0000000000 0.0000000000 0.0000000000 1.0000000000
0.9984595537 -0.0093809908 -0.0546856164 -18.5838199379 0.0531749323 -0.1196110984 0.9913957896 -40.6491373099 -0.0158412814 -0.9927765016 -0.1189280104 -3.8612243179 0.0000000000 0.0000000000 0.0000000000 1.0000000000
0.9981815298 -0.0018203684 -0.0602521349 -18.5897971644 0.0595419132 -0.1261239313 0.9902259916 -40.5863082057 -0.0094018122 -0.9920128226 -0.1257861905 -3.8614747163 0.0000000000 0.0000000000 0.0000000000 1.0000000000
0.9979710304 -0.0008998960 -0.0636632749 -18.5941278454 0.0630170234 -0.1288357333 0.9896616637 -40.5237053644 -0.0090926973 -0.9916655404 -0.1285176207 -3.8678341696 0.0000000000 0.0000000000 0.0000000000 1.0000000000
0.9980024106 -0.0036412517 -0.0630708303 -18.5969929546 0.0620976593 -0.1271157033 0.9899421593 -40.4609476862 -0.0116219215 -0.9918812123 -0.1266356652 -3.8780508135 0.0000000000 0.0000000000 0.0000000000 1.0000000000
0.9980351191 -0.0043868288 -0.0625032540 -18.5991497777 0.0614782547 -0.1240239440 0.9903729023 -40.3975038740 -0.0120964965 -0.9922695284 -0.1235105571 -3.8884706215 0.0000000000 0.0000000000 0.0000000000 1.0000000000
0.9979781213 -0.0032874162 -0.0634733195 -18.6011502591 0.0625640745 -0.1251454955 0.9901637953 -40.3331975792 -0.0111984806 -0.9921329537 -0.1246867923 -3.8960350781 0.0000000000 0.0000000000 0.0000000000 1.0000000000
0.9970688779 -0.0023518609 -0.0764730119 -18.6040068103 0.0756099177 -0.1225072427 0.9895833041 -40.2682684295 -0.0116958601 -0.9924648327 -0.1219703350 -3.8973123807 0.0000000000 0.0000000000 0.0000000000 1.0000000000
0.9962639263 -0.0038269269 -0.0862759748 -18.6075099016 0.0852026200 -0.1195085060 0.9891704760 -40.2027826252 -0.0140961959 -0.9928258012 -0.1187359493 -3.8911988343 0.0000000000 0.0000000000 0.0000000000 1.0000000000
0.9955758621 -0.0068844016 -0.0937086322 -18.6120560271 0.0921923449 -0.1210311248 0.9883582541 -40.1377096862 -0.0181459163 -0.9926248394 -0.1198609773 -3.8828641704 0.0000000000 0.0000000000 0.0000000000 1.0000000000
0.9951357572 -0.0078794136 -0.0981974522 -18.6177693051 0.0964504128 -0.1249817571 0.9874598110 -40.0734327016 -0.0200534944 -0.9921277515 -0.1236138427 -3.8757674484 0.0000000000 0.0000000000 0.0000000000 1.0000000000
0.9948217831 -0.0088757758 -0.1012464348 -18.6251942883 0.0991262510 -0.1352249620 0.9858439004 -40.0097177122 -0.0224411748 -0.9907751664 -0.1336449154 -3.8708520323 0.0000000000 0.0000000000 0.0000000000 1.0000000000
0.9937288638 -0.0052976180 -0.1116910044 -18.6346086645 0.1098254095 -0.1414234651 0.9838382911 -39.9464699483 -0.0210077283 -0.9899350174 -0.1399547662 -3.8682924518 0.0000000000 0.0000000000 0.0000000000 1.0000000000
0.9936265482 0.0017061241 -0.1127092356 -18.6445215134 0.1117684004 -0.1447065805 0.9831418159 -39.8835944484 -0.0146324062 -0.9894731400 -0.1439749909 -3.8692465360 0.0000000000 0.0000000000 0.0000000000 1.0000000000
0.9936942120 0.0080556750 -0.1118343380 -18.6550413136 0.1117883691 -0.1483068672 0.9826028871 -39.8214491149 -0.0086702709 -0.9889085798 -0.1482722063 -3.8748116262 0.0000000000 0.0000000000 0.0000000000 1.0000000000
0.9936089659 0.0117406596 -0.1122647757 -18.6663407310 0.1127587622 -0.1487555752 0.9824241652 -39.7600730383 -0.0051657036 -0.9888042960 -0.1491287355 -3.8831471578 0.0000000000 0.0000000000 0.0000000000 1.0000000000
0.9944065363 0.0139314286 -0.1046974492 -18.6780078120 0.1056103773 -0.1447149865 0.9838211326 -39.6993916007 -0.0014452560 -0.9893753019 -0.1453768319 -3.8918222976 0.0000000000 0.0000000000 0.0000000000 1.0000000000
0.9957776956 0.0169111424 -0.0902263496 -18.6895836050 0.0917066818 -0.1395530269 0.9859588415 -39.6398064952 0.0040823301 -0.9900701823 -0.1405146563 -3.8998148904 0.0000000000 0.0000000000 0.0000000000 1.0000000000
0.9962640788 0.0176814775 -0.0845295848 -18.7013642017 0.0861072161 -0.1286873402 0.9879398341 -39.5817429263 0.0065903485 -0.9915275759 -0.1297290773 -3.9051654449 0.0000000000 0.0000000000 0.0000000000 1.0000000000
0.9979287230 0.0130643502 -0.0629887813 -18.7115639265 0.0640980954 -0.1189877626 0.9908245791 -39.5246367192 0.0054495851 -0.9928097678 -0.1195787060 -3.9051464037 0.0000000000 0.0000000000 0.0000000000 1.0000000000
0.9985775421 0.0101799767 -0.0523379459 -18.7214630348 0.0531244352 -0.1062257525 0.9929218921 -39.4680798589 0.0045482840 -0.9942899263 -0.1066154564 -3.8992917284 0.0000000000 0.0000000000 0.0000000000 1.0000000000
0.9995107685 0.0110004659 -0.0292782081 -18.7296065163 0.0303032877 -0.1088943563 0.9935913294 -39.4113392413 0.0077417360 -0.9939924592 -0.1091744320 -3.8917587055 0.0000000000 0.0000000000 0.0000000000 1.0000000000
0.9996083119 0.0160833576 -0.0229030225 -18.7378826454 0.0246259639 -0.1166890151 0.9928631505 -39.3537644446 0.0132960420 -0.9930382668 -0.1170393776 -3.8826259242 0.0000000000 0.0000000000 0.0000000000 1.0000000000
0.9990548966 0.0194550189 -0.0388692155 -18.7468314091 0.0409500658 -0.1214439213 0.9917532284 -39.2954995879 0.0145741478 -0.9924076160 -0.1221258285 -3.8757825707 0.0000000000 0.0000000000 0.0000000000 1.0000000000
0.9989660071 0.0190351314 -0.0412865638 -18.7541108772 0.0433801665 -0.1273478614 0.9909090187 -39.2368832317 0.0136043278 -0.9916754439 -0.1280419318 -3.8757017654 0.0000000000 0.0000000000 0.0000000000 1.0000000000
0.9989338790 0.0183583949 -0.0423565195 -18.7602922357 0.0444180314 -0.1322876012 0.9902156478 -39.1780660890 0.0125755275 -0.9910413513 -0.1329620104 -3.8815033117 0.0000000000 0.0000000000 0.0000000000 1.0000000000
0.9985865496 0.0192711982 -0.0495330592 -18.7660381431 0.0516848601 -0.1347920570 0.9895250258 -39.1189934888 0.0123926699 -0.9906864904 -0.1355975643 -3.8898324349 0.0000000000 0.0000000000 0.0000000000 1.0000000000
0.9981359648 0.0251678483 -0.0555983384 -18.7712419797 0.0585326341 -0.1368660580 0.9888587426 -39.0598949694 0.0172779214 -0.9902697923 -0.1380840753 -3.8980763585 0.0000000000 0.0000000000 0.0000000000 1.0000000000
0.9977335929 0.0308058545 -0.0598220431 -18.7756605961 0.0634511655 -0.1348154746 0.9888370631 -39.0013648000 0.0223970336 -0.9903917342 -0.1364645953 -3.9047398475 0.0000000000 0.0000000000 0.0000000000 1.0000000000
0.9978911215 0.0360781537 -0.0539599518 -18.7791831586 0.0580832823 -0.1252088770 0.9904287301 -38.9432609665 0.0289765750 -0.9914742074 -0.1270403643 -3.9055438587 0.0000000000 0.0000000000 0.0000000000 1.0000000000
0.9981119695 0.0388926111 -0.0475379976 -18.7831300975 0.0519942548 -0.1230019486 0.9910434492 -38.8853826163 0.0326970011 -0.9916440316 -0.1247919095 -3.8991447993 0.0000000000 0.0000000000 0.0000000000 1.0000000000
0.9968806390 0.0436339679 -0.0657652519 -18.7886405133 0.0705354905 -0.1187219079 0.9904190291 -38.8287042838 0.0354081359 -0.9919683389 -0.1214293147 -3.8895512599 0.0000000000 0.0000000000 0.0000000000 1.0000000000
0.9965800382 0.0466105932 -0.0682325439 -18.7932971830 0.0733550096 -0.1188678099 0.9901966907 -38.7733251190 0.0380430021 -0.9918154548 -0.1218804070 -3.8816018786 0.0000000000 0.0000000000 0.0000000000 1.0000000000
0.9962070685 0.0462228051 -0.0737219708 -18.7983376162 0.0788810016 -0.1220754983 0.9893813018 -38.7188399112 0.0367323327 -0.9914439092 -0.1252585754 -3.8761896475 0.0000000000 0.0000000000 0.0000000000 1.0000000000
0.9956654620 0.0486659757 -0.0792585053 -18.8034720498 0.0845553578 -0.1186976432 0.9893236381 -38.6644664932 0.0387386023 -0.9917371085 -0.1222981127 -3.8728912365 0.0000000000 0.0000000000 0.0000000000 1.0000000000
0.9960267584 0.0512089937 -0.0728583244 -18.8075864109 0.0784071984 -0.1163464716 0.9901089888 -38.6098000569 0.0422256760 -0.9918876638 -0.1198993527 -3.8733363923 0.0000000000 0.0000000000 0.0000000000 1.0000000000
0.9958450488 0.0537904718 -0.0734794122 -18.8113929762 0.0792742210 -0.1149961152 0.9901977032 -38.5549038531 0.0448133547 -0.9919085032 -0.1187825097 -3.8781633327 0.0000000000 0.0000000000 0.0000000000 1.0000000000
0.9961811087 0.0538847071 -0.0686996147 -18.8141608817 0.0744702392 -0.1136360670 0.9907275245 -38.4992971745 0.0455783084 -0.9920601205 -0.1172149102 -3.8847431177 0.0000000000 0.0000000000 0.0000000000 1.0000000000
0.9969388260 0.0486622606 -0.0611960909 -18.8161621615 0.0663064050 -0.1114667192 0.9915536451 -38.4428181789 0.0414299144 -0.9925760197 -0.1143521197 -3.8899646029 0.0000000000 0.0000000000 0.0000000000 1.0000000000
0.9971987917 0.0365841729 -0.0652393137 -18.8180703842 0.0688526216 -0.1082264692 0.9917390523 -38.3859425384 0.0292213324 -0.9934528825 -0.1104422205 -3.8933059167 0.0000000000 0.0000000000 0.0000000000 1.0000000000
0.9971317886 0.0222633359 -0.0723362986 -18.8196028964 0.0742411085 -0.1019300143 0.9920174041 -38.3289147875 0.0147123767 -0.9945424154 -0.1032905122 -3.8945954276 0.0000000000 0.0000000000 0.0000000000 1.0000000000
0.9984385955 0.0074603684 -0.0553598592 -18.8196843464 0.0558186457 -0.0949891868 0.9939121355 -38.2713358440 0.0021563627 -0.9954503490 -0.0952572979 -3.8916467291 0.0000000000 0.0000000000 0.0000000000 1.0000000000
0.9995685810 -0.0032169264 -0.0291942328 -18.8191601427 0.0287942901 -0.0886653316 0.9956451917 -38.2129981533 -0.0057914337 -0.9960562787 -0.0885344506 -3.8826909785 0.0000000000 0.0000000000 0.0000000000 1.0000000000
0.9998274287 -0.0113157761 -0.0147331612 -18.8190494154 0.0136915574 -0.0871780574 0.9960986535 -38.1543971252 -0.0125560377 -0.9961284754 -0.0870080824 -3.8732261108 0.0000000000 0.0000000000 0.0000000000 1.0000000000
0.9996749317 -0.0157450017 0.0200530780 -18.8175481195 -0.0214818761 -0.0965477941 0.9950965041 -38.0951760406 -0.0137317157 -0.9952038075 -0.0968546417 -3.8659854894 0.0000000000 0.0000000000 0.0000000000 1.0000000000
0.9993595096 -0.0170540017 0.0314599994 -18.8174068677 -0.0331183338 -0.1077552827 0.9936256715 -38.0354466092 -0.0135553128 -0.9940311665 -0.1082510666 -3.8608913910 0.0000000000 0.0000000000 0.0000000000 1.0000000000
0.9993137340 -0.0198968062 0.0312438495 -18.8179741703 -0.0333110514 -0.1138311278 0.9929415130 -37.9758485448 -0.0161998423 -0.9933008565 -0.1144157929 -3.8598173973 0.0000000000 0.0000000000 0.0000000000 1.0000000000
0.9988929117 -0.0259968565 0.0392060503 -18.8179523135 -0.0418637453 -0.1111184189 0.9929250343 -37.9168696211 -0.0214564153 -0.9934670908 -0.1120837268 -3.8632650521 0.0000000000 0.0000000000 0.0000000000 1.0000000000
0.9985890681 -0.0325359110 0.0419676963 -18.8182647101 -0.0452101300 -0.1063363473 0.9933018803 -37.8581369242 -0.0278552900 -0.9937977640 -0.1076572667 -3.8698555977 0.0000000000 0.0000000000 0.0000000000 1.0000000000
0.9987663443 -0.0335408222 0.0366169735 -18.8192011696 -0.0398292929 -0.1007320907 0.9941160261 -37.7991743050 -0.0296549646 -0.9943480574 -0.1019437292 -3.8770890705 0.0000000000 0.0000000000 0.0000000000 1.0000000000
0.9988127642 -0.0308052586 0.0377372253 -18.8197776488 -0.0405245825 -0.0955355171 0.9946007858 -37.7396800711 -0.0270336890 -0.9949492454 -0.0966704642 -3.8826363167 0.0000000000 0.0000000000 0.0000000000 1.0000000000
0.9991389232 -0.0269838590 0.0315164017 -18.8207234140 -0.0338293501 -0.0900532532 0.9953622389 -37.6796367303 -0.0240205598 -0.9955713349 -0.0908885568 -3.8841624467 0.0000000000 0.0000000000 0.0000000000 1.0000000000
0.9994445153 -0.0270111507 0.0195207215 -18.8220272666 -0.0216744526 -0.0818865423 0.9964059475 -37.6189353114 -0.0253155868 -0.9962755602 -0.0824265075 -3.8780265363 0.0000000000 0.0000000000 0.0000000000 1.0000000000
0.9993888933 -0.0348880018 0.0021603932 -18.8236426889 -0.0048013932 -0.0757941140 0.9971119290 -37.5583159081 -0.0346234977 -0.9965129601 -0.0759153067 -3.8679346841 0.0000000000 0.0000000000 0.0000000000 1.0000000000
0.9990524011 -0.0430742201 -0.0062378946 -18.8246595612 0.0031838909 -0.0706088171 0.9974990014 -37.4981806295 -0.0434069418 -0.9965736333 -0.0704047646 -3.8593070902 0.0000000000 0.0000000000 0.0000000000 1.0000000000
0.9985740204 -0.0527432293 0.0082509091 -18.8245853012 -0.0123640091 -0.0781394976 0.9968657634 -37.4380219407 -0.0519331976 -0.9955462675 -0.0786801900 -3.8534733946 0.0000000000 0.0000000000 0.0000000000 1.0000000000
0.9980904107 -0.0612535221 -0.0079710731 -18.8266295975 0.0025086622 -0.0887414761 0.9960515333 -37.3778168761 -0.0617190294 -0.9941694807 -0.0884183519 -3.8498803855 0.0000000000 0.0000000000 0.0000000000 1.0000000000
0.9975077352 -0.0645906717 -0.0283965380 -18.8292656401 0.0223992703 -0.0917495417 0.9955301574 -37.3176945488 -0.0669073309 -0.9936850943 -0.0900740937 -3.8489705798 0.0000000000 0.0000000000 0.0000000000 1.0000000000
0.9978575775 -0.0627229928 -0.0186032567 -18.8306777406 0.0127028233 -0.0931904647 0.9955672632 -37.2578746109 -0.0641786044 -0.9936706514 -0.0921940523 -3.8532850345 0.0000000000 0.0000000000 0.0000000000 1.0000000000
0.9983271234 -0.0571997378 -0.0084347322 -18.8327599040 0.0032012924 -0.0909754880 0.9958479865 -37.1985386152 -0.0577295976 -0.9942090578 -0.0906401841 -3.8620076178 0.0000000000 0.0000000000 0.0000000000 1.0000000000
0.9986214907 -0.0520790730 0.0065489293 -18.8353885929 -0.0109941026 -0.0855317455 0.9962747865 -37.1393036937 -0.0513249260 -0.9949734120 -0.0859864019 -3.8720743789 0.0000000000 0.0000000000 0.0000000000 1.0000000000
0.9982856060 -0.0510032573 0.0287143987 -18.8382553259 -0.0326694441 -0.0784849336 0.9963798586 -37.0798609240 -0.0485649706 -0.9956097543 -0.0800166276 -3.8800872319 0.0000000000 0.0000000000 0.0000000000 1.0000000000
0.9979494662 -0.0509557715 0.0387346389 -18.8419705331 -0.0423253745 -0.0713867921 0.9965502941 -37.0201686511 -0.0480148474 -0.9961462921 -0.0733971332 -3.8831306034 0.0000000000 0.0000000000 0.0000000000 1.0000000000
0.9973714767 -0.0538057551 0.0485291476 -18.8450911510 -0.0519791045 -0.0646904750 0.9965507088 -36.9604517123 -0.0504807898 -0.9964537537 -0.0673172095 -3.8790999473 0.0000000000 0.0000000000 0.0000000000 1.0000000000
0.9965656608 -0.0533789794 0.0633053573 -18.8466463487 -0.0663938273 -0.0582205699 0.9960934820 -36.9010137982 -0.0494847795 -0.9968756441 -0.0615646554 -3.8693361706 0.0000000000 0.0000000000 0.0000000000 1.0000000000
0.9957773899 -0.0501886592 0.0768666914 -18.8469543948 -0.0795351457 -0.0535316806 0.9953936507 -36.8419761955 -0.0458426696 -0.9973040949 -0.0572973995 -3.8598475737 0.0000000000 0.0000000000 0.0000000000 1.0000000000
0.9909787116 -0.0435002518 0.1267632487 -18.8439487548 -0.1291571826 -0.0575210534 0.9899544184 -36.7825665104 -0.0357717109 -0.9973961382 -0.0626205093 -3.8524882277 0.0000000000 0.0000000000 0.0000000000 1.0000000000
0.9874937582 -0.0336494568 0.1540252954 -18.8412651677 -0.1559836369 -0.0665167650 0.9855174402 -36.7221895509 -0.0229168621 -0.9972177465 -0.0709336549 -3.8476160215 0.0000000000 0.0000000000 0.0000000000 1.0000000000
0.9876951909 -0.0284301519 0.1537853583 -18.8389249659 -0.1555209612 -0.0749603257 0.9849843553 -36.6613012357 -0.0164754543 -0.9967811575 -0.0784594377 -3.8485696928 0.0000000000 0.0000000000 0.0000000000 1.0000000000
0.9865147112 -0.0283182187 0.1612042280 -18.8344918356 -0.1629638215 -0.0783828863 0.9835135566 -36.6006500355 -0.0152156993 -0.9965210493 -0.0819407155 -3.8554004080 0.0000000000 0.0000000000 0.0000000000 1.0000000000
0.9845054832 -0.0323571574 0.1723425888 -18.8281258975 -0.1743811680 -0.0772857224 0.9816405276 -36.5401110092 -0.0184434756 -0.9964837839 -0.0817306963 -3.8653253576 0.0000000000 0.0000000000 0.0000000000 1.0000000000
0.9824036099 -0.0336098695 0.1837213215 -18.8203788299 -0.1857217273 -0.0717053630 0.9799825411 -36.4792186072 -0.0197632812 -0.9968594272 -0.0766856905 -3.8744952221 0.0000000000 0.0000000000 0.0000000000 1.0000000000
0.9803644680 -0.0314287337 0.1946734304 -18.8116968513 -0.1964158222 -0.0680107580 0.9781591699 -36.4177118332 -0.0175024165 -0.9971894361 -0.0728484312 -3.8803262525 0.0000000000 0.0000000000 0.0000000000 1.0000000000
0.9806435483 -0.0252590400 0.1941654245 -18.8031325467 -0.1954449994 -0.0664621583 0.9784600317 -36.3557424139 -0.0118103079 -0.9974691787 -0.0701124398 -3.8810124906 0.0000000000 0.0000000000 0.0000000000 1.0000000000
0.9798513172 -0.0179028605 0.1989243166 -18.7943045161 -0.1996545228 -0.0607279936 0.9779827106 -36.2934628682 -0.0054284134 -0.9979937867 -0.0630787916 -3.8735058008 0.0000000000 0.0000000000 0.0000000000 1.0000000000
0.9787140115 -0.0144164071 0.2047218866 -18.7854384650 -0.2052153204 -0.0572888712 0.9770387185 -36.2315380861 -0.0023571022 -0.9982535512 -0.0590278886 -3.8630886260 0.0000000000 0.0000000000 0.0000000000 1.0000000000
0.9774094605 -0.0104647985 0.2110953211 -18.7757279468 -0.2113490693 -0.0555871206 0.9758286955 -36.1706840215 0.0015223304 -0.9983989984 -0.0565431030 -3.8550480030 0.0000000000 0.0000000000 0.0000000000 1.0000000000
0.9714907707 -0.0161452071 0.2365269851 -18.7636161434 -0.2370768553 -0.0640674553 0.9693760498 -36.1106151462 -0.0004970950 -0.9978149595 -0.0660685964 -3.8503235169 0.0000000000 0.0000000000 0.0000000000 1.0000000000
0.9695410712 -0.0272059100 0.2434131255 -18.7511878636 -0.2447818705 -0.0732121005 0.9668101283 -36.0501339706 -0.0084821632 -0.9969452476 -0.0776416519 -3.8463747959 0.0000000000 0.0000000000 0.0000000000 1.0000000000
0.9691504997 -0.0368680048 0.2436966538 -18.7379202347 -0.2459549812 -0.0808003776 0.9659075764 -35.9892559043 -0.0159203035 -0.9960482163 -0.0873755958 -3.8436881220 0.0000000000 0.0000000000 0.0000000000 1.0000000000
0.9682725054 -0.0458729034 0.2456502229 -18.7236666943 -0.2488998732 -0.0893210443 0.9644016820 -35.9287182847 -0.0222981708 -0.9949459421 -0.0979048712 -3.8453766977 0.0000000000 0.0000000000 0.0000000000 1.0000000000
0.9667275454 -0.0518821825 0.2504917008 -18.7089745263 -0.2544211822 -0.0931711911 0.9625949258 -35.8691330569 -0.0266029155 -0.9942974245 -0.1032710830 -3.8509720922 0.0000000000 0.0000000000 0.0000000000 1.0000000000
0.9613889528 -0.0548364301 0.2696743357 -18.6939039870 -0.2737397643 -0.0899782520 0.9575857432 -35.8107543545 -0.0282457583 -0.9944329440 -0.1015150089 -3.8577687492 0.0000000000 0.0000000000 0.0000000000 1.0000000000
0.9530345904 -0.0571345078 0.2974234650 -18.6792323625 -0.3013203435 -0.0799300126 0.9501669557 -35.7535322635 -0.0305142601 -0.9951617161 -0.0933918563 -3.8631696093 0.0000000000 0.0000000000 0.0000000000 1.0000000000
0.9447593785 -0.0553833308 0.3230517039 -18.6656769750 -0.3263938300 -0.0689193158 0.9427179831 -35.6972455574 -0.0299463595 -0.9960837387 -0.0831889475 -3.8648800079 0.0000000000 0.0000000000 0.0000000000 1.0000000000
0.9387298030 -0.0478512118 0.3413160097 -18.6530472540 -0.3436335840 -0.0537982274 0.9375615770 -35.6421486457 -0.0265012613 -0.9974046382 -0.0669452829 -3.8614533979 0.0000000000 0.0000000000 0.0000000000 1.0000000000
0.9285831054 -0.0376111063 0.3692137878 -18.6390309296 -0.3704624505 -0.0345397211 0.9282050315 -35.5888087079 -0.0221582768 -0.9986953551 -0.0460065041 -3.8528394383 0.0000000000 0.0000000000 0.0000000000 1.0000000000
0.9204928582 -0.0284542070 0.3897220241 -18.6230761439 -0.3901540212 -0.0114303212 0.9206786560 -35.5369538819 -0.0217425331 -0.9995297424 -0.0216230523 -3.8433854340 0.0000000000 0.0000000000 0.0000000000 1.0000000000
0.8973039187 -0.0221583949 0.4408567603 -18.6020047632 -0.4408971367 0.0032927328 0.8975515990 -35.4864708356 -0.0213399263 -0.9997490502 -0.0068149908 -3.8362668088 0.0000000000 0.0000000000 0.0000000000 1.0000000000
0.8651925797 -0.0182074792 0.5011090577 -18.5770954794 -0.5011469690 0.0027465245 0.8653578289 -35.4359214006 -0.0171322930 -0.9998304578 -0.0067483504 -3.8318890531 0.0000000000 0.0000000000 0.0000000000 1.0000000000
0.8536484058 -0.0173943715 0.5205591563 -18.5517689648 -0.5206756423 -0.0026637096 0.8537504203 -35.3836357163 -0.0134638336 -0.9998451583 -0.0113306970 -3.8316629717 0.0000000000 0.0000000000 0.0000000000 1.0000000000
0.8439507613 -0.0192756903 0.5360742115 -18.5243201863 -0.5362095441 -0.0022803318 0.8440818236 -35.3311110946 -0.0150478328 -0.9998116062 -0.0122602969 -3.8359555004 0.0000000000 0.0000000000 0.0000000000 1.0000000000
0.8256229725 -0.0245773885 0.5636866676 -18.4939570722 -0.5638381102 0.0009182280 0.8258848239 -35.2790844255 -0.0208156850 -0.9996975087 -0.0130995581 -3.8431587376 0.0000000000 0.0000000000 0.0000000000 1.0000000000
0.8194561420 -0.0277557787 0.5724694298 -18.4628196468 -0.5726154383 0.0031534649 0.8198180381 -35.2264423383 -0.0245599503 -0.9996097601 -0.0133092612 -3.8507678313 0.0000000000 0.0000000000 0.0000000000 1.0000000000
0.8195694191 -0.0264182544 0.5723705470 -18.4306185737 -0.5724419999 0.0055223223 0.8199266191 -35.1735667351 -0.0248218446 -0.9996357235 -0.0105969919 -3.8570096757 0.0000000000 0.0000000000 0.0000000000 1.0000000000
0.8142847662 -0.0236401326 0.5799840202 -18.3965956281 -0.5799168934 0.0103032807 0.8146104831 -35.1211794234 -0.0252332380 -0.9996674380 -0.0053195077 -3.8606340635 0.0000000000 0.0000000000 0.0000000000 1.0000000000
0.7999724303 -0.0195460211 0.5997183204 -18.3606318148 -0.5994240649 0.0191227683 0.8002031681 -35.0690865835 -0.0271090625 -0.9996260665 0.0035813320 -3.8573609610 0.0000000000 0.0000000000 0.0000000000 1.0000000000
0.7855688055 -0.0270193233 0.6181841214 -18.3239357819 -0.6177744760 0.0225235123 0.7860326890 -35.0163845693 -0.0351617490 -0.9993811323 0.0010019204 -3.8489422325 0.0000000000 0.0000000000 0.0000000000 1.0000000000
0.7912360175 -0.0316115766 0.6106932724 -18.2882028473 -0.6103328438 0.0211352923 0.7918630685 -34.9624339491 -0.0379392209 -0.9992767423 -0.0025705789 -3.8395605982 0.0000000000 0.0000000000 0.0000000000 1.0000000000
0.7922054878 -0.0441457451 0.6086555827 -18.2517471926 -0.6089319197 0.0084433066 0.7931775512 -34.9085625852 -0.0401544797 -0.9989894212 -0.0201929195 -3.8329447450 0.0000000000 0.0000000000 0.0000000000 1.0000000000
0.7960644389 -0.0595562797 0.6022744048 -18.2152837516 -0.6034533266 -0.0023026431 0.7973949965 -34.8546051544 -0.0461030564 -0.9982222936 -0.0377724874 -3.8293234225 0.0000000000 0.0000000000 0.0000000000 1.0000000000
0.7928505327 -0.0618872012 0.6062656242 -18.1782803221 -0.6076999722 -0.0056812757 0.7941463762 -34.8014301152 -0.0457031344 -0.9980669804 -0.0421132529 -3.8291299430 0.0000000000 0.0000000000 0.0000000000 1.0000000000
0.7722226584 -0.0597181649 0.6325392530 -18.1400420150 -0.6340721637 -0.0092771142 0.7732182269 -34.7497008827 -0.0403070347 -0.9981721675 -0.0450296238 -3.8341983260 0.0000000000 0.0000000000 0.0000000000 1.0000000000
0.7597904213 -0.0547578716 0.6478580795 -18.1023717903 -0.6493129313 -0.0128167813 0.7604133399 -34.6979973336 -0.0333351607 -0.9984174005 -0.0452930618 -3.8435448598 0.0000000000 0.0000000000 0.0000000000 1.0000000000
0.7579713781 -0.0494292715 0.6504122825 -18.0651054697 -0.6516822270 -0.0144276936 0.7583548752 -34.6458132530 -0.0281009799 -0.9986734145 -0.0431479566 -3.8537699617 0.0000000000 0.0000000000 0.0000000000 1.0000000000
0.7564164281 -0.0479097588 0.6523333827 -18.0274227104 -0.6534295615 -0.0105310755 0.7569140669 -34.5936001910 -0.0293937983 -0.9987961511 -0.0392715312 -3.8616056108 0.0000000000 0.0000000000 0.0000000000 1.0000000000
0.7582083147 -0.0482070209 0.6502278328 -17.9895457842 -0.6511175387 -0.0037514996 0.7589676390 -34.5413225222 -0.0341482394 -0.9988303206 -0.0342328550 -3.8646757902 0.0000000000 0.0000000000 0.0000000000 1.0000000000
0.7544140226 -0.0454035208 0.6548266967 -17.9508403085 -0.6552250615 0.0075441512 0.7553960581 -34.4896538111 -0.0392377522 -0.9989402415 -0.0240581112 -3.8598871017 0.0000000000 0.0000000000 0.0000000000 1.0000000000
0.7398959057 -0.0438278092 0.6712921658 -17.9102805115 -0.6714144977 0.0140593137 0.7409486541 -34.4390485456 -0.0419120633 -0.9989401678 -0.0190241978 -3.8475777434 0.0000000000 0.0000000000 0.0000000000 1.0000000000
0.7420984368 -0.0414797498 0.6690062335 -17.8696302181 -0.6692504581 0.0097374513 0.7429730859 -34.3884519151 -0.0373327533 -0.9990918939 -0.0205341942 -3.8345547570 0.0000000000 0.0000000000 0.0000000000 1.0000000000
0.7172147726 -0.0396806193 0.6957215092 -17.8258176040 -0.6963206753 -0.0018225951 0.7177284969 -34.3400424599 -0.0272118926 -0.9992107518 -0.0289376277 -3.8247942458 0.0000000000 0.0000000000 0.0000000000 1.0000000000
0.6852488125 -0.0382841271 0.7273021315 -17.7803228416 -0.7281626090 -0.0159890498 0.6852178961 -34.2921119465 -0.0146040991 -0.9991389673 -0.0388335473 -3.8182562752 0.0000000000 0.0000000000 0.0000000000 1.0000000000
0.6786446104 -0.0440043074 0.7331474025 -17.7350538186 -0.7344328379 -0.0310574158 0.6779703855 -34.2432280900 -0.0070639535 -0.9985484755 -0.0533951562 -3.8165694865 0.0000000000 0.0000000000 0.0000000000 1.0000000000
0.6860615965 -0.0540086039 0.7255360477 -17.6896589953 -0.7274948618 -0.0393996003 0.6849809468 -34.1947938184 -0.0084090343 -0.9977628687 -0.0663215345 -3.8198608120 0.0000000000 0.0000000000 0.0000000000 1.0000000000
0.6938512936 -0.0650036809 0.7171784324 -17.6437581811 -0.7198779789 -0.0368836787 0.6931199678 -34.1476561907 -0.0186031704 -0.9972031467 -0.0723865066 -3.8256292846 0.0000000000 0.0000000000 0.0000000000 1.0000000000
0.6964939922 -0.0714459440 0.7139969159 -17.5976344015 -0.7170677483 -0.0323520484 0.6962522455 -34.1015355945 -0.0266451362 -0.9969196668 -0.0737645896 -3.8309536765 0.0000000000 0.0000000000 0.0000000000 1.0000000000
0.7034983608 -0.0719125225 0.7070492525 -17.5525011491 -0.7102010353 -0.0339779133 0.7031784915 -34.0556411435 -0.0265432809 -0.9968320272 -0.0749757543 -3.8341580990 0.0000000000 0.0000000000 0.0000000000 1.0000000000
0.7196831797 -0.0659955067 0.6911589643 -17.5095533769 -0.6938098766 -0.0308620904 0.7194966202 -34.0095737013 -0.0261529336 -0.9973425312 -0.0679992617 -3.8327674323 0.0000000000 0.0000000000 0.0000000000 1.0000000000
0.7203644742 -0.0579394204 0.6911715039 -17.4677345057 -0.6932311432 -0.0278382029 0.7201774896 -33.9644607015 -0.0224856938 -0.9979318905 -0.0602190630 -3.8266063353 0.0000000000 0.0000000000 0.0000000000 1.0000000000
0.7195017642 -0.0435672993 0.6931227177 -17.4277566554 -0.6944005640 -0.0290591780 0.7190016835 -33.9198832619 -0.0111833851 -0.9986277858 -0.0511612870 -3.8189559168 0.0000000000 0.0000000000 0.0000000000 1.0000000000
0.7160746477 -0.0382159569 0.6969767856 -17.3890110633 -0.6980185112 -0.0353504236 0.7152066174 -33.8755769263 -0.0026938807 -0.9986440248 -0.0519889875 -3.8127326711 0.0000000000 0.0000000000 0.0000000000 1.0000000000
0.7272363343 -0.0386681516 0.6852970802 -17.3518408062 -0.6863852587 -0.0433105819 0.7259472915 -33.8304587503 0.0016095754 -0.9983130609 -0.0580382781 -3.8077672728 0.0000000000 0.0000000000 0.0000000000 1.0000000000
0.7340470524 -0.0362589192 0.6781299401 -17.3144708120 -0.6790726562 -0.0479218377 0.7325051707 -33.7856931193 0.0059373871 -0.9981927611 -0.0597993243 -3.8042214258 0.0000000000 0.0000000000 0.0000000000 1.0000000000
0.7263955390 -0.0364340762 0.6863104830 -17.2759194290 -0.6872144103 -0.0519688649 0.7245933972 -33.7421567420 0.0092668857 -0.9979838652 -0.0627879738 -3.8041777750 0.0000000000 0.0000000000 0.0000000000 1.0000000000
0.7246022980 -0.0393675422 0.6880419364 -17.2373641304 -0.6891133624 -0.0538741312 0.7226481521 -33.6989038493 0.0086187799 -0.9977714040 -0.0661660187 -3.8085079054 0.0000000000 0.0000000000 0.0000000000 1.0000000000
0.7271706442 -0.0423179304 0.6851511125 -17.1989238179 -0.6864395888 -0.0518819241 0.7253336866 -33.6555069582 0.0048523375 -0.9977562121 -0.0667757149 -3.8155978030 0.0000000000 0.0000000000 0.0000000000 1.0000000000
0.7181506583 -0.0458285568 0.6943769692 -17.1596507055 -0.6958865872 -0.0455444943 0.7167060463 -33.6123912085 -0.0012205559 -0.9979105383 -0.0645992865 -3.8231341776 0.0000000000 0.0000000000 0.0000000000 1.0000000000
0.7025511054 -0.0503338543 0.7098510037 -17.1200264790 -0.7115952039 -0.0393684554 0.7014858448 -33.5690607853 -0.0073627487 -0.9979562254 -0.0634756812 -3.8290873400 0.0000000000 0.0000000000 0.0000000000 1.0000000000
0.6902303390 -0.0520500678 0.7217152275 -17.0807774428 -0.7234899913 -0.0330846714 0.6895416137 -33.5250878979 -0.0120129766 -0.9980962854 -0.0604937470 -3.8302440919 0.0000000000 0.0000000000 0.0000000000 1.0000000000
0.6664814725 -0.0571604498 0.7433270678 -17.0407944665 -0.7453627161 -0.0305062112 0.6659608041 -33.4813157610 -0.0153905266 -0.9978988196 -0.0629370926 -3.8252070871 0.0000000000 0.0000000000 0.0000000000 1.0000000000
0.6612490836 -0.0629471519 0.7475207726 -17.0015143905 -0.7499651270 -0.0323887261 0.6606839476 -33.4364812586 -0.0173769272 -0.9974911661 -0.0686251842 -3.8175524543 0.0000000000 0.0000000000 0.0000000000 1.0000000000
0.6444271991 -0.0731214645 0.7611615049 -16.9610348599 -0.7645685354 -0.0457502384 0.6429166901 -33.3928285070 -0.0121876896 -0.9962731388 -0.0853890690 -3.8120332614 0.0000000000 0.0000000000 0.0000000000 1.0000000000
0.6322293600 -0.0819809458 0.7704318016 -16.9202147509 -0.7747616685 -0.0598199555 0.6294171351 -33.3495687782 -0.0055130159 -0.9948370205 -0.1013356266 -3.8085730313 0.0000000000 0.0000000000 0.0000000000 1.0000000000
0.6172379928 -0.0862672032 0.7820327550 -16.8793125386 -0.7867743607 -0.0699954273 0.6132591178 -33.3070627507 0.0018345679 -0.9938101478 -0.1110766607 -3.8081383731 0.0000000000 0.0000000000 0.0000000000 1.0000000000
0.5950161073 -0.0944278521 0.7981473629 -16.8383042795 -0.8036904231 -0.0774761915 0.5899823248 -33.2655502222 0.0061266542 -0.9925123780 -0.1219903423 -3.8103895492 0.0000000000 0.0000000000 0.0000000000 1.0000000000
0.6035549550 -0.1033019347 0.7906011172 -16.7990439013 -0.7973156886 -0.0819501596 0.5979731299 -33.2229482337 0.0030181065 -0.9912683197 -0.1318256781 -3.8128900997 0.0000000000 0.0000000000 0.0000000000 1.0000000000
0.6169870146 -0.1087207760 0.7794272363 -16.7604577545 -0.7869685314 -0.0817775413 0.6115496417 -33.1806729416 -0.0027485086 -0.9907028952 -0.1360155105 -3.8134778276 0.0000000000 0.0000000000 0.0000000000 1.0000000000
0.6154588819 -0.1084226884 0.7806759157 -16.7214869480 -0.7881592136 -0.0797284981 0.6102855239 -33.1396712090 -0.0039266789 -0.9909025619 -0.1345239531 -3.8097509123 0.0000000000 0.0000000000 0.0000000000 1.0000000000
0.6315007236 -0.1060725822 0.7680855703 -16.6837357053 -0.7753338781 -0.0761480770 0.6269440548 -33.0977977129 -0.0080133356 -0.9914383882 -0.1303292323 -3.8001280406 0.0000000000 0.0000000000 0.0000000000 1.0000000000
0.6555775687 -0.1031251245 0.7480529795 -16.6471461320 -0.7549657479 -0.0689862421 0.6521254618 -33.0556809596 -0.0156451555 -0.9922732018 -0.1230817696 -3.7844674561 0.0000000000 0.0000000000 0.0000000000 1.0000000000
0.6644165765 -0.1007115572 0.7405456063 -16.6106672416 -0.7471888744 -0.0681596069 0.6611074451 -33.0152142166 -0.0161058629 -0.9925781834 -0.1205369277 -3.7655541945 0.0000000000 0.0000000000 0.0000000000 1.0000000000
0.6745081237 -0.1011931200 0.7312993529 -16.5756956721 -0.7380710200 -0.0695817159 0.6711255876 -32.9760566899 -0.0170282283 -0.9924305201 -0.1216211420 -3.7479207211 0.0000000000 0.0000000000 0.0000000000 1.0000000000
0.6805491002 -0.1042744054 0.7252446281 -16.5416037776 -0.7323906519 -0.0679362232 0.6774869759 -32.9385983235 -0.0213741707 -0.9922255379 -0.1226035353 -3.7331318550 0.0000000000 0.0000000000 0.0000000000 1.0000000000
0.6807078283 -0.1058479916 0.7248676122 -16.5075658297 -0.7320798750 -0.0626595466 0.6783309206 -32.9022253626 -0.0263800897 -0.9924061587 -0.1201420283 -3.7200568631 0.0000000000 0.0000000000 0.0000000000 1.0000000000
0.6754424377 -0.1073502364 0.7295570163 -16.4730235060 -0.7367143933 -0.0551896157 0.6739480759 -32.8661061522 -0.0320845139 -0.9926882860 -0.1163638728 -3.7084643976 0.0000000000 0.0000000000 0.0000000000 1.0000000000
0.6783944540 -0.1064375690 0.7269470467 -16.4388868800 -0.7338364815 -0.0502663933 0.6774638795 -32.8292202802 -0.0355666022 -0.9930480017 -0.1122082136 -3.7006399822 0.0000000000 0.0000000000 0.0000000000 1.0000000000
0.6803143603 -0.1036722413 0.7255511268 -16.4050306632 -0.7320370601 -0.0475257856 0.6796050635 -32.7921412455 -0.0359737929 -0.9934753978 -0.1082243972 -3.6986910834 0.0000000000 0.0000000000 0.0000000000 1.0000000000
0.6774109928 -0.0983936626 0.7289945364 -16.3714908671 -0.7347333802 -0.0422804389 0.6770370924 -32.7550962963 -0.0357939503 -0.9942489888 -0.1009343424 -3.7020591438 0.0000000000 0.0000000000 0.0000000000 1.0000000000
0.6681272820 -0.0925040294 0.7382742983 -16.3379005149 -0.7430840747 -0.0324930995 0.6684087495 -32.7180574579 -0.0378416824 -0.9951819949 -0.0904477973 -3.7076506084 0.0000000000 0.0000000000 0.0000000000 1.0000000000
0.6500779019 -0.0905358510 0.7544547575 -16.3038221186 -0.7587715157 -0.0240340493 0.6509133210 -32.6813854079 -0.0407983886 -0.9956031459 -0.0843200292 -3.7122343528 0.0000000000 0.0000000000 0.0000000000 1.0000000000
0.6363142186 -0.0878238749 0.7664144976 -16.2693970917 -0.7698618642 -0.0089799204 0.6381473741 -32.6446045511 -0.0491622340 -0.9960955416 -0.0733263031 -3.7108901024 0.0000000000 0.0000000000 0.0000000000 1.0000000000
0.6214093135 -0.0905386277 0.7782372530 -16.2337342722 -0.7809423430 0.0084008552 0.6245466216 -32.6081462885 -0.0630834525 -0.9958575112 -0.0654850784 -3.7038311282 0.0000000000 0.0000000000 0.0000000000 1.0000000000
0.6196227468 -0.0907932309 0.7796308363 -16.1972843872 -0.7818339904 0.0163110330 0.6232732640 -32.5718384536 -0.0693055777 -0.9957361796 -0.0608785469 -3.6957597970 0.0000000000 0.0000000000 0.0000000000 1.0000000000
0.5963702228 -0.0933847580 0.7972589569 -16.1581868402 -0.7998396580 0.0147789983 0.6000317514 -32.5376448839 -0.0678165086 -0.9955204007 -0.0658790784 -3.6899933505 0.0000000000 0.0000000000 0.0000000000 1.0000000000
0.5790725538 -0.0930481234 0.8099487788 -16.1177398411 -0.8129991711 0.0082902148 0.5822058228 -32.5033115418 -0.0608878086 -0.9956270984 -0.0708474113 -3.6858222086 0.0000000000 0.0000000000 0.0000000000 1.0000000000
0.5594313589 -0.0937124122 0.8235621036 -16.0757669297 -0.8272672085 -0.0012380840 0.5618072916 -32.4689452342 -0.0516286774 -0.9955985390 -0.0782178287 -3.6842413746 0.0000000000 0.0000000000 0.0000000000 1.0000000000
0.5476312968 -0.0995633047 0.8307750063 -16.0326672014 -0.8353474580 -0.0082142703 0.5496609411 -32.4340802774 -0.0479018493 -0.9949973237 -0.0876683450 -3.6847205243 0.0000000000 0.0000000000 0.0000000000 1.0000000000
0.5598279114 -0.1083427501 0.8214953184 -15.9895722704 -0.8270305554 -0.0118963780 0.5620310815 -32.3980592400 -0.0511191742 -0.9940424159 -0.0962626892 -3.6861841718 0.0000000000 0.0000000000 0.0000000000 1.0000000000
0.5699141963 -0.1147017360 0.8136592165 -15.9459869461 -0.8195893207 -0.0083512117 0.5728905678 -32.3624858646 -0.0589165023 -0.9933648721 -0.0987677920 -3.6865334187 0.0000000000 0.0000000000 0.0000000000 1.0000000000
0.5635507285 -0.1116287906 0.8185044835 -15.9011507818 -0.8239391034 -0.0046428773 0.5666593311 -32.3276353406 -0.0594552799 -0.9937391292 -0.0945918225 -3.6817504278 0.0000000000 0.0000000000 0.0000000000 1.0000000000
0.5698523360 -0.1081384034 0.8146007616 -15.8558848256 -0.8197510094 -0.0057553763 0.5726911543 -32.2914144700 -0.0572415732 -0.9941191887 -0.0919262800 -3.6684423103 0.0000000000 0.0000000000 0.0000000000 1.0000000000
0.5797064785 -0.1079954938 0.8076369061 -15.8101125886 -0.8130361079 -0.0110146654 0.5821090657 -32.2547311916 -0.0539693057 -0.9940903633 -0.0941895089 -3.6459151900 0.0000000000 0.0000000000 0.0000000000 1.0000000000
0.6053325067 -0.1122744402 0.7880145978 -15.7655474280 -0.7940705523 -0.0167784827 0.6075939767 -32.2177348987 -0.0549955843 -0.9935355719 -0.0993103878 -3.6203985155 0.0000000000 0.0000000000 0.0000000000 1.0000000000
0.6120038122 -0.1217367797 0.7814291333 -15.7213967979 -0.7891169769 -0.0285317302 0.6135799354 -32.1830837024 -0.0523997202 -0.9921522549 -0.1135260873 -3.5981749778 0.0000000000 0.0000000000 0.0000000000 1.0000000000
0.6153578257 -0.1336184966 0.7768402949 -15.6782542501 -0.7866455758 -0.0412925258 0.6160224553 -32.1498706027 -0.0502342964 -0.9901722197 -0.1305200781 -3.5797050421 0.0000000000 0.0000000000 0.0000000000 1.0000000000
0.6090028804 -0.1445326655 0.7798883255 -15.6350403743 -0.7914590808 -0.0462245469 0.6094717505 -32.1178304679 -0.0520385922 -0.9884197488 -0.1425425728 -3.5626496241 0.0000000000 0.0000000000 0.0000000000 1.0000000000
0.6018983466 -0.1539076129 0.7836011913 -15.5917225992 -0.7966762283 -0.0481416314 0.6024859920 -32.0858543401 -0.0550033411 -0.9869117640 -0.1515909049 -3.5466646446 0.0000000000 0.0000000000 0.0000000000 1.0000000000
0.6128773586 -0.1612889036 0.7735420046 -15.5497964163 -0.7878975217 -0.0504161227 0.6137391220 -32.0530136027 -0.0599903214 -0.9856186403 -0.1579780276 -3.5349294454 0.0000000000 0.0000000000 0.0000000000 1.0000000000
0.6259420074 -0.1632985213 0.7625812719 -15.5093756458 -0.7772783018 -0.0509853647 0.6270876607 -32.0207015770 -0.0635220035 -0.9852583852 -0.1588422788 -3.5300612246 0.0000000000 0.0000000000 0.0000000000 1.0000000000
0.6279761226 -0.1585019907 0.7619206706 -15.4701104317 -0.7755805994 -0.0467070040 0.6295182202 -31.9897558765 -0.0641928593 -0.9862533015 -0.1522619523 -3.5319511750 0.0000000000 0.0000000000 0.0000000000 1.0000000000
0.6280038109 -0.1506432729 0.7634905486 -15.4320267228 -0.7752035184 -0.0349379401 0.6307446752 -31.9591038303 -0.0683426552 -0.9879706193 -0.1387203547 -3.5378981339 0.0000000000 0.0000000000 0.0000000000 1.0000000000
0.6367413805 -0.1433260698 0.7576397905 -15.3952518360 -0.7671294407 -0.0184469626 0.6412270508 -31.9273832416 -0.0779284002 -0.9895035863 -0.1216955922 -3.5449362621 0.0000000000 0.0000000000 0.0000000000 1.0000000000
0.6415795396 -0.1355968995 0.7549762746 -15.3589793664 -0.7621559030 -0.0016105993 0.6473915241 -31.8947624563 -0.0865683192 -0.9907627803 -0.1043793049 -3.5502024101 0.0000000000 0.0000000000 0.0000000000 1.0000000000
0.6229389536 -0.1271982655 0.7718598716 -15.3214031988 -0.7769029555 0.0147914764 0.6294465902 -31.8616216318 -0.0914814616 -0.9917670157 -0.0896065215 -3.5486519757 0.0000000000 0.0000000000 0.0000000000 1.0000000000
0.6202062770 -0.1213862991 0.7749900259 -15.2836758575 -0.7792543696 0.0180591120 0.6264475205 -31.8256498492 -0.0900377778 -0.9924410486 -0.0833904293 -3.5394897271 0.0000000000 0.0000000000 0.0000000000 1.0000000000
0.6396793379 -0.1170938226 0.7596705743 -15.2466939700 -0.7644628638 0.0060020927 0.6446398256 -31.7876440973 -0.0800429546 -0.9931027196 -0.0856744642 -3.5296255761 0.0000000000 0.0000000000 0.0000000000 1.0000000000
0.6177679552 -0.1210948948 0.7769805532 -15.2072228382 -0.7836042378 -0.0121444320 0.6211416193 -31.7519591895 -0.0657810916 -0.9925666422 -0.1023929137 -3.5231977565 0.0000000000 0.0000000000 0.0000000000 1.0000000000
0.6031287174 -0.1246537066 0.7878433878 -15.1674356879 -0.7958775259 -0.0283506545 0.6047935219 -31.7156608576 -0.0530538786 -0.9917951874 -0.1163081775 -3.5190484277 0.0000000000 0.0000000000 0.0000000000 1.0000000000
0.6073238737 -0.1296467903 0.7838044541 -15.1280045877 -0.7931583145 -0.0426159602 0.6075226482 -31.6778749323 -0.0453607819 -0.9906440277 -0.1287121197 -3.5184609830 0.0000000000 0.0000000000 0.0000000000 1.0000000000
0.6166273395 -0.1376508148 0.7751277168 -15.0886802603 -0.7859764477 -0.0515459512 0.6161039186 -31.6396725690 -0.0448525110 -0.9891386496 -0.1399749411 -3.5224643036 0.0000000000 0.0000000000 0.0000000000 1.0000000000
0.6303234539 -0.1422171504 0.7631950115 -15.0496392540 -0.7748933868 -0.0554221263 0.6296575474 -31.6012182474 -0.0472502118 -0.9882826873 -0.1451369954 -3.5295616610 0.0000000000 0.0000000000 0.0000000000 1.0000000000
0.6412339078 -0.1397665360 0.7545093710 -15.0105080665 -0.7659530694 -0.0573764965 0.6403310341 -31.5625466422 -0.0462057462 -0.9885207398 -0.1438463623 -3.5365562905 0.0000000000 0.0000000000 0.0000000000 1.0000000000
0.6503758945 -0.1306336682 0.7482954234 -14.9714376663 -0.7585237243 -0.0589621331 0.6489724390 -31.5234893178 -0.0406565559 -0.9896758619 -0.1374362865 -3.5423675235 0.0000000000 0.0000000000 0.0000000000 1.0000000000
0.6648194994 -0.1178642555 0.7376469687 -14.9330603538 -0.7461373121 -0.0572204840 0.6633286725 -31.4838049358 -0.0359742236 -0.9913797625 -0.1259842123 -3.5461094292 0.0000000000 0.0000000000 0.0000000000 1.0000000000
0.6890061777 -0.0983713738 0.7180484384 -14.8957531287 -0.7239750596 -0.0474536165 0.6881920280 -31.4429676074 -0.0336244000 -0.9940177197 -0.1039142561 -3.5443228492 0.0000000000 0.0000000000 0.0000000000 1.0000000000
0.6987736634 -0.0829155785 0.7105211990 -14.8584448426 -0.7146543948 -0.0373510257 0.6984797756 -31.4016812568 -0.0313761591 -0.9958563690 -0.0853558957 -3.5360339927 0.0000000000 0.0000000000 0.0000000000 1.0000000000
0.7097176027 -0.0716235894 0.7008359194 -14.8223250973 -0.7040468323 -0.0369778287 0.7091901706 -31.3591182938 -0.0248793550 -0.9967460567 -0.0766701772 -3.5250393544 0.0000000000 0.0000000000 0.0000000000 1.0000000000
0.7236165380 -0.0639778516 0.6872306312 -14.7879145622 -0.6900060010 -0.0433153817 0.7225063988 -31.3154227945 -0.0164567501 -0.9970108386 -0.0754888281 -3.5154271341 0.0000000000 0.0000000000 0.0000000000 1.0000000000
0.7422829888 -0.0693960325 0.6664834246 -14.7555187678 -0.6698913275 -0.0528442317 0.7405761922 -31.2706113705 -0.0161732450 -0.9961885754 -0.0857131746 -3.5094081548 0.0000000000 0.0000000000 0.0000000000 1.0000000000
0.7702236584 -0.0736003789 0.6335128256 -14.7254192168 -0.6375734006 -0.0639535851 0.7677304852 -31.2246211017 -0.0159898382 -0.9952351095 -0.0961842082 -3.5066330112 0.0000000000 0.0000000000 0.0000000000 1.0000000000
0.7834650381 -0.0739175249 0.6170240949 -14.6955107233 -0.6213066575 -0.0729247215 0.7801666632 -31.1791575440 -0.0126716785 -0.9945944824 -0.1030594201 -3.5064453209 0.0000000000 0.0000000000 0.0000000000 1.0000000000
0.7941115248 -0.0768096594 0.6028989653 -14.6663235954 -0.6076306225 -0.0789355423 0.7902874203 -31.1338386027 -0.0131115508 -0.9939162220 -0.1093555250 -3.5088544049 0.0000000000 0.0000000000 0.0000000000 1.0000000000
0.8091787357 -0.0817130384 0.5818528621 -14.6383784370 -0.5872788638 -0.0817090201 0.8052497576 -31.0882591820 -0.0182567771 -0.9933008685 -0.1141055419 -3.5135370749 0.0000000000 0.0000000000 0.0000000000 1.0000000000
0.8216874759 -0.0858350784 0.5634376907 -14.6110989992 -0.5693901762 -0.0802831250 0.8181377923 -31.0425783740 -0.0249903830 -0.9930694634 -0.1148412887 -3.5191497861 0.0000000000 0.0000000000 0.0000000000 1.0000000000
0.8274898865 -0.0895167187 0.5542988768 -14.5839364045 -0.5605919529 -0.0761970360 0.8245790890 -30.9968758968 -0.0315776829 -0.9930663466 -0.1132346289 -3.5245128112 0.0000000000 0.0000000000 0.0000000000 1.0000000000
0.8267802584 -0.0913661433 0.5550555217 -14.5568332914 -0.5614428307 -0.0728523389 0.8243024230 -30.9511309688 -0.0348762403 -0.9931489136 -0.1115297416 -3.5282656281 0.0000000000 0.0000000000 0.0000000000 1.0000000000
0.8228624353 -0.0892926500 0.5611811074 -14.5301162902 -0.5671016929 -0.0665485384 0.8209549086 -30.9051212710 -0.0359594569 -0.9937797114 -0.1053983053 -3.5282845649 0.0000000000 0.0000000000 0.0000000000 1.0000000000
0.8045386923 -0.0875997524 0.5874042697 -14.5026655614 -0.5928641847 -0.0600656790 0.8030592585 -30.8594780329 -0.0350649559 -0.9943431991 -0.1002599186 -3.5226062149 0.0000000000 0.0000000000 0.0000000000 1.0000000000
0.8010960956 -0.0881528892 0.5920085420 -14.4769707569 -0.5973945763 -0.0567124464 0.7999396343 -30.8127691623 -0.0369427372 -0.9944912099 -0.0980941773 -3.5140219259 0.0000000000 0.0000000000 0.0000000000 1.0000000000
0.7985694135 -0.0897913888 0.5951675380 -14.4517457464 -0.6008639127 -0.0608551361 0.7970314993 -30.7659662129 -0.0353475637 -0.9940996725 -0.1025494555 -3.5069567616 0.0000000000 0.0000000000 0.0000000000 1.0000000000
0.7894283198 -0.0905998355 0.6071199204 -14.4260109747 -0.6131966985 -0.0710272750 0.7867305353 -30.7192149118 -0.0281555835 -0.9933512954 -0.1116264624 -3.5020554407 0.0000000000 0.0000000000 0.0000000000 1.0000000000
0.7923876437 -0.0915160513 0.6031141140 -14.4012317077 -0.6095684703 -0.0808437567 0.7886003849 -30.6715186687 -0.0234115826 -0.9925165487 -0.1198448932 -3.5006307291 0.0000000000 0.0000000000 0.0000000000 1.0000000000
0.7946957246 -0.0937023228 0.5997320902 -14.3763245921 -0.6065636893 -0.0847897686 0.7905005920 -30.6240118918 -0.0232205965 -0.9919831500 -0.1242184932 -3.5038321041 0.0000000000 0.0000000000 0.0000000000 1.0000000000
0.7976102832 -0.0965136762 0.5954015002 -14.3511540676 -0.6025510244 -0.0826725242 0.7937868207 -30.5764000979 -0.0273879393 -0.9918923147 -0.1240948699 -3.5106713326 0.0000000000 0.0000000000 0.0000000000 1.0000000000
0.8038932701 -0.0953053078 0.5870881608 -14.3256610764 -0.5941188774 -0.0823711523 0.8001485817 -30.5278519947 -0.0278992785 -0.9920342190 -0.1228402974 -3.5187111949 0.0000000000 0.0000000000 0.0000000000 1.0000000000
0.8085933428 -0.0866731274 0.5819489454 -14.2994544086 -0.5880088190 -0.0844905915 0.8044295921 -30.4787011096 -0.0205532179 -0.9926475250 -0.1192830931 -3.5265095341 0.0000000000 0.0000000000 0.0000000000 1.0000000000
0.8105764890 -0.0759489347 0.5806871058 -14.2728080121 -0.5855544354 -0.0888884765 0.8057448988 -30.4294431477 -0.0095790745 -0.9931417814 -0.1165231448 -3.5338564375 0.0000000000 0.0000000000 0.0000000000 1.0000000000
0.8103944807 -0.0611206521 0.5826877822 -14.2462802888 -0.5858699265 -0.0915829634 0.8052136301 -30.3799284137 0.0041490917 -0.9939199297 -0.1100270800 -3.5374052540 0.0000000000 0.0000000000 0.0000000000 1.0000000000
0.8065308474 -0.0467408742 0.5893413976 -14.2199062775 -0.5910007656 -0.0890994667 0.8017352307 -30.3294412673 0.0150361987 -0.9949254121 -0.0994853608 -3.5323446272 0.0000000000 0.0000000000 0.0000000000 1.0000000000
0.8137438535 -0.0376167225 0.5800051060 -14.1948434256 -0.5809029874 -0.0857800934 0.8094402354 -30.2776626971 0.0193044035 -0.9956037152 -0.0916546902 -3.5213977984 0.0000000000 0.0000000000 0.0000000000 1.0000000000
0.8314499131 -0.0268353574 0.5549512642 -14.1709939677 -0.5551308999 -0.0811487427 0.8277950021 -30.2258248086 0.0228194226 -0.9963406773 -0.0823682512 -3.5110393782 0.0000000000 0.0000000000 0.0000000000 1.0000000000
0.8367350195 -0.0288792733 0.5468459515 -14.1460785062 -0.5472392315 -0.0807386242 0.8330729248 -30.1753815136 0.0200930491 -0.9963168483 -0.0833607056 -3.5054542656 0.0000000000 0.0000000000 0.0000000000 1.0000000000
0.8447686117 -0.0319791925 0.5341753682 -14.1209186797 -0.5348922445 -0.0803223636 0.8410936955 -30.1249830421 0.0160087309 -0.9962558151 -0.0849592337 -3.5033340111 0.0000000000 0.0000000000 0.0000000000 1.0000000000
0.8517495048 -0.0305497770 0.5230578288 -14.0949668270 -0.5236907446 -0.0809915839 0.8480497435 -30.0741886147 0.0164555515 -0.9962464928 -0.0849831769 -3.5031523721 0.0000000000 0.0000000000 0.0000000000 1.0000000000
0.8514820806 -0.0292168757 0.5235691364 -14.0674719967 -0.5239738588 -0.0868720493 0.8472925365 -30.0233428567 0.0207282831 -0.9957909526 -0.0892788724 -3.5059435260 0.0000000000 0.0000000000 0.0000000000 1.0000000000
0.8551190575 -0.0266341948 0.5177470591 -14.0395738586 -0.5177553961 -0.0948676128 0.8502526012 -29.9722071928 0.0264716341 -0.9951335366 -0.0949131017 -3.5123984474 0.0000000000 0.0000000000 0.0000000000 1.0000000000
0.8575422421 -0.0253704388 0.5137875473 -14.0108425875 -0.5136554211 -0.0964362675 0.8525597660 -29.9211871944 0.0279179380 -0.9950157723 -0.0957298365 -3.5210746692 0.0000000000 0.0000000000 0.0000000000 1.0000000000
0.8489882483 -0.0265718803 0.5277432041 -13.9804534114 -0.5277514361 -0.0925518656 0.8443415031 -29.8707201000 0.0264078768 -0.9953532475 -0.0925987942 -3.5291435058 0.0000000000 0.0000000000 0.0000000000 1.0000000000
0.8393896451 -0.0287754003 0.5427679063 -13.9495878231 -0.5430166441 -0.0877941212 0.8351198217 -29.8202610603 0.0236209242 -0.9957229377 -0.0893189975 -3.5330895214 0.0000000000 0.0000000000 0.0000000000 1.0000000000
0.8280386853 -0.0324695817 0.5597299902 -13.9182027535 -0.5603193267 -0.0832753090 0.8240797747 -29.7699223844 0.0198541623 -0.9959974644 -0.0871485115 -3.5291428286 0.0000000000 0.0000000000 0.0000000000 1.0000000000
0.8240742572 -0.0337479121 0.5654756379 -13.8869208507 -0.5661495275 -0.0832494083 0.8200879517 -29.7198000486 0.0193992562 -0.9959571348 -0.0877100588 -3.5192752196 0.0000000000 0.0000000000 0.0000000000 1.0000000000
0.8215931637 -0.0321339512 0.5691678861 -13.8551351542 -0.5696142093 -0.0863773196 0.8173607596 -29.6710209347 0.0228981657 -0.9957441277 -0.0892709704 -3.5101169941 0.0000000000 0.0000000000 0.0000000000 1.0000000000
0.7952284529 -0.0314128652 0.6054956149 -13.8201404869 -0.6053441208 -0.0974796906 0.7899722814 -29.6247991694 0.0342082324 -0.9947416458 -0.0965342168 -3.5038466497 0.0000000000 0.0000000000 0.0000000000 1.0000000000
0.7783671481 -0.0324013828 0.6269726734 -13.7847158021 -0.6263616990 -0.1078594097 0.7720345652 -29.5788794668 0.0426099149 -0.9936380116 -0.1042492063 -3.5002224480 0.0000000000 0.0000000000 0.0000000000 1.0000000000
0.7715332524 -0.0369227597 0.6351166431 -13.7489614393 -0.6347391051 -0.1120368994 0.7645613132 -29.5337758529 0.0429267858 -0.9930178463 -0.1098765128 -3.5012449715 0.0000000000 0.0000000000 0.0000000000 1.0000000000
0.7665983957 -0.0418153569 0.6407639001 -13.7123973332 -0.6410593140 -0.1073546347 0.7599460101 -29.4901861854 0.0370115608 -0.9933410584 -0.1091040148 -3.5072645719 0.0000000000 0.0000000000 0.0000000000 1.0000000000
0.7652900752 -0.0437523791 0.6421968780 -13.6752837944 -0.6430177812 -0.0973975921 0.7596327021 -29.4472098161 0.0293126916 -0.9942833793 -0.1026709683 -3.5160173300 0.0000000000 0.0000000000 0.0000000000 1.0000000000
0.7570890270 -0.0386039964 0.6521701746 -13.6369782759 -0.6525814811 -0.0918714635 0.7521283432 -29.4045494585 0.0308806685 -0.9950222941 -0.0947471301 -3.5240959446 0.0000000000 0.0000000000 0.0000000000 1.0000000000
0.7517425057 -0.0329454174 0.6586332854 -13.5981741022 -0.6585230187 -0.0906322702 0.7470831449 -29.3617049441 0.0350804638 -0.9953393346 -0.0898274456 -3.5295287235 0.0000000000 0.0000000000 0.0000000000 1.0000000000
0.7490311008 -0.0236064161 0.6621141497 -13.5590503851 -0.6613866101 -0.0854533098 0.7451613811 -29.3187882337 0.0389892560 -0.9960624825 -0.0796201542 -3.5293742093 0.0000000000 0.0000000000 0.0000000000 1.0000000000
0.7399085999 -0.0196918342 0.6724191367 -13.5195392425 -0.6716672998 -0.0771888084 0.7368208237 -29.2757271467 0.0373938784 -0.9968220100 -0.0703390243 -3.5222170575 0.0000000000 0.0000000000 0.0000000000 1.0000000000
0.7435155933 -0.0230749073 0.6683203657 -13.4814093810 -0.6681500005 -0.0668385366 0.7410183445 -29.2317081709 0.0275706256 -0.9974969467 -0.0651129935 -3.5129006206 0.0000000000 0.0000000000 0.0000000000 1.0000000000
0.7525124654 -0.0264035157 0.6580485117 -13.4443541154 -0.6584040265 -0.0531273539 0.7507873348 -29.1870706315 0.0151369509 -0.9982386181 -0.0573631771 -3.5055898501 0.0000000000 0.0000000000 0.0000000000 1.0000000000
0.7513839240 -0.0399073957 0.6586574212 -13.4074330864 -0.6598652636 -0.0457151478 0.7499919727 -29.1419316387 0.0001803949 -0.9981570643 -0.0606831313 -3.5020232962 0.0000000000 0.0000000000 0.0000000000 1.0000000000
0.7574834313 -0.0473630051 0.6511340853 -13.3716478988 -0.6528163170 -0.0441795561 0.7562268331 -29.0950812872 -0.0070503605 -0.9979002518 -0.0643846243 -3.5006635881 0.0000000000 0.0000000000 0.0000000000 1.0000000000
0.7640961373 -0.0471974906 0.6433735228 -13.3363336376 -0.6450845009 -0.0484747443 0.7625720856 -29.0470162731 -0.0048041218 -0.9977086729 -0.0674857345 -3.5013486464 0.0000000000 0.0000000000 0.0000000000 1.0000000000
0.7631187219 -0.0464192649 0.6445890692 -13.3008427244 -0.6462583150 -0.0549386133 0.7611385807 -28.9987711395 0.0000813362 -0.9974101466 -0.0719235203 -3.5053336373 0.0000000000 0.0000000000 0.0000000000 1.0000000000
0.7639044259 -0.0450331948 0.6437561956 -13.2656104089 -0.6453227688 -0.0578277798 0.7617181053 -28.9501888935 0.0029243917 -0.9973103625 -0.0732358429 -3.5121618686 0.0000000000 0.0000000000 0.0000000000 1.0000000000
0.7685726477 -0.0453926822 0.6381501309 -13.2304134525 -0.6397579148 -0.0583174341 0.7663608075 -28.9012458642 0.0024281057 -0.9972655520 -0.0738615125 -3.5198507960 0.0000000000 0.0000000000 0.0000000000 1.0000000000
0.7695722132 -0.0482351370 0.6367354083 -13.1944388836 -0.6385594825 -0.0591141340 0.7672987075 -28.8524608448 0.0006293040 -0.9970851973 -0.0762935991 -3.5260958402 0.0000000000 0.0000000000 0.0000000000 1.0000000000
0.7655792713 -0.0514422087 0.6412815907 -13.1573307041 -0.6433327644 -0.0559994788 0.7635358620 -28.8037547504 -0.0033665363 -0.9971046874 -0.0759664985 -3.5268475958 0.0000000000 0.0000000000 0.0000000000 1.0000000000
0.7476274480 -0.0614057139 0.6612734210 -13.1181262262 -0.6640574959 -0.0556402881 0.7456083425 -28.7556956415 -0.0089911689 -0.9965608344 -0.0823751313 -3.5201938027 0.0000000000 0.0000000000 0.0000000000 1.0000000000
0.7557710536 -0.0684684391 0.6512466410 -13.0794310914 -0.6547878262 -0.0669600389 0.7528407905 -28.7072773624 -0.0079383334 -0.9954036498 -0.0954387596 -3.5102826289 0.0000000000 0.0000000000 0.0000000000 1.0000000000
0.7520238429 -0.0752232267 0.6548294479 -13.0387519450 -0.6591356588 -0.0849673432 0.7472086281 -28.6617394013 -0.0005683256 -0.9935401435 -0.1134797790 -3.5032208748 0.0000000000 0.0000000000 0.0000000000 1.0000000000
0.7201512592 -0.0802273482 0.6891630696 -12.9951917522 -0.6937120887 -0.1005406408 0.7132006152 -28.6199485811 0.0120707025 -0.9916930736 -0.1280591504 -3.5000563974 0.0000000000 0.0000000000 0.0000000000 1.0000000000
0.6994398479 -0.0863495819 0.7094558823 -12.9520384862 -0.7143861949 -0.1134817742 0.6904884151 -28.5790566617 0.0208869263 -0.9897806002 -0.1410606242 -3.5011675729 0.0000000000 0.0000000000 0.0000000000 1.0000000000
0.6923528274 -0.0904047409 0.7158732746 -12.9098094614 -0.7211276241 -0.1209992829 0.6821540320 -28.5388182177 0.0249501944 -0.9885272664 -0.1489675516 -3.5057776967 0.0000000000 0.0000000000 0.0000000000 1.0000000000
0.6871818231 -0.0904293855 0.7208353960 -12.8679949270 -0.7259823937 -0.1223971356 0.6767337034 -28.4996736804 0.0270315747 -0.9883529063 -0.1497592286 -3.5122404267 0.0000000000 0.0000000000 0.0000000000 1.0000000000
0.6819686624 -0.0846653653 0.7264643966 -12.8265880898 -0.7307551613 -0.1199726502 0.6720144771 -28.4614067968 0.0302595078 -0.9891604213 -0.1436872405 -3.5185603868 0.0000000000 0.0000000000 0.0000000000 1.0000000000
0.6854342952 -0.0735747379 0.7244077477 -12.7862349413 -0.7272914804 -0.1170395572 0.6762757163 -28.4230739384 0.0350275535 -0.9903981523 -0.1337332065 -3.5231626174 0.0000000000 0.0000000000 0.0000000000 1.0000000000
0.6957359750 -0.0618682846 0.7156282334 -12.7470835952 -0.7173343464 -0.1114235646 0.6877617500 -28.3843258228 0.0371872091 -0.9918453028 -0.1219016279 -3.5244023750 0.0000000000 0.0000000000 0.0000000000 1.0000000000
0.7009234216 -0.0454889855 0.7117844542 -12.7082660574 -0.7119598772 -0.1043074241 0.6944300501 -28.3453621547 0.0426554845 -0.9935042594 -0.1054978491 -3.5200467329 0.0000000000 0.0000000000 0.0000000000 1.0000000000
0.6966900556 -0.0337832157 0.7165763468 -12.6691284886 -0.7157120636 -0.1006520291 0.6911044864 -28.3065267981 0.0487771314 -0.9943479589 -0.0943023228 -3.5116429838 0.0000000000 0.0000000000 0.0000000000 1.0000000000
0.6993482685 -0.0287804153 0.7142014331 -12.6304091707 -0.7130839863 -0.0969053584 0.6943490333 -28.2675742268 0.0492262923 -0.9948773991 -0.0882934479 -3.5026901499 0.0000000000 0.0000000000 0.0000000000 1.0000000000
0.7011467235 -0.0351293790 0.7121511068 -12.5914154543 -0.7118431126 -0.0917772429 0.6963162505 -28.2290644860 0.0408981077 -0.9951597180 -0.0893559196 -3.4959344979 0.0000000000 0.0000000000 0.0000000000 1.0000000000
0.7095311621 -0.0485282401 0.7030010952 -12.5524289904 -0.7041560216 -0.0870731117 0.7046861503 -28.1903175039 0.0270153142 -0.9950192376 -0.0959525386 -3.4923752667 0.0000000000 0.0000000000 0.0000000000 1.0000000000
0.7264858381 -0.0611224672 0.6844577204 -12.5135786277 -0.6870643148 -0.0829963187 0.7218408678 -28.1510003466 0.0126867763 -0.9946736425 -0.1022907162 -3.4925142370 0.0000000000 0.0000000000 0.0000000000 1.0000000000
0.7361002586 -0.0720081957 0.6730313730 -12.4743430293 -0.6768715015 -0.0800344978 0.7317372818 -28.1117063123 0.0011746466 -0.9941877584 -0.1076537101 -3.4967488440 0.0000000000 0.0000000000 0.0000000000 1.0000000000
0.7346598174 -0.0806377442 0.6736263852 -12.4347005829 -0.6783964303 -0.0766370462 0.7306880637 -28.0721892478 -0.0072963008 -0.9937928946 -0.1110065162 -3.5039370782 0.0000000000 0.0000000000 0.0000000000 1.0000000000
0.7305240326 -0.0867995664 0.6773481181 -12.3952428975 -0.6827904919 -0.0761673415 0.7266331126 -28.0315511507 -0.0114796337 -0.9933098063 -0.1149079921 -3.5115924815 0.0000000000 0.0000000000 0.0000000000 1.0000000000
0.7343155600 -0.0929130912 0.6724193749 -12.3567253171 -0.6785914683 -0.0754449865 0.7306310102 -27.9894618347 -0.0171545150 -0.9928117704 -0.1184504585 -3.5177857497 0.0000000000 0.0000000000 0.0000000000 1.0000000000
0.7370662679 -0.1003124666 0.6683342919 -12.3187803960 -0.6753431783 -0.0721655844 0.7339643860 -27.9471488075 -0.0253950432 -0.9923353957 -0.1209361580 -3.5213476332 0.0000000000 0.0000000000 0.0000000000 1.0000000000
0.7401077914 -0.1051654131 0.6642143427 -12.2813610601 -0.6715379547 -0.0630867045 0.7382796510 -27.9049403108 -0.0357383905 -0.9924516631 -0.1173135280 -3.5196156306 0.0000000000 0.0000000000 0.0000000000 1.0000000000
0.7250589420 -0.1071894697 0.6802940161 -12.2428600557 -0.6876156418 -0.0576018439 0.7237864027 -27.8644234275 -0.0383960909 -0.9925686098 -0.1154698880 -3.5115159014 0.0000000000 0.0000000000 0.0000000000 1.0000000000
0.7170883285 -0.1055712011 0.6889405277 -12.2050068106 -0.6960642805 -0.0577572893 0.7156525784 -27.8252297597 -0.0357609649 -0.9927330039 -0.1149014202 -3.5017151116 0.0000000000 0.0000000000 0.0000000000 1.0000000000
0.6983278293 -0.1039000311 0.7081970251 -12.1664620980 -0.7151484115 -0.0597864591 0.6964110344 -27.7890164512 -0.0300165357 -0.9927891835 -0.1160544903 -3.4948298230 0.0000000000 0.0000000000 0.0000000000 1.0000000000
0.6701743738 -0.0997607238 0.7354686306 -12.1267860850 -0.7418978691 -0.0615987933 0.6676774225 -27.7549642775 -0.0213040027 -0.9931029084 -0.1152942011 -3.4898421377 0.0000000000 0.0000000000 0.0000000000 1.0000000000
0.6531121718 -0.0968585175 0.7510412230 -12.0872736754 -0.7570759911 -0.0615842612 0.6504178061 -27.7210403056 -0.0167461856 -0.9933910642 -0.1135506887 -3.4878080899 0.0000000000 0.0000000000 0.0000000000 1.0000000000
0.6395423512 -0.0943393384 0.7629453914 -12.0473442943 -0.7685811354 -0.0573062985 0.6371805290 -27.6872653842 -0.0163896132 -0.9938893688 -0.1091572407 -3.4902486173 0.0000000000 0.0000000000 0.0000000000 1.0000000000
0.6256971295 -0.0855702970 0.7753585148 -11.9651216097 -0.7798367810 -0.0445175157 0.6243979386 -27.6178636201 -0.0189128822 -0.9953370861 -0.0945853468 -3.5051496494 0.0000000000 0.0000000000 0.0000000000 1.0000000000
0.6250340606 -0.0770466530 0.7767858369 -11.9222963710 -0.7804506616 -0.0423812455 0.6237792838 -27.5812955818 -0.0151389548 -0.9961263189 -0.0866208333 -3.5129042800 0.0000000000 0.0000000000 0.0000000000 1.0000000000
0.6269206279 -0.0733484061 0.7756226774 -11.8779306568 -0.7789539344 -0.0408829244 0.6257470372 -27.5435407490 -0.0141878245 -0.9964680616 -0.0827653782 -3.5173320426 0.0000000000 0.0000000000 0.0000000000 1.0000000000
0.6329749882 -0.0696715362 0.7710308304 -11.8323413268 -0.7740419756 -0.0386851658 0.6319513257 -27.5043095579 -0.0142015641 -0.9968196101 -0.0784154358 -3.5140789016 0.0000000000 0.0000000000 0.0000000000 1.0000000000
0.6424564935 -0.0731910056 0.7628189370 -11.7864286205 -0.7661606201 -0.0409097815 0.6413456899 -27.4637680663 -0.0157339800 -0.9964785329 -0.0823588210 -3.5041545555 0.0000000000 0.0000000000 0.0000000000 1.0000000000
0.6666108217 -0.0789924552 0.7412086106 -11.7421763714 -0.7451520483 -0.0446674291 0.6653970587 -27.4220779020 -0.0194534643 -0.9958739944 -0.0886371814 -3.4929945992 0.0000000000 0.0000000000 0.0000000000 1.0000000000
0.6758453912 -0.0912765889 0.7313696682 -11.6986976130 -0.7365547391 -0.0475133728 0.6747070444 -27.3815965368 -0.0268351178 -0.9946914415 -0.0993418981 -3.4851564390 0.0000000000 0.0000000000 0.0000000000 1.0000000000
0.6727991760 -0.0981318736 0.7332880772 -11.6557486795 -0.7392665209 -0.0506634529 0.6715044494 -27.3423318010 -0.0287450838 -0.9938829659 -0.1066319381 -3.4809973469 0.0000000000 0.0000000000 0.0000000000 1.0000000000
0.6662313784 -0.0996349773 0.7390592816 -11.6130430996 -0.7453402561 -0.0563125853 0.6643017351 -27.3036545499 -0.0245693495 -0.9934292949 -0.1117791708 -3.4790411575 0.0000000000 0.0000000000 0.0000000000 1.0000000000
0.6559417144 -0.1024542979 0.7478259050 -11.5702057338 -0.7545798368 -0.0644601024 0.6530345819 -27.2658050773 -0.0187012652 -0.9926469725 -0.1195920175 -3.4784848852 0.0000000000 0.0000000000 0.0000000000 1.0000000000
0.6466594935 -0.1081985830 0.7550659349 -11.5272223316 -0.7625659396 -0.0683176286 0.6432930043 -27.2288340990 -0.0180190774 -0.9917790925 -0.1266867972 -3.4772196305 0.0000000000 0.0000000000 0.0000000000 1.0000000000
0.6334144280 -0.1203776337 0.7643921688 -11.4839730158 -0.7733900872 -0.0658382083 0.6305022627 -27.1931799871 -0.0255721596 -0.9905425562 -0.1348017397 -3.4731673826 0.0000000000 0.0000000000 0.0000000000 1.0000000000
0.6173729742 -0.1395458752 0.7741947813 -11.4412598149 -0.7858977339 -0.0657937912 0.6148462644 -27.1588669302 -0.0348620503 -0.9880273912 -0.1502880956 -3.4656513161 0.0000000000 0.0000000000 0.0000000000 1.0000000000
0.6073022783 -0.1520062797 0.7797935841 -11.4002779864 -0.7930876713 -0.0580996043 0.6063302579 -27.1254719631 -0.0468603081 -0.9866704247 -0.1558383284 -3.4528242952 0.0000000000 0.0000000000 0.0000000000 1.0000000000
0.5853695936 -0.1669467795 0.7933922181 -11.3603171499 -0.8087148796 -0.0506567652 0.5860154739 -27.0940910710 -0.0576427128 -0.9846637319 -0.1646652748 -3.4355555539 0.0000000000 0.0000000000 0.0000000000 1.0000000000
0.5740544922 -0.1802151196 0.7987389753 -11.3229550352 -0.8163762162 -0.0507038935 0.5752903517 -27.0643639226 -0.0631768436 -0.9823195131 -0.1762301353 -3.4175119576 0.0000000000 0.0000000000 0.0000000000 1.0000000000
0.5522954527 -0.1876625616 0.8122514980 -11.2874473148 -0.8311726921 -0.0489232635 0.5538578068 -27.0375753218 -0.0642003807 -0.9810144124 -0.1830000925 -3.4005137524 0.0000000000 0.0000000000 0.0000000000 1.0000000000
0.5238730205 -0.1878481096 0.8308249792 -11.2539719059 -0.8496740638 -0.0464323191 0.5252599594 -27.0127147932 -0.0600919598 -0.9810999579 -0.1839343059 -3.3845107658 0.0000000000 0.0000000000 0.0000000000 1.0000000000
0.4988246993 -0.1829307510 0.8471778206 -11.2229624161 -0.8651319662 -0.0462680500 0.4994055952 -26.9884426566 -0.0521593748 -0.9820364596 -0.1813388864 -3.3699785401 0.0000000000 0.0000000000 0.0000000000 1.0000000000
0.4790986678 -0.1740914180 0.8603235697 -11.1941435428 -0.8768232162 -0.0496248652 0.4782451466 -26.9646041962 -0.0405649345 -0.9834782920 -0.1764226039 -3.3572598889 0.0000000000 0.0000000000 0.0000000000 1.0000000000
0.4587403128 -0.1653718757 0.8730460859 -11.1667572563 -0.8880288308 -0.0510261800 0.4569476170 -26.9419610935 -0.0310180778 -0.9849103876 -0.1702627591 -3.3461926883 0.0000000000 0.0000000000 0.0000000000 1.0000000000
0.4459321451 -0.1585338362 0.8809151745 -11.1405949795 -0.8945642622 -0.0459646175 0.4445694938 -26.9205541950 -0.0299883783 -0.9862830612 -0.1623158047 -3.3356690689 0.0000000000 0.0000000000 0.0000000000 1.0000000000
0.4455857879 -0.1499884087 0.8825852837 -11.1156666155 -0.8946193541 -0.0379204037 0.4452170867 -26.9001312226 -0.0333094121 -0.9879602827 -0.1510793262 -3.3239434908 0.0000000000 0.0000000000 0.0000000000 1.0000000000
0.4476701594 -0.1396356859 0.8832289078 -11.0917808424 -0.8936170495 -0.0342392571 0.4475223370 -26.8810143526 -0.0322489869 -0.9896108066 -0.1401087233 -3.3095813475 0.0000000000 0.0000000000 0.0000000000 1.0000000000
0.4578046394 -0.1255558599 0.8801423965 -11.0692734269 -0.8886209552 -0.0337688028 0.4573974922 -26.8627963142 -0.0277075804 -0.9915116711 -0.1270310827 -3.2919179005 0.0000000000 0.0000000000 0.0000000000 1.0000000000
0.4425324568 -0.1124993175 0.8896678752 -11.0470420369 -0.8964848677 -0.0312639669 0.4419699609 -26.8467484741 -0.0219067719 -0.9931598401 -0.1146892558 -3.2711627916 0.0000000000 0.0000000000 0.0000000000 1.0000000000
0.4358322580 -0.1019671248 0.8942331622 -11.0260770762 -0.8997811216 -0.0260976147 0.4355603836 -26.8301206616 -0.0210754875 -0.9944453831 -0.1031222763 -3.2492694385 0.0000000000 0.0000000000 0.0000000000 1.0000000000
0.4480779080 -0.0981023825 0.8885955834 -11.0059267598 -0.8935654174 -0.0183539183 0.4485576647 -26.8121422313 -0.0276953649 -0.9950070634 -0.0958848817 -3.2295036267 0.0000000000 0.0000000000 0.0000000000 1.0000000000
0.4568125110 -0.0961591257 0.8843504692 -10.9850112756 -0.8889559532 -0.0126256723 0.4578186383 -26.7938874432 -0.0328579208 -0.9952858961 -0.0912487923 -3.2124677778 0.0000000000 0.0000000000 0.0000000000 1.0000000000
0.4657502478 -0.0969374660 0.8795907198 -10.9629521274 -0.8839911177 -0.0055285748 0.4674710031 -26.7750769361 -0.0404525714 -0.9952751190 -0.0882667940 -3.1981600093 0.0000000000 0.0000000000 0.0000000000 1.0000000000
0.4699491770 -0.0985753974 0.8771719683 -10.9396249216 -0.8812027748 0.0053360780 0.4727083625 -26.7559514230 -0.0512780727 -0.9951152784 -0.0843572283 -3.1858455296 0.0000000000 0.0000000000 0.0000000000 1.0000000000
0.4648547736 -0.1027070027 0.8794096378 -10.9153790223 -0.8832407170 0.0153228262 0.4686694430 -26.7366927711 -0.0616106748 -0.9945936269 -0.0835921178 -3.1743416072 0.0000000000 0.0000000000 0.0000000000 1.0000000000
0.4611963031 -0.1058499557 0.8809618362 -10.8910190408 -0.8846055468 0.0224385471 0.4657998907 -26.7168467889 -0.0690724014 -0.9941289144 -0.0832868830 -3.1622818123 0.0000000000 0.0000000000 0.0000000000 1.0000000000
0.4527997908 -0.1049412055 0.8854149834 -10.8668210810 -0.8884695864 0.0301972882 0.4579409545 -26.6970366762 -0.0747940072 -0.9940198525 -0.0795637436 -3.1485053223 0.0000000000 0.0000000000 0.0000000000 1.0000000000
0.4142257471 -0.1049336465 0.9041050604 -10.8428807670 -0.9070665362 0.0344217717 0.4195776932 -26.6790396124 -0.0751487153 -0.9938833289 -0.0809234152 -3.1330971878 0.0000000000 0.0000000000 0.0000000000 1.0000000000
0.3847888700 -0.1027607463 0.9172664578 -10.8207074140 -0.9201189308 0.0358159791 0.3899979089 -26.6612715109 -0.0729292724 -0.9940610870 -0.0807705179 -3.1154487594 0.0000000000 0.0000000000 0.0000000000 1.0000000000
0.3634423332 -0.0974525319 0.9265056257 -10.7995935041 -0.9290134565 0.0363832448 0.3682529799 -26.6444220085 -0.0695964663 -0.9945749160 -0.0773115021 -3.0944470496 0.0000000000 0.0000000000 0.0000000000 1.0000000000
0.3434239745 -0.0920145980 0.9346621248 -10.7786739652 -0.9369787076 0.0345372798 0.3476752476 -26.6292229866 -0.0642718855 -0.9951585251 -0.0743547892 -3.0724215017 0.0000000000 0.0000000000 0.0000000000 1.0000000000
0.3509565790 -0.0916098730 0.9318997322 -10.7577332249 -0.9342015104 0.0337732670 0.3551434983 -26.6136759195 -0.0640079492 -0.9952220846 -0.0737291315 -3.0519681472 0.0000000000 0.0000000000 0.0000000000 1.0000000000
0.3711567692 -0.0891226008 0.9242834061 -10.7359689605 -0.9261680958 0.0360199818 0.3753867595 -26.5980119246 -0.0667481158 -0.9953691390 -0.0691734494 -3.0351515208 0.0000000000 0.0000000000 0.0000000000 1.0000000000
0.3687904726 -0.0808218815 0.9259921224 -10.7127582586 -0.9271584710 0.0388703280 0.3726476450 -26.5838744956 -0.0661117014 -0.9959703415 -0.0605996854 -3.0236768210 0.0000000000 0.0000000000 0.0000000000 1.0000000000
0.3457101014 -0.0683192604 0.9358509521 -10.6884575499 -0.9361891794 0.0423976185 0.3489301682 -26.5711159265 -0.0635165026 -0.9967622187 -0.0493024673 -3.0165956682 0.0000000000 0.0000000000 0.0000000000 1.0000000000
0.3252698086 -0.0578161880 0.9438521283 -10.6636484632 -0.9436390324 0.0447482439 0.3279374502 -26.5581566665 -0.0611958185 -0.9973238607 -0.0400023590 -3.0109322254 0.0000000000 0.0000000000 0.0000000000 1.0000000000
0.3261755263 -0.0515036566 0.9439051326 -10.6385011393 -0.9434296801 0.0451992328 0.3284775000 -26.5437497369 -0.0595815801 -0.9976494388 -0.0338471947 -3.0023698783 0.0000000000 0.0000000000 0.0000000000 1.0000000000
0.3244934382 -0.0468844942 0.9447252790 -10.6124685583 -0.9441757232 0.0440132687 0.3264889522 -26.5293554618 -0.0568877170 -0.9979301961 -0.0299851843 -2.9880377362 0.0000000000 0.0000000000 0.0000000000 1.0000000000
0.3316146688 -0.0436142331 0.9424062341 -10.5860538035 -0.9420852945 0.0377074536 0.3332468241 -26.5145679265 -0.0500700440 -0.9983365898 -0.0285839829 -2.9670503632 0.0000000000 0.0000000000 0.0000000000 1.0000000000
0.3449031715 -0.0395315095 0.9378054500 -10.5597492266 -0.9374511747 0.0357251161 0.3462788055 -26.4994249279 -0.0471921325 -0.9985794790 -0.0247371542 -2.9406865802 0.0000000000 0.0000000000 0.0000000000 1.0000000000
0.3484072463 -0.0376105678 0.9365884026 -10.5336587030 -0.9361613204 0.0362001394 0.3497020619 -26.4844315032 -0.0470571239 -0.9986365681 -0.0225971680 -2.9132030813 0.0000000000 0.0000000000 0.0000000000 1.0000000000
0.3501698583 -0.0367280988 0.9359658739 -10.5080784971 -0.9354877384 0.0368184305 0.3514357616 -26.4689974999 -0.0473683619 -0.9986468094 -0.0214659815 -2.8889725210 0.0000000000 0.0000000000 0.0000000000 1.0000000000
0.3521542699 -0.0370792336 0.9352071966 -10.4826810993 -0.9347244431 0.0370172170 0.3534401522 -26.4532312163 -0.0477240577 -0.9986264848 -0.0216230949 -2.8702658866 0.0000000000 0.0000000000 0.0000000000 1.0000000000
0.3559396167 -0.0388421287 0.9337013860 -10.4572141521 -0.9330330839 0.0413597402 0.3574054228 -26.4374468661 -0.0525000342 -0.9983890329 -0.0215194210 -2.8581339836 0.0000000000 0.0000000000 0.0000000000 1.0000000000
0.3660517288 -0.0397198974 0.9297464502 -10.4317351249 -0.9284928694 0.0515190251 0.3677591351 -26.4214943278 -0.0625069858 -0.9978818166 -0.0180210134 -2.8513963845 0.0000000000 0.0000000000 0.0000000000 1.0000000000
0.3695935708 -0.0414278590 0.9282695325 -10.4060476833 -0.9261507003 0.0643572242 0.3716221576 -26.4058965950 -0.0751363608 -0.9970666378 -0.0145824243 -2.8471632224 0.0000000000 0.0000000000 0.0000000000 1.0000000000
0.3687007902 -0.0465505456 0.9283818040 -10.3800227780 -0.9252639511 0.0773992437 0.3713434768 -26.3903554938 -0.0891422910 -0.9959128495 -0.0145343794 -2.8430153365 0.0000000000 0.0000000000 0.0000000000 1.0000000000
0.3698532163 -0.0523556251 0.9276138674 -10.3535012792 -0.9234388813 0.0892384405 0.3732253115 -26.3745772016 -0.1023192593 -0.9946332939 -0.0153420956 -2.8347336593 0.0000000000 0.0000000000 0.0000000000 1.0000000000
0.3579354455 -0.0640376513 0.9315478496 -10.3258639527 -0.9266661181 0.0982623422 0.3628145774 -26.3595280826 -0.1147698670 -0.9930980270 -0.0241699465 -2.8201933180 0.0000000000 0.0000000000 0.0000000000 1.0000000000
0.3401194498 -0.0743042141 0.9374420748 -10.2973932607 -0.9325001518 0.1021494685 0.3464230838 -26.3450681836 -0.1214999046 -0.9919901057 -0.0345456699 -2.8004911418 0.0000000000 0.0000000000 0.0000000000 1.0000000000
0.3134883827 -0.0855526898 0.9457302846 -10.2679204891 -0.9415046328 0.1017014292 0.3212877926 -26.3311775740 -0.1236691565 -0.9911294348 -0.0486660372 -2.7788002564 0.0000000000 0.0000000000 0.0000000000 1.0000000000
0.2906013677 -0.0992746516 0.9516802975 -10.2375971217 -0.9494187953 0.0937523370 0.2996905912 -26.3167354741 -0.1189739310 -0.9906336572 -0.0670086627 -2.7587615602 0.0000000000 0.0000000000 0.0000000000 1.0000000000
0.2686070755 -0.1159763228 0.9562425066 -10.2063594465 -0.9569295751 0.0814062685 0.2786732994 -26.3018711958 -0.1101636388 -0.9899103555 -0.0891148736 -2.7417054778 0.0000000000 0.0000000000 0.0000000000 1.0000000000
0.2600078831 -0.1275302993 0.9571478065 -10.1748886091 -0.9603545483 0.0690902704 0.2700845723 -26.2861774771 -0.1005735671 -0.9894253672 -0.1045102881 -2.7274952513 0.0000000000 0.0000000000 0.0000000000 1.0000000000
0.2727986434 -0.1298250657 0.9532713950 -10.1443168795 -0.9574760752 0.0600905204 0.2821855682 -26.2698963368 -0.0939173341 -0.9897143940 -0.1079117819 -2.7171088578 0.0000000000 0.0000000000 0.0000000000 1.0000000000
0.2635926394 -0.1229398881 0.9567678425 -10.1145884728 -0.9607761614 0.0551577985 0.2717844458 -26.2561606091 -0.0861863572 -0.9908801144 -0.1035785241 -2.7096414115 0.0000000000 0.0000000000 0.0000000000 1.0000000000
0.2391947650 -0.1074070778 0.9650127378 -10.0856974292 -0.9677180670 0.0549222197 0.2459782358 -26.2447820708 -0.0794204452 -0.9926969676 -0.0908026623 -2.7018426869 0.0000000000 0.0000000000 0.0000000000 1.0000000000
0.2189030762 -0.0941055397 0.9711980182 -10.0575971424 -0.9725826407 0.0590469009 0.2249365920 -26.2343486372 -0.0785140125 -0.9938096452 -0.0785998660 -2.6904715206 0.0000000000 0.0000000000 0.0000000000 1.0000000000
0.2229397768 -0.0876870673 0.9708804428 -10.0304556679 -0.9712926023 0.0648140264 0.2288882318 -26.2230751407 -0.0829972084 -0.9940372831 -0.0707201752 -2.6742004060 0.0000000000 0.0000000000 0.0000000000 1.0000000000
0.2651317587 -0.0808627884 0.9608154662 -10.0047970617 -0.9612353532 0.0560753015 0.2699669542 -26.2099955626 -0.0757082977 -0.9951466073 -0.0628608277 -2.6516521398 0.0000000000 0.0000000000 0.0000000000 1.0000000000
0.2935616629 -0.0740662608 0.9530664925 -9.9802677800 -0.9532860298 0.0515600310 0.2976362017 -26.1981209513 -0.0711849385 -0.9959195511 -0.0554702832 -2.6252015412 0.0000000000 0.0000000000 0.0000000000 1.0000000000
0.2990193326 -0.0628537808 0.9521747954 -9.9568520756 -0.9517315507 0.0527609359 0.3023629262 -26.1878074870 -0.0692422864 -0.9966271549 -0.0440433864 -2.5986465337 0.0000000000 0.0000000000 0.0000000000 1.0000000000
0.2864589760 -0.0506961776 0.9567503084 -9.9343567375 -0.9558790806 0.0527171652 0.2889914944 -26.1783960504 -0.0650879282 -0.9973218127 -0.0333581105 -2.5759283109 0.0000000000 0.0000000000 0.0000000000 1.0000000000
0.2766191943 -0.0422047239 0.9600523853 -9.9126006571 -0.9591547269 0.0494134061 0.2785328082 -26.1682768896 -0.0591948586 -0.9978863044 -0.0268121638 -2.5585670517 0.0000000000 0.0000000000 0.0000000000 1.0000000000
0.2987324438 -0.0330117047 0.9537657754 -9.8915326608 -0.9527462057 0.0473626092 0.3000524135 -26.1556999850 -0.0550780774 -0.9983321144 -0.0173030284 -2.5473920691 0.0000000000 0.0000000000 0.0000000000 1.0000000000
0.3316691029 -0.0295541587 0.9429327430 -9.8702546370 -0.9417181715 0.0492091057 0.3327842385 -26.1419242558 -0.0562360352 -0.9983511485 -0.0115105484 -2.5422602207 0.0000000000 0.0000000000 0.0000000000 1.0000000000
0.3637771415 -0.0314325540 0.9309555231 -9.8483175583 -0.9291116279 0.0590703317 0.3650510632 -26.1278063068 -0.0664663388 -0.9977588338 -0.0077159150 -2.5396672679 0.0000000000 0.0000000000 0.0000000000 1.0000000000
0.3758989726 -0.0268817001 0.9262706605 -9.8252498431 -0.9235490241 0.0709786926 0.3768543820 -26.1145712378 -0.0758759669 -0.9971155396 0.0018542497 -2.5337692755 0.0000000000 0.0000000000 0.0000000000 1.0000000000
0.3617481641 -0.0219482600 0.9320174567 -9.8009754452 -0.9288383425 0.0772865218 0.3623342754 -26.1027199574 -0.0799849944 -0.9967673086 0.0075718720 -2.5210937246 0.0000000000 0.0000000000 0.0000000000 1.0000000000
0.3524824625 -0.0254947118 0.9354710756 -9.7763244815 -0.9318207552 0.0827372236 0.3533618994 -26.0907495285 -0.0864071393 -0.9962452366 0.0054069187 -2.5027726837 0.0000000000 0.0000000000 0.0000000000 1.0000000000
0.3656805191 -0.0314621066 0.9302085217 -9.7518636978 -0.9261244992 0.0871130982 0.3670214164 -26.0778063320 -0.0925806132 -0.9957014834 0.0027177353 -2.4809949648 0.0000000000 0.0000000000 0.0000000000 1.0000000000
0.3606854427 -0.0402218843 0.9318198385 -9.7262111270 -0.9275380575 0.0893705507 0.3628857348 -26.0662057330 -0.0978732001 -0.9951859649 -0.0050726718 -2.4575301354 0.0000000000 0.0000000000 0.0000000000 1.0000000000
0.3321456297 -0.0569967692 0.9415044604 -9.6988748886 -0.9382549139 0.0824014811 0.3359876673 -26.0565734689 -0.0967315735 -0.9949680217 -0.0261082069 -2.4367264801 0.0000000000 0.0000000000 0.0000000000 1.0000000000
0.3018298443 -0.0747631545 0.9504258076 -9.6708510168 -0.9486189397 0.0757657583 0.3072159780 -26.0480433465 -0.0949781676 -0.9943188727 -0.0480533774 -2.4207057023 0.0000000000 0.0000000000 0.0000000000 1.0000000000
0.2903726159 -0.0864731603 0.9529984976 -9.6431016475 -0.9525413731 0.0689743981 0.2964919306 -26.0387396546 -0.0913710920 -0.9938636350 -0.0623409865 -2.4102903004 0.0000000000 0.0000000000 0.0000000000 1.0000000000
0.2734017090 -0.0903141080 0.9576507022 -9.6154207363 -0.9581337392 0.0624448636 0.2794286615 -26.0293009421 -0.0850367178 -0.9939537217 -0.0694604615 -2.4056552391 0.0000000000 0.0000000000 0.0000000000 1.0000000000
0.2445723384 -0.0898229115 0.9654616594 -9.5876868447 -0.9665161633 0.0571631499 0.2501577110 -26.0197280475 -0.0776587235 -0.9943159552 -0.0728347706 -2.4058072711 0.0000000000 0.0000000000 0.0000000000 1.0000000000
0.2425180504 -0.0917660791 0.9657970708 -9.5598420435 -0.9677410791 0.0471829682 0.2474893360 -26.0077238842 -0.0682802984 -0.9946621307 -0.0773630829 -2.4071064888 0.0000000000 0.0000000000 0.0000000000 1.0000000000
0.2493910047 -0.0947707192 0.9637544488 -9.5312268075 -0.9668855009 0.0313216140 0.2532812364 -25.9942993612 -0.0541899898 -0.9950062649 -0.0838211055 -2.4044479382 0.0000000000 0.0000000000 0.0000000000 1.0000000000
0.2553782697 -0.0925925852 0.9623972945 -9.5018971937 -0.9660611522 0.0155400221 0.2578456088 -25.9806230244 -0.0388302667 -0.9955828046 -0.0854815156 -2.3948464000 0.0000000000 0.0000000000 0.0000000000 1.0000000000
0.2629936657 -0.0892751160 0.9606582563 -9.4723106278 -0.9644551293 0.0021995279 0.2642375176 -25.9673887170 -0.0257028297 -0.9960045762 -0.0855233816 -2.3776997630 0.0000000000 0.0000000000 0.0000000000 1.0000000000
0.2921661407 -0.0847619374 0.9526039892 -9.4435191934 -0.9561477978 -0.0045353759 0.2928494820 -25.9537824957 -0.0205020722 -0.9963909094 -0.0823700230 -2.3541179324 0.0000000000 0.0000000000 0.0000000000 1.0000000000
0.3164001808 -0.0851720128 0.9447945035 -9.4154315292 -0.9482266055 0.0004950073 0.3175941743 -25.9409119919 -0.0275178153 -0.9963661391 -0.0806057482 -2.3270077266 0.0000000000 0.0000000000 0.0000000000 1.0000000000
0.3316481125 -0.0872088087 0.9393636959 -9.3881965371 -0.9426070605 0.0102655144 0.3337462339 -25.9286736850 -0.0387486630 -0.9961371607 -0.0787991004 -2.3015004418 0.0000000000 0.0000000000 0.0000000000 1.0000000000
0.3446749758 -0.0923227763 0.9341711117 -9.3616503697 -0.9374805981 0.0173101973 0.3476067970 -25.9161327486 -0.0482627108 -0.9955786569 -0.0805844197 -2.2806627949 0.0000000000 0.0000000000 0.0000000000 1.0000000000
0.3532268854 -0.0973307410 0.9304609042 -9.3355611132 -0.9340805174 0.0187975536 0.3565672993 -25.9032748483 -0.0521953482 -0.9950745594 -0.0842749476 -2.2654781803 0.0000000000 0.0000000000 0.0000000000 1.0000000000
0.3632271519 -0.0977435544 0.9265593525 -9.3100184911 -0.9301090561 0.0200625077 0.3667351081 -25.8898802989 -0.0544350971 -0.9950093936 -0.0836249176 -2.2562771932 0.0000000000 0.0000000000 0.0000000000 1.0000000000
0.3655980144 -0.0978925483 0.9256106854 -9.2846306506 -0.9291012483 0.0211907592 0.3692178519 -25.8766310924 -0.0557580696 -0.9949713567 -0.0832047893 -2.2518740127 0.0000000000 0.0000000000 0.0000000000 1.0000000000
0.3460448763 -0.1061295945 0.9321960377 -9.2590012953 -0.9366099299 0.0190701534 0.3498544961 -25.8646936755 -0.0549070373 -0.9941694214 -0.0928029032 -2.2483692082 0.0000000000 0.0000000000 0.0000000000 1.0000000000
0.3173995230 -0.1152768429 0.9412591526 -9.2336954963 -0.9468023369 0.0170890292 0.3213616342 -25.8539609226 -0.0531307597 -0.9931863947 -0.1037203345 -2.2408419111 0.0000000000 0.0000000000 0.0000000000 1.0000000000
0.3035648068 -0.1244968941 0.9446422241 -9.2091421881 -0.9508045379 0.0247227167 0.3088033647 -25.8431624290 -0.0617991818 -0.9919119470 -0.1108672651 -2.2272440358 0.0000000000 0.0000000000 0.0000000000 1.0000000000
0.2910767088 -0.1342999084 0.9472264165 -9.1852270968 -0.9537225418 0.0373156689 0.2983636273 -25.8332761020 -0.0754165952 -0.9902378883 -0.1172231279 -2.2091233071 0.0000000000 0.0000000000 0.0000000000 1.0000000000
0.2895836426 -0.1428858897 0.9464274597 -9.1621725451 -0.9527833278 0.0513399190 0.2992793729 -25.8238822517 -0.0913523086 -0.9884067155 -0.1212720927 -2.1890532186 0.0000000000 0.0000000000 0.0000000000 1.0000000000
0.2936568058 -0.1507957214 0.9439419107 -9.1397555932 -0.9501545410 0.0621609970 0.3055198171 -25.8150071940 -0.1047474515 -0.9866086665 -0.1250252396 -2.1699707710 0.0000000000 0.0000000000 0.0000000000 1.0000000000
0.2754150067 -0.1554792424 0.9486689513 -9.1175838179 -0.9552314133 0.0666778707 0.2882481719 -25.8078489536 -0.1080718330 -0.9855862554 -0.1301545702 -2.1541165575 0.0000000000 0.0000000000 0.0000000000 1.0000000000
0.2630734393 -0.1559403083 0.9520897992 -9.0958570255 -0.9588165733 0.0672569583 0.2759479668 -25.8003944373 -0.1070660750 -0.9854740594 -0.1318246327 -2.1421710921 0.0000000000 0.0000000000 0.0000000000 1.0000000000
0.2484563538 -0.1509584625 0.9568077042 -9.0741338884 -0.9631525476 0.0665219643 0.2605993059 -25.7931886965 -0.1029883985 -0.9862993313 -0.1288682230 -2.1347172751 0.0000000000 0.0000000000 0.0000000000 1.0000000000
0.2319602899 -0.1457980527 0.9617366332 -9.0522289627 -0.9678511787 0.0642590076 0.2431766349 -25.7863591925 -0.0972549215 -0.9872252568 -0.1262052792 -2.1324390790 0.0000000000 0.0000000000 0.0000000000 1.0000000000
0.2173545676 -0.1401395245 0.9659802822 -9.0300051277 -0.9715584506 0.0642175117 0.2279260587 -25.7798057409 -0.0939742996 -0.9880470762 -0.1221957698 -2.1339916587 0.0000000000 0.0000000000 0.0000000000 1.0000000000
0.2138604112 -0.1337617191 0.9676629201 -9.0069488527 -0.9722679115 0.0668340902 0.2241167391 -25.7731461834 -0.0946511112 -0.9887573043 -0.1157590613 -2.1356331797 0.0000000000 0.0000000000 0.0000000000 1.0000000000
0.2220890915 -0.1282549515 0.9665542421 -8.9825894688 -0.9703134257 0.0682780063 0.2320128657 -25.7663731223 -0.0957511954 -0.9893880843 -0.1092837010 -2.1335601162 0.0000000000 0.0000000000 0.0000000000 1.0000000000
0.2200427949 -0.1226127078 0.9677537354 -8.9569702312 -0.9710640838 0.0668659627 0.2292672853 -25.7609264850 -0.0928208678 -0.9901995086 -0.1043514234 -2.1252490634 0.0000000000 0.0000000000 0.0000000000 1.0000000000
0.2142593524 -0.1142892720 0.9700674679 -8.9307575475 -0.9731664453 0.0603324541 0.2220519415 -25.7563497072 -0.0839047057 -0.9916138146 -0.0982956920 -2.1093330306 0.0000000000 0.0000000000 0.0000000000 1.0000000000
0.2115075246 -0.1039200670 0.9718359875 -8.9041056193 -0.9740344693 0.0597444503 0.2183745709 -25.7521836587 -0.0807553069 -0.9927896153 -0.0885853266 -2.0843126593 0.0000000000 0.0000000000 0.0000000000 1.0000000000
0.2320478209 -0.1029701684 0.9672388295 -8.8772938701 -0.9686623451 0.0660953455 0.2394257015 -25.7466772465 -0.0885836894 -0.9924860451 -0.0844060439 -2.0541110338 0.0000000000 0.0000000000 0.0000000000 1.0000000000
0.2717962636 -0.1019985813 0.9569342091 -8.8509933935 -0.9571886823 0.0742421517 0.2797819318 -25.7395276203 -0.0995822149 -0.9920102783 -0.0774531482 -2.0246750862 0.0000000000 0.0000000000 0.0000000000 1.0000000000
0.2869956201 -0.1004554813 0.9526500986 -8.8246783363 -0.9522003880 0.0787088097 0.2951598625 -25.7323313513 -0.1046323814 -0.9918233812 -0.0730646646 -2.0009390275 0.0000000000 0.0000000000 0.0000000000 1.0000000000
0.2762921095 -0.0990514662 0.9559557925 -8.7980238693 -0.9552610849 0.0809276955 0.2844766560 -25.7246720472 -0.1055411292 -0.9917860229 -0.0722603274 -1.9845699247 0.0000000000 0.0000000000 0.0000000000 1.0000000000
0.2786256305 -0.0954647807 0.9556433611 -8.7714438844 -0.9545038542 0.0825627447 0.2865410713 -25.7142392626 -0.1062551194 -0.9920029581 -0.0681174043 -1.9745706310 0.0000000000 0.0000000000 0.0000000000 1.0000000000
0.2948832874 -0.0939393585 0.9509044346 -8.7446834398 -0.9495974643 0.0819408741 0.3025728819 -25.7011144741 -0.1063414430 -0.9922001260 -0.0650415823 -1.9693397479 0.0000000000 0.0000000000 0.0000000000 1.0000000000
0.3009263164 -0.0976599176 0.9486336978 -8.7171292574 -0.9476381464 0.0808726195 0.3089361792 -25.6872275660 -0.1068891739 -0.9919285054 -0.0682095638 -1.9651784450 0.0000000000 0.0000000000 0.0000000000 1.0000000000
0.2886852680 -0.1010330681 0.9520783241 -8.6885783619 -0.9515757066 0.0794669808 0.2969657786 -25.6736015677 -0.1056621537 -0.9917042493 -0.0731996665 -1.9573536222 0.0000000000 0.0000000000 0.0000000000 1.0000000000
0.2684957717 -0.1049952499 0.9575416534 -8.6591140440 -0.9577541865 0.0772314615 0.2770238611 -25.6598662738 -0.1030385309 -0.9914692627 -0.0798233193 -1.9431501610 0.0000000000 0.0000000000 0.0000000000 1.0000000000
0.2440149295 -0.1141639036 0.9630282017 -8.6292922979 -0.9650208788 0.0695875368 0.2527692191 -25.6459314186 -0.0958718812 -0.9910217847 -0.0931901527 -1.9246296773 0.0000000000 0.0000000000 0.0000000000 1.0000000000
0.2210538080 -0.1212096997 0.9677000685 -8.5996508814 -0.9714871558 0.0598457106 0.2294149014 -25.6320273515 -0.0857200096 -0.9908212248 -0.1045245442 -1.9041332996 0.0000000000 0.0000000000 0.0000000000 1.0000000000
0.2105558379 -0.1311829931 0.9687400381 -8.5701221624 -0.9745332516 0.0500325946 0.2185902126 -25.6180757367 -0.0771438960 -0.9900948247 -0.1173075339 -1.8844898297 0.0000000000 0.0000000000 0.0000000000 1.0000000000
0.2083186633 -0.1441484984 0.9673802484 -8.5403160463 -0.9754731978 0.0412810043 0.2162126711 -25.6049871541 -0.0711011600 -0.9886946390 -0.1320133931 -1.8674238967 0.0000000000 0.0000000000 0.0000000000 1.0000000000
0.2054047761 -0.1544931118 0.9664061032 -8.5100123517 -0.9763623213 0.0355273035 0.2132004413 -25.5934162802 -0.0672718025 -0.9873548952 -0.1435437755 -1.8535663859 0.0000000000 0.0000000000 0.0000000000 1.0000000000
0.2035986133 -0.1592179469 0.9660213507 -8.4794169892 -0.9768510174 0.0331245732 0.2113406075 -25.5832174376 -0.0656482626 -0.9866875939 -0.1487880963 -1.8446327936 0.0000000000 0.0000000000 0.0000000000 1.0000000000
0.1962223175 -0.1624935290 0.9670018899 -8.4488336211 -0.9785243017 0.0310546490 0.2037788011 -25.5748209171 -0.0631426408 -0.9862207977 -0.1529102518 -1.8415336430 0.0000000000 0.0000000000 0.0000000000 1.0000000000
0.1921145291 -0.1662582318 0.9671867493 -8.4182679201 -0.9795499566 0.0275497509 0.1993060302 -25.5675854040 -0.0597820222 -0.9856973225 -0.1575655363 -1.8413576111 0.0000000000 0.0000000000 0.0000000000 1.0000000000
0.1886935788 -0.1722211592 0.9668167384 -8.3874848859 -0.9803584020 0.0244862937 0.1956983012 -25.5612500405 -0.0573771469 -0.9847539255 -0.1642180540 -1.8392583090 0.0000000000 0.0000000000 0.0000000000 1.0000000000
0.1913631781 -0.1728264350 0.9661838114 -8.3566480082 -0.9800002570 0.0211016689 0.1978742426 -25.5554503275 -0.0545859908 -0.9847262274 -0.1653318683 -1.8315063194 0.0000000000 0.0000000000 0.0000000000 1.0000000000
0.1932933294 -0.1724391935 0.9658687350 -8.3261051271 -0.9797745632 0.0180128623 0.1992921024 -25.5505983340 -0.0517638299 -0.9848554520 -0.1654697694 -1.8167017867 0.0000000000 0.0000000000 0.0000000000 1.0000000000
0.2133469425 -0.1666242496 0.9626626832 -8.2965006586 -0.9754098306 0.0194517010 0.2195388207 -25.5454008368 -0.0553059180 -0.9858285808 -0.1583769701 -1.7940913001 0.0000000000 0.0000000000 0.0000000000 1.0000000000
0.2382746815 -0.1610073557 0.9577587418 -8.2682590297 -0.9691682541 0.0243018291 0.2451985245 -25.5400097170 -0.0627540553 -0.9866539680 -0.1502527073 -1.7678041186 0.0000000000 0.0000000000 0.0000000000 1.0000000000
0.2592583145 -0.1556552451 0.9531823388 -8.2416662444 -0.9634686787 0.0269672530 0.2664598889 -25.5343503012 -0.0671805886 -0.9874432702 -0.1429774688 -1.7431462242 0.0000000000 0.0000000000 0.0000000000 1.0000000000
0.2651205367 -0.1510272765 0.9523139518 -8.2162296228 -0.9619223149 0.0266452077 0.2720211261 -25.5285255070 -0.0664572128 -0.9881704279 -0.1382123157 -1.7228512974 0.0000000000 0.0000000000 0.0000000000 1.0000000000
0.2623687690 -0.1459461368 0.9538670527 -8.1912840470 -0.9630991808 0.0218801201 0.2682559008 -25.5219815138 -0.0600216381 -0.9890505475 -0.1348199446 -1.7066234199 0.0000000000 0.0000000000 0.0000000000 1.0000000000
0.2613850881 -0.1402855298 0.9549857621 -8.1665852599 -0.9637979244 0.0160283467 0.2661515601 -25.5145785666 -0.0526440555 -0.9899813444 -0.1310173316 -1.6942113557 0.0000000000 0.0000000000 0.0000000000 1.0000000000
0.2624230406 -0.1343378887 0.9555561100 -8.1421203253 -0.9637216503 0.0135221742 0.2665665610 -25.5067963323 -0.0487311852 -0.9908433188 -0.1259158017 -1.6857806558 0.0000000000 0.0000000000 0.0000000000 1.0000000000
0.2705914996 -0.1278887782 0.9541617791 -8.1178596827 -0.9614024014 0.0154310265 0.2747131340 -25.4987412953 -0.0498564228 -0.9916684647 -0.1187770739 -1.6794633156 0.0000000000 0.0000000000 0.0000000000 1.0000000000
0.2761430773 -0.1265047633 0.9527547144 -8.0931542770 -0.9596557140 0.0183429202 0.2805787730 -25.4908206489 -0.0529708549 -0.9917963915 -0.1163357485 -1.6718334557 0.0000000000 0.0000000000 0.0000000000 1.0000000000
0.2689159814 -0.1254552376 0.9549582076 -8.0675938968 -0.9614933356 0.0233993619 0.2738303041 -25.4834939758 -0.0566988586 -0.9918232974 -0.1143319125 -1.6594241510 0.0000000000 0.0000000000 0.0000000000 1.0000000000
0.2602707577 -0.1277616950 0.9570454963 -8.0416150487 -0.9633049533 0.0329789650 0.2663755899 -25.4760175418 -0.0655949668 -0.9912564437 -0.1144900134 -1.6422730072 0.0000000000 0.0000000000 0.0000000000 1.0000000000
0.2555668979 -0.1316850551 0.9577810851 -8.0162071893 -0.9639258252 0.0415119567 0.2629139802 -25.4684790542 -0.0743812089 -0.9904220331 -0.1163255434 -1.6239528741 0.0000000000 0.0000000000 0.0000000000 1.0000000000
0.2382848094 -0.1339887465 0.9619081897 -7.9912333265 -0.9680215807 0.0472384048 0.2463792855 -25.4620421030 -0.0784510601 -0.9898563274 -0.1184478039 -1.6064989849 0.0000000000 0.0000000000 0.0000000000 1.0000000000
0.2149669908 -0.1376611021 0.9668705259 -7.9662475564 -0.9736440160 0.0470370287 0.2231699981 -25.4562166303 -0.0762005446 -0.9893618847 -0.1239214998 -1.5905115293 0.0000000000 0.0000000000 0.0000000000 1.0000000000
0.1974320790 -0.1462154624 0.9693511298 -7.9408417921 -0.9777854151 0.0416397348 0.2054308024 -25.4498909448 -0.0704006837 -0.9883760272 -0.1347463272 -1.5763515437 0.0000000000 0.0000000000 0.0000000000 1.0000000000
0.1830820423 -0.1529225829 0.9711311186 -7.9149881555 -0.9809390529 0.0370088264 0.1907588038 -25.4428161812 -0.0651117519 -0.9875449511 -0.1432320822 -1.5653715900 0.0000000000 0.0000000000 0.0000000000 1.0000000000
0.1670069785 -0.1539012297 0.9738701559 -7.8889393810 -0.9842680741 0.0317434629 0.1738065326 -25.4350883256 -0.0576630502 -0.9875762067 -0.1461786871 -1.5593331846 0.0000000000 0.0000000000 0.0000000000 1.0000000000
0.1525823462 -0.1549458239 0.9760688599 -7.8627576075 -0.9871263778 0.0240339665 0.1581261608 -25.4266850050 -0.0479597946 -0.9876305788 -0.1492839509 -1.5578950943 0.0000000000 0.0000000000 0.0000000000 1.0000000000
0.1453620918 -0.1558524225 0.9770260409 -7.8363183514 -0.9886229554 0.0157053691 0.1495927586 -25.4174160305 -0.0386589484 -0.9876554884 -0.1517963173 -1.5576771187 0.0000000000 0.0000000000 0.0000000000 1.0000000000
0.1438839865 -0.1548758372 0.9774000581 -7.8094705631 -0.9891495413 0.0071087899 0.1467400763 -25.4076430563 -0.0296746238 -0.9879083663 -0.1521725223 -1.5544090142 0.0000000000 0.0000000000 0.0000000000 1.0000000000
0.1428335876 -0.1472453928 0.9787325276 -7.7825833578 -0.9895726270 -0.0026992147 0.1440094792 -25.3980050502 -0.0185629231 -0.9890963090 -0.1460955487 -1.5458320624 0.0000000000 0.0000000000 0.0000000000 1.0000000000
0.1435185315 -0.1392631679 0.9798000823 -7.7560228148 -0.9896173034 -0.0124446389 0.1431877225 -25.3886162458 -0.0077475176 -0.9901772069 -0.1396032770 -1.5310002612 0.0000000000 0.0000000000 0.0000000000 1.0000000000
0.1673457238 -0.1317256919 0.9770587243 -7.7298434664 -0.9858911813 -0.0185994333 0.1663509532 -25.3780968598 -0.0037399558 -0.9911117007 -0.1329797336 -1.5088049711 0.0000000000 0.0000000000 0.0000000000 1.0000000000
0.1922747521 -0.1288351760 0.9728473247 -7.7039168824 -0.9813394424 -0.0234024631 0.1908539324 -25.3674630009 -0.0018216763 -0.9913898437 -0.1309307426 -1.4832382117 0.0000000000 0.0000000000 0.0000000000 1.0000000000
0.2151859835 -0.1294288105 0.9679582509 -7.6783640569 -0.9765719275 -0.0269925379 0.2134916237 -25.3567350448 -0.0015043171 -0.9912212598 -0.1322049587 -1.4590399706 0.0000000000 0.0000000000 0.0000000000 1.0000000000
0.2398729240 -0.1355793492 0.9612903934 -7.6531804393 -0.9707975854 -0.0298180173 0.2380397741 -25.3456285627 -0.0036095041 -0.9903176894 -0.1387726398 -1.4403150656 0.0000000000 0.0000000000 0.0000000000 1.0000000000
0.2610416026 -0.1399795881 0.9551245974 -7.6283177060 -0.9653082071 -0.0315883873 0.2591953685 -25.3344904915 -0.0061112152 -0.9896503871 -0.1433693285 -1.4283449330 0.0000000000 0.0000000000 0.0000000000 1.0000000000
0.2718679486 -0.1438067613 0.9515289979 -7.6034332619 -0.9623107251 -0.0336655875 0.2698605132 -25.3237763803 -0.0067739837 -0.9890329841 -0.1475393830 -1.4227809158 0.0000000000 0.0000000000 0.0000000000 1.0000000000
0.2861040674 -0.1470597815 0.9468462828 -7.5783897648 -0.9581702618 -0.0363155595 0.2838854160 -25.3125818910 -0.0073628747 -0.9884607229 -0.1512983386 -1.4217896976 0.0000000000 0.0000000000 0.0000000000 1.0000000000
0.2968506793 -0.1524368972 0.9426784534 -7.5527427178 -0.9548653882 -0.0364551669 0.2947933366 -25.3009431375 -0.0105718811 -0.9876406296 -0.1563784581 -1.4226159812 0.0000000000 0.0000000000 0.0000000000 1.0000000000
0.2902307455 -0.1585966956 0.9437230539 -7.5258213425 -0.9568414479 -0.0327896497 0.2887547099 -25.2893290266 -0.0148511945 -0.9867988280 -0.1612684563 -1.4204517216 0.0000000000 0.0000000000 0.0000000000 1.0000000000
0.2921828133 -0.1633721356 0.9423050191 -7.4979261936 -0.9561552577 -0.0293914213 0.2913816528 -25.2763665557 -0.0199079590 -0.9861266094 -0.1647967945 -1.4121371460 0.0000000000 0.0000000000 0.0000000000 1.0000000000
0.2974385601 -0.1710120312 0.9393003716 -7.4694417213 -0.9543757260 -0.0260459874 0.2974703013 -25.2624300882 -0.0264059948 -0.9849246122 -0.1709568125 -1.3974284151 0.0000000000 0.0000000000 0.0000000000 1.0000000000
0.2734169470 -0.1774760911 0.9453810926 -7.4405946819 -0.9615589190 -0.0244273442 0.2735100548 -25.2500244425 -0.0254483461 -0.9838219056 -0.1773325682 -1.3772439089 0.0000000000 0.0000000000 0.0000000000 1.0000000000
0.2505196892 -0.1842472343 0.9504171937 -7.4123943237 -0.9678499092 -0.0248444612 0.2502984339 -25.2378861630 -0.0225041911 -0.9825658804 -0.1845476956 -1.3542701676 0.0000000000 0.0000000000 0.0000000000 1.0000000000
0.2378826734 -0.1902378852 0.9524816957 -7.3853398105 -0.9711640115 -0.0305489841 0.2364470816 -25.2259272575 -0.0158838446 -0.9812626084 -0.1920192617 -1.3327887260 0.0000000000 0.0000000000 0.0000000000 1.0000000000
0.2110951098 -0.1975142930 0.9573019162 -7.3589013571 -0.9774531525 -0.0377271338 0.2077546582 -25.2155758086 -0.0049182569 -0.9795737682 -0.2010249818 -1.3153921688 0.0000000000 0.0000000000 0.0000000000 1.0000000000
0.1947680394 -0.2037132176 0.9594614822 -7.3329908442 -0.9808479226 -0.0421093112 0.1901687634 -25.2051682450 0.0016623714 -0.9781245989 -0.2080132342 -1.3023379014 0.0000000000 0.0000000000 0.0000000000 1.0000000000
0.1820261793 -0.2074470757 0.9611618911 -7.3073138521 -0.9832724219 -0.0448297875 0.1765379125 -25.1950085940 0.0064664097 -0.9772185021 -0.2121371835 -1.2939796615 0.0000000000 0.0000000000 0.0000000000 1.0000000000
0.1684238946 -0.2108496619 0.9628996894 -7.2819163675 -0.9856684755 -0.0454812281 0.1624472659 -25.1854550601 0.0095419093 -0.9764598701 -0.2154879904 -1.2901416082 0.0000000000 0.0000000000 0.0000000000 1.0000000000
0.1634522004 -0.2112237695 0.9636741656 -7.2566111819 -0.9865050096 -0.0444518694 0.1575813989 -25.1756340863 0.0095521811 -0.9764264184 -0.2156390626 -1.2882691016 0.0000000000 0.0000000000 0.0000000000 1.0000000000
0.1626726042 -0.2117564403 0.9636891790 -7.2306903222 -0.9866432933 -0.0433471305 0.1570224126 -25.1649824985 0.0085226535 -0.9763607101 -0.2159794623 -1.2843198436 0.0000000000 0.0000000000 0.0000000000 1.0000000000
0.1564907617 -0.2089959976 0.9653141015 -7.2038703504 -0.9875768363 -0.0471966517 0.1498815151 -25.1536283038 0.0142349567 -0.9767769188 -0.2137854460 -1.2748627275 0.0000000000 0.0000000000 0.0000000000 1.0000000000
0.1518922085 -0.2061654455 0.9666563847 -7.1768214286 -0.9880684551 -0.0568890256 0.1431236070 -25.1412962864 0.0254849976 -0.9768620413 -0.2123465730 -1.2599124545 0.0000000000 0.0000000000 0.0000000000 1.0000000000
0.1696345176 -0.2015430664 0.9646784557 -7.1500531084 -0.9849669892 -0.0670740496 0.1591888878 -25.1269787498 0.0326214740 -0.9771803642 -0.2098913414 -1.2387786361 0.0000000000 0.0000000000 0.0000000000 1.0000000000
0.1894686273 -0.2000761128 0.9612862156 -7.1233761398 -0.9814553373 -0.0676097927 0.1793720624 -25.1117591722 0.0291042968 -0.9774448655 -0.2091757033 -1.2120354264 0.0000000000 0.0000000000 0.0000000000 1.0000000000
0.2166906066 -0.1996761662 0.9556017003 -7.0979533413 -0.9760475329 -0.0637651825 0.2080029208 -25.0957111901 0.0194008910 -0.9777849611 -0.2087107455 -1.1855651815 0.0000000000 0.0000000000 0.0000000000 1.0000000000
0.2366312460 -0.2001566222 0.9507591598 -7.0742414073 -0.9715628289 -0.0572516357 0.2297562179 -25.0799702658 0.0084452886 -0.9780897591 -0.2080122599 -1.1638516745 0.0000000000 0.0000000000 0.0000000000 1.0000000000
0.2408293247 -0.1983376587 0.9500860011 -7.0516466013 -0.9705674003 -0.0496147000 0.2356635378 -25.0646849786 0.0003972776 -0.9788771908 -0.2044487405 -1.1473606876 0.0000000000 0.0000000000 0.0000000000 1.0000000000
0.2413872190 -0.1927354568 0.9510968690 -7.0295341606 -0.9704152842 -0.0427530134 0.2376265052 -25.0487112925 -0.0051367958 -0.9803189397 -0.1973534641 -1.1350818362 0.0000000000 0.0000000000 0.0000000000 1.0000000000
0.2470655231 -0.1871649998 0.9507512241 -7.0075641143 -0.9689420538 -0.0371025185 0.2444886492 -25.0315739219 -0.0104844531 -0.9816275597 -0.1905187925 -1.1268839173 0.0000000000 0.0000000000 0.0000000000 1.0000000000
0.2532227612 -0.1835015454 0.9498449432 -6.9853915151 -0.9672071539 -0.0280163034 0.2524389195 -25.0140168484 -0.0197117877 -0.9826201044 -0.1845783732 -1.1213551292 0.0000000000 0.0000000000 0.0000000000 1.0000000000
0.2625466918 -0.1811158568 0.9477691074 -6.9625445232 -0.9642877375 -0.0137163234 0.2645014590 -24.9962592840 -0.0349055008 -0.9833661113 -0.1782489751 -1.1151490778 0.0000000000 0.0000000000 0.0000000000 1.0000000000
0.2764184108 -0.1800979164 0.9440114420 -6.9387324726 -0.9594331830 0.0050181162 0.2818914434 -24.9786449362 -0.0555052208 -0.9836358874 -0.1714048175 -1.1048033263 0.0000000000 0.0000000000 0.0000000000 1.0000000000
0.2786314072 -0.1849151592 0.9424282057 -6.9138846018 -0.9574692842 0.0230935422 0.2876095584 -24.9623600457 -0.0749473728 -0.9824831155 -0.1706159989 -1.0891141911 0.0000000000 0.0000000000 0.0000000000 1.0000000000
0.2557299763 -0.1885196404 0.9481890763 -6.8883482947 -0.9625125058 0.0420626547 0.2679559839 -24.9485745423 -0.0903983154 -0.9811682212 -0.1706958297 -1.0681792889 0.0000000000 0.0000000000 0.0000000000 1.0000000000
0.2288161928 -0.1918620710 0.9543752384 -6.8626434925 -0.9679292013 0.0596079958 0.2440490689 -24.9358810555 -0.1037121550 -0.9796100411 -0.1720696264 -1.0441938892 0.0000000000 0.0000000000 0.0000000000 1.0000000000
0.2174057313 -0.1952005746 0.9563636775 -6.8370910826 -0.9697503506 0.0682181248 0.2343726624 -24.9229486232 -0.1109910151 -0.9783879717 -0.1744648144 -1.0214112098 0.0000000000 0.0000000000 0.0000000000 1.0000000000
0.1913934086 -0.1988267057 0.9611641401 -6.8109380771 -0.9752727681 0.0717288522 0.2090406648 -24.9112182629 -0.1105060673 -0.9774062169 -0.1801818421 -1.0023117039 0.0000000000 0.0000000000 0.0000000000 1.0000000000
0.1672132750 -0.2039192134 0.9646018220 -6.7843900259 -0.9801929140 0.0709245325 0.1849096053 -24.8992844202 -0.1061205546 -0.9764152114 -0.1880206446 -0.9876053038 0.0000000000 0.0000000000 0.0000000000 1.0000000000
0.1546136771 -0.2037644342 0.9667340204 -6.7583187151 -0.9835340296 0.0609282092 0.1701427812 -24.8864343975 -0.0935704202 -0.9771222077 -0.1909889206 -0.9778236516 0.0000000000 0.0000000000 0.0000000000 1.0000000000
0.1284737035 -0.1968863230 0.9719723676 -6.7332529158 -0.9890770881 0.0459718175 0.1400467989 -24.8743294837 -0.0722566355 -0.9793479299 -0.1888295814 -0.9724283058 0.0000000000 0.0000000000 0.0000000000 1.0000000000
0.0945409231 -0.1884614073 0.9775194688 -6.7090773007 -0.9941430344 0.0337724841 0.1026598582 -24.8629555576 -0.0523606821 -0.9814997286 -0.1841647135 -0.9685701922 0.0000000000 0.0000000000 0.0000000000 1.0000000000
0.0872480236 -0.1800407684 0.9797821718 -6.6854432110 -0.9953972270 0.0233907695 0.0929367114 -24.8502339111 -0.0396502559 -0.9833810013 -0.1771712832 -0.9626440480 0.0000000000 0.0000000000 0.0000000000 1.0000000000
0.0890168808 -0.1696292053 0.9814794586 -6.6617147451 -0.9956692267 0.0113692673 0.0922687967 -24.8369970299 -0.0268101850 -0.9854423740 -0.1678825229 -0.9523556430 0.0000000000 0.0000000000 0.0000000000 1.0000000000
0.0906226416 -0.1591162551 0.9830918341 -6.6377046666 -0.9958143333 -0.0026932287 0.0913595108 -24.8238805897 -0.0118890921 -0.9872561795 -0.1586943150 -0.9363042067 0.0000000000 0.0000000000 0.0000000000 1.0000000000
0.1182706284 -0.1475718381 0.9819544852 -6.6135202266 -0.9929626199 -0.0114946939 0.1178690272 -24.8093432372 -0.0061068828 -0.9889845421 -0.1478928037 -0.9138785945 0.0000000000 0.0000000000 0.0000000000 1.0000000000
0.1528396553 -0.1452381218 0.9775202953 -6.5892528567 -0.9881906409 -0.0115285156 0.1527951263 -24.7940385620 -0.0109223192 -0.9893295615 -0.1452849670 -0.8877774820 0.0000000000 0.0000000000 0.0000000000 1.0000000000
0.2011942979 -0.1465137909 0.9685321696 -6.5655547749 -0.9793363095 -0.0093694294 0.2020213026 -24.7772313825 -0.0205243131 -0.9891642547 -0.1453713511 -0.8625600314 0.0000000000 0.0000000000 0.0000000000 1.0000000000
0.2270359858 -0.1486185939 0.9624797009 -6.5419140258 -0.9734870872 -0.0063353519 0.2286542243 -24.7610561753 -0.0278846217 -0.9888742978 -0.1461166349 -0.8415338204 0.0000000000 0.0000000000 0.0000000000 1.0000000000
0.2441091955 -0.1486919882 0.9582804356 -6.5179846585 -0.9692019094 -0.0042577164 0.2462306453 -24.7451452159 -0.0325324379 -0.9888743927 -0.1451519066 -0.8257325015 0.0000000000 0.0000000000 0.0000000000 1.0000000000
0.2605945729 -0.1443571115 0.9545949366 -6.4936959342 -0.9646674272 0.0008268535 0.2634692985 -24.7297942981 -0.0388229770 -0.9895253108 -0.1390411298 -0.8158554293 0.0000000000 0.0000000000 0.0000000000 1.0000000000
0.2582340177 -0.1384276640 0.9561134734 -6.4687768634 -0.9650750068 0.0082212048 0.2618446926 -24.7161064560 -0.0441069538 -0.9903384238 -0.1314700841 -0.8106590108 0.0000000000 0.0000000000 0.0000000000 1.0000000000
0.2583602154 -0.1314675740 0.9570612708 -6.4435078533 -0.9645341535 0.0203478259 0.2631726292 -24.7026278354 -0.0540727832 -0.9911116198 -0.1215478965 -0.8072571976 0.0000000000 0.0000000000 0.0000000000 1.0000000000
0.2603377167 -0.1277512015 0.9570286849 -6.4174832287 -0.9632957131 0.0328397165 0.2664262040 -24.6889420692 -0.0654648183 -0.9912624191 -0.1145127679 -0.8020875712 0.0000000000 0.0000000000 0.0000000000 1.0000000000
0.2575845071 -0.1291323795 0.9575881423 -6.3905101510 -0.9634099164 0.0416822808 0.2647714496 -24.6752921970 -0.0741050251 -0.9907509354 -0.1136707052 -0.7927460482 0.0000000000 0.0000000000 0.0000000000 1.0000000000
0.2419933925 -0.1390446312 0.9602633954 -6.3629337508 -0.9671387239 0.0449793947 0.2502389712 -24.6623732349 -0.0779864517 -0.9892640924 -0.1235907308 -0.7785320746 0.0000000000 0.0000000000 0.0000000000 1.0000000000
0.2283738963 -0.1499512509 0.9619563326 -6.3357707617 -0.9699221534 0.0504515596 0.2381294951 -24.6500650631 -0.0842400129 -0.9874053182 -0.1339192209 -0.7598841752 0.0000000000 0.0000000000 0.0000000000 1.0000000000
0.2005724782 -0.1553212155 0.9672879618 -6.3089734865 -0.9753062174 0.0615246363 0.2121143593 -24.6395691099 -0.0924579001 -0.9859462659 -0.1391455984 -0.7369107174 0.0000000000 0.0000000000 0.0000000000 1.0000000000
0.1531461707 -0.1567620564 0.9756904776 -6.2828154115 -0.9842204502 0.0643622407 0.1648259914 -24.6312396310 -0.0886360867 -0.9855369905 -0.1444315910 -0.7130043918 0.0000000000 0.0000000000 0.0000000000 1.0000000000
0.1084693431 -0.1524857571 0.9823352256 -6.2574803580 -0.9905989838 0.0662778072 0.1196699859 -24.6229915652 -0.0833549931 -0.9860808010 -0.1438631258 -0.6906731013 0.0000000000 0.0000000000 0.0000000000 1.0000000000
0.0725615884 -0.1457505581 0.9866567745 -6.2327972435 -0.9947119857 0.0615175365 0.0822414633 -24.6133973846 -0.0726834333 -0.9874068906 -0.1405160169 -0.6718571058 0.0000000000 0.0000000000 0.0000000000 1.0000000000
0.0472738716 -0.1303381683 0.9903419323 -6.2088920096 -0.9971911161 0.0515049921 0.0543793505 -24.6022973251 -0.0580952583 -0.9901308993 -0.1275372231 -0.6594168406 0.0000000000 0.0000000000 0.0000000000 1.0000000000
0.0115483580 -0.1108488975 0.9937701733 -6.1855644071 -0.9991255833 0.0386591996 0.0159227858 -24.5912203668 -0.0401833827 -0.9930850861 -0.1103055191 -0.6547281935 0.0000000000 0.0000000000 0.0000000000 1.0000000000
-0.0103787880 -0.0935713308 0.9955584799 -6.1618817095 -0.9995803557 0.0278979184 -0.0077986250 -24.5791829039 -0.0270442815 -0.9952216397 -0.0938216107 -0.6542241948 0.0000000000 0.0000000000 0.0000000000 1.0000000000
-0.0057041310 -0.0852659619 0.9963418985 -6.1366652889 -0.9997015964 0.0241526153 -0.0036564084 -24.5659744454 -0.0237524954 -0.9960654431 -0.0853782879 -0.6528376634 0.0000000000 0.0000000000 0.0000000000 1.0000000000
0.0086799489 -0.0806540066 0.9967043642 -6.1094050147 -0.9997333794 0.0206280799 0.0103755660 -24.5529368303 -0.0213969282 -0.9965286817 -0.0804534519 -0.6462422514 0.0000000000 0.0000000000 0.0000000000 1.0000000000
0.0071521082 -0.0815011141 0.9966475885 -6.0801190198 -0.9999216485 0.0096566628 0.0079652795 -24.5414163993 -0.0102734688 -0.9966264683 -0.0814256628 -0.6321396938 0.0000000000 0.0000000000 0.0000000000 1.0000000000
0.0122122219 -0.0831135723 0.9964652506 -6.0495063751 -0.9999235766 -0.0029327774 0.0120099873 -24.5296428161 0.0019242178 -0.9965357660 -0.0831430362 -0.6091085698 0.0000000000 0.0000000000 0.0000000000 1.0000000000
0.0324273695 -0.0830671446 0.9960162224 -6.0184409550 -0.9994253240 -0.0125395271 0.0314925710 -24.5163210075 0.0098735744 -0.9964650570 -0.0834260318 -0.5778320474 0.0000000000 0.0000000000 0.0000000000 1.0000000000
0.0618057258 -0.0744804300 0.9953053390 -5.9884236765 -0.9979552807 -0.0208855542 0.0604073775 -24.5018640502 0.0162883361 -0.9970037408 -0.0756189852 -0.5456325369 0.0000000000 0.0000000000 0.0000000000 1.0000000000
0.0646213762 -0.0640413166 0.9958527941 -5.9599475690 -0.9977210449 -0.0235580713 0.0632276351 -24.4889105503 0.0194111901 -0.9976691471 -0.0654177243 -0.5199492744 0.0000000000 0.0000000000 0.0000000000 1.0000000000
0.0389772390 -0.0584909785 0.9975267316 -5.9323936171 -0.9989695439 -0.0255100626 0.0375378072 -24.4775374316 0.0232513463 -0.9979619442 -0.0594250179 -0.5026043155 0.0000000000 0.0000000000 0.0000000000 1.0000000000
0.0368625941 -0.0543510686 0.9978412251 -5.9052258946 -0.9989363775 -0.0296814355 0.0352863438 -24.4645904912 0.0276995095 -0.9980806449 -0.0553873943 -0.4910594906 0.0000000000 0.0000000000 0.0000000000 1.0000000000
0.0519623344 -0.0436362473 0.9976952409 -5.8777955401 -0.9981107705 -0.0350665087 0.0504502705 -24.4503364225 0.0327842284 -0.9984318794 -0.0453759461 -0.4825590123 0.0000000000 0.0000000000 0.0000000000 1.0000000000
0.0577618180 -0.0328815098 0.9977887445 -5.8498801360 -0.9976933110 -0.0376014311 0.0565171615 -24.4366646711 0.0356599151 -0.9987516902 -0.0349775894 -0.4761145614 0.0000000000 0.0000000000 0.0000000000 1.0000000000
0.0680624307 -0.0178417095 0.9975215180 -5.8215302106 -0.9970985658 -0.0353776984 0.0674008051 -24.4228207869 0.0340874699 -0.9992147376 -0.0201978352 -0.4687475241 0.0000000000 0.0000000000 0.0000000000 1.0000000000
0.0725822299 -0.0009158470 0.9973620111 -5.7926172920 -0.9968591142 -0.0318320257 0.0725164016 -24.4093982638 0.0316816392 -0.9994928131 -0.0032234098 -0.4567341910 0.0000000000 0.0000000000 0.0000000000 1.0000000000
0.0603233258 0.0119516359 0.9981073363 -5.7630420709 -0.9978510043 -0.0249053981 0.0606060583 -24.3975569272 0.0255826021 -0.9996183670 0.0104235754 -0.4394825568 0.0000000000 0.0000000000 0.0000000000 1.0000000000
0.0340661214 0.0195121933 0.9992290897 -5.7327832433 -0.9992015881 -0.0202162839 0.0344599521 -24.3878848810 0.0208730882 -0.9996052102 0.0188079242 -0.4184992169 0.0000000000 0.0000000000 0.0000000000 1.0000000000
0.0089056221 0.0186643346 0.9997861434 -5.7016535219 -0.9996446878 -0.0249539026 0.0093702097 -24.3799813152 0.0251234548 -0.9995143548 0.0184354729 -0.3946584515 0.0000000000 0.0000000000 0.0000000000 1.0000000000
-0.0219307311 0.0105270568 0.9997040683 -5.6694325570 -0.9993286234 -0.0295849432 -0.0216109603 -24.3744195188 0.0293486882 -0.9995068345 0.0111688086 -0.3702948553 0.0000000000 0.0000000000 0.0000000000 1.0000000000
-0.0620081893 0.0009507036 0.9980751879 -5.6362339011 -0.9973421671 -0.0383896107 -0.0619260808 -24.3713250540 0.0382568446 -0.9992623949 0.0033286470 -0.3479241645 0.0000000000 0.0000000000 0.0000000000 1.0000000000
-0.1014416739 -0.0128158835 0.9947589356 -5.6020501737 -0.9938214000 -0.0439644335 -0.1019124793 -24.3702201673 0.0450401116 -0.9989508905 -0.0082768736 -0.3293081186 0.0000000000 0.0000000000 0.0000000000 1.0000000000
-0.1174797839 -0.0298132653 0.9926276591 -5.5667321944 -0.9920274989 -0.0423805350 -0.1186816399 -24.3702966142 0.0456063785 -0.9986566274 -0.0245967229 -0.3165418052 0.0000000000 0.0000000000 0.0000000000 1.0000000000
-0.1160288099 -0.0417722920 0.9923670646 -5.5303239508 -0.9924145129 -0.0359938490 -0.1175494679 -24.3722623303 0.0406294209 -0.9984786019 -0.0372791053 -0.3095344169 0.0000000000 0.0000000000 0.0000000000 1.0000000000
-0.1534421498 -0.0453924080 0.9871144999 -5.4932526521 -0.9875559233 -0.0278111366 -0.1547896606 -24.3789813600 0.0344790516 -0.9985820297 -0.0405601408 -0.3077053987 0.0000000000 0.0000000000 0.0000000000 1.0000000000
-0.2230473960 -0.0417255147 0.9739141854 -5.4559337410 -0.9743978230 -0.0194225604 -0.2239902824 -24.3897409739 0.0282620169 -0.9989403113 -0.0363250992 -0.3094264156 0.0000000000 0.0000000000 0.0000000000 1.0000000000
-0.2793982951 -0.0369751155 0.9594630965 -5.4180605772 -0.9599141593 -0.0125470490 -0.2800131752 -24.4017955787 0.0223919500 -0.9992374154 -0.0319873128 -0.3129237870 0.0000000000 0.0000000000 0.0000000000 1.0000000000
-0.2964883288 -0.0339220687 0.9544338448 -5.3790292129 -0.9549299425 -0.0043968161 -0.2967987078 -24.4137402141 0.0142644962 -0.9994148094 -0.0310895944 -0.3177601418 0.0000000000 0.0000000000 0.0000000000 1.0000000000
-0.2928347658 -0.0291597572 0.9557183207 -5.3389857921 -0.9561619561 0.0074106466 -0.2927445919 -24.4266491508 0.0014538705 -0.9995472930 -0.0300515454 -0.3240134672 0.0000000000 0.0000000000 0.0000000000 1.0000000000
-0.2971050330 -0.0205947435 0.9546226773 -5.2983095530 -0.9548041581 0.0156325546 -0.2968242628 -24.4418865374 -0.0088101715 -0.9996656840 -0.0243084574 -0.3294359624 0.0000000000 0.0000000000 0.0000000000 1.0000000000
-0.3278241685 -0.0120805779 0.9446615130 -5.2572314269 -0.9446596221 0.0171333278 -0.3276044068 -24.4602161755 -0.0122275448 -0.9997802302 -0.0170287531 -0.3309470746 0.0000000000 0.0000000000 0.0000000000 1.0000000000
-0.3707528755 -0.0043546052 0.9287213483 -5.2157201993 -0.9285953135 0.0188661501 -0.3706141015 -24.4803397277 -0.0159075183 -0.9998125353 -0.0110383453 -0.3249367891 0.0000000000 0.0000000000 0.0000000000 1.0000000000
-0.3848954039 0.0023629460 0.9229571737 -5.1734724885 -0.9226553980 0.0247126150 -0.3848328251 -24.4998024987 -0.0237180245 -0.9996918041 -0.0073315871 -0.3147499392 0.0000000000 0.0000000000 0.0000000000 1.0000000000
-0.3850297660 0.0049436614 0.9228909142 -5.1312158940 -0.9222791439 0.0347349493 -0.3849606007 -24.5192497362 -0.0339596840 -0.9993843322 -0.0088145536 -0.3059429577 0.0000000000 0.0000000000 0.0000000000 1.0000000000
-0.4030107000 0.0079880602 0.9151604049 -5.0897587146 -0.9140901634 0.0456127120 -0.4029375307 -24.5403861516 -0.0449616372 -0.9989272603 -0.0110806038 -0.3009117857 0.0000000000 0.0000000000 0.0000000000 1.0000000000
-0.4361937512 0.0105393209 0.8997910502 -5.0490017951 -0.8983000565 0.0536162030 -0.4360989695 -24.5629428425 -0.0528395666 -0.9985059967 -0.0139195802 -0.3002853269 0.0000000000 0.0000000000 0.0000000000 1.0000000000
-0.4775990872 0.0137289081 0.8784706193 -5.0087013001 -0.8767081157 0.0577509596 -0.4775434081 -24.5863329272 -0.0572886708 -0.9982366171 -0.0155455605 -0.3027255760 0.0000000000 0.0000000000 0.0000000000 1.0000000000
-0.5225935125 0.0163317648 0.8524255358 -4.9687053505 -0.8503791771 0.0618399177 -0.5225237600 -24.6099808317 -0.0612476602 -0.9979524528 -0.0184289471 -0.3062660121 0.0000000000 0.0000000000 0.0000000000 1.0000000000
-0.5453306868 0.0213987865 0.8379478110 -4.9281107756 -0.8356321073 0.0646296316 -0.5454740983 -24.6323009339 -0.0658287421 -0.9976798598 -0.0173630084 -0.3099030979 0.0000000000 0.0000000000 0.0000000000 1.0000000000
-0.5479560875 0.0316246576 0.8359090903 -4.8871070467 -0.8330092916 0.0706586769 -0.5487284132 -24.6535494005 -0.0764175785 -0.9969991135 -0.0123742185 -0.3139808107 0.0000000000 0.0000000000 0.0000000000 1.0000000000
-0.5589954624 0.0485777257 0.8277465057 -4.8466514655 -0.8239790937 0.0789922906 -0.5610870443 -24.6753321811 -0.0926419251 -0.9956909272 -0.0041293016 -0.3182346463 0.0000000000 0.0000000000 0.0000000000 1.0000000000
-0.5948832048 0.0684239103 0.8008945880 -4.8073985161 -0.7965088463 0.0838287178 -0.5987874446 -24.6983408136 -0.1081093449 -0.9941282184 0.0046319536 -0.3204372248 0.0000000000 0.0000000000 0.0000000000 1.0000000000
-0.6327039417 0.0881150687 0.7693643200 -4.7685181234 -0.7648909266 0.0840560356 -0.6386520596 -24.7215476390 -0.1209445848 -0.9925574631 0.0142158315 -0.3175331132 0.0000000000 0.0000000000 0.0000000000 1.0000000000
-0.6599637714 0.1020286332 0.7443372747 -4.7295584646 -0.7409457091 0.0755070205 -0.6673066357 -24.7448678819 -0.1242870739 -0.9919117137 0.0257657799 -0.3105569990 0.0000000000 0.0000000000 0.0000000000 1.0000000000
-0.6913170954 0.1090767837 0.7142709072 -4.6911292787 -0.7119619648 0.0657906242 -0.6991292830 -24.7699894429 -0.1232511024 -0.9918537438 0.0321763380 -0.3055029983 0.0000000000 0.0000000000 0.0000000000 1.0000000000
-0.7406300237 0.1078127277 0.6632070444 -4.6540070513 -0.6611924509 0.0586737137 -0.7479184034 -24.7982343937 -0.1195479434 -0.9924383160 0.0278294477 -0.3039564952 0.0000000000 0.0000000000 0.0000000000 1.0000000000
-0.7782176791 0.1003892645 0.6199187362 -4.6165256359 -0.6183123321 0.0501875744 -0.7843284181 -24.8283138073 -0.1098503707 -0.9936816406 0.0230150626 -0.3046534763 0.0000000000 0.0000000000 0.0000000000 1.0000000000
-0.8020033405 0.0894016779 0.5905912139 -4.5780947576 -0.5889625654 0.0464557178 -0.8068239974 -24.8602657526 -0.0995677579 -0.9949116575 0.0153966008 -0.3084117306 0.0000000000 0.0000000000 0.0000000000 1.0000000000
-0.8250441975 0.0787793082 0.5595497232 -4.5396488701 -0.5581617916 0.0407285831 -0.8287319210 -24.8948794747 -0.0880765948 -0.9960597387 0.0103687186 -0.3143359445 0.0000000000 0.0000000000 0.0000000000 1.0000000000
-0.8506300009 0.0689421016 0.5212250840 -4.5015494291 -0.5201167800 0.0345782686 -0.8533949136 -24.9323929435 -0.0768578998 -0.9970212284 0.0064446313 -0.3217802873 0.0000000000 0.0000000000 0.0000000000 1.0000000000
-0.8643916610 0.0600991967 0.4992145259 -4.4628489937 -0.4983685737 0.0294021758 -0.8664665468 -24.9718626857 -0.0667519367 -0.9977592889 0.0045365554 -0.3293394628 0.0000000000 0.0000000000 0.0000000000 1.0000000000
-0.8649175635 0.0537386674 0.4990288207 -4.4239015655 -0.4983894729 0.0256654088 -0.8665732630 -25.0128143520 -0.0593762710 -0.9982251462 0.0045843233 -0.3363944004 0.0000000000 0.0000000000 0.0000000000 1.0000000000
-0.8698065464 0.0471580230 0.4911340884 -4.3870539109 -0.4904623969 0.0256893999 -0.8710836308 -25.0554243211 -0.0536955219 -0.9985570467 0.0007844288 -0.3419653788 0.0000000000 0.0000000000 0.0000000000 1.0000000000
-0.8787638457 0.0449116933 0.4751389726 -4.3525809091 -0.4744228692 0.0261289162 -0.8799092118 -25.0984631192 -0.0519330790 -0.9986491974 -0.0016540125 -0.3410490046 0.0000000000 0.0000000000 0.0000000000 1.0000000000
-0.8838826265 0.0483022710 0.4652079032 -4.3194171328 -0.4644144064 0.0272078031 -0.8851999744 -25.1406992720 -0.0554144540 -0.9984621305 -0.0016162340 -0.3346033631 0.0000000000 0.0000000000 0.0000000000 1.0000000000
-0.8988487018 0.0494898870 0.4354558099 -4.2886477628 -0.4345057057 0.0291279525 -0.9001979527 -25.1826155188 -0.0572346311 -0.9983497951 -0.0046779840 -0.3267362202 0.0000000000 0.0000000000 0.0000000000 1.0000000000
-0.9169068131 0.0393462816 0.3971571053 -4.2592300573 -0.3960205181 0.0337117327 -0.9176226176 -25.2238250816 -0.0494938920 -0.9986567925 -0.0153285825 -0.3191052266 0.0000000000 0.0000000000 0.0000000000 1.0000000000
-0.9151776434 0.0307358795 0.4018770790 -4.2282913398 -0.4008861829 0.0337820992 -0.9155047996 -25.2632204011 -0.0417150966 -0.9989564933 -0.0185950325 -0.3128208991 0.0000000000 0.0000000000 0.0000000000 1.0000000000
-0.9182494819 0.0244666745 0.3952458360 -4.1987844957 -0.3945308185 0.0294425636 -0.9184108932 -25.3029034133 -0.0341075111 -0.9992669900 -0.0173827616 -0.3089924202 0.0000000000 0.0000000000 0.0000000000 1.0000000000
-0.9314740312 0.0200712090 0.3632537346 -4.1716194367 -0.3626540489 0.0282307135 -0.9314961447 -25.3439066911 -0.0289511659 -0.9993999066 -0.0190172713 -0.3073013311 0.0000000000 0.0000000000 0.0000000000 1.0000000000
-0.9410641183 0.0184689062 0.3377235922 -4.1449276049 -0.3371048693 0.0300965037 -0.9409859231 -25.3855548624 -0.0275432801 -0.9993763555 -0.0220967815 -0.3055747485 0.0000000000 0.0000000000 0.0000000000 1.0000000000
-0.9437176278 0.0261719621 0.3297151307 -4.1181522692 -0.3287889699 0.0342216594 -0.9437831803 -25.4273969411 -0.0359840565 -0.9990715222 -0.0236905308 -0.3010888018 0.0000000000 0.0000000000 0.0000000000 1.0000000000
-0.9472519050 0.0398424231 0.3180037891 -4.0926842714 -0.3163863445 0.0420242345 -0.9476991320 -25.4695491146 -0.0511224956 -0.9983218644 -0.0272019376 -0.2930160421 0.0000000000 0.0000000000 0.0000000000 1.0000000000
-0.9535847388 0.0475165214 0.2973521921 -4.0690045596 -0.2954153027 0.0437606081 -0.9543661814 -25.5113985802 -0.0583604739 -0.9979114136 -0.0276923405 -0.2811811318 0.0000000000 0.0000000000 0.0000000000 1.0000000000
-0.9660064513 0.0533744879 0.2529480186 -4.0480576738 -0.2511398350 0.0383403215 -0.9671911926 -25.5526467594 -0.0613214430 -0.9978382553 -0.0236325379 -0.2649499238 0.0000000000 0.0000000000 0.0000000000 1.0000000000
-0.9781896259 0.0537082676 0.2006501378 -4.0293052661 -0.1986933199 0.0396377591 -0.9792598290 -25.5924857256 -0.0605476708 -0.9977696478 -0.0281017707 -0.2474293580 0.0000000000 0.0000000000 0.0000000000 1.0000000000
-0.9836121400 0.0466934270 0.1741461509 -4.0113884912 -0.1723469891 0.0401573117 -0.9842174077 -25.6302670344 -0.0529497249 -0.9981017554 -0.0314517478 -0.2308333826 0.0000000000 0.0000000000 0.0000000000 1.0000000000
-0.9897896155 0.0428505900 0.1359424287 -3.9962238808 -0.1341836688 0.0415606639 -0.9900845692 -25.6669376167 -0.0480755655 -0.9982166790 -0.0353864642 -0.2147418295 0.0000000000 0.0000000000 0.0000000000 1.0000000000
-0.9949692887 0.0402534035 0.0917375494 -3.9830074060 -0.0901082095 0.0405823031 -0.9951048122 -25.7031665927 -0.0437792765 -0.9983650335 -0.0367509831 -0.1992849442 0.0000000000 0.0000000000 0.0000000000 1.0000000000
-0.9980885004 0.0340196992 0.0515946253 -3.9706473360 -0.0502806978 0.0384088831 -0.9979962972 -25.7395968278 -0.0359332258 -0.9986828414 -0.0366249303 -0.1864064995 0.0000000000 0.0000000000 0.0000000000 1.0000000000
-0.9995744253 0.0232255139 0.0176506008 -3.9589232423 -0.0166501039 0.0425876472 -0.9989539861 -25.7767335669 -0.0239529173 -0.9988227409 -0.0421828158 -0.1784294445 0.0000000000 0.0000000000 0.0000000000 1.0000000000
-0.9999000020 0.0139759292 0.0021585495 -3.9473847524 -0.0014841271 0.0480877669 -0.9988420116 -25.8147397779 -0.0140635450 -0.9987453329 -0.0480622162 -0.1750139511 0.0000000000 0.0000000000 0.0000000000 1.0000000000
-0.9998110529 0.0119031468 -0.0153679408 -3.9376753806 0.0159942531 0.0544437616 -0.9983887323 -25.8539212215 -0.0110472791 -0.9984458883 -0.0546238566 -0.1737872802 0.0000000000 0.0000000000 0.0000000000 1.0000000000
-0.9989589713 0.0136500535 -0.0435275731 -3.9303755718 0.0442745382 0.0602767575 -0.9971993170 -25.8942051852 -0.0109881230 -0.9980883671 -0.0608183575 -0.1697658296 0.0000000000 0.0000000000 0.0000000000 1.0000000000
-0.9976958208 0.0200113545 -0.0648274230 -3.9243767753 0.0660196850 0.0661579988 -0.9956226797 -25.9352690898 -0.0156349059 -0.9976084727 -0.0673267022 -0.1594409330 0.0000000000 0.0000000000 0.0000000000 1.0000000000
-0.9971586423 0.0250731505 -0.0710350567 -3.9189855024 0.0726330408 0.0699413179 -0.9949033387 -25.9761193416 -0.0199770757 -0.9972359546 -0.0715637287 -0.1420194154 0.0000000000 0.0000000000 0.0000000000 1.0000000000
-0.9966357610 0.0207673602 -0.0792835209 -3.9148314636 0.0805726930 0.0711414800 -0.9942066842 -26.0161786197 -0.0150067013 -0.9972500221 -0.0725754252 -0.1184199596 0.0000000000 0.0000000000 0.0000000000 1.0000000000
-0.9948060201 0.0133881796 -0.1009046031 -3.9121610994 0.1016220989 0.0739015942 -0.9920743437 -26.0548887946 -0.0058250584 -0.9971756671 -0.0748782857 -0.0928770053 0.0000000000 0.0000000000 0.0000000000 1.0000000000
-0.9926162010 0.0074686402 -0.1210673236 -3.9094411087 0.1212861608 0.0747447264 -0.9897994206 -26.0922256831 0.0016566882 -0.9971747316 -0.0750986691 -0.0706042336 0.0000000000 0.0000000000 0.0000000000 1.0000000000
-0.9876862206 0.0003255154 -0.1564475112 -3.9071326187 0.1560003262 0.0776325751 -0.9847015190 -26.1288827582 0.0118248876 -0.9969819845 -0.0767274052 -0.0528774155 0.0000000000 0.0000000000 0.0000000000 1.0000000000
-0.9821682518 -0.0107756741 -0.1876949919 -3.9044116301 0.1862278537 0.0811476290 -0.9791497581 -26.1657166423 0.0257820023 -0.9966438417 -0.0776938943 -0.0383723288 0.0000000000 0.0000000000 0.0000000000 1.0000000000
-0.9773004180 -0.0214104964 -0.2107735363 -3.9019134026 0.2083651239 0.0827776682 -0.9745418579 -26.2030684278 0.0383127668 -0.9963380191 -0.0764374490 -0.0268192149 0.0000000000 0.0000000000 0.0000000000 1.0000000000
-0.9729144840 -0.0253787876 -0.2297679784 -3.9006749268 0.2268283656 0.0868225645 -0.9700570781 -26.2405592585 0.0445679177 -0.9959004767 -0.0787143016 -0.0194621507 0.0000000000 0.0000000000 0.0000000000 1.0000000000
-0.9695216535 -0.0205114991 -0.2441455340 -3.9006763575 0.2415489222 0.0867776237 -0.9665007823 -26.2778936654 0.0410107492 -0.9960165272 -0.0791782547 -0.0137236921 0.0000000000 0.0000000000 0.0000000000 1.0000000000
-0.9645095387 -0.0032329400 -0.2640282141 -3.9018778702 0.2627436447 0.0875156868 -0.9608885376 -26.3154453836 0.0262131055 -0.9961578954 -0.0835602803 -0.0038062268 0.0000000000 0.0000000000 0.0000000000 1.0000000000
-0.9657905234 0.0078882513 -0.2592034730 -3.9024084826 0.2589343886 0.0840674117 -0.9622295218 -26.3532904013 0.0142002568 -0.9964288463 -0.0832340491 0.0117779891 0.0000000000 0.0000000000 0.0000000000 1.0000000000
-0.9666721016 0.0133083753 -0.2556715376 -3.9039863207 0.2558681962 0.0843407916 -0.9630254914 -26.3904846112 0.0087472352 -0.9963480908 -0.0849350802 0.0296082820 0.0000000000 0.0000000000 0.0000000000 1.0000000000
-0.9567905862 0.0161224813 -0.2903305696 -3.9090399656 0.2906044250 0.0875005074 -0.9528340513 -26.4254041921 0.0100420229 -0.9960339988 -0.0884049262 0.0455323735 0.0000000000 0.0000000000 0.0000000000 1.0000000000
-0.9409402287 0.0216704519 -0.3378784953 -3.9162293538 0.3384235547 0.0898184448 -0.9366974670 -26.4584573136 0.0100490636 -0.9957223702 -0.0918475794 0.0609860509 0.0000000000 0.0000000000 0.0000000000 1.0000000000
-0.9295603213 0.0223059530 -0.3679946379 -3.9239493114 0.3683350787 0.0987318688 -0.9244356591 -26.4907670390 0.0157123799 -0.9948640422 -0.0999932927 0.0769123575 0.0000000000 0.0000000000 0.0000000000 1.0000000000
-0.9176270063 0.0206158764 -0.3969076252 -3.9333122251 0.3964338362 0.1185871232 -0.9103720711 -26.5224352247 0.0283000154 -0.9927296106 -0.1169915778 0.0923308455 0.0000000000 0.0000000000 0.0000000000 1.0000000000
-0.9095766574 0.0256700498 -0.4147425139 -3.9440155576 0.4141890404 0.1363106233 -0.8999260263 -26.5535067145 0.0334326647 -0.9903335108 -0.1346172144 0.1036862703 0.0000000000 0.0000000000 0.0000000000 1.0000000000
-0.9045736896 0.0333749993 -0.4250088817 -3.9562797763 0.4252868561 0.1399178327 -0.8941778851 -26.5842822662 0.0296231353 -0.9896004798 -0.1407599386 0.1091818810 0.0000000000 0.0000000000 0.0000000000 1.0000000000
-0.8817615201 0.0402523007 -0.4699748653 -3.9724785517 0.4708004795 0.1364508189 -0.8716238194 -26.6137304990 0.0290435911 -0.9898287358 -0.1392678839 0.1085037695 0.0000000000 0.0000000000 0.0000000000 1.0000000000
-0.8458586591 0.0441353063 -0.5315780314 -3.9918581569 0.5323679001 0.1320290306 -0.8361535469 -26.6418584965 0.0332798393 -0.9902627984 -0.1351741192 0.1025924167 0.0000000000 0.0000000000 0.0000000000 1.0000000000
-0.8125481653 0.0461810965 -0.5810617742 -4.0126319590 0.5817555379 0.1265247468 -0.8034624961 -26.6698163433 0.0364139148 -0.9908878820 -0.1296735595 0.0945288436 0.0000000000 0.0000000000 0.0000000000 1.0000000000
-0.7973624751 0.0495736525 -0.6014611678 -4.0335311286 0.6025592048 0.1210431603 -0.7888415292 -26.6993750190 0.0336970047 -0.9914085971 -0.1263863345 0.0876334475 0.0000000000 0.0000000000 0.0000000000 1.0000000000
-0.8026573508 0.0497074831 -0.5943654964 -4.0547745143 0.5957743346 0.1139017512 -0.7950341711 -26.7314740729 0.0281801232 -0.9922477298 -0.1210385205 0.0842423491 0.0000000000 0.0000000000 0.0000000000 1.0000000000
-0.8028627188 0.0455058330 -0.5944246579 -4.0787832040 0.5953980054 0.1117314914 -0.7956238364 -26.7643956481 0.0302104281 -0.9926959721 -0.1167991311 0.0832129876 0.0000000000 0.0000000000 0.0000000000 1.0000000000
-0.7957233114 0.0415696592 -0.6042320541 -4.1056777961 0.6047657660 0.1087360614 -0.7889453956 -26.7967145876 0.0329056225 -0.9932011037 -0.1116637257 0.0819711670 0.0000000000 0.0000000000 0.0000000000 1.0000000000
-0.7759533501 0.0414144729 -0.6294292970 -4.1353356316 0.6300847373 0.0980705264 -0.7703086366 -26.8284638269 0.0298265363 -0.9943173604 -0.1021927808 0.0838695121 0.0000000000 0.0000000000 0.0000000000 1.0000000000
-0.7559989247 0.0471885884 -0.6528697136 -4.1659766342 0.6541923961 0.0884701773 -0.7511360307 -26.8611663925 0.0223144503 -0.9949604338 -0.0977537746 0.0916032035 0.0000000000 0.0000000000 0.0000000000 1.0000000000
-0.7593636645 0.0463848921 -0.6490109913 -4.1951671896 0.6504375130 0.0805720224 -0.7552742488 -26.8954860861 0.0172588136 -0.9956689164 -0.0913539400 0.1018460458 0.0000000000 0.0000000000 0.0000000000 1.0000000000
-0.7623167294 0.0434327380 -0.6457451520 -4.2239324996 0.6469731567 0.0777939224 -0.7585340072 -26.9293946919 0.0172898394 -0.9960229430 -0.0874034241 0.1089045707 0.0000000000 0.0000000000 0.0000000000 1.0000000000
-0.7546785648 0.0439993540 -0.6546176905 -4.2528056853 0.6559035040 0.0746820678 -0.7511412531 -26.9622810293 0.0158384728 -0.9962362399 -0.0852202862 0.1105834161 0.0000000000 0.0000000000 0.0000000000 1.0000000000
-0.7371896799 0.0380015668 -0.6746163775 -4.2821144743 0.6754223077 0.0693276409 -0.7341650934 -26.9951191021 0.0188701381 -0.9968698807 -0.0767747273 0.1097689609 0.0000000000 0.0000000000 0.0000000000 1.0000000000
-0.7158651951 0.0316159944 -0.6975223662 -4.3122045036 0.6977183533 0.0709427225 -0.7128507765 -27.0291594529 0.0269466495 -0.9969792169 -0.0728444854 0.1085375366 0.0000000000 0.0000000000 0.0000000000 1.0000000000
-0.7092586220 0.0307452603 -0.7042775988 -4.3426458486 0.7042663810 0.0748379668 -0.7059802712 -27.0651836854 0.0310011564 -0.9967216300 -0.0747323264 0.1067365943 0.0000000000 0.0000000000 0.0000000000 1.0000000000
-0.7150419745 0.0358354336 -0.6981624427 -4.3738979782 0.6986748992 0.0706897439 -0.7119384421 -27.1024501208 0.0238403015 -0.9968544436 -0.0755834520 0.1034269785 0.0000000000 0.0000000000 0.0000000000 1.0000000000
-0.7153318435 0.0448966470 -0.6973411251 -4.4066334600 0.6987072856 0.0608290424 -0.7128169166 -27.1400352006 0.0104155034 -0.9971379637 -0.0748825654 0.0992239109 0.0000000000 0.0000000000 0.0000000000 1.0000000000
-0.7108593046 0.0548485948 -0.7011923279 -4.4403372822 0.7033320723 0.0529617259 -0.7088857818 -27.1780883489 -0.0017450331 -0.9970891070 -0.0762251115 0.0957393680 0.0000000000 0.0000000000 0.0000000000 1.0000000000
-0.7153295813 0.0643884772 -0.6958144251 -4.4739132642 0.6986427501 0.0456517113 -0.7140127653 -27.2169149915 -0.0142090754 -0.9968801559 -0.0776405623 0.0948932798 0.0000000000 0.0000000000 0.0000000000 1.0000000000
-0.6971820295 0.0722435222 -0.7132447625 -4.5095851163 0.7165566270 0.0396980226 -0.6963983539 -27.2541248451 -0.0219958632 -0.9965966790 -0.0794433226 0.0984601581 0.0000000000 0.0000000000 0.0000000000 1.0000000000
-0.6722833790 0.0761133383 -0.7363707070 -4.5467528355 0.7398430558 0.0343689181 -0.6719010569 -27.2901934015 -0.0258323679 -0.9965066669 -0.0794175772 0.1055814135 0.0000000000 0.0000000000 0.0000000000 1.0000000000
-0.6416392388 0.0808195086 -0.7627367136 -4.5855518869 0.7667461055 0.0416726631 -0.6405964400 -27.3251442638 -0.0199874194 -0.9958572168 -0.0887068593 0.1129683195 0.0000000000 0.0000000000 0.0000000000 1.0000000000
-0.6182164303 0.0889383771 -0.7809599288 -4.6248478194 0.7859305971 0.0560095570 -0.6157727065 -27.3596117077 -0.0110246055 -0.9944611076 -0.1045254202 0.1180363214 0.0000000000 0.0000000000 0.0000000000 1.0000000000
-0.5815896317 0.0927035838 -0.8081828666 -4.6650742700 0.8134553068 0.0581774234 -0.5787105073 -27.3915370882 -0.0066305412 -0.9939926725 -0.1092456085 0.1190944871 0.0000000000 0.0000000000 0.0000000000 1.0000000000
-0.5467382794 0.0984278151 -0.8314981774 -4.7053644733 0.8372292562 0.0510354525 -0.5444653846 -27.4213458159 -0.0111546525 -0.9938346682 -0.1103096819 0.1166773634 0.0000000000 0.0000000000 0.0000000000 1.0000000000
-0.5514061662 0.1080786395 -0.8272062908 -4.7441772047 0.8339379671 0.0448677441 -0.5500312287 -27.4517907212 -0.0223317467 -0.9931293437 -0.1148712317 0.1147086705 0.0000000000 0.0000000000 0.0000000000 1.0000000000
-0.5551625835 0.1097448247 -0.8244698777 -4.7826138684 0.8313882333 0.0443182433 -0.5539219249 -27.4811981137 -0.0242510079 -0.9929712819 -0.1158443864 0.1164683437 0.0000000000 0.0000000000 0.0000000000 1.0000000000
-0.5448754264 0.1043809855 -0.8319948194 -4.8206288877 0.8383249579 0.0465773089 -0.5431775210 -27.5092545189 -0.0179453252 -0.9934461053 -0.1128840164 0.1231715407 0.0000000000 0.0000000000 0.0000000000 1.0000000000
-0.5360673088 0.0865141015 -0.8397304036 -4.8572531068 0.8441158035 0.0431300695 -0.5344233410 -27.5371999764 -0.0100175245 -0.9953165865 -0.0961485406 0.1366798283 0.0000000000 0.0000000000 0.0000000000 1.0000000000
-0.5212387489 0.0694363186 -0.8505814272 -4.8929214510 0.8534101264 0.0437529331 -0.5194004593 -27.5646490336 0.0011501765 -0.9966264488 -0.0820633816 0.1565208392 0.0000000000 0.0000000000 0.0000000000 1.0000000000
-0.5160719139 0.0662447109 -0.8539797527 -4.9264502418 0.8564865312 0.0515847624 -0.5135852745 -27.5914953271 0.0100300346 -0.9964690916 -0.0833591498 0.1790715213 0.0000000000 0.0000000000 0.0000000000 1.0000000000
-0.5210010864 0.0638491641 -0.8511645858 -4.9572996654 0.8534766673 0.0525658796 -0.5184731494 -27.6165994467 0.0116381379 -0.9965741882 -0.0818806521 0.2008155923 0.0000000000 0.0000000000 0.0000000000 1.0000000000
-0.5131847073 0.0630298705 -0.8559606835 -4.9865018894 0.8582088866 0.0503577108 -0.5108244394 -27.6387785099 0.0109070223 -0.9967403556 -0.0799356021 0.2204364213 0.0000000000 0.0000000000 0.0000000000 1.0000000000
-0.4977057822 0.0621169235 -0.8651187446 -5.0147035731 0.8673062345 0.0451847641 -0.4957199136 -27.6588866888 0.0082975905 -0.9970455481 -0.0763631134 0.2385876033 0.0000000000 0.0000000000 0.0000000000 1.0000000000
-0.4996054446 0.0635071978 -0.8639220078 -5.0419521552 0.8662488486 0.0335097108 -0.4984877447 -27.6790399778 -0.0027077832 -0.9974186358 -0.0717546709 0.2553571475 0.0000000000 0.0000000000 0.0000000000 1.0000000000
-0.5195709991 0.0671368201 -0.8517855506 -5.0684911443 0.8542151452 0.0186020479 -0.5195868065 -27.7000118599 -0.0190384503 -0.9975703540 -0.0670143731 0.2695683308 0.0000000000 0.0000000000 0.0000000000 1.0000000000
-0.5335887147 0.0668180080 -0.8431004907 -5.0948167178 0.8450676591 0.0022599933 -0.5346546025 -27.7211074040 -0.0338191541 -0.9977626202 -0.0576716445 0.2818683016 0.0000000000 0.0000000000 0.0000000000 1.0000000000
-0.5291095674 0.0637884859 -0.8461525245 -5.1211705207 0.8472827986 -0.0148361447 -0.5309347869 -27.7419428735 -0.0464211675 -0.9978531545 -0.0461969407 0.2943603953 0.0000000000 0.0000000000 0.0000000000 1.0000000000
-0.5200264314 0.0571456115 -0.8522364048 -5.1463868984 0.8523279338 -0.0304221103 -0.5221221968 -27.7630016066 -0.0557638221 -0.9979022368 -0.0328864995 0.3087882617 0.0000000000 0.0000000000 0.0000000000 1.0000000000
-0.5061318717 0.0506820877 -0.8609656523 -5.1699213894 0.8603070582 -0.0407596710 -0.5081440887 -27.7838083802 -0.0608464800 -0.9978827462 -0.0229723893 0.3257423624 0.0000000000 0.0000000000 0.0000000000 1.0000000000
-0.4787958586 0.0354603394 -0.8772098324 -5.1915407925 0.8759098827 -0.0483866006 -0.4800423047 -27.8031122868 -0.0594676648 -0.9981990289 -0.0078927577 0.3469180524 0.0000000000 0.0000000000 0.0000000000 1.0000000000
-0.4560125320 0.0154836200 -0.8898386529 -5.2108712849 0.8880004674 -0.0586221425 -0.4560905769 -27.8214760429 -0.0592261815 -0.9981601585 0.0129829698 0.3718090182 0.0000000000 0.0000000000 0.0000000000 1.0000000000
-0.4400701006 -0.0092767564 -0.8979155018 -5.2285262803 0.8962841645 -0.0656626839 -0.4385921893 -27.8386664853 -0.0548908288 -0.9977987541 0.0372107937 0.3973651776 0.0000000000 0.0000000000 0.0000000000 1.0000000000
-0.4303548447 -0.0256239389 -0.9022960276 -5.2455107936 0.9012613748 -0.0678173221 -0.4279354450 -27.8548129166 -0.0502259086 -0.9973686503 0.0522793795 0.4209210087 0.0000000000 0.0000000000 0.0000000000 1.0000000000
-0.4401008918 -0.0417767264 -0.8969759808 -5.2620707461 0.8966558659 -0.0740222604 -0.4364962350 -27.8709360672 -0.0481608058 -0.9963811570 0.0700366096 0.4418679144 0.0000000000 0.0000000000 0.0000000000 1.0000000000
-0.4452952542 -0.0682441210 -0.8927792989 -5.2793894335 0.8942873265 -0.0832276979 -0.4396854875 -27.8863022818 -0.0442980162 -0.9941910733 0.0980907514 0.4578333707 0.0000000000 0.0000000000 0.0000000000 1.0000000000
-0.4215186700 -0.0979253185 -0.9015168567 -5.2989194967 0.9058724071 -0.0909011206 -0.4136812399 -27.8999868858 -0.0414390253 -0.9910336111 0.1270243634 0.4670252029 0.0000000000 0.0000000000 0.0000000000 1.0000000000
-0.3841977150 -0.1251681301 -0.9147267652 -5.3208996262 0.9222545844 -0.0980452917 -0.3739433142 -27.9125332510 -0.0428788672 -0.9872791196 0.1531056588 0.4709296064 0.0000000000 0.0000000000 0.0000000000 1.0000000000
-0.3524573501 -0.1473784017 -0.9241501085 -5.3451561616 0.9345850359 -0.1063105282 -0.3394832577 -27.9249337755 -0.0482143863 -0.9833502318 0.1752075759 0.4724662227 0.0000000000 0.0000000000 0.0000000000 1.0000000000
-0.3422116326 -0.1972638835 -0.9186828390 -5.3974772758 0.9384327307 -0.1209473103 -0.3235981430 -27.9508141106 -0.0472779921 -0.9728610941 0.2265084614 0.4831680461 0.0000000000 0.0000000000 0.0000000000 1.0000000000
-0.3365313775 -0.2218909673 -0.9151562875 -5.4249923272 0.9405978165 -0.1256197558 -0.3154289532 -27.9619913243 -0.0449708738 -0.9669457459 0.2509851488 0.4971711499 0.0000000000 0.0000000000 0.0000000000 1.0000000000
-0.3388965119 -0.2488226815 -0.9073237721 -5.4526165815 0.9398260519 -0.1339336333 -0.3143068150 -27.9720176939 -0.0433145048 -0.9592440018 0.2792396796 0.5179229833 0.0000000000 0.0000000000 0.0000000000 1.0000000000
-0.3406271600 -0.2744853860 -0.8992390732 -5.4796592817 0.9392123564 -0.1431330694 -0.3120786343 -27.9811107556 -0.0430498243 -0.9508789078 0.3065550771 0.5450978955 0.0000000000 0.0000000000 0.0000000000 1.0000000000
-0.3469229982 -0.2942937677 -0.8905254694 -5.5060989391 0.9368534143 -0.1534436650 -0.3142621865 -27.9903527100 -0.0441600889 -0.9433166064 0.3289432574 0.5725913344 0.0000000000 0.0000000000 0.0000000000 1.0000000000
-0.3572317371 -0.3039970224 -0.8831598363 -5.5320496631 0.9330688199 -0.1587191056 -0.3227860327 -28.0000886974 -0.0420483465 -0.9393583213 0.3403496448 0.5964321465 0.0000000000 0.0000000000 0.0000000000 1.0000000000
-0.3575415139 -0.3110925168 -0.8805597719 -5.5579665424 0.9331124419 -0.1576482218 -0.3231844812 -28.0096736918 -0.0382784086 -0.9372131477 0.3466500819 0.6149545947 0.0000000000 0.0000000000 0.0000000000 1.0000000000
-0.3515929230 -0.3214050709 -0.8792503608 -5.5840115777 0.9353088712 -0.1604778362 -0.3153477120 -28.0189539197 -0.0397458417 -0.9332446863 0.3570358856 0.6278933531 0.0000000000 0.0000000000 0.0000000000 1.0000000000
-0.3467008663 -0.3348208128 -0.8761812213 -5.6102903739 0.9369200225 -0.1679267216 -0.3065640025 -28.0285478936 -0.0444902315 -0.9271977348 0.3719206633 0.6353545400 0.0000000000 0.0000000000 0.0000000000 1.0000000000
-0.3362708310 -0.3508176827 -0.8739844860 -5.6371869857 0.9405235937 -0.1727397242 -0.2925343697 -28.0381599360 -0.0483456093 -0.9203738052 0.3880396382 0.6373057687 0.0000000000 0.0000000000 0.0000000000 1.0000000000
-0.3241575190 -0.3696555333 -0.8707908415 -5.6651019833 0.9443427960 -0.1809563480 -0.2747207379 -28.0478371121 -0.0560230896 -0.9113778507 0.4077399007 0.6337793216 0.0000000000 0.0000000000 0.0000000000 1.0000000000
-0.3180329746 -0.3889688450 -0.8646145180 -5.6934418827 0.9458009988 -0.1933558522 -0.2609099174 -28.0580651889 -0.0656924477 -0.9007312318 0.4293806590 0.6271380003 0.0000000000 0.0000000000 0.0000000000 1.0000000000
-0.3169231994 -0.4090712211 -0.8556987915 -5.7218617401 0.9454358669 -0.2081404196 -0.2506563130 -28.0691813902 -0.0755692215 -0.8884471294 0.4527151322 0.6203250318 0.0000000000 0.0000000000 0.0000000000 1.0000000000
-0.3166316732 -0.4264025980 -0.8473046725 -5.7511300122 0.9448798341 -0.2202733798 -0.2422431365 -28.0817942967 -0.0833455612 -0.8773029480 0.4726447449 0.6141653046 0.0000000000 0.0000000000 0.0000000000 1.0000000000
-0.3198293455 -0.4336157946 -0.8424289480 -5.7825424253 0.9428375685 -0.2335187339 -0.2377526455 -28.0970304426 -0.0936296390 -0.8703139339 0.4835154052 0.6089438930 0.0000000000 0.0000000000 0.0000000000 1.0000000000
-0.3190019956 -0.4369420423 -0.8410228169 -5.8162721165 0.9436888769 -0.2285400574 -0.2392085821 -28.1154385889 -0.0876871165 -0.8699718926 0.4852420795 0.6075066747 0.0000000000 0.0000000000 0.0000000000 1.0000000000
-0.2834568207 -0.4393308380 -0.8524321941 -5.8535952645 0.9548331686 -0.2119192592 -0.2082878964 -28.1343410805 -0.0891395030 -0.8729711578 0.4795576155 0.6107858106 0.0000000000 0.0000000000 0.0000000000 1.0000000000
-0.2693678235 -0.4316270815 -0.8608943246 -5.8948421245 0.9602994995 -0.1877449961 -0.2063411922 -28.1565933715 -0.0725661550 -0.8822980670 0.4650637313 0.6159836373 0.0000000000 0.0000000000 0.0000000000 1.0000000000
-0.2736765574 -0.4165722170 -0.8669306374 -5.9400998760 0.9610593624 -0.1543187461 -0.2292392344 -28.1820631785 -0.0382889528 -0.8959092101 0.4425840524 0.6214120310 0.0000000000 0.0000000000 0.0000000000 1.0000000000
-0.2630645764 -0.3985654111 -0.8786026643 -5.9891253101 0.9645990295 -0.1262074726 -0.2315607614 -28.2070343899 -0.0185941116 -0.9084147109 0.4176565240 0.6265879787 0.0000000000 0.0000000000 0.0000000000 1.0000000000
-0.2456202918 -0.3906173096 -0.8871802464 -6.0378186756 0.9693650457 -0.1003372391 -0.2241960006 -28.2296215121 -0.0014423780 -0.9150686072 0.4032956281 0.6314622647 0.0000000000 0.0000000000 0.0000000000 1.0000000000
-0.2392859582 -0.3858906401 -0.8909717415 -6.0839814259 0.9708105056 -0.0795813049 -0.2262604211 -28.2506927210 0.0164070849 -0.9191056685 0.3936693762 0.6342117000 0.0000000000 0.0000000000 0.0000000000 1.0000000000
-0.2389989199 -0.3895473850 -0.8894562109 -6.1263655221 0.9704648302 -0.0648593745 -0.2323602263 -28.2699117560 0.0328257450 -0.9187198139 0.3935433573 0.6370932452 0.0000000000 0.0000000000 0.0000000000 1.0000000000
-0.2079776725 -0.4020166587 -0.8916994414 -6.1661305561 0.9775590529 -0.0541883890 -0.2035728779 -28.2842168639 0.0335199320 -0.9140274748 0.4042649991 0.6426439402 0.0000000000 0.0000000000 0.0000000000 1.0000000000
-0.1811033478 -0.4212281964 -0.8886891380 -6.2052955940 0.9828732730 -0.0462048370 -0.1783963067 -28.2951340422 0.0340838177 -0.9057769701 0.4223817867 0.6482528637 0.0000000000 0.0000000000 0.0000000000 1.0000000000
-0.1691170245 -0.4428903990 -0.8804814175 -6.2458287247 0.9850519519 -0.0462748459 -0.1659255575 -28.3022634719 0.0327426945 -0.8953807755 0.4440959163 0.6532570343 0.0000000000 0.0000000000 0.0000000000 1.0000000000
-0.1645006991 -0.4540439588 -0.8756618089 -6.2909740387 0.9862270739 -0.0602345403 -0.1540388226 -28.3042600913 0.0171953103 -0.8889408775 0.4576990689 0.6561392491 0.0000000000 0.0000000000 0.0000000000 1.0000000000
-0.1803465875 -0.4633398896 -0.8676354391 -6.3407236459 0.9835864426 -0.0798157762 -0.1618244474 -28.3036351046 0.0057287255 -0.8825789419 0.4701293366 0.6585108652 0.0000000000 0.0000000000 0.0000000000 1.0000000000
-0.1789161913 -0.4655203038 -0.8667640067 -6.3949533400 0.9836688492 -0.1021985062 -0.1481589030 -28.2996770553 -0.0196110092 -0.8791167796 0.4762027889 0.6619122603 0.0000000000 0.0000000000 0.0000000000 1.0000000000
-0.1937386045 -0.4548960981 -0.8692151017 -6.4517659620 0.9800343274 -0.1301086468 -0.1503477873 -28.2964046004 -0.0446997789 -0.8809888081 0.4710208592 0.6660178276 0.0000000000 0.0000000000 0.0000000000 1.0000000000
-0.2170022075 -0.4416395840 -0.8705541452 -6.5092139355 0.9744329205 -0.1511971849 -0.1661923429 -28.2965958591 -0.0582282189 -0.8843607234 0.4631582725 0.6703754116 0.0000000000 0.0000000000 0.0000000000 1.0000000000
-0.2272444605 -0.4274264643 -0.8750237556 -6.5659591358 0.9716077478 -0.1602840000 -0.1740328237 -28.3007228851 -0.0658660731 -0.8897278556 0.4517145154 0.6757537298 0.0000000000 0.0000000000 0.0000000000 1.0000000000
-0.2440925303 -0.4122367715 -0.8777697197 -6.6203528587 0.9679329882 -0.1589809680 -0.1945013680 -28.3099314612 -0.0593680637 -0.8970985988 0.4378236368 0.6824419592 0.0000000000 0.0000000000 0.0000000000 1.0000000000
-0.2562668004 -0.4069396171 -0.8767710505 -6.6714584841 0.9655524568 -0.1501104810 -0.2125448108 -28.3232294601 -0.0451196202 -0.9010366205 0.4313898797 0.6886262063 0.0000000000 0.0000000000 0.0000000000 1.0000000000
-0.2409553961 -0.4096971173 -0.8798231465 -6.7204761725 0.9698560243 -0.1355775297 -0.2024796916 -28.3382686028 -0.0363289028 -0.9020903533 0.4300153548 0.6918322942 0.0000000000 0.0000000000 0.0000000000 1.0000000000
-0.2311024708 -0.4092522814 -0.8826688043 -6.7689922133 0.9725531469 -0.1224020478 -0.1978840954 -28.3557403787 -0.0270559517 -0.9041738267 0.4263070098 0.6897078851 0.0000000000 0.0000000000 0.0000000000 1.0000000000
-0.2390085761 -0.4097178925 -0.8803443355 -6.8176222966 0.9709130051 -0.1141356653 -0.2104779950 -28.3755131293 -0.0142420859 -0.9050438102 0.4250798331 0.6835201125 0.0000000000 0.0000000000 0.0000000000 1.0000000000
-0.2264029038 -0.4129860708 -0.8821475106 -6.8667311792 0.9739332717 -0.1089915389 -0.1989342273 -28.3947323654 -0.0139895498 -0.9041920978 0.4268968760 0.6761426649 0.0000000000 0.0000000000 0.0000000000 1.0000000000
-0.2179820872 -0.4212695675 -0.8803497948 -6.9149982474 0.9758718779 -0.1056977943 -0.1910551076 -28.4148710928 -0.0125653290 -0.9007551986 0.4341453498 0.6699233656 0.0000000000 0.0000000000 0.0000000000 1.0000000000
-0.2020820591 -0.4323185627 -0.8787852421 -6.9616315400 0.9793365976 -0.0964543636 -0.1777537183 -28.4355554738 -0.0079164393 -0.8965473864 0.4428770866 0.6671243335 0.0000000000 0.0000000000 0.0000000000 1.0000000000
-0.1747670661 -0.4491230629 -0.8762105609 -7.0060708260 0.9845842062 -0.0861340492 -0.1522329346 -28.4556297657 -0.0071002417 -0.8893083829 0.4572528695 0.6693446034 0.0000000000 0.0000000000 0.0000000000 1.0000000000
-0.1462224984 -0.4676844938 -0.8717168091 -7.0487356692 0.9892185383 -0.0763448611 -0.1249725797 -28.4748298272 -0.0081033610 -0.8805922305 0.4738055077 0.6762635433 0.0000000000 0.0000000000 0.0000000000 1.0000000000
-0.1235011366 -0.4793257502 -0.8689040767 -7.0914254730 0.9923350459 -0.0634614665 -0.1060367806 -28.4931207609 -0.0043157675 -0.8753396298 0.4834893036 0.6846039744 0.0000000000 0.0000000000 0.0000000000 1.0000000000
-0.1100089742 -0.4799956374 -0.8703460310 -7.1364806804 0.9939129570 -0.0479087919 -0.0992057535 -28.5099937748 0.0059211020 -0.8759617205 0.4823442804 0.6905000050 0.0000000000 0.0000000000 0.0000000000 1.0000000000
-0.0937765464 -0.4779965765 -0.8733414179 -7.1842064305 0.9954773610 -0.0316329169 -0.0895778001 -28.5241848832 0.0151915453 -0.8777919067 0.4788011963 0.6923463183 0.0000000000 0.0000000000 0.0000000000 1.0000000000
-0.0646550131 -0.4742167549 -0.8780308643 -7.2338646268 0.9977799328 -0.0166427507 -0.0644842974 -28.5351646362 0.0159666855 -0.8802508098 0.4742399991 0.6911432382 0.0000000000 0.0000000000 0.0000000000 1.0000000000
-0.0526157019 -0.4656880451 -0.8833834006 -7.2854002981 0.9983932042 -0.0058948253 -0.0563583259 -28.5449217956 0.0210380078 -0.8849293168 0.4652499399 0.6870136319 0.0000000000 0.0000000000 0.0000000000 1.0000000000
-0.0583013975 -0.4538826926 -0.8891520952 -7.3391984079 0.9979438066 -0.0027396287 -0.0640363429 -28.5537831837 0.0266290411 -0.8910572349 0.4531091462 0.6801630373 0.0000000000 0.0000000000 0.0000000000 1.0000000000
-0.0630579339 -0.4414468721 -0.8950689114 -7.3952655951 0.9975458875 -0.0005348527 -0.0700136858 -28.5616534268 0.0304285926 -0.8972872300 0.4403972385 0.6717831497 0.0000000000 0.0000000000 0.0000000000 1.0000000000
-0.0695787335 -0.4288629447 -0.9006860577 -7.4531833632 0.9968688884 0.0041089341 -0.0789654105 -28.5694191554 0.0375661981 -0.9033602224 0.4272342325 0.6633810756 0.0000000000 0.0000000000 0.0000000000 1.0000000000
-0.0817818321 -0.4125116219 -0.9072738802 -7.5120477715 0.9954587053 0.0106916961 -0.0945920383 -28.5774882405 0.0487206118 -0.9108895923 0.4097638986 0.6561506771 0.0000000000 0.0000000000 0.0000000000 1.0000000000
-0.1098504728 -0.3971654967 -0.9111489680 -7.5703870273 0.9919047710 0.0149456872 -0.1261013549 -28.5861112837 0.0637008547 -0.9176253019 0.3923085603 0.6511500125 0.0000000000 0.0000000000 0.0000000000 1.0000000000
-0.1282112990 -0.3893484770 -0.9121236902 -7.6272845407 0.9892957768 0.0144119443 -0.1452107500 -28.5940038461 0.0696830602 -0.9209777735 0.3833330299 0.6504240324 0.0000000000 0.0000000000 0.0000000000 1.0000000000
-0.1390557873 -0.3807846628 -0.9141479796 -7.6830486092 0.9880304757 0.0089003193 -0.1540018290 -28.6012855580 0.0667777434 -0.9246209088 0.3749892106 0.6535311283 0.0000000000 0.0000000000 0.0000000000 1.0000000000
-0.1651662582 -0.3688545872 -0.9146947035 -7.7385576955 0.9841572754 -0.0010277120 -0.1772946730 -28.6101359927 0.0644559107 -0.9294865450 0.3631806689 0.6567367087 0.0000000000 0.0000000000 0.0000000000 1.0000000000
-0.1878715955 -0.3518862214 -0.9169952839 -7.7945701514 0.9802202690 -0.0080209140 -0.1977470332 -28.6202951753 0.0622293160 -0.9360084146 0.3464329085 0.6588689219 0.0000000000 0.0000000000 0.0000000000 1.0000000000
-0.2088374696 -0.3226296491 -0.9231993397 -7.8515622086 0.9761785926 -0.0119722906 -0.2166379921 -28.6315054750 0.0588410286 -0.9464495622 0.3174444196 0.6603906112 0.0000000000 0.0000000000 0.0000000000 1.0000000000
-0.2403317068 -0.2876476269 -0.9270919660 -7.9094826417 0.9690132853 -0.0149690412 -0.2465546202 -28.6443233914 0.0570431735 -0.9576193244 0.2823319072 0.6605863493 0.0000000000 0.0000000000 0.0000000000 1.0000000000
-0.2561139225 -0.2520016482 -0.9332206749 -7.9692025879 0.9651052528 -0.0121642462 -0.2615795903 -28.6580717585 0.0545665618 -0.9676503503 0.2463235472 0.6568175424 0.0000000000 0.0000000000 0.0000000000 1.0000000000
-0.2554683552 -0.2152779223 -0.9425451372 -8.0308748998 0.9653780470 -0.0036224195 -0.2608296465 -28.6731831285 0.0527365705 -0.9765461045 0.2087499938 0.6481751650 0.0000000000 0.0000000000 0.0000000000 1.0000000000
-0.2553836161 -0.1775029426 -0.9504061837 -8.0933889743 0.9652775278 0.0090490336 -0.2610697404 -28.6905315050 0.0549409047 -0.9840786657 0.1690286267 0.6368350100 0.0000000000 0.0000000000 0.0000000000 1.0000000000
-0.2611087165 -0.1396853741 -0.9551493257 -8.1553038189 0.9635379505 0.0222027312 -0.2666489390 -28.7097867134 0.0584538805 -0.9899469860 0.1287948324 0.6248781715 0.0000000000 0.0000000000 0.0000000000 1.0000000000
-0.2823628905 -0.1060797218 -0.9534245071 -8.2149712832 0.9573688205 0.0319958424 -0.2870909395 -28.7310577970 0.0609601473 -0.9938427233 0.0925229796 0.6149001129 0.0000000000 0.0000000000 0.0000000000 1.0000000000
-0.3182349300 -0.0808402738 -0.9445588280 -8.2715165383 0.9457738214 0.0413501790 -0.3221832422 -28.7544316785 0.0651030582 -0.9958689737 0.0632975433 0.6091660112 0.0000000000 0.0000000000 0.0000000000 1.0000000000
-0.3406414602 -0.0595459344 -0.9383057483 -8.3256744658 0.9376087116 0.0524335942 -0.3437159034 -28.7780981490 0.0696656274 -0.9968475309 0.0379697308 0.6082150247 0.0000000000 0.0000000000 0.0000000000 1.0000000000
-0.3518527824 -0.0400948917 -0.9351962464 -8.3785044171 0.9328708001 0.0673217532 -0.3538641716 -28.8014469395 0.0771471965 -0.9969253639 0.0137160075 0.6098811376 0.0000000000 0.0000000000 0.0000000000 1.0000000000
-0.3575451859 -0.0156156733 -0.9337652761 -8.4314065541 0.9303019199 0.0816781716 -0.3575849746 -28.8227769542 0.0818521706 -0.9965364153 -0.0146763462 0.6095480361 0.0000000000 0.0000000000 0.0000000000 1.0000000000
-0.3485020889 0.0098818185 -0.9372559115 -8.4855483556 0.9333267748 0.0957240070 -0.3460318568 -28.8403042017 0.0862984674 -0.9953588620 -0.0425829822 0.6060776728 0.0000000000 0.0000000000 0.0000000000 1.0000000000
-0.3465723686 0.0381038150 -0.9372490025 -8.5403497886 0.9338652102 0.1079906516 -0.3409307678 -28.8553962610 0.0882233675 -0.9934214204 -0.0730104031 0.6004383473 0.0000000000 0.0000000000 0.0000000000 1.0000000000
-0.3455072444 0.0644641543 -0.9361992934 -8.5953569142 0.9351477385 0.1068426815 -0.3377622664 -28.8674866118 0.0782524840 -0.9921839619 -0.0971984285 0.5915724449 0.0000000000 0.0000000000 0.0000000000 1.0000000000
-0.3276162910 0.0788826150 -0.9415121342 -8.6503930537 0.9427830375 0.0925478826 -0.3203045952 -28.8758832113 0.0618684904 -0.9925786732 -0.1046893854 0.5806120167 0.0000000000 0.0000000000 0.0000000000 1.0000000000
-0.2925221881 0.0832333542 -0.9526295073 -8.7050880607 0.9549531591 0.0774655316 -0.2864673722 -28.8816841803 0.0499523110 -0.9935146200 -0.1021443413 0.5689245178 0.0000000000 0.0000000000 0.0000000000 1.0000000000
-0.2713325585 0.0835097055 -0.9588559703 -8.7585214108 0.9614579121 0.0695430083 -0.2660121300 -28.8871395429 0.0444671340 -0.9940774110 -0.0991603495 0.5572949194 0.0000000000 0.0000000000 0.0000000000 1.0000000000
-0.2608232985 0.0799283957 -0.9620720651 -8.8108567865 0.9644369796 0.0657639612 -0.2560008083 -28.8922261587 0.0428079361 -0.9946288519 -0.0942386738 0.5465413549 0.0000000000 0.0000000000 0.0000000000 1.0000000000
-0.2570666038 0.0778292796 -0.9632545689 -8.8620163418 0.9657303898 0.0576125337 -0.2530723418 -28.8965305474 0.0357990983 -0.9953006577 -0.0899723589 0.5370146263 0.0000000000 0.0000000000 0.0000000000 1.0000000000
-0.2556715852 0.0719920068 -0.9640794529 -8.9119529794 0.9664991146 0.0423628722 -0.2531498538 -28.9009626841 0.0226164087 -0.9965051621 -0.0804111935 0.5323029342 0.0000000000 0.0000000000 0.0000000000 1.0000000000
-0.2642673466 0.0605163240 -0.9625489827 -8.9606927161 0.9643624562 0.0299861780 -0.2628799768 -28.9076367342 0.0129546352 -0.9977166951 -0.0662840385 0.5347453462 0.0000000000 0.0000000000 0.0000000000 1.0000000000
-0.2879849124 0.0437181875 -0.9566365090 -9.0082752366 0.9575846050 0.0233892578 -0.2872014396 -28.9182539822 0.0098190915 -0.9987700750 -0.0485996166 0.5407385893 0.0000000000 0.0000000000 0.0000000000 1.0000000000
-0.3036259515 0.0350283659 -0.9521472025 -9.0562189000 0.9527331720 0.0222012743 -0.3029960501 -28.9320448313 0.0105254247 -0.9991396884 -0.0401135692 0.5461655068 0.0000000000 0.0000000000 0.0000000000 1.0000000000
-0.3203285356 0.0432885362 -0.9463169300 -9.1053118007 0.9471275557 0.0340515610 -0.3190452703 -28.9491633845 0.0184125660 -0.9984821450 -0.0519074522 0.5487796970 0.0000000000 0.0000000000 0.0000000000 1.0000000000
-0.3443683862 0.0548268995 -0.9372323222 -9.1553716013 0.9382411939 0.0555865208 -0.3414873363 -28.9691541838 0.0333747921 -0.9969474158 -0.0705830961 0.5480354909 0.0000000000 0.0000000000 0.0000000000 1.0000000000
-0.3637367433 0.0550027228 -0.9298764875 -9.2064646563 0.9299662668 0.0787368805 -0.3591145308 -28.9904861849 0.0534632969 -0.9953769156 -0.0797901733 0.5437945683 0.0000000000 0.0000000000 0.0000000000 1.0000000000
-0.3629855864 0.0526576919 -0.9303056656 -9.2592528268 0.9289138682 0.0988986538 -0.3568446185 -29.0112994993 0.0732153640 -0.9937032876 -0.0848132461 0.5357489510 0.0000000000 0.0000000000 0.0000000000 1.0000000000
-0.3563353806 0.0594212974 -0.9324667318 -9.3137726782 0.9301515875 0.1171507006 -0.3479852548 -29.0313762781 0.0885613956 -0.9913348691 -0.0970157536 0.5243380700 0.0000000000 0.0000000000 0.0000000000 1.0000000000
-0.3654549899 0.0698215448 -0.9282066592 -9.3691058100 0.9260789586 0.1278848058 -0.3549975197 -29.0515335946 0.0939170531 -0.9893282713 -0.1113964039 0.5114073654 0.0000000000 0.0000000000 0.0000000000 1.0000000000
-0.3725211459 0.0769527527 -0.9248276973 -9.4252405139 0.9232242426 0.1319512595 -0.3608959172 -29.0712064398 0.0942602452 -0.9882647110 -0.1201992813 0.5004005759 0.0000000000 0.0000000000 0.0000000000 1.0000000000
-0.3786595879 0.0818270366 -0.9219117380 -9.4818678809 0.9207111509 0.1348787242 -0.3661949021 -29.0910936573 0.0943816354 -0.9874776280 -0.1264121871 0.4944454700 0.0000000000 0.0000000000 0.0000000000 1.0000000000
-0.3733231117 0.0863191845 -0.9236768118 -9.5391799837 0.9227248721 0.1375416356 -0.3600848635 -29.1108518425 0.0959617877 -0.9867275697 -0.1309963299 0.4967144305 0.0000000000 0.0000000000 0.0000000000 1.0000000000
-0.3593319977 0.0929399681 -0.9285702331 -9.5967523280 0.9272086321 0.1482187847 -0.3439699762 -29.1302058982 0.1056629929 -0.9845777543 -0.1394344927 0.5062400830 0.0000000000 0.0000000000 0.0000000000 1.0000000000
-0.3512762655 0.0933683176 -0.9316047137 -9.6532925638 0.9281744928 0.1653068763 -0.3334152780 -29.1485932689 0.1228702416 -0.9818126063 -0.1447304730 0.5159592161 0.0000000000 0.0000000000 0.0000000000 1.0000000000
-0.3256861952 0.0955854313 -0.9406337904 -9.7097262887 0.9346955525 0.1823719652 -0.3050978374 -29.1631270000 0.1423823245 -0.9785723742 -0.1487393090 0.5212246124 0.0000000000 0.0000000000 0.0000000000 1.0000000000
-0.2888964703 0.1049888839 -0.9515861305 -9.7664953724 0.9443295368 0.1946884847 -0.2652133477 -29.1736694622 0.1574184085 -0.9752300899 -0.1553889201 0.5220311805 0.0000000000 0.0000000000 0.0000000000 1.0000000000
-0.2647893722 0.1103675456 -0.9579695158 -9.8231469928 0.9511495910 0.1934350270 -0.2406186732 -29.1822410733 0.1587483668 -0.9748855806 -0.1561955852 0.5194861044 0.0000000000 0.0000000000 0.0000000000 1.0000000000
-0.2636088001 0.1125718977 -0.9580386048 -9.8794639063 0.9537287750 0.1793027299 -0.2413544175 -29.1899874346 0.1446092124 -0.9773321333 -0.1546288356 0.5138532831 0.0000000000 0.0000000000 0.0000000000 1.0000000000
-0.2778939775 0.1131129598 -0.9539289259 -9.9356432371 0.9527074628 0.1595822405 -0.2586155425 -29.1975796870 0.1229773458 -0.9806829084 -0.1521105045 0.5061890559 0.0000000000 0.0000000000 0.0000000000 1.0000000000
-0.2965692233 0.1098636650 -0.9486710025 -9.9922968466 0.9490152086 0.1450430895 -0.2798796814 -29.2051753552 0.1068495656 -0.9833069090 -0.1472776053 0.4991823663 0.0000000000 0.0000000000 0.0000000000 1.0000000000
-0.2979359885 0.1061408971 -0.9486665677 -10.0498967297 0.9493435672 0.1369543406 -0.2828255646 -29.2123216923 0.0999046451 -0.9848744177 -0.1415678048 0.4943522408 0.0000000000 0.0000000000 0.0000000000 1.0000000000
-0.3083247487 0.1044281664 -0.9455319177 -10.1074782359 0.9466919942 0.1311982510 -0.2942129961 -29.2212633983 0.0933280102 -0.9858406448 -0.1393129769 0.4926197557 0.0000000000 0.0000000000 0.0000000000 1.0000000000
-0.3297622833 0.0973677460 -0.9390294769 -10.1645910872 0.9397979234 0.1283098235 -0.3167277259 -29.2330409127 0.0896476417 -0.9869428105 -0.1338177459 0.4962706119 0.0000000000 0.0000000000 0.0000000000 1.0000000000
-0.3447708679 0.0906998516 -0.9342946995 -10.2210931625 0.9344605104 0.1275066800 -0.3324539081 -29.2468362824 0.0889752952 -0.9876819242 -0.1287160184 0.5035175418 0.0000000000 0.0000000000 0.0000000000 1.0000000000
-0.3606174691 0.0891969709 -0.9284389810 -10.2767017568 0.9291539008 0.1212408796 -0.3492473017 -29.2627859782 0.0814129573 -0.9886073788 -0.1265992926 0.5117271109 0.0000000000 0.0000000000 0.0000000000 1.0000000000
-0.3915840235 0.0978871953 -0.9149207887 -10.3312992185 0.9174725305 0.1172274929 -0.3801340168 -29.2816739276 0.0700436176 -0.9882690989 -0.1357132261 0.5186067018 0.0000000000 0.0000000000 0.0000000000 1.0000000000
-0.4248533168 0.1097571632 -0.8985838994 -10.3854305538 0.9034163128 0.1147625363 -0.4131204741 -29.3019994072 0.0577808361 -0.9873109568 -0.1479136558 0.5236968702 0.0000000000 0.0000000000 0.0000000000 1.0000000000
-0.4460661284 0.1183818887 -0.8871362565 -10.4395462841 0.8937489437 0.1113100017 -0.4345375809 -29.3221817200 0.0473057587 -0.9867095885 -0.1554553095 0.5254225323 0.0000000000 0.0000000000 0.0000000000 1.0000000000
-0.4542204817 0.1237572517 -0.8822516062 -10.4934221369 0.8899581348 0.1082978448 -0.4429967214 -29.3419773967 0.0407218908 -0.9863851780 -0.1593298721 0.5222797534 0.0000000000 0.0000000000 0.0000000000 1.0000000000
-0.4548475694 0.1256150430 -0.8816657811 -10.5466771518 0.8898054638 0.1050958882 -0.4440732944 -29.3621158537 0.0368771624 -0.9864966879 -0.1595755609 0.5150096224 0.0000000000 0.0000000000 0.0000000000 1.0000000000
-0.4490486505 0.1226061798 -0.8850553848 -10.5993154230 0.8926844839 0.1040615442 -0.4385038282 -29.3832641922 0.0383369508 -0.9869847616 -0.1561773304 0.5066802017 0.0000000000 0.0000000000 0.0000000000 1.0000000000
-0.4303524480 0.1174796160 -0.8949834134 -10.6514502625 0.9016181700 0.1035892224 -0.4199451732 -29.4052430443 0.0433756382 -0.9876577407 -0.1505016318 0.4998409558 0.0000000000 0.0000000000 0.0000000000 1.0000000000
-0.4238968206 0.1104985626 -0.8989446886 -10.7019812002 0.9045453734 0.1019775960 -0.4140027021 -29.4292439780 0.0459255148 -0.9886306882 -0.1431789422 0.4966488762 0.0000000000 0.0000000000 0.0000000000 1.0000000000
-0.4299944670 0.0973705377 -0.8975654498 -10.7509247780 0.9016844617 0.0964147426 -0.4215083972 -29.4545045048 0.0454960425 -0.9905670981 -0.1292553068 0.5000002700 0.0000000000 0.0000000000 0.0000000000 1.0000000000
-0.4094750279 0.0837881589 -0.9084655998 -10.7998253293 0.9109235014 0.0926500964 -0.4020377274 -29.4779920079 0.0504834244 -0.9921670747 -0.1142625039 0.5103591156 0.0000000000 0.0000000000 0.0000000000 1.0000000000
-0.4010210657 0.0692843179 -0.9134450110 -10.8472835612 0.9141522306 0.0947346060 -0.3941459802 -29.5011087713 0.0592267178 -0.9930886354 -0.1013269864 0.5217885587 0.0000000000 0.0000000000 0.0000000000 1.0000000000
-0.3774165312 0.0623276753 -0.9239437336 -10.8946227645 0.9232193969 0.1031875604 -0.3701597934 -29.5213199670 0.0722683004 -0.9927072017 -0.0964868099 0.5294487119 0.0000000000 0.0000000000 0.0000000000 1.0000000000
-0.3597062447 0.0585343958 -0.9312277606 -10.9419912289 0.9294269738 0.1105313161 -0.3520629609 -29.5399500885 0.0823220373 -0.9921474450 -0.0941622510 0.5337439607 0.0000000000 0.0000000000 0.0000000000 1.0000000000
-0.3540657097 0.0545330017 -0.9336292759 -10.9895671735 0.9314219205 0.1104474610 -0.3467773988 -29.5584640067 0.0842061706 -0.9923847591 -0.0898988918 0.5346793481 0.0000000000 0.0000000000 0.0000000000 1.0000000000
-0.3464859708 0.0514073233 -0.9366454821 -11.0381290131 0.9344880309 0.1059107623 -0.3398750219 -29.5761908704 0.0817287718 -0.9930459192 -0.0847361216 0.5318291323 0.0000000000 0.0000000000 0.0000000000 1.0000000000
-0.3488138541 0.0501567190 -0.9358489187 -11.0876817504 0.9341848761 0.0985373949 -0.3429125238 -29.5942098275 0.0750167474 -0.9938685453 -0.0812268569 0.5258246116 0.0000000000 0.0000000000 0.0000000000 1.0000000000
-0.3664400045 0.0480684335 -0.9291991976 -11.1380901190 0.9279362280 0.0921187457 -0.3611765406 -29.6131090976 0.0682354741 -0.9945871316 -0.0783604345 0.5188273943 0.0000000000 0.0000000000 0.0000000000 1.0000000000
-0.3897642718 0.0456168619 -0.9197841672 -11.1891088086 0.9186910694 0.0886245446 -0.3849057145 -29.6325988803 0.0639572621 -0.9950199958 -0.0764504848 0.5130471372 0.0000000000 0.0000000000 0.0000000000 1.0000000000
-0.4166777864 0.0436120755 -0.9080074940 -11.2400016458 0.9070921225 0.0855386925 -0.4121492611 -29.6523951471 0.0596950892 -0.9953798868 -0.0752022432 0.5102839362 0.0000000000 0.0000000000 0.0000000000 1.0000000000
-0.4372986537 0.0359597531 -0.8985971197 -11.2904451749 0.8974667016 0.0815015792 -0.4334870379 -29.6721247857 0.0576489975 -0.9960242912 -0.0679132119 0.5140405865 0.0000000000 0.0000000000 0.0000000000 1.0000000000
-0.4537914918 0.0242572184 -0.8907776767 -11.3394369615 0.8892505149 0.0768350057 -0.4509211723 -29.6923209431 0.0575048145 -0.9967486991 -0.0564378158 0.5225211064 0.0000000000 0.0000000000 0.0000000000 1.0000000000
-0.4643626914 0.0095130240 -0.8855940341 -11.3867958359 0.8839344684 0.0670983148 -0.4627717274 -29.7128516032 0.0550195088 -0.9977010166 -0.0395668439 0.5312957101 0.0000000000 0.0000000000 0.0000000000 1.0000000000
-0.4771881354 0.0021042760 -0.8787986433 -11.4329131289 0.8773520837 0.0585438371 -0.4762624700 -29.7349646993 0.0504460569 -0.9982826209 -0.0297826154 0.5377832766 0.0000000000 0.0000000000 0.0000000000 1.0000000000
-0.4939893295 0.0024634755 -0.8694644752 -11.4784666076 0.8681273851 0.0569067190 -0.4930684218 -29.7589696442 0.0482637086 -0.9983764604 -0.0302499225 0.5421912158 0.0000000000 0.0000000000 0.0000000000 1.0000000000
-0.4973913490 -0.0002569580 -0.8675262416 -11.5248110449 0.8660612486 0.0579445652 -0.4965685663 -29.7834719955 0.0503960282 -0.9983197691 -0.0285985841 0.5448246268 0.0000000000 0.0000000000 0.0000000000 1.0000000000
-0.4859742047 -0.0067865655 -0.8739468033 -11.5724778248 0.8722350219 0.0592682937 -0.4854825804 -29.8086199350 0.0550920952 -0.9982190200 -0.0228833818 0.5447203992 0.0000000000 0.0000000000 0.0000000000 1.0000000000
-0.4780030707 -0.0092461698 -0.8783094971 -11.6210952697 0.8763610212 0.0623723412 -0.4775992583 -29.8356159160 0.0591981835 -0.9980101199 -0.0217111878 0.5413783183 0.0000000000 0.0000000000 0.0000000000 1.0000000000
-0.4854641355 -0.0098566263 -0.8742010181 -11.6697890978 0.8718698406 0.0683786886 -0.4849405490 -29.8648744682 0.0645565969 -0.9976107467 -0.0246017058 0.5365418713 0.0000000000 0.0000000000 0.0000000000 1.0000000000
-0.4935598462 -0.0171597059 -0.8695425365 -11.7180964251 0.8667411717 0.0728606204 -0.4934076117 -29.8944766062 0.0718221382 -0.9971945018 -0.0210880531 0.5328501582 0.0000000000 0.0000000000 0.0000000000 1.0000000000
-0.4695409683 -0.0290898392 -0.8824313346 -11.7663457454 0.8789155022 0.0795720977 -0.4702933353 -29.9219111137 0.0838976699 -0.9964045677 -0.0117948492 0.5315109886 0.0000000000 0.0000000000 0.0000000000 1.0000000000
-0.4297872093 -0.0435308447 -0.9018802694 -11.8138317715 0.8981283813 0.0822643269 -0.4319698961 -29.9473239047 0.0929965878 -0.9956594026 0.0037401316 0.5348814518 0.0000000000 0.0000000000 0.0000000000 1.0000000000
-0.3958321780 -0.0486728538 -0.9170320824 -11.8609060302 0.9140714378 0.0750950386 -0.3985400128 -29.9712109059 0.0882626394 -0.9959877953 0.0147654327 0.5419670227 0.0000000000 0.0000000000 0.0000000000 1.0000000000
-0.3837019067 -0.0507565518 -0.9220610713 -11.9074292651 0.9193625839 0.0729251747 -0.3865932723 -29.9944497523 0.0868636062 -0.9960450248 0.0186821460 0.5502128588 0.0000000000 0.0000000000 0.0000000000 1.0000000000
-0.3540915883 -0.0486238722 -0.9339458583 -11.9542619623 0.9299875508 0.0870910223 -0.3571250611 -30.0142772007 0.0987031029 -0.9950130014 0.0143813974 0.5571819082 0.0000000000 0.0000000000 0.0000000000 1.0000000000
-0.2954012664 -0.0455341966 -0.9542875504 -12.0010143526 0.9482572556 0.1077123499 -0.2986741149 -30.0300004912 0.1163884404 -0.9931388053 0.0113597677 0.5637788989 0.0000000000 0.0000000000 0.0000000000 1.0000000000
-0.2419958455 -0.0486400277 -0.9690573556 -12.0459718955 0.9617743317 0.1199076240 -0.2461956470 -30.0444028477 0.1281723281 -0.9915928143 0.0177635833 0.5702594686 0.0000000000 0.0000000000 0.0000000000 1.0000000000
-0.2126334571 -0.0578030276 -0.9754208440 -12.0887960112 0.9677041747 0.1258783486 -0.2184107865 -30.0578733758 0.1354091697 -0.9903602634 0.0291702827 0.5765612640 0.0000000000 0.0000000000 0.0000000000 1.0000000000
-0.1737783171 -0.0713793627 -0.9821945241 -12.1302560112 0.9754806544 0.1242993475 -0.1816236910 -30.0676547580 0.1350503218 -0.9896740164 0.0480286560 0.5809240937 0.0000000000 0.0000000000 0.0000000000 1.0000000000
-0.1525415060 -0.0892286737 -0.9842608052 -12.1700723080 0.9801558114 0.1139096662 -0.1622318507 -30.0752004337 0.1265925527 -0.9894760390 0.0700820510 0.5830020229 0.0000000000 0.0000000000 0.0000000000 1.0000000000
-0.1901819381 -0.1160750246 -0.9748627694 -12.2077617755 0.9744500660 0.0985392463 -0.2018343030 -30.0840489155 0.1194901642 -0.9883403288 0.0943689305 0.5843390319 0.0000000000 0.0000000000 0.0000000000 1.0000000000
-0.2588962071 -0.1489411736 -0.9543528073 -12.2436521780 0.9590403115 0.0779506569 -0.2723332078 -30.0934048712 0.1149540558 -0.9857688481 0.1226594601 0.5861442909 0.0000000000 0.0000000000 0.0000000000 1.0000000000
-0.2861941487 -0.1907817041 -0.9389862888 -12.2788668403 0.9531203903 0.0438092798 -0.2994031873 -30.0999902336 0.0982569633 -0.9806544184 0.1692999728 0.5908939360 0.0000000000 0.0000000000 0.0000000000 1.0000000000
-0.2936582113 -0.2095648884 -0.9326561062 -12.3139273842 0.9526967067 0.0157755636 -0.3035129595 -30.1055246933 0.0783188352 -0.9776674737 0.1950191552 0.5967420627 0.0000000000 0.0000000000 0.0000000000 1.0000000000
-0.2972492736 -0.2123927101 -0.9308771165 -12.3481238639 0.9510678781 0.0202527070 -0.3083175621 -30.1128549603 0.0843371840 -0.9769744953 0.1959797817 0.6006948816 0.0000000000 0.0000000000 0.0000000000 1.0000000000
-0.2480020263 -0.2174100118 -0.9440486649 -12.3822342922 0.9644317151 0.0366014101 -0.2617857975 -30.1181177848 0.0914683656 -0.9753938812 0.2005998867 0.6056466297 0.0000000000 0.0000000000 0.0000000000 1.0000000000
-0.2283184814 -0.2224204629 -0.9478395480 -12.4152790903 0.9699583955 0.0320036864 -0.2411565366 -30.1238882344 0.0839725082 -0.9744254213 0.2084315623 0.6142246005 0.0000000000 0.0000000000 0.0000000000 1.0000000000
-0.2463800017 -0.2131002909 -0.9454550020 -12.4471511069 0.9668346983 0.0136853687 -0.2550360305 -30.1309323942 0.0672871525 -0.9769344792 0.2026609543 0.6250807351 0.0000000000 0.0000000000 0.0000000000 1.0000000000
-0.2659824578 -0.2001226910 -0.9429762673 -12.4777982580 0.9627193351 -0.0051765136 -0.2704527419 -30.1388273899 0.0492424010 -0.9797571700 0.1940388458 0.6366092976 0.0000000000 0.0000000000 0.0000000000 1.0000000000
-0.2837728215 -0.1901040138 -0.9398582073 -12.5066440208 0.9579759110 -0.0133821471 -0.2865363362 -30.1459953055 0.0418943868 -0.9816727469 0.1859125554 0.6475522923 0.0000000000 0.0000000000 0.0000000000 1.0000000000
-0.2909390992 -0.1891289524 -0.9378617595 -12.5324039990 0.9561551165 -0.0231603181 -0.2919434755 -30.1517960700 0.0334937870 -0.9816790917 0.1875748576 0.6596984777 0.0000000000 0.0000000000 0.0000000000 1.0000000000
-0.2721766458 -0.1933967807 -0.9426120934 -12.5548270882 0.9620198109 -0.0333905243 -0.2709297995 -30.1560031127 0.0209226390 -0.9805522720 0.1951396554 0.6699199081 0.0000000000 0.0000000000 0.0000000000 1.0000000000
-0.2400865624 -0.2022859128 -0.9494413368 -12.5730290387 0.9707326500 -0.0439361117 -0.2361095939 -30.1592906146 0.0060468841 -0.9783404456 0.2069140102 0.6763058636 0.0000000000 0.0000000000 0.0000000000 1.0000000000
-0.1904147400 -0.2250866707 -0.9555512636 -12.5866785451 0.9815180172 -0.0625827888 -0.1808473842 -30.1609683862 -0.0190947272 -0.9723267893 0.2328433082 0.6793188062 0.0000000000 0.0000000000 0.0000000000 1.0000000000
-0.1304713596 -0.2529313091 -0.9586464297 -12.5960047698 0.9896923148 -0.0908095227 -0.1107373137 -30.1611393714 -0.0590452910 -0.9632130520 0.2621722147 0.6797415253 0.0000000000 0.0000000000 0.0000000000 1.0000000000
-0.1007555584 -0.2824089508 -0.9539882085 -12.6009799974 0.9908772936 -0.1147428361 -0.0706843025 -30.1624143998 -0.0895014330 -0.9524070905 0.2913935954 0.6793672797 0.0000000000 0.0000000000 0.0000000000 1.0000000000
-0.1045971391 -0.3128951172 -0.9440106377 -12.6018131391 0.9901157048 -0.1219433680 -0.0692871277 -30.1651500150 -0.0934362326 -0.9419269933 0.3225572969 0.6814339115 0.0000000000 0.0000000000 0.0000000000 1.0000000000
-0.1240581253 -0.3336942486 -0.9344826001 -12.6001260670 0.9885222081 -0.1233899361 -0.0871709114 -30.1679130247 -0.0862173165 -0.9345710632 0.3451716996 0.6857284303 0.0000000000 0.0000000000 0.0000000000 1.0000000000
-0.1481762596 -0.3394479515 -0.9288804467 -12.5980872633 0.9860214497 -0.1230721718 -0.1123162556 -30.1708428674 -0.0761938110 -0.9325386473 0.3529393353 0.6894906444 0.0000000000 0.0000000000 0.0000000000 1.0000000000
-0.1959292471 -0.3465098120 -0.9173563540 -12.5962255371 0.9793169186 -0.1173159202 -0.1648494703 -30.1755441129 -0.0504985458 -0.9306814305 0.3623285413 0.6911957464 0.0000000000 0.0000000000 0.0000000000 1.0000000000
-0.1978965721 -0.3651075620 -0.9096886362 -12.5952406037 0.9797032774 -0.1038863612 -0.1714325298 -30.1783743913 -0.0319129293 -0.9251508483 0.3782558299 0.6912338784 0.0000000000 0.0000000000 0.0000000000 1.0000000000
-0.1838053699 -0.3861032034 -0.9039579096 -12.5944400733 0.9827813104 -0.0898487408 -0.1614561851 -30.1798678817 -0.0188807296 -0.9180694527 0.3959696933 0.6908629948 0.0000000000 0.0000000000 0.0000000000 1.0000000000
-0.1844097624 -0.4060631554 -0.8950451125 -12.5927998915 0.9827069784 -0.0916828094 -0.1608765273 -30.1797757514 -0.0167342201 -0.9092342802 0.4159483015 0.6901589121 0.0000000000 0.0000000000 0.0000000000 1.0000000000
-0.2190969107 -0.4282217192 -0.8767112997 -12.5896311021 0.9756880369 -0.1011501709 -0.1944260723 -30.1796849936 -0.0054220309 -0.8979948787 0.4399724985 0.6891911752 0.0000000000 0.0000000000 0.0000000000 1.0000000000
-0.2280672045 -0.4493764813 -0.8637396183 -12.5860641463 0.9736081214 -0.1130202367 -0.1982767059 -30.1772309421 -0.0085191677 -0.8861643212 0.4632928012 0.6888129690 0.0000000000 0.0000000000 0.0000000000 1.0000000000
-0.2182827138 -0.4677492268 -0.8564831100 -12.5826194204 0.9756630095 -0.1233437226 -0.1812953890 -30.1737473601 -0.0208410371 -0.8752125382 0.4832894207 0.6898071881 0.0000000000 0.0000000000 0.0000000000 1.0000000000
-0.2128396805 -0.4804276446 -0.8508164013 -12.5793249813 0.9766760569 -0.1298640932 -0.1709947284 -30.1714316227 -0.0283399058 -0.8673664713 0.4968624097 0.6927215420 0.0000000000 0.0000000000 0.0000000000 1.0000000000
-0.1975025752 -0.4951647103 -0.8460523875 -12.5755296443 0.9797905574 -0.1275942504 -0.1540460025 -30.1701150049 -0.0316732760 -0.8593786226 0.5103579006 0.6973085397 0.0000000000 0.0000000000 0.0000000000 1.0000000000
-0.1785326538 -0.5155956393 -0.8380257921 -12.5701912804 0.9833470352 -0.1229122869 -0.1338700047 -30.1692629087 -0.0339808759 -0.8479703453 0.5289533000 0.7028715615 0.0000000000 0.0000000000 0.0000000000 1.0000000000
-0.1691426929 -0.5377603584 -0.8259567461 -12.5633524219 0.9849015839 -0.1235758413 -0.1212348199 -30.1684395985 -0.0368730196 -0.8339920913 0.5505429793 0.7077514885 0.0000000000 0.0000000000 0.0000000000 1.0000000000
-0.1711397144 -0.5607406339 -0.8101118069 -12.5556359700 0.9846356772 -0.1262969156 -0.1205888561 -30.1673826024 -0.0346955509 -0.8183025300 0.5737396519 0.7113411374 0.0000000000 0.0000000000 0.0000000000 1.0000000000
-0.1756937236 -0.5795270359 -0.7957889985 -12.5483491377 0.9838275793 -0.1319855745 -0.1210912971 -30.1650966039 -0.0348569876 -0.8041941450 0.5933437179 0.7131438442 0.0000000000 0.0000000000 0.0000000000 1.0000000000
-0.1875029300 -0.5936150203 -0.7826007021 -12.5423508150 0.9816193600 -0.1421011549 -0.1273997403 -30.1615757118 -0.0355820642 -0.7921038250 0.6093483792 0.7130732902 0.0000000000 0.0000000000 0.0000000000 1.0000000000
-0.2001660284 -0.6066848191 -0.7693289877 -12.5378776992 0.9788865604 -0.1570217781 -0.1308635286 -30.1565443154 -0.0414084894 -0.7792802394 0.6253060415 0.7114455536 0.0000000000 0.0000000000 0.0000000000 1.0000000000
-0.2131126093 -0.6197080234 -0.7553442801 -12.5344408678 0.9756697708 -0.1757303342 -0.1311005262 -30.1502913296 -0.0514928548 -0.7649057559 0.6420807352 0.7090801190 0.0000000000 0.0000000000 0.0000000000 1.0000000000
-0.2327024537 -0.6316172999 -0.7395330652 -12.5313299948 0.9708515989 -0.1957569777 -0.1382981510 -30.1438607418 -0.0574172530 -0.7501591779 0.6587597946 0.7067306161 0.0000000000 0.0000000000 0.0000000000 1.0000000000
-0.2491080344 -0.6430071899 -0.7242147064 -12.5280081943 0.9663512780 -0.2145323420 -0.1419192790 -30.1371871764 -0.0641123603 -0.7351990397 0.6748125498 0.7042025125 0.0000000000 0.0000000000 0.0000000000 1.0000000000
-0.2625825026 -0.6559550008 -0.7076534930 -12.5240742948 0.9622843149 -0.2320827180 -0.1419383994 -30.1305258448 -0.0711289432 -0.7182343969 0.6921560695 0.7011182956 0.0000000000 0.0000000000 0.0000000000 1.0000000000
-0.2733738617 -0.6700658844 -0.6901292939 -12.5192894345 0.9588605580 -0.2468927440 -0.1401085414 -30.1245912988 -0.0765059614 -0.7000397728 0.7099937707 0.6976088736 0.0000000000 0.0000000000 0.0000000000 1.0000000000
-0.2782982874 -0.6846790707 -0.6736205411 -12.5135490505 0.9572107243 -0.2556489013 -0.1356144113 -30.1201730914 -0.0793580021 -0.6825380644 0.7265288006 0.6940389516 0.0000000000 0.0000000000 0.0000000000 1.0000000000
-0.2777267943 -0.7001824068 -0.6577327914 -12.5071967255 0.9574053889 -0.2580485047 -0.1295603740 -30.1179078919 -0.0790110688 -0.6656993063 0.7420253935 0.6906167679 0.0000000000 0.0000000000 0.0000000000 1.0000000000
-0.2722783032 -0.7173317569 -0.6413264973 -12.5004274019 0.9592011658 -0.2550884715 -0.1219138842 -30.1179349466 -0.0761422952 -0.6483556294 0.7575205137 0.6875152091 0.0000000000 0.0000000000 0.0000000000 1.0000000000
-0.2622003465 -0.7332561156 -0.6273646843 -12.4937566117 0.9624991837 -0.2456097549 -0.1152005626 -30.1202624553 -0.0696153693 -0.6340436240 0.7701573756 0.6852963385 0.0000000000 0.0000000000 0.0000000000 1.0000000000
-0.2471443865 -0.7466713617 -0.6175771448 -12.4877553197 0.9668814439 -0.2319416594 -0.1065051178 -30.1241305350 -0.0637175465 -0.6234460235 0.7792657634 0.6842906346 0.0000000000 0.0000000000 0.0000000000 1.0000000000
-0.2266081679 -0.7594335494 -0.6098437688 -12.4830291770 0.9720855379 -0.2154406404 -0.0929249023 -30.1290311522 -0.0608148437 -0.6138778499 0.7870549791 0.6849153497 0.0000000000 0.0000000000 0.0000000000 1.0000000000
-0.2006495542 -0.7659447027 -0.6107933110 -12.4804977451 0.9778968167 -0.1940159669 -0.0779462664 -30.1353098704 -0.0588011250 -0.6129327181 0.7879441038 0.6865360729 0.0000000000 0.0000000000 0.0000000000 1.0000000000
-0.1616905314 -0.7675780214 -0.6202258888 -12.4799495042 0.9847658089 -0.1662429750 -0.0509860256 -30.1423984045 -0.0639724443 -0.6190212067 0.7827645061 0.6893750072 0.0000000000 0.0000000000 0.0000000000 1.0000000000
-0.1203292448 -0.7665291889 -0.6308358545 -12.4812398345 0.9908153652 -0.1322200794 -0.0283330668 -30.1508462389 -0.0616910441 -0.6284511541 0.7753988406 0.6922977599 0.0000000000 0.0000000000 0.0000000000 1.0000000000
-0.0672609023 -0.7628345906 -0.6430858095 -12.4846814014 0.9956073672 -0.0933903616 0.0066491101 -30.1590109612 -0.0651301874 -0.6398137446 0.7657652584 0.6945847983 0.0000000000 0.0000000000 0.0000000000 1.0000000000
-0.0130595695 -0.7538732351 -0.6568900920 -12.4906454709 0.9974933926 -0.0555128680 0.0438777071 -30.1662825206 -0.0695440819 -0.6546705025 0.7527085451 0.6964179701 0.0000000000 0.0000000000 0.0000000000 1.0000000000
0.0497430145 -0.7372278698 -0.6738105820 -12.4995576179 0.9951999866 -0.0203411806 0.0957247250 -30.1711176342 -0.0842770379 -0.6753379186 0.7326773346 0.6981515214 0.0000000000 0.0000000000 0.0000000000 1.0000000000
0.1092156207 -0.7142920024 -0.6912733782 -12.5110487865 0.9899844399 0.0155762836 0.1403146039 -30.1745166002 -0.0894581292 -0.6996744348 0.7088391414 0.7009161312 0.0000000000 0.0000000000 0.0000000000 1.0000000000
0.1756552288 -0.6869038015 -0.7052009700 -12.5244636813 0.9798994336 0.0531874420 0.1922711524 -30.1755462550 -0.0945639498 -0.7247994643 0.6824392984 0.7042283597 0.0000000000 0.0000000000 0.0000000000 1.0000000000
0.2497736822 -0.6580719007 -0.7103199850 -12.5384411048 0.9624297438 0.0880374747 0.2568625923 -30.1735208456 -0.1064992766 -0.7477905967 0.6553374150 0.7073325855 0.0000000000 0.0000000000 0.0000000000 1.0000000000
0.3166339379 -0.6331364878 -0.7063151827 -12.5512173401 0.9422102724 0.1240019966 0.3112287059 -30.1711166951 -0.1094657569 -0.7640429914 0.6358109431 0.7104887446 0.0000000000 0.0000000000 0.0000000000 1.0000000000
0.3793371803 -0.6078358999 -0.6975950275 -12.5628886236 0.9203878721 0.1706304193 0.3518116328 -30.1703772593 -0.0948128084 -0.7755132357 0.6241712526 0.7136953040 0.0000000000 0.0000000000 0.0000000000 1.0000000000
0.4513032552 -0.5814951372 -0.6768964303 -12.5734848486 0.8888613991 0.2257214922 0.3987169687 -30.1712003003 -0.0790619061 -0.7816093739 0.6187374254 0.7161325919 0.0000000000 0.0000000000 0.0000000000 1.0000000000
0.5101502455 -0.5535161005 -0.6583058966 -12.5845378388 0.8586015567 0.2828067467 0.4275788942 -30.1747667090 -0.0504984532 -0.7833519455 0.6195237169 0.7165460230 0.0000000000 0.0000000000 0.0000000000 1.0000000000
0.5602542379 -0.5250168457 -0.6406812785 -12.5964447735 0.8281857659 0.3410889119 0.4447096709 -30.1803830779 -0.0149507885 -0.7797535931 0.6259079868 0.7147967852 0.0000000000 0.0000000000 0.0000000000 1.0000000000
0.6056470846 -0.4967142166 -0.6216643756 -12.6095245937 0.7955194587 0.3960705956 0.4585595644 -30.1867814577 0.0184499247 -0.7722713709 0.6350248263 0.7118400284 0.0000000000 0.0000000000 0.0000000000 1.0000000000
0.6427148267 -0.4778228208 -0.5988347046 -12.6234328901 0.7651439933 0.4395104219 0.4705159493 -30.1931701701 0.0383708355 -0.7606023541 0.6480831258 0.7095840332 0.0000000000 0.0000000000 0.0000000000 1.0000000000
0.6673085026 -0.4567880122 -0.5882551098 -12.6397195159 0.7423152748 0.4721397188 0.4754493862 -30.1995079568 0.0605590221 -0.7539421715 0.6541435675 0.7082508561 0.0000000000 0.0000000000 0.0000000000 1.0000000000
0.6956070599 -0.4318797725 -0.5741173053 -12.6582538389 0.7143013553 0.5012384753 0.4883989811 -30.2047936313 0.0768400419 -0.7498265486 0.6571573289 0.7070297874 0.0000000000 0.0000000000 0.0000000000 1.0000000000
0.7233243674 -0.4101603272 -0.5554911030 -12.6792192676 0.6852439828 0.5255254380 0.5042456723 -30.2087848504 0.0851031353 -0.7453801178 0.6611852512 0.7063223861 0.0000000000 0.0000000000 0.0000000000 1.0000000000
0.7516776407 -0.3823724757 -0.5373751151 -12.7028347876 0.6531862984 0.5443464139 0.5263408033 -30.2115018783 0.0912599808 -0.7466446755 0.6589334902 0.7059134499 0.0000000000 0.0000000000 0.0000000000 1.0000000000
0.7798229230 -0.3562216988 -0.5147643248 -12.7277981944 0.6191700833 0.5600517972 0.5504274634 -30.2134799636 0.0922204791 -0.7479626232 0.6573030484 0.7057833568 0.0000000000 0.0000000000 0.0000000000 1.0000000000
0.8076868565 -0.3326101738 -0.4868392076 -12.7534901703 0.5830197553 0.5736595287 0.5753283498 -30.2153983318 0.0879198879 -0.7485220220 0.6572555636 0.7055967439 0.0000000000 0.0000000000 0.0000000000 1.0000000000
0.8365052816 -0.3049342132 -0.4552735876 -12.7799514920 0.5414139864 0.5879787563 0.6009591313 -30.2180138451 0.0844381980 -0.7491969753 0.6569429830 0.7049557529 0.0000000000 0.0000000000 0.0000000000 1.0000000000
0.8645792228 -0.2754546860 -0.4202707263 -12.8064278064 0.4953983202 0.6073248158 0.6210773483 -30.2220327223 0.0841621755 -0.7451719829 0.6615402059 0.7051342755 0.0000000000 0.0000000000 0.0000000000 1.0000000000
0.8808237917 -0.2567457072 -0.3977827169 -12.8318097150 0.4646583664 0.6299120210 0.6223370858 -30.2272636987 0.0907857399 -0.7330023790 0.6741405356 0.7079575745 0.0000000000 0.0000000000 0.0000000000 1.0000000000
0.8970692147 -0.2374283588 -0.3726856564 -12.8540646501 0.4328289867 0.6420310743 0.6328152715 -30.2301657904 0.0890274810 -0.7289882537 0.6787121876 0.7130493882 0.0000000000 0.0000000000 0.0000000000 1.0000000000
0.9081166341 -0.2183975008 -0.3572488075 -12.8743089893 0.4094891801 0.6413601159 0.6488264892 -30.2297236551 0.0874230529 -0.7354996488 0.6718612033 0.7191584538 0.0000000000 0.0000000000 0.0000000000 1.0000000000
0.9212409921 -0.1993626861 -0.3340202897 -12.8928060128 0.3810623580 0.6350199619 0.6719680999 -30.2253695614 0.0781441862 -0.7463271182 0.6609760349 0.7243986136 0.0000000000 0.0000000000 0.0000000000 1.0000000000
0.9309471027 -0.1780231102 -0.3188185443 -12.9110246816 0.3566009177 0.6310988993 0.6888758704 -30.2187205402 0.0785702073 -0.7549979812 0.6510028963 0.7265398123 0.0000000000 0.0000000000 0.0000000000 1.0000000000
0.9387886321 -0.1593656246 -0.3054152943 -12.9289945965 0.3343114011 0.6354104443 0.6960527669 -30.2105968358 0.0831371839 -0.7555502399 0.6497938471 0.7260728886 0.0000000000 0.0000000000 0.0000000000 1.0000000000
0.9489707759 -0.1408003577 -0.2821873946 -12.9459213808 0.3044000656 0.6428456376 0.7029154190 -30.2006513308 0.0824321932 -0.7529440520 0.6529013617 0.7242010747 0.0000000000 0.0000000000 0.0000000000 1.0000000000
0.9533016936 -0.1223942961 -0.2761078000 -12.9630186126 0.2875738671 0.6472041183 0.7059944053 -30.1886354106 0.0922884169 -0.7524270500 0.6521781831 0.7212628662 0.0000000000 0.0000000000 0.0000000000 1.0000000000
0.9558577564 -0.1121104302 -0.2716011800 -12.9794101874 0.2773542938 0.6494306796 0.7080355839 -30.1734782525 0.0970079650 -0.7521110581 0.6518576616 0.7179987227 0.0000000000 0.0000000000 0.0000000000 1.0000000000
0.9577318151 -0.1045911715 -0.2679747322 -12.9952797426 0.2703172409 0.6458114671 0.7140421124 -30.1542973934 0.0983786539 -0.7562990386 0.6467869855 0.7144890721 0.0000000000 0.0000000000 0.0000000000 1.0000000000
0.9592586378 -0.0991735717 -0.2645514477 -13.0105455709 0.2657688293 0.6344575567 0.7258309294 -30.1307389372 0.0958634194 -0.7665691172 0.6349661356 0.7111374481 0.0000000000 0.0000000000 0.0000000000 1.0000000000
0.9600255805 -0.0983888428 -0.2620506066 -13.0251403701 0.2653734787 0.6177158182 0.7402729798 -30.1034120664 0.0890382030 -0.7802222783 0.6191327765 0.7084969300 0.0000000000 0.0000000000 0.0000000000 1.0000000000
0.9602624408 -0.0980139316 -0.2613222416 -13.0392955178 0.2668953601 0.5963179780 0.7570810629 -30.0736350891 0.0816266592 -0.7967422032 0.5987812207 0.7061623484 0.0000000000 0.0000000000 0.0000000000 1.0000000000
0.9614652735 -0.0957647725 -0.2577084325 -13.0527859743 0.2649502332 0.5729750523 0.7755649317 -30.0429077150 0.0733887033 -0.8139586585 0.5762685142 0.7039936482 0.0000000000 0.0000000000 0.0000000000 1.0000000000
0.9621431920 -0.0983584436 -0.2541772898 -13.0657726267 0.2648050234 0.5580380434 0.7864298073 -30.0141431712 0.0644885857 -0.8239655082 0.5629583142 0.7045576469 0.0000000000 0.0000000000 0.0000000000 1.0000000000
0.9667073611 -0.1051888770 -0.2332641810 -13.0781455621 0.2517118925 0.5548678940 0.7929456119 -29.9904973206 0.0460217465 -0.8252617284 0.5628721689 0.7123850772 0.0000000000 0.0000000000 0.0000000000 1.0000000000
0.9692977729 -0.0998262457 -0.2247143701 -13.0919582209 0.2425640206 0.5379926919 0.8072958314 -29.9708547966 0.0403053768 -0.8370176725 0.5456893736 0.7206468405 0.0000000000 0.0000000000 0.0000000000 1.0000000000
0.9730171688 -0.0874383000 -0.2135231439 -13.1067186610 0.2269552728 0.5294643362 0.8174098243 -29.9547395224 0.0415799643 -0.8438139963 0.5350224726 0.7243187027 0.0000000000 0.0000000000 0.0000000000 1.0000000000
0.9814003456 -0.0711191551 -0.1783127237 -13.1221996748 0.1877723210 0.5488507669 0.8145577887 -29.9425182253 0.0399364134 -0.8328894893 0.5519965412 0.7252601351 0.0000000000 0.0000000000 0.0000000000 1.0000000000
0.9899588807 -0.0441599062 -0.1342807400 -13.1397286005 0.1353167101 0.5707482587 0.8098986438 -29.9324675981 0.0408754504 -0.8199367829 0.5709928805 0.7244696606 0.0000000000 0.0000000000 0.0000000000 1.0000000000
0.9949673882 -0.0064534159 -0.0999912490 -13.1598893945 0.0850874527 0.5814204875 0.8091417318 -29.9233222252 0.0529152327 -0.8135776362 0.5790435286 0.7227249078 0.0000000000 0.0000000000 0.0000000000 1.0000000000
0.9981260869 0.0324068848 -0.0519048020 -13.1807001294 0.0228585349 0.5893678159 0.8075413704 -29.9142043270 0.0567609200 -0.8072145758 0.5875226180 0.7212103179 0.0000000000 0.0000000000 0.0000000000 1.0000000000
0.9971108514 0.0758225380 0.0045708692 -13.2021028416 -0.0487213286 0.5922280431 0.8042960755 -29.9042138289 0.0582767728 -0.8021950434 0.5942111831 0.7198254008 0.0000000000 0.0000000000 0.0000000000 1.0000000000
0.9897765528 0.1245745361 0.0694518579 -13.2236522552 -0.1298778360 0.5859910984 0.7998413470 -29.8934052398 0.0589416943 -0.8006844682 0.5961797204 0.7191831852 0.0000000000 0.0000000000 0.0000000000 1.0000000000
0.9769615384 0.1706887069 0.1281074467 -13.2451972042 -0.2046238273 0.5786648148 0.7894783856 -29.8829002616 0.0606237729 -0.7975038542 0.6002602442 0.7204814944 0.0000000000 0.0000000000 0.0000000000 1.0000000000
0.9621940579 0.2133371779 0.1693217162 -13.2665874720 -0.2634499913 0.5712445381 0.7773504871 -29.8726510845 0.0691136536 -0.7925698242 0.6058517778 0.7234556023 0.0000000000 0.0000000000 0.0000000000 1.0000000000
0.9404450071 0.2585354001 0.2207320446 -13.2856446409 -0.3314496336 0.5530902953 0.7643508786 -29.8621565550 0.0755270085 -0.7919915228 0.6058424703 0.7256742299 0.0000000000 0.0000000000 0.0000000000 1.0000000000
0.9142609366 0.3021619020 0.2698613064 -13.3029556018 -0.3966264896 0.5318636348 0.7482035163 -29.8521451680 0.0825491823 -0.7910873902 0.6061075594 0.7264475496 0.0000000000 0.0000000000 0.0000000000 1.0000000000
0.8848615223 0.3463980231 0.3114939743 -13.3194183518 -0.4568471576 0.5143917243 0.7257353709 -29.8434600551 0.0911633752 -0.7844804418 0.6134163964 0.7261510299 0.0000000000 0.0000000000 0.0000000000 1.0000000000
0.8492047210 0.3946357102 0.3508760437 -13.3349753964 -0.5177806482 0.4917843766 0.7000366614 -29.8359116936 0.1037041086 -0.7761512631 0.6219603482 0.7245026762 0.0000000000 0.0000000000 0.0000000000 1.0000000000
0.8120881130 0.4435153825 0.3792189370 -13.3495977706 -0.5708866220 0.4692771969 0.6736967993 -29.8293918621 0.1208360939 -0.7635921804 0.6342914318 0.7216312998 0.0000000000 0.0000000000 0.0000000000 1.0000000000
0.7735752815 0.4884245282 0.4037607759 -13.3617578556 -0.6201889549 0.4526261499 0.6406990157 -29.8240235079 0.1301804290 -0.7460368950 0.6530558990 0.7181430719 0.0000000000 0.0000000000 0.0000000000 1.0000000000
0.7342398651 0.5259249985 0.4292956050 -13.3700613846 -0.6661130756 0.4359930127 0.6051474724 -29.8193364582 0.1310922993 -0.7302828142 0.6704489692 0.7147570187 0.0000000000 0.0000000000 0.0000000000 1.0000000000
0.7052693719 0.5511104592 0.4459510901 -13.3742040179 -0.6966383473 0.4220720521 0.5801294648 -29.8144164341 0.1314919240 -0.7198141736 0.6815991706 0.7119131501 0.0000000000 0.0000000000 0.0000000000 1.0000000000
0.6786791911 0.5667167489 0.4671473880 -13.3731666648 -0.7239926538 0.4093703805 0.5552031419 -29.8092743543 0.1234066156 -0.7150160964 0.6881299217 0.7098736034 0.0000000000 0.0000000000 0.0000000000 1.0000000000
0.6497948663 0.5783817521 0.4931948707 -13.3676561172 -0.7518651050 0.3937720922 0.5288122570 -29.8036774514 0.1116489836 -0.7144355032 0.6907361408 0.7082843185 0.0000000000 0.0000000000 0.0000000000 1.0000000000
0.6242165511 0.5886593778 0.5136475779 -13.3592859394 -0.7746062027 0.3807658005 0.5049778568 -29.7971835623 0.1016805198 -0.7130901360 0.6936595201 0.7075422957 0.0000000000 0.0000000000 0.0000000000 1.0000000000
0.5960059789 0.5964747075 0.5375823625 -13.3486539252 -0.7980618903 0.3660336580 0.4786612378 -29.7899348784 0.0887360832 -0.7143089560 0.6941819812 0.7077646265 0.0000000000 0.0000000000 0.0000000000 1.0000000000
0.5693986881 0.6038576615 0.5578001960 -13.3372853238 -0.8181158288 0.3498515190 0.4563884368 -29.7820158769 0.0804464083 -0.7162121468 0.6932305072 0.7084287928 0.0000000000 0.0000000000 0.0000000000 1.0000000000
0.5451219909 0.6115151546 0.5734903929 -13.3256518949 -0.8352383121 0.3371975681 0.4343670821 -29.7741290747 0.0722424876 -0.7157841963 0.6945746952 0.7089668376 0.0000000000 0.0000000000 0.0000000000 1.0000000000
0.5240793156 0.6212361946 0.5825860121 -13.3140615764 -0.8491048850 0.3280842855 0.4139826033 -29.7665224489 0.0660436616 -0.7116363482 0.6994368754 0.7084205938 0.0000000000 0.0000000000 0.0000000000 1.0000000000
0.5067789860 0.6344814088 0.5836166560 -13.3025292840 -0.8598320648 0.3232001781 0.3952599969 -29.7590808351 0.0621601125 -0.7021217749 0.7093385184 0.7065365936 0.0000000000 0.0000000000 0.0000000000 1.0000000000
0.4924562418 0.6481201319 0.5808847945 -13.2900965647 -0.8683763966 0.3211185371 0.3778959102 -29.7511485392 0.0583890717 -0.6905238444 0.7209490527 0.7034067301 0.0000000000 0.0000000000 0.0000000000 1.0000000000
0.4819227050 0.6604352058 0.5758262285 -13.2764655060 -0.8744577233 0.3209302321 0.3637684377 -29.7418437610 0.0554454378 -0.6788439623 0.7321862320 0.7008345211 0.0000000000 0.0000000000 0.0000000000 1.0000000000
0.4754713918 0.6675314093 0.5729998021 -13.2622176034 -0.8783367732 0.3235532748 0.3519059409 -29.7311067319 0.0495123063 -0.6706080047 0.7401577099 0.7018442121 0.0000000000 0.0000000000 0.0000000000 1.0000000000
0.4707865511 0.6636912630 0.5812692411 -13.2467144195 -0.8811379255 0.3206872866 0.3474990942 -29.7183982924 0.0442264570 -0.6757762734 0.7357788043 0.7054082717 0.0000000000 0.0000000000 0.0000000000 1.0000000000
0.4689133635 0.6583585234 0.5887990423 -13.2299648641 -0.8820888373 0.3149789684 0.3502963495 -29.7026463851 0.0451612725 -0.6836317021 0.7284285520 0.7092470058 0.0000000000 0.0000000000 0.0000000000 1.0000000000
0.4580903388 0.6553939597 0.6005097827 -13.2116484468 -0.8879058227 0.3053396227 0.3440798814 -29.6840198337 0.0421484455 -0.6908158021 0.7218012442 0.7129395159 0.0000000000 0.0000000000 0.0000000000 1.0000000000
0.4469492505 0.6478542636 0.6168640212 -13.1922672566 -0.8934871179 0.2895480134 0.3432822718 -29.6620900550 0.0437851315 -0.7045898105 0.7082627064 0.7167466247 0.0000000000 0.0000000000 0.0000000000 1.0000000000
0.4389531809 0.6361835239 0.6345002986 -13.1719635087 -0.8971761925 0.2718738164 0.3480797431 -29.6373577834 0.0489385799 -0.7220492724 0.6901085882 0.7203872135 0.0000000000 0.0000000000 0.0000000000 1.0000000000
0.4294696627 0.6204186797 0.6562289773 -13.1504439651 -0.9014778021 0.2512394374 0.3524436372 -29.6107786264 0.0537920170 -0.7429397061 0.6671933843 0.7228328665 0.0000000000 0.0000000000 0.0000000000 1.0000000000
0.4163470034 0.6004773439 0.6827020816 -13.1278740319 -0.9076310766 0.2303227289 0.3509377002 -29.5838963829 0.0534883317 -0.7657534851 0.6409060761 0.7234154593 0.0000000000 0.0000000000 0.0000000000 1.0000000000
0.4077808942 0.5773788528 0.7073530962 -13.1055739767 -0.9113954496 0.2103480749 0.3537117779 -29.5573838163 0.0554353385 -0.7889152982 0.6119963852 0.7220438274 0.0000000000 0.0000000000 0.0000000000 1.0000000000
0.3947602501 0.5541319468 0.7328725199 -13.0844862596 -0.9172997470 0.1923771544 0.3486433773 -29.5328940705 0.0522065035 -0.8098943240 0.5842479482 0.7193168598 0.0000000000 0.0000000000 0.0000000000 1.0000000000
0.3945803364 0.5349631269 0.7470748363 -13.0662359351 -0.9176937330 0.1884571476 0.3497457875 -29.5104777215 0.0463095074 -0.8235887058 0.5652937937 0.7170721351 0.0000000000 0.0000000000 0.0000000000 1.0000000000
0.4136064200 0.5180328377 0.7487133687 -13.0505282155 -0.9096877963 0.2013663639 0.3632075173 -29.4902624913 0.0373877322 -0.8313203754 0.5545345715 0.7162041652 0.0000000000 0.0000000000 0.0000000000 1.0000000000
0.4366635995 0.4971064387 0.7498067014 -13.0354601347 -0.8991129377 0.2130367332 0.3823758302 -29.4720446821 0.0303451169 -0.8411305124 0.5399802172 0.7152358556 0.0000000000 0.0000000000 0.0000000000 1.0000000000
0.4615329402 0.4722901233 0.7509523184 -13.0203793093 -0.8866832851 0.2189396057 0.4072569226 -29.4548547013 0.0279302177 -0.8538193535 0.5198195980 0.7137951316 0.0000000000 0.0000000000 0.0000000000 1.0000000000
0.4959190812 0.4459511283 0.7451119755 -13.0052189437 -0.8678079799 0.2236832615 0.4437061060 -29.4380059153 0.0312021617 -0.8666564427 0.4979287453 0.7114594338 0.0000000000 0.0000000000 0.0000000000 1.0000000000
0.5341375403 0.4209726793 0.7331296552 -12.9893879083 -0.8446136521 0.2283940670 0.4842147549 -29.4219070993 0.0363987192 -0.8778485937 0.4775531172 0.7080206233 0.0000000000 0.0000000000 0.0000000000 1.0000000000
0.5596815948 0.3992254398 0.7262062797 -12.9718778804 -0.8280049062 0.2333116086 0.5098760327 -29.4079683466 0.0341231281 -0.8866705936 0.4611408360 0.7034132947 0.0000000000 0.0000000000 0.0000000000 1.0000000000
0.5883509228 0.3801086227 0.7136950516 -12.9531230889 -0.8076560763 0.2334832101 0.5414584499 -29.3949115528 0.0391772140 -0.8949877237 0.4443671009 0.6977817868 0.0000000000 0.0000000000 0.0000000000 1.0000000000
0.6048908609 0.3647187116 0.7078752063 -12.9321129876 -0.7952650396 0.2311935977 0.5604489603 -29.3836900553 0.0407500070 -0.9019588581 0.4298949350 0.6924350884 0.0000000000 0.0000000000 0.0000000000 1.0000000000
0.6139188943 0.3492949900 0.7078817707 -12.9081899803 -0.7883463183 0.2256703860 0.5723486344 -29.3744275048 0.0401705581 -0.9094316285 0.4139087332 0.6876296788 0.0000000000 0.0000000000 0.0000000000 1.0000000000
0.6168221221 0.3317526689 0.7137721180 -12.8809044828 -0.7863055225 0.2189183956 0.5777528549 -29.3676988828 0.0354132047 -0.9176137002 0.3958926650 0.6826118963 0.0000000000 0.0000000000 0.0000000000 1.0000000000
0.6187536874 0.3159957537 0.7192291415 -12.8505244934 -0.7849997429 0.2133687057 0.5815919523 -29.3633384340 0.0303195963 -0.9244568563 0.3800792588 0.6766725975 0.0000000000 0.0000000000 0.0000000000 1.0000000000
0.6154502834 0.3031165101 0.7275584719 -12.8169614254 -0.7877717752 0.2070191371 0.5801368003 -29.3610568367 0.0252305153 -0.9301953871 0.3661966179 0.6692302256 0.0000000000 0.0000000000 0.0000000000 1.0000000000
0.6097335738 0.2914934689 0.7370593779 -12.7804883893 -0.7922983212 0.1982251788 0.5770356564 -29.3598989111 0.0220983982 -0.9358089207 0.3518143328 0.6600828015 0.0000000000 0.0000000000 0.0000000000 1.0000000000
0.6039190894 0.2797711833 0.7463309041 -12.7412644573 -0.7967621667 0.1869357361 0.5746521385 -29.3590764558 0.0212551919 -0.9416916244 0.3358051537 0.6495984775 0.0000000000 0.0000000000 0.0000000000 1.0000000000
0.5918630397 0.2679782289 0.7601880104 -12.6991204320 -0.8058947109 0.1789212318 0.5643765656 -29.3588236851 0.0152268573 -0.9466651265 0.3218591014 0.6391701134 0.0000000000 0.0000000000 0.0000000000 1.0000000000
0.5836425528 0.2511604994 0.7721915397 -12.6551734177 -0.8119949242 0.1745941286 0.5569390751 -29.3580806656 0.0050609872 -0.9520689543 0.3058416136 0.6312977981 0.0000000000 0.0000000000 0.0000000000 1.0000000000
0.5842354133 0.2291548725 0.7785608686 -12.6112588572 -0.8115608751 0.1722365823 0.5583041337 -29.3555932948 -0.0061585506 -0.9580305862 0.2865998397 0.6286221446 0.0000000000 0.0000000000 0.0000000000 1.0000000000
0.5795604518 0.2058634225 0.7884985314 -12.5678249778 -0.8147703528 0.1654833148 0.5556658571 -29.3511807642 -0.0160920756 -0.9644871818 0.2636389981 0.6292581266 0.0000000000 0.0000000000 0.0000000000 1.0000000000
0.5735492176 0.1798091914 0.7991933118 -12.5255950358 -0.8190437253 0.1430794354 0.5556038617 -29.3435972192 -0.0144454467 -0.9732404276 0.2293346882 0.6285339680 0.0000000000 0.0000000000 0.0000000000 1.0000000000
0.5793618552 0.1534848536 0.8004887510 -12.4851993862 -0.8150638411 0.1130533581 0.5682339951 -29.3324404093 -0.0032826299 -0.9816625377 0.1905987576 0.6232422511 0.0000000000 0.0000000000 0.0000000000 1.0000000000
0.5872274480 0.1297760274 0.7989506287 -12.4463471492 -0.8094086545 0.0884880725 0.5805406885 -29.3185740463 0.0046426631 -0.9875869803 0.1570044647 0.6140005884 0.0000000000 0.0000000000 0.0000000000 1.0000000000
0.5904955612 0.1083958724 0.7997282833 -12.4087937112 -0.8070235289 0.0728102455 0.5860133889 -29.3026694826 0.0052930199 -0.9914378463 0.1304721462 0.6026950509 0.0000000000 0.0000000000 0.0000000000 1.0000000000
0.5999360390 0.0825989738 0.7957726802 -12.3733301465 -0.8000422274 0.0657060297 0.5963347651 -29.2845532604 -0.0030304237 -0.9944144645 0.1055020822 0.5908822855 0.0000000000 0.0000000000 0.0000000000 1.0000000000
0.6242065974 0.0525596956 0.7794893214 -12.3407446633 -0.7810857948 0.0630120896 0.6212362334 -29.2644989855 -0.0164652636 -0.9966277916 0.0803861936 0.5807811149 0.0000000000 0.0000000000 0.0000000000 1.0000000000
0.6593267144 0.0273922951 0.7513574022 -12.3113625007 -0.7513730562 0.0598391377 0.6571588910 -29.2426870934 -0.0269594888 -0.9978321200 0.0600353746 0.5735882600 0.0000000000 0.0000000000 0.0000000000 1.0000000000
0.7046877756 0.0099896786 0.7094472111 -12.2849236904 -0.7088885484 0.0520065118 0.7034005606 -29.2187387521 -0.0298691293 -0.9985967800 0.0437299219 0.5685404138 0.0000000000 0.0000000000 0.0000000000 1.0000000000
0.7465090188 -0.0042843831 0.6653615024 -12.2605715343 -0.6644272092 0.0485632604 0.7457734867 -29.1934934735 -0.0355073032 -0.9988109199 0.0334062512 0.5635987840 0.0000000000 0.0000000000 0.0000000000 1.0000000000
0.7866505779 -0.0126439460 0.6172689842 -12.2390093555 -0.6161473277 0.0475396381 0.7861949207 -29.1668726363 -0.0392853503 -0.9987893238 0.0296065503 0.5586066366 0.0000000000 0.0000000000 0.0000000000 1.0000000000
0.8181826740 -0.0082275506 0.5748994863 -12.2193888504 -0.5738998909 0.0489579191 0.8174607253 -29.1393214099 -0.0348715820 -0.9987669546 0.0353347307 0.5550597183 0.0000000000 0.0000000000 0.0000000000 1.0000000000
0.8206139505 0.0031896765 0.5714740328 -12.1985184692 -0.5708395996 0.0520104486 0.8194126340 -29.1117857708 -0.0271089596 -0.9986414468 0.0445012933 0.5531048817 0.0000000000 0.0000000000 0.0000000000 1.0000000000
0.8085205905 0.0114391157 0.5883566957 -12.1758900969 -0.5881018845 0.0509639878 0.8071795621 -29.0835204406 -0.0207515830 -0.9986349776 0.0479327991 0.5516812531 0.0000000000 0.0000000000 0.0000000000 1.0000000000
0.7932269448 0.0163984241 0.6087052700 -12.1511934190 -0.6087918335 0.0423492488 0.7921988668 -29.0546628133 -0.0127873979 -0.9989682842 0.0435757919 0.5495474871 0.0000000000 0.0000000000 0.0000000000 1.0000000000
0.7750962633 0.0140747345 0.6316863814 -12.1241260527 -0.6318259468 0.0246455328 0.7747183815 -29.0253633613 -0.0046642919 -0.9995971686 0.0279954428 0.5472124682 0.0000000000 0.0000000000 0.0000000000 1.0000000000
0.7684481053 -0.0008616055 0.6399115307 -12.0963452969 -0.6399068172 0.0030328354 0.7684465285 -28.9948517714 -0.0026028441 -0.9999950298 0.0017792294 0.5449267556 0.0000000000 0.0000000000 0.0000000000 1.0000000000
0.7920129130 -0.0167521462 0.6102744557 -12.0703584821 -0.6104880147 -0.0144224882 0.7918941695 -28.9625012132 -0.0044642507 -0.9997556489 -0.0216497814 0.5422051156 0.0000000000 0.0000000000 0.0000000000 1.0000000000
0.8333045822 -0.0259352892 0.5522054274 -12.0466574233 -0.5527474111 -0.0235698336 0.8330154635 -28.9293643410 -0.0085891070 -0.9993857232 -0.0339765143 0.5379913981 0.0000000000 0.0000000000 0.0000000000 1.0000000000
0.8725681713 -0.0302977294 0.4875518783 -12.0241625535 -0.4883332394 -0.0286287409 0.8721875042 -28.8966688620 -0.0124673046 -0.9991308437 -0.0397759164 0.5323006654 0.0000000000 0.0000000000 0.0000000000 1.0000000000
0.8979783034 -0.0296503094 0.4390396632 -12.0014014959 -0.4399098958 -0.0362534925 0.8973098505 -28.8652056394 -0.0106887936 -0.9989026697 -0.0455983142 0.5266820178 0.0000000000 0.0000000000 0.0000000000 1.0000000000
0.9219988005 -0.0249222429 0.3863898208 -11.9796525284 -0.3871450754 -0.0436818967 0.9209834865 -28.8346299773 -0.0060747339 -0.9987345862 -0.0499231799 0.5224064209 0.0000000000 0.0000000000 0.0000000000 1.0000000000
0.9463634868 -0.0189825004 0.3225458349 -11.9591651794 -0.3230800981 -0.0434701273 0.9453727298 -28.8051309759 -0.0039244297 -0.9988743728 -0.0472714093 0.5194929686 0.0000000000 0.0000000000 0.0000000000 1.0000000000
0.9582489251 -0.0107966086 0.2857313961 -11.9372655663 -0.2859352852 -0.0365344549 0.9575522160 -28.7770438937 0.0001007243 -0.9992740699 -0.0380962335 0.5186090806 0.0000000000 0.0000000000 0.0000000000 1.0000000000
0.9652151749 -0.0055145121 0.2613986538 -11.9148063360 -0.2614518749 -0.0265032631 0.9648525764 -28.7488690670 0.0016072261 -0.9996335164 -0.0270231313 0.5206982869 0.0000000000 0.0000000000 0.0000000000 1.0000000000
0.9775352439 -0.0095089459 0.2105574192 -11.8944216036 -0.2106957466 -0.0172115541 0.9774001559 -28.7192911847 -0.0056700248 -0.9998066525 -0.0188283952 0.5247738468 0.0000000000 0.0000000000 0.0000000000 1.0000000000
0.9875910309 -0.0202470732 0.1557369954 -11.8752316609 -0.1560848382 -0.0169056733 0.9875989679 -28.6886928359 -0.0173631498 -0.9996520666 -0.0198561525 0.5267248660 0.0000000000 0.0000000000 0.0000000000 1.0000000000
0.9899024817 -0.0294500703 0.1386570235 -11.8551136369 -0.1393590914 -0.0232901349 0.9899679860 -28.6579524241 -0.0259252860 -0.9992948829 -0.0271590974 0.5257674345 0.0000000000 0.0000000000 0.0000000000 1.0000000000
0.9894748562 -0.0312636303 0.1412872758 -11.8349599389 -0.1422024982 -0.0292851819 0.9894042792 -28.6269812377 -0.0267947460 -0.9990820605 -0.0334227175 0.5246112651 0.0000000000 0.0000000000 0.0000000000 1.0000000000
0.9886950455 -0.0291315971 0.1470831637 -11.8157074351 -0.1480390660 -0.0339365992 0.9883990804 -28.5959238267 -0.0238021414 -0.9989993280 -0.0378655620 0.5235841314 0.0000000000 0.0000000000 0.0000000000 1.0000000000
0.9880275428 -0.0248015413 0.1522710029 -11.7972522048 -0.1531191609 -0.0369172398 0.9875179188 -28.5653055561 -0.0188705413 -0.9990105109 -0.0402728409 0.5210573084 0.0000000000 0.0000000000 0.0000000000 1.0000000000
0.9846309513 -0.0198475139 0.1735164719 -11.7781204065 -0.1741029191 -0.0331206950 0.9841703070 -28.5357353713 -0.0137863477 -0.9992542698 -0.0360671715 0.5169261444 0.0000000000 0.0000000000 0.0000000000 1.0000000000
0.9762970157 -0.0118079519 0.2161127240 -11.7574296910 -0.2163351763 -0.0229061147 0.9760504092 -28.5076337896 -0.0065748534 -0.9996678859 -0.0249176467 0.5123937819 0.0000000000 0.0000000000 0.0000000000 1.0000000000
0.9576947786 0.0009363189 0.2877843539 -11.7345064746 -0.2877531053 -0.0119753875 0.9576297513 -28.4816353753 0.0043429760 -0.9999278541 -0.0111993374 0.5090378711 0.0000000000 0.0000000000 0.0000000000 1.0000000000
0.9296782815 0.0159334203 0.3680277421 -11.7108797235 -0.3679436171 -0.0080301080 0.9298134286 -28.4580460610 0.0177704107 -0.9998408091 -0.0016028167 0.5096383682 0.0000000000 0.0000000000 0.0000000000 1.0000000000
0.9036296149 0.0280198717 0.4273972461 -11.6882760183 -0.4275004624 -0.0024990267 0.9040116756 -28.4360436326 0.0263983683 -0.9996042425 0.0097203136 0.5165988268 0.0000000000 0.0000000000 0.0000000000 1.0000000000
0.8717538648 0.0384064364 0.4884364286 -11.6651420911 -0.4889979940 0.0062804340 0.8722622988 -28.4163867502 0.0304328937 -0.9992424640 0.0242556630 0.5282384295 0.0000000000 0.0000000000 0.0000000000 1.0000000000
0.8306818051 0.0527444077 0.5542434178 -11.6409965705 -0.5555829786 0.0141785577 0.8313401965 -28.3994991705 0.0359901740 -0.9985073840 0.0410817651 0.5415049994 0.0000000000 0.0000000000 0.0000000000 1.0000000000
0.7872395247 0.0690662861 0.6127673122 -11.6167462993 -0.6152314269 0.0206694526 0.7880755453 -28.3849858548 0.0417638862 -0.9973979255 0.0587635598 0.5542778923 0.0000000000 0.0000000000 0.0000000000 1.0000000000
0.7423793227 0.0845942730 0.6646177474 -11.5928337745 -0.6684375804 0.0262504298 0.7433048607 -28.3723455894 0.0454328328 -0.9960696381 0.0760337675 0.5656563647 0.0000000000 0.0000000000 0.0000000000 1.0000000000
0.6980777232 0.1043538693 0.7083768505 -11.5694682403 -0.7143091550 0.0331060169 0.6990467958 -28.3615180972 0.0494967020 -0.9939890651 0.0976514972 0.5753097718 0.0000000000 0.0000000000 0.0000000000 1.0000000000
0.6545614554 0.1283606918 0.7450321026 -11.5464211327 -0.7541348546 0.0415168009 0.6554059630 -28.3525405028 0.0531970134 -0.9908581574 0.1239765693 0.5832691672 0.0000000000 0.0000000000 0.0000000000 1.0000000000
0.6072157997 0.1535934775 0.7795498805 -11.5233703950 -0.7926332587 0.0492232489 0.6077084737 -28.3459519491 0.0549680800 -0.9869073490 0.1516324330 0.5900533091 0.0000000000 0.0000000000 0.0000000000 1.0000000000
0.5690651021 0.1782602289 0.8027379400 -11.5010097619 -0.8204381274 0.0575623982 0.5688302466 -28.3411628504 0.0551922891 -0.9822982547 0.1790082404 0.5959954722 0.0000000000 0.0000000000 0.0000000000 1.0000000000
0.5389883689 0.2026523342 0.8175717520 -11.4796246926 -0.8409064659 0.0733854713 0.5361817679 -28.3386043635 0.0486605984 -0.9764971091 0.2099655736 0.6016024164 0.0000000000 0.0000000000 0.0000000000 1.0000000000
0.5244230478 0.2280266068 0.8203562236 -11.4597921821 -0.8505695832 0.0963000208 0.5169697188 -28.3375601210 0.0388825294 -0.9688808867 0.2444544463 0.6066742143 0.0000000000 0.0000000000 0.0000000000 1.0000000000
0.5092368684 0.2541111304 0.8222562528 -11.4410612458 -0.8602468511 0.1219204913 0.4950866075 -28.3381089228 0.0255571312 -0.9594597059 0.2806847090 0.6109904305 0.0000000000 0.0000000000 0.0000000000 1.0000000000
0.4972658041 0.2789466194 0.8215324118 -11.4231947730 -0.8675230221 0.1473958663 0.4750560648 -28.3386140654 0.0114248018 -0.9489274167 0.3152875383 0.6146373465 0.0000000000 0.0000000000 0.0000000000 1.0000000000
0.4894347041 0.3028248365 0.8177718440 -11.4059990876 -0.8720345095 0.1732720119 0.4577473365 -28.3377201404 -0.0030797103 -0.9371627011 0.3488790436 0.6191385306 0.0000000000 0.0000000000 0.0000000000 1.0000000000
0.4833666441 0.3254322527 0.8126810790 -11.3888922694 -0.8753412505 0.1919664504 0.4437641008 -28.3342009631 -0.0115923510 -0.9258740362 0.3776544539 0.6253014161 0.0000000000 0.0000000000 0.0000000000 1.0000000000
0.4654060159 0.3463832551 0.8145034567 -11.3705496732 -0.8849727812 0.1975471892 0.4216613387 -28.3280330209 -0.0148464414 -0.9170571131 0.3984794029 0.6323610610 0.0000000000 0.0000000000 0.0000000000 1.0000000000
0.4404479380 0.3657577657 0.8198944266 -11.3506917213 -0.8976495919 0.1948689343 0.3952863628 -28.3187113745 -0.0151928963 -0.9100809608 0.4141519295 0.6400392028 0.0000000000 0.0000000000 0.0000000000 1.0000000000
0.4163784413 0.3842193021 0.8240173065 -11.3293564373 -0.9091273999 0.1867000150 0.3723311365 -28.3061282059 -0.0107872341 -0.9041673696 0.4270421564 0.6479509391 0.0000000000 0.0000000000 0.0000000000 1.0000000000
0.3846942971 0.3990241139 0.8323401074 -11.3061925124 -0.9230269890 0.1717777793 0.3442580023 -28.2916578356 -0.0056102909 -0.9007064733 0.4343919584 0.6544499828 0.0000000000 0.0000000000 0.0000000000 1.0000000000
0.3548747134 0.4133196083 0.8385885995 -11.2818608230 -0.9349119172 0.1550559297 0.3192136678 -28.2757970715 0.0019091332 -0.8972873342 0.4414428560 0.6584749817 0.0000000000 0.0000000000 0.0000000000 1.0000000000
0.3252721535 0.4291308799 0.8426415098 -11.2566773923 -0.9456039627 0.1423475258 0.2925240632 -28.2598122293 0.0055831746 -0.8919550828 0.4520895469 0.6599487729 0.0000000000 0.0000000000 0.0000000000 1.0000000000
0.2964758485 0.4494530479 0.8426707714 -11.2310630015 -0.9550377891 0.1374810345 0.2626819114 -28.2447531864 0.0022119363 -0.8826612730 0.4700044515 0.6596495928 0.0000000000 0.0000000000 0.0000000000 1.0000000000
0.2734003632 0.4696177982 0.8394708840 -11.2050315890 -0.9618814031 0.1389510411 0.2355350813 -28.2311324775 -0.0060338871 -0.8718668085 0.4897058917 0.6588285712 0.0000000000 0.0000000000 0.0000000000 1.0000000000
0.2482530602 0.4831703332 0.8395932630 -11.1772646679 -0.9685039694 0.1410221028 0.2052141023 -28.2201192678 -0.0192478413 -0.8640944367 0.5029615542 0.6580945642 0.0000000000 0.0000000000 0.0000000000 1.0000000000
0.2233659165 0.4908917733 0.8421003113 -11.1474527576 -0.9739025243 0.1480852570 0.1720018311 -28.2124514884 -0.0402683571 -0.8585429655 0.5111579363 0.6587971307 0.0000000000 0.0000000000 0.0000000000 1.0000000000
0.2088417095 0.4946173031 0.8436461722 -11.1155844066 -0.9757795138 0.1628274169 0.1460875518 -28.2079433945 -0.0651112961 -0.8537218258 0.5166425876 0.6611398250 0.0000000000 0.0000000000 0.0000000000 1.0000000000
0.1966054791 0.4942809100 0.8467778147 -11.0822802469 -0.9755026384 0.1855431854 0.1181876843 -28.2071864950 -0.0986959369 -0.8492703388 0.5186511388 0.6626381831 0.0000000000 0.0000000000 0.0000000000 1.0000000000
0.2061100232 0.4978021983 0.8424438436 -11.0498124713 -0.9711320591 0.2097167495 0.1136723748 -28.2075714647 -0.1200882264 -0.8415532404 0.5266563980 0.6621800605 0.0000000000 0.0000000000 0.0000000000 1.0000000000
0.2055857755 0.5092929933 0.8356764541 -11.0191178179 -0.9682429655 0.2299885294 0.0980348722 -28.2093755550 -0.1422675252 -0.8292924233 0.5404017283 0.6607145744 0.0000000000 0.0000000000 0.0000000000 1.0000000000
0.1874794757 0.5265058075 0.8292424741 -10.9900175620 -0.9683117397 0.2408693707 0.0659872792 -28.2121199731 -0.1649964272 -0.8153364832 0.5549798178 0.6589763907 0.0000000000 0.0000000000 0.0000000000 1.0000000000
0.1663437562 0.5472230458 0.8202906150 -10.9616301745 -0.9689252373 0.2451502524 0.0329429536 -28.2147422041 -0.1830673079 -0.8002801334 0.5709974333 0.6572864697 0.0000000000 0.0000000000 0.0000000000 1.0000000000
0.1490213220 0.5664158292 0.8105342399 -10.9328137995 -0.9694177812 0.2453221558 0.0067974513 -28.2170430936 -0.1949918231 -0.7867592696 0.5856518084 0.6559817513 0.0000000000 0.0000000000 0.0000000000 1.0000000000
0.1376130215 0.5797992597 0.8030538430 -10.9029385288 -0.9703374024 0.2416167089 -0.0081664850 -28.2193261653 -0.1987661486 -0.7781093654 0.5958505129 0.6556393862 0.0000000000 0.0000000000 0.0000000000 1.0000000000
0.1343663080 0.5894320985 0.7965648100 -10.8718383412 -0.9718090369 0.2355413766 -0.0103660812 -28.2218748203 -0.1937340729 -0.7727160288 0.6044642651 0.6561600661 0.0000000000 0.0000000000 0.0000000000 1.0000000000
0.1317440497 0.5948811344 0.7929438450 -10.8393594803 -0.9735379087 0.2283261327 -0.0095455462 -28.2250647912 -0.1867282669 -0.7707033237 0.6092199449 0.6567390521 0.0000000000 0.0000000000 0.0000000000 1.0000000000
0.1307575480 0.5997624491 0.7894222370 -10.8059382408 -0.9758962995 0.2181956952 -0.0041293204 -28.2287178842 -0.1747251451 -0.7698543000 0.6138366887 0.6572681862 0.0000000000 0.0000000000 0.0000000000 1.0000000000
0.1230842985 0.6115161533 0.7815998015 -10.7726953697 -0.9779408192 0.2086766643 -0.0092630414 -28.2336982936 -0.1687661389 -0.7632182152 0.6237114287 0.6589895788 0.0000000000 0.0000000000 0.0000000000 1.0000000000
0.1278023377 0.6174412753 0.7761654682 -10.7392929557 -0.9787677996 0.2049634996 -0.0018863397 -28.2387489971 -0.1602502947 -0.7594446888 0.6305264528 0.6624059072 0.0000000000 0.0000000000 0.0000000000 1.0000000000
0.1389215442 0.6123947107 0.7782502957 -10.7038814677 -0.9794491276 0.2010011705 0.0166714124 -28.2436791063 -0.1462197356 -0.7645725915 0.6277328581 0.6651954525 0.0000000000 0.0000000000 0.0000000000 1.0000000000
0.1357802141 0.6047928927 0.7847224289 -10.6648245120 -0.9810683512 0.1924744553 0.0214120147 -28.2496070798 -0.1380891878 -0.7727736674 0.6194773888 0.6657832925 0.0000000000 0.0000000000 0.0000000000 1.0000000000
0.1168104992 0.5919147767 0.7974911939 -10.6218215848 -0.9829834627 0.1835300866 0.0077601092 -28.2570350896 -0.1417703046 -0.7848271176 0.6032806779 0.6645446903 0.0000000000 0.0000000000 0.0000000000 1.0000000000
0.1040932509 0.5705035609 0.8146718862 -10.5764504257 -0.9845687978 0.1749673147 0.0032743131 -28.2649146418 -0.1406729450 -0.8024413535 0.5799129217 0.6616735887 0.0000000000 0.0000000000 0.0000000000 1.0000000000
0.1079957220 0.5431976282 0.8326303266 -10.5293272233 -0.9852227754 0.1704741571 0.0165724052 -28.2724739449 -0.1329398619 -0.8221161101 0.5535811545 0.6572767945 0.0000000000 0.0000000000 0.0000000000 1.0000000000
0.1070428599 0.5145364885 0.8507608525 -10.4806674878 -0.9856715279 0.1671073482 0.0229515392 -28.2803236481 -0.1303589856 -0.8410275478 0.5250516153 0.6512500439 0.0000000000 0.0000000000 0.0000000000 1.0000000000
0.1091236720 0.4868003148 0.8666703397 -10.4306009599 -0.9863472429 0.1612052576 0.0336449300 -28.2871300182 -0.1233334529 -0.8585093584 0.4977454580 0.6437904920 0.0000000000 0.0000000000 0.0000000000 1.0000000000
0.1023943946 0.4573438698 0.8833753295 -10.3792477933 -0.9878171617 0.1513654813 0.0361351107 -28.2931162266 -0.1171863605 -0.8763133434 0.4672711002 0.6349040912 0.0000000000 0.0000000000 0.0000000000 1.0000000000
0.1019114075 0.4299406186 0.8970870245 -10.3269863863 -0.9891392201 0.1398056125 0.0453651179 -28.2971107816 -0.1059134940 -0.8919671828 0.4395189149 0.6256692602 0.0000000000 0.0000000000 0.0000000000 1.0000000000
0.1020326745 0.4020001095 0.9099369458 -10.2740778845 -0.9903929204 0.1268717754 0.0550037793 -28.2996812315 -0.0933337905 -0.9068072918 0.4110831291 0.6170329411 0.0000000000 0.0000000000 0.0000000000 1.0000000000
0.0995223829 0.3752484994 0.9215659819 -10.2214973857 -0.9916304955 0.1139560432 0.0606875653 -28.3021312947 -0.0822450951 -0.9198927024 0.3834490324 0.6097454646 0.0000000000 0.0000000000 0.0000000000 1.0000000000
0.1030550730 0.3575115638 0.9282053295 -10.1702152287 -0.9919383715 0.1061213556 0.0692569494 -28.3053325960 -0.0737422475 -0.9278597629 0.3655657825 0.6053792626 0.0000000000 0.0000000000 0.0000000000 1.0000000000
0.0990223223 0.3378600898 0.9359728305 -10.1204912444 -0.9928288258 0.0968511851 0.0700768909 -28.3105744808 -0.0669738932 -0.9361999827 0.3450276655 0.6044872808 0.0000000000 0.0000000000 0.0000000000 1.0000000000
0.0960375471 0.3124833288 0.9450560612 -10.0719791578 -0.9937273053 0.0847515067 0.0729604335 -28.3175072610 -0.0572960059 -0.9461349541 0.3186625431 0.6046884154 0.0000000000 0.0000000000 0.0000000000 1.0000000000
0.0938016542 0.2834789669 0.9543798641 -10.0240433303 -0.9943979885 0.0735891803 0.0758766967 -28.3261407737 -0.0487225843 -0.9561507768 0.2887937013 0.6033605146 0.0000000000 0.0000000000 0.0000000000 1.0000000000
0.0935269653 0.2553799020 0.9623065065 -9.9764293850 -0.9945499439 0.0686961050 0.0784299317 -28.3360466797 -0.0460772805 -0.9643971956 0.2604130055 0.6005814352 0.0000000000 0.0000000000 0.0000000000 1.0000000000
0.0966743702 0.2267875546 0.9691343928 -9.9290973652 -0.9943240014 0.0654686601 0.0838667680 -28.3469617573 -0.0444279909 -0.9717413543 0.2318294503 0.5958542681 0.0000000000 0.0000000000 0.0000000000 1.0000000000
0.1060497083 0.1986288132 0.9743203036 -9.8822467551 -0.9935444608 0.0608633301 0.0957343174 -28.3587744520 -0.0402847844 -0.9781831370 0.2038010955 0.5884213735 0.0000000000 0.0000000000 0.0000000000 1.0000000000
0.1208006640 0.1749328202 0.9771416008 -9.8360918655 -0.9918503173 0.0614292060 0.1116216857 -28.3717363159 -0.0404987364 -0.9826621805 0.1809278621 0.5787481644 0.0000000000 0.0000000000 0.0000000000 1.0000000000
0.1439486675 0.1565381098 0.9771256835 -9.7909972048 -0.9887302822 0.0637848427 0.1354397394 -28.3853616430 -0.0411243272 -0.9856101227 0.1639557126 0.5678975145 0.0000000000 0.0000000000 0.0000000000 1.0000000000
0.1672948736 0.1378592768 0.9762208997 -9.7476054964 -0.9850843535 0.0638122903 0.1598024036 -28.3995267137 -0.0402646477 -0.9883940567 0.1464784856 0.5567884470 0.0000000000 0.0000000000 0.0000000000 1.0000000000
0.1890438376 0.1248426713 0.9740003773 -9.7064871209 -0.9811088534 0.0655113496 0.1820265936 -28.4140963941 -0.0410833930 -0.9900113992 0.1348687671 0.5469353142 0.0000000000 0.0000000000 0.0000000000 1.0000000000
0.2087916853 0.1227984265 0.9702198609 -9.6668912557 -0.9772382212 0.0643102139 0.2021624479 -28.4281367389 -0.0375698163 -0.9903457693 0.1334307539 0.5397499671 0.0000000000 0.0000000000 0.0000000000 1.0000000000
0.2148187990 0.1218450405 0.9690235651 -9.6276692149 -0.9761115269 0.0598479198 0.2088648212 -28.4410769599 -0.0325449020 -0.9907431618 0.1317908068 0.5354753579 0.0000000000 0.0000000000 0.0000000000 1.0000000000
0.2296547496 0.1101356690 0.9670205946 -9.5882789829 -0.9729974359 0.0495861150 0.2254267218 -28.4507808680 -0.0231232716 -0.9926788764 0.1185494104 0.5328568520 0.0000000000 0.0000000000 0.0000000000 1.0000000000
0.2524076622 0.0861733354 0.9637761816 -9.5483463611 -0.9675457186 0.0348999240 0.2502744047 -28.4577054971 -0.0120687353 -0.9956686957 0.0921856500 0.5297818732 0.0000000000 0.0000000000 0.0000000000 1.0000000000
0.2600557486 0.0628430590 0.9635464481 -9.5074843342 -0.9655761746 0.0229203169 0.2591086839 -28.4640015961 -0.0058016076 -0.9977601961 0.0666403207 0.5258026960 0.0000000000 0.0000000000 0.0000000000 1.0000000000
0.2647939076 0.0415146435 0.9634109823 -9.4655801078 -0.9643038010 0.0129933216 0.2644793999 -28.4692415552 -0.0015381407 -0.9990534060 0.0434732809 0.5203551705 0.0000000000 0.0000000000 0.0000000000 1.0000000000
0.2726440687 0.0254501801 0.9617783009 -9.4224528210 -0.9621049407 0.0026480357 0.2726665930 -28.4732998010 0.0043925906 -0.9996725845 0.0252077153 0.5129796389 0.0000000000 0.0000000000 0.0000000000 1.0000000000
0.2693465343 0.0095849651 0.9629956245 -9.3778838967 -0.9630058673 -0.0061386237 0.2694104986 -28.4769671524 0.0084937580 -0.9999352208 0.0075769606 0.5043170069 0.0000000000 0.0000000000 0.0000000000 1.0000000000
0.2588076703 -0.0099403413 0.9658777249 -9.3323330540 -0.9658835217 -0.0123530453 0.2586820921 -28.4796894029 0.0093601430 -0.9998742880 -0.0127982747 0.4961325612 0.0000000000 0.0000000000 0.0000000000 1.0000000000
0.2627060344 -0.0313547250 0.9643663312 -9.2863785874 -0.9648255027 -0.0187536514 0.2622213758 -28.4800524718 0.0098635109 -0.9993323680 -0.0351785357 0.4900405934 0.0000000000 0.0000000000 0.0000000000 1.0000000000
0.2664412307 -0.0485109479 0.9626296061 -9.2401001814 -0.9637716813 -0.0262350124 0.2654352473 -28.4789426096 0.0123780842 -0.9984780479 -0.0537435668 0.4863998343 0.0000000000 0.0000000000 0.0000000000 1.0000000000
0.2598673295 -0.0611986267 0.9637031177 -9.1941384062 -0.9654684523 -0.0355129353 0.2580881612 -28.4769614647 0.0184292855 -0.9974936388 -0.0683139951 0.4848871085 0.0000000000 0.0000000000 0.0000000000 1.0000000000
0.2572550250 -0.0641077576 0.9642147310 -9.1489314618 -0.9660177164 -0.0429697177 0.2548791380 -28.4737422622 0.0250923048 -0.9970174516 -0.0729834054 0.4867495425 0.0000000000 0.0000000000 0.0000000000 1.0000000000
0.2590473487 -0.0647647471 0.9636908211 -9.1042121239 -0.9653650865 -0.0494463824 0.2561743646 -28.4698156131 0.0310599570 -0.9966747628 -0.0753305799 0.4914376200 0.0000000000 0.0000000000 0.0000000000 1.0000000000
0.2522535329 -0.0704021894 0.9650967241 -9.0594852389 -0.9670782342 -0.0529554053 0.2489084448 -28.4668959174 0.0335833887 -0.9961120704 -0.0814426131 0.4967275004 0.0000000000 0.0000000000 0.0000000000 1.0000000000
0.2523562954 -0.0806428746 0.9642681302 -9.0150143504 -0.9670578374 -0.0554141308 0.2484520342 -28.4638655695 0.0333981940 -0.9952014876 -0.0919704287 0.5005596586 0.0000000000 0.0000000000 0.0000000000 1.0000000000
0.2643282956 -0.0887293201 0.9603424701 -8.9709523469 -0.9637246794 -0.0624508347 0.2594891818 -28.4602929876 0.0369498902 -0.9940960723 -0.1020181582 0.5002338708 0.0000000000 0.0000000000 0.0000000000 1.0000000000
0.2607132433 -0.0921782599 0.9610056052 -8.9268896566 -0.9644958482 -0.0683265392 0.2551063365 -28.4585490405 0.0421469289 -0.9933955166 -0.1067191826 0.4956778748 0.0000000000 0.0000000000 0.0000000000 1.0000000000
0.2619816542 -0.0919383056 0.9606835904 -8.8829721790 -0.9639380928 -0.0731876627 0.2558650412 -28.4581431156 0.0467863882 -0.9930714546 -0.1077966599 0.4876170123 0.0000000000 0.0000000000 0.0000000000 1.0000000000
0.2894207143 -0.0762101267 0.9541633334 -8.7508960547 -0.9568364274 -0.0505810296 0.2861915629 -28.4675174422 0.0264518686 -0.9958080016 -0.0875598231 0.4641058418 0.0000000000 0.0000000000 0.0000000000 1.0000000000
0.2916595364 -0.0758157176 0.9535128168 -8.7053224759 -0.9563333943 -0.0429182607 0.2891097747 -28.4740859999 0.0190040466 -0.9961977715 -0.0850226226 0.4610243539 0.0000000000 0.0000000000 0.0000000000 1.0000000000
0.2862936794 -0.0743898475 0.9552497473 -8.6584632858 -0.9580045447 -0.0391063344 0.2840739111 -28.4813260813 0.0162241012 -0.9964621645 -0.0824617083 0.4614896186 0.0000000000 0.0000000000 0.0000000000 1.0000000000
0.2831068340 -0.0714444076 0.9564236599 -8.6099285195 -0.9589622787 -0.0372568933 0.2810752068 -28.4877428506 0.0155521226 -0.9967485242 -0.0790601731 0.4666749169 0.0000000000 0.0000000000 0.0000000000 1.0000000000
0.2798836164 -0.0748141347 0.9571144166 -8.5598516520 -0.9600171704 -0.0277027683 0.2785670283 -28.4932537689 0.0056739677 -0.9968126212 -0.0795764049 0.4749657651 0.0000000000 0.0000000000 0.0000000000 1.0000000000
0.3070590243 -0.0848106888 0.9479039522 -8.5096968579 -0.9516188418 -0.0151415839 0.3069076610 -28.4956952771 -0.0116762829 -0.9962820281 -0.0853568095 0.4826267634 0.0000000000 0.0000000000 0.0000000000 1.0000000000
0.3389502173 -0.1018632353 0.9352735597 -8.4598461960 -0.9402755961 -0.0033545924 0.3403976352 -28.4956120786 -0.0315365428 -0.9947927563 -0.0969165541 0.4876356549 0.0000000000 0.0000000000 0.0000000000 1.0000000000
0.3508461086 -0.1190511516 0.9288346631 -8.4103342478 -0.9349760725 0.0107759477 0.3545470671 -28.4944947964 -0.0522183104 -0.9928296441 -0.1075292788 0.4894686259 0.0000000000 0.0000000000 0.0000000000 1.0000000000
0.3652372455 -0.1298894620 0.9218082676 -8.3620720798 -0.9284906657 0.0205812085 0.3707849748 -28.4909466552 -0.0671329891 -0.9913148549 -0.1130841291 0.4877775978 0.0000000000 0.0000000000 0.0000000000 1.0000000000
0.3738644814 -0.1332110814 0.9178671785 -8.3146205160 -0.9245228749 0.0254822049 0.3802737318 -28.4852393097 -0.0740459546 -0.9907600441 -0.1136298006 0.4827666178 0.0000000000 0.0000000000 0.0000000000 1.0000000000
0.3679757892 -0.1340234379 0.9201258265 -8.2672138553 -0.9268694614 0.0261046037 0.3744750341 -28.4780893931 -0.0742079515 -0.9906342755 -0.1146163696 0.4755831729 0.0000000000 0.0000000000 0.0000000000 1.0000000000
0.3725343170 -0.1351195663 0.9181290135 -8.2198069281 -0.9249164506 0.0267640531 0.3792271678 -28.4689449150 -0.0758138641 -0.9904677623 -0.1150037815 0.4693177762 0.0000000000 0.0000000000 0.0000000000 1.0000000000
0.3880025935 -0.1380640704 0.9112586350 -8.1726543996 -0.9177812284 0.0327150143 0.3957364585 -28.4588711086 -0.0844488256 -0.9898828417 -0.1140191018 0.4653323765 0.0000000000 0.0000000000 0.0000000000 1.0000000000
0.3956814494 -0.1380886600 0.9079469767 -8.1263172072 -0.9137816774 0.0396954861 0.4042614431 -28.4496081735 -0.0918653175 -0.9896240652 -0.1104761199 0.4637203872 0.0000000000 0.0000000000 0.0000000000 1.0000000000
0.3925190085 -0.1260359564 0.9110673771 -8.0810302323 -0.9146862045 0.0502467217 0.4010291937 -28.4417096953 -0.0963222469 -0.9907523427 -0.0955605572 0.4662618161 0.0000000000 0.0000000000 0.0000000000 1.0000000000
0.3817974543 -0.1118494354 0.9174532182 -8.0365573032 -0.9185063913 0.0645376432 0.3901037065 -28.4346595525 -0.1028431477 -0.9916272467 -0.0780941134 0.4725699372 0.0000000000 0.0000000000 0.0000000000 1.0000000000
0.3902701098 -0.0995667343 0.9153008832 -7.9932290521 -0.9139953733 0.0778620594 0.3981833213 -28.4267375442 -0.1109130246 -0.9919798209 -0.0606163000 0.4807203931 0.0000000000 0.0000000000 0.0000000000 1.0000000000
0.3869142836 -0.0856610670 0.9181282692 -7.9495564204 -0.9154803507 0.0835467029 0.3935932875 -28.4198461411 -0.1104222107 -0.9928152547 -0.0460956110 0.4874598154 0.0000000000 0.0000000000 0.0000000000 1.0000000000
0.3675143983 -0.0826138326 0.9263412555 -7.9044994188 -0.9240535142 0.0801872089 0.3737580961 -28.4135318116 -0.1051583085 -0.9933503743 -0.0468696485 0.4911033588 0.0000000000 0.0000000000 0.0000000000 1.0000000000
0.3480890905 -0.0918415499 0.9329518288 -7.8576152299 -0.9313888624 0.0792098675 0.3553035096 -28.4061816233 -0.1065306157 -0.9926182179 -0.0579681060 0.4928543967 0.0000000000 0.0000000000 0.0000000000 1.0000000000
0.3379188141 -0.0991517617 0.9359379270 -7.8090606935 -0.9347225386 0.0808918134 0.3460495490 -28.3972259005 -0.1100211386 -0.9917789283 -0.0653445208 0.4935910878 0.0000000000 0.0000000000 0.0000000000 1.0000000000
0.3383953004 -0.1064258958 0.9349663894 -7.7589991032 -0.9342837621 0.0805348543 0.3473154030 -28.3867296478 -0.1122607349 -0.9910538159 -0.0721793701 0.4930640814 0.0000000000 0.0000000000 0.0000000000 1.0000000000
0.3284209938 -0.1122513628 0.9378375565 -7.7075213877 -0.9380577594 0.0772876921 0.3377488011 -28.3764386717 -0.1103960635 -0.9906695939 -0.0799153613 0.4905555154 0.0000000000 0.0000000000 0.0000000000 1.0000000000
0.3147693062 -0.1140297646 0.9422937422 -7.6551318091 -0.9438695250 0.0671480911 0.3234214799 -28.3664302472 -0.1001529012 -0.9912055017 -0.0864930617 0.4864816508 0.0000000000 0.0000000000 0.0000000000 1.0000000000
0.3042921658 -0.1165360803 0.9454235135 -7.6024840860 -0.9488286401 0.0509002854 0.3116622734 -28.3567250972 -0.0844422264 -0.9918812948 -0.0950842125 0.4816788958 0.0000000000 0.0000000000 0.0000000000 1.0000000000
0.2886245699 -0.1133412709 0.9507100578 -7.5498950278 -0.9550437841 0.0361606271 0.2942512184 -28.3483119132 -0.0677290790 -0.9928978625 -0.0978090308 0.4790267299 0.0000000000 0.0000000000 0.0000000000 1.0000000000
0.2881037681 -0.1045974136 0.9518695288 -7.4980098956 -0.9556177653 0.0325077311 0.2928104064 -28.3395246864 -0.0615703299 -0.9939832134 -0.0905895468 0.4821101203 0.0000000000 0.0000000000 0.0000000000 1.0000000000
0.3115416644 -0.0941383966 0.9455579060 -7.4477159819 -0.9476078640 0.0431293181 0.3165109763 -28.3290060042 -0.0705771035 -0.9946244639 -0.0757697054 0.4896750302 0.0000000000 0.0000000000 0.0000000000 1.0000000000
0.3442793588 -0.0832490117 0.9351691425 -7.3990599539 -0.9356043860 0.0525489623 0.3491175151 -28.3169791554 -0.0782058561 -0.9951423057 -0.0597966175 0.4971807449 0.0000000000 0.0000000000 0.0000000000 1.0000000000
0.3508761444 -0.0845171385 0.9326000132 -7.3505899426 -0.9328433701 0.0554364142 0.3559916443 -28.3047267840 -0.0817873957 -0.9948787149 -0.0593899371 0.5024393101 0.0000000000 0.0000000000 0.0000000000 1.0000000000
0.3511697394 -0.0876626946 0.9321990486 -7.3020163060 -0.9330395223 0.0504011765 0.3562260113 -28.2917472527 -0.0782116608 -0.9948743506 -0.0640933906 0.5061857399 0.0000000000 0.0000000000 0.0000000000 1.0000000000
0.3748026128 -0.0874949315 0.9229667591 -7.2536687689 -0.9244759320 0.0396438226 0.3791735995 -28.2771165909 -0.0697656986 -0.9953758106 -0.0660283501 0.5070530527 0.0000000000 0.0000000000 0.0000000000 1.0000000000
0.3950876420 -0.0860048623 0.9146086151 -7.2048708527 -0.9168414177 0.0254136404 0.3984419176 -28.2628135315 -0.0575114767 -0.9959705370 -0.0688122046 0.5038233904 0.0000000000 0.0000000000 0.0000000000 1.0000000000
0.3932940811 -0.0874779950 0.9152416982 -7.1549880871 -0.9181488287 0.0148098345 0.3959588328 -28.2500352740 -0.0481922628 -0.9960563584 -0.0744931984 0.4981870298 0.0000000000 0.0000000000 0.0000000000 1.0000000000
0.3879721824 -0.0882439085 0.9174369724 -7.1047631793 -0.9205396447 0.0122069285 0.3904583888 -28.2378230828 -0.0456546618 -0.9960240979 -0.0764960674 0.4923403716 0.0000000000 0.0000000000 0.0000000000 1.0000000000
0.3808956344 -0.0859310813 0.9206162963 -7.0548666200 -0.9234716171 0.0142110622 0.3834034666 -28.2260023268 -0.0460292099 -0.9961997264 -0.0739419831 0.4871818932 0.0000000000 0.0000000000 0.0000000000 1.0000000000
0.3677322814 -0.0797683749 0.9265041692 -7.0057340338 -0.9288481009 0.0165763943 0.3700897575 -28.2146437324 -0.0448795569 -0.9966755889 -0.0679970283 0.4840345867 0.0000000000 0.0000000000 0.0000000000 1.0000000000
0.3424189654 -0.0689682609 0.9370126099 -6.9570149129 -0.9385303808 0.0212814115 0.3445400206 -28.2037404655 -0.0437032770 -0.9973918390 -0.0574416493 0.4850328100 0.0000000000 0.0000000000 0.0000000000 1.0000000000
0.3231848740 -0.0621471107 0.9442930021 -6.9084679433 -0.9454435579 0.0221176367 0.3250342888 -28.1921262530 -0.0410854715 -0.9978219013 -0.0516084998 0.4899446155 0.0000000000 0.0000000000 0.0000000000 1.0000000000
0.3382577636 -0.0611469897 0.9390648172 -6.8596814396 -0.9403615500 0.0162972072 0.3397860448 -28.1787072946 -0.0360810277 -0.9979957148 -0.0519876211 0.4960909514 0.0000000000 0.0000000000 0.0000000000 1.0000000000
0.3293206766 -0.0693598760 0.9416671915 -6.8087149306 -0.9438606058 0.0032603867 0.3303279079 -28.1669433708 -0.0259817020 -0.9975863759 -0.0643923418 0.5007066930 0.0000000000 0.0000000000 0.0000000000 1.0000000000
0.2987051749 -0.0844940710 0.9505976912 -6.7557062877 -0.9543196172 -0.0191180858 0.2981753963 -28.1564457235 -0.0070204449 -0.9962405587 -0.0863450207 0.5022795656 0.0000000000 0.0000000000 0.0000000000 1.0000000000
0.2941947294 -0.1013211772 0.9503596583 -6.7024694422 -0.9557359415 -0.0356352737 0.2920598180 -28.1449768755 0.0042744820 -0.9942153420 -0.1073200004 0.4988150071 0.0000000000 0.0000000000 0.0000000000 1.0000000000
0.3073878061 -0.1064228056 0.9456145743 -6.6493606454 -0.9515674573 -0.0402944670 0.3047880084 -28.1340458745 0.0056666404 -0.9935041733 -0.1136545063 0.4919301575 0.0000000000 0.0000000000 0.0000000000 1.0000000000
0.3019524733 -0.1069961327 0.9472995996 -6.5952974485 -0.9533227058 -0.0331361564 0.3001296616 -28.1260710745 -0.0007228454 -0.9937071111 -0.1120073871 0.4846783881 0.0000000000 0.0000000000 0.0000000000 1.0000000000
0.3124352936 -0.1052848792 0.9440864799 -6.5406268749 -0.9499256199 -0.0293442075 0.3110952172 -28.1184799776 -0.0050501528 -0.9940090602 -0.1091809702 0.4783063004 0.0000000000 0.0000000000 0.0000000000 1.0000000000
0.3280131392 -0.1029994741 0.9390412605 -6.4854970861 -0.9446604461 -0.0306060525 0.3266189081 -28.1117996743 -0.0049012297 -0.9942104294 -0.1073387165 0.4725123864 0.0000000000 0.0000000000 0.0000000000 1.0000000000
0.3329465047 -0.1008129659 0.9375411302 -6.4299164371 -0.9429148301 -0.0275476277 0.3318926806 -28.1070158705 -0.0076320515 -0.9945239435 -0.1042299269 0.4683608589 0.0000000000 0.0000000000 0.0000000000 1.0000000000
0.3401593244 -0.0979328907 0.9352543948 -6.3736978760 -0.9402808740 -0.0218978723 0.3396945116 -28.1022439757 -0.0127871842 -0.9949520753 -0.0995331895 0.4692092958 0.0000000000 0.0000000000 0.0000000000 1.0000000000
0.3513125396 -0.1025663514 0.9306232552 -6.3171688303 -0.9359516089 -0.0130361196 0.3518872622 -28.0958148027 -0.0239600766 -0.9946407407 -0.1005768939 0.4743785030 0.0000000000 0.0000000000 0.0000000000 1.0000000000
0.3683237415 -0.1113390185 0.9230066329 -6.2616194473 -0.9289152206 -0.0033512203 0.3702773044 -28.0870157437 -0.0381331131 -0.9937768322 -0.1046588429 0.4804173690 0.0000000000 0.0000000000 0.0000000000 1.0000000000
0.3924656106 -0.1275047029 0.9108859946 -6.2079275360 -0.9183265956 0.0010757763 0.3958220642 -28.0753226630 -0.0514490843 -0.9918373826 -0.1166687546 0.4841331827 0.0000000000 0.0000000000 0.0000000000 1.0000000000
0.4074113949 -0.1373276579 0.9028604929 -6.1561735891 -0.9116612624 -0.0029643479 0.4109318135 -28.0619104704 -0.0537559109 -0.9905212401 -0.1264040151 0.4853918910 0.0000000000 0.0000000000 0.0000000000 1.0000000000
0.4121938707 -0.1408896006 0.9001368415 -6.1063328063 -0.9099216825 -0.0135097614 0.4145600294 -28.0474324507 -0.0462465630 -0.9899331325 -0.1337671433 0.4840832628 0.0000000000 0.0000000000 0.0000000000 1.0000000000
0.4162310106 -0.1415590602 0.8981719091 -6.0585800612 -0.9085594854 -0.0260145120 0.4169447286 -28.0318501722 -0.0356568000 -0.9895879333 -0.1394428735 0.4800676949 0.0000000000 0.0000000000 0.0000000000 1.0000000000
0.4223643919 -0.1363659633 0.8961097279 -6.0123573395 -0.9060471949 -0.0349321681 0.4217324084 -28.0154758077 -0.0262068905 -0.9900424575 -0.1383081024 0.4745486756 0.0000000000 0.0000000000 0.0000000000 1.0000000000
0.4220032997 -0.1290535523 0.8973619090 -5.9667104697 -0.9063718097 -0.0381299754 0.4207567559 -27.9995419379 -0.0200837665 -0.9909042767 -0.1330614772 0.4685897011 0.0000000000 0.0000000000 0.0000000000 1.0000000000
0.4108980402 -0.1209210330 0.9036265292 -5.9214160995 -0.9115243330 -0.0360980853 0.4096587830 -27.9851370791 -0.0169171757 -0.9920055605 -0.1250550964 0.4627798692 0.0000000000 0.0000000000 0.0000000000 1.0000000000
0.4042726690 -0.1149913578 0.9073811750 -5.8768394156 -0.9144284749 -0.0295552475 0.4036670059 -27.9717674869 -0.0196003419 -0.9929267219 -0.1170997507 0.4587236188 0.0000000000 0.0000000000 0.0000000000 1.0000000000
0.3763322726 -0.1087632143 0.9200785748 -5.8319356002 -0.9261865679 -0.0189705721 0.3765880492 -27.9605102167 -0.0235045098 -0.9938866538 -0.1078742666 0.4601578034 0.0000000000 0.0000000000 0.0000000000 1.0000000000
0.3658525648 -0.1051174651 0.9247173727 -5.7874682394 -0.9304379977 -0.0189929531 0.3659568282 -27.9487655839 -0.0209053404 -0.9942784249 -0.1047539044 0.4669378691 0.0000000000 0.0000000000 0.0000000000 1.0000000000
0.3579440326 -0.1069523125 0.9275975810 -5.7433564068 -0.9336874093 -0.0301528823 0.3568173557 -27.9378322669 -0.0101927006 -0.9938068256 -0.1106530719 0.4740313351 0.0000000000 0.0000000000 0.0000000000 1.0000000000
0.3288759616 -0.1122379070 0.9376797183 -5.6997191818 -0.9443730874 -0.0393718956 0.3265108353 -27.9299399707 0.0002713352 -0.9929010555 -0.1189429288 0.4786676786 0.0000000000 0.0000000000 0.0000000000 1.0000000000
0.3223453777 -0.1153857636 0.9395635066 -5.6577126551 -0.9466199575 -0.0371646724 0.3202021913 -27.9229115663 -0.0020282044 -0.9926252630 -0.1212063270 0.4797264081 0.0000000000 0.0000000000 0.0000000000 1.0000000000
0.3325147969 -0.1150888176 0.9360493971 -5.6169936568 -0.9430298951 -0.0286436161 0.3314727141 -27.9166173422 -0.0113369631 -0.9929421470 -0.1180566218 0.4770835241 0.0000000000 0.0000000000 0.0000000000 1.0000000000
0.3463934636 -0.1138241118 0.9311582250 -5.5764694155 -0.9378535171 -0.0197649875 0.3464680731 -27.9110712695 -0.0210320900 -0.9933042922 -0.1135968060 0.4719837121 0.0000000000 0.0000000000 0.0000000000 1.0000000000
0.3633465462 -0.1121998067 0.9248732296 -5.5356100428 -0.9313008829 -0.0164095864 0.3638810121 -27.9055791576 -0.0256505920 -0.9935501642 -0.1104541456 0.4661085548 0.0000000000 0.0000000000 0.0000000000 1.0000000000
0.3772268973 -0.1140052079 0.9190770809 -5.4943612167 -0.9258561697 -0.0226979038 0.3771937939 -27.8998688398 -0.0221409338 -0.9932208303 -0.1141146850 0.4604219068 0.0000000000 0.0000000000 0.0000000000 1.0000000000
0.3941398515 -0.1154750004 0.9117671313 -5.4535389979 -0.9189285163 -0.0333539454 0.3930113181 -27.8933529152 -0.0149719510 -0.9927502398 -0.1192593899 0.4560062376 0.0000000000 0.0000000000 0.0000000000 1.0000000000
0.4209605871 -0.1059336687 0.9008719343 -5.4138672928 -0.9070736074 -0.0457597162 0.4184776208 -27.8855793390 -0.0031072256 -0.9933197402 -0.1153526720 0.4547960543 0.0000000000 0.0000000000 0.0000000000 1.0000000000
0.4417823910 -0.0938365443 0.8922012228 -5.3756223834 -0.8970351671 -0.0600607871 0.4378591222 -27.8776384301 0.0124991208 -0.9937743229 -0.1107084783 0.4562136997 0.0000000000 0.0000000000 0.0000000000 1.0000000000
0.4650032772 -0.0839130029 0.8813231871 -5.3393765016 -0.8849810848 -0.0711492370 0.4601589570 -27.8689883566 0.0240921524 -0.9939297732 -0.1073460487 0.4581929836 0.0000000000 0.0000000000 0.0000000000 1.0000000000
0.4930917043 -0.0816734332 0.8661351058 -5.3050060851 -0.8694717373 -0.0802020427 0.4874284875 -27.8588729139 0.0296558467 -0.9934269388 -0.1105597038 0.4593060103 0.0000000000 0.0000000000 0.0000000000 1.0000000000
0.5035921846 -0.0819717161 0.8600439229 -5.2712404524 -0.8631314854 -0.0908341844 0.4967425790 -27.8486877299 0.0374025466 -0.9924866693 -0.1164957544 0.4598883178 0.0000000000 0.0000000000 0.0000000000 1.0000000000
0.5133203048 -0.0816833042 0.8543009437 -5.2382523553 -0.8568839588 -0.1038303082 0.5049446983 -27.8377784472 0.0474567789 -0.9912351411 -0.1232913185 0.4591202610 0.0000000000 0.0000000000 0.0000000000 1.0000000000
0.5165481355 -0.0824331920 0.8522809352 -5.2057976494 -0.8544121844 -0.1149449879 0.5067222798 -27.8271504354 0.0561946868 -0.9899456645 -0.1298065428 0.4549426659 0.0000000000 0.0000000000 0.0000000000 1.0000000000
0.5128494344 -0.0844561748 0.8543141180 -5.1738303206 -0.8562742261 -0.1215927774 0.5020056237 -27.8171343824 0.0614809517 -0.9889804604 -0.1346764328 0.4465287423 0.0000000000 0.0000000000 0.0000000000 1.0000000000
0.5134593909 -0.0894399929 0.8534400633 -5.1425299663 -0.8560503202 -0.1223201964 0.5022107315 -27.8071310486 0.0594752319 -0.9884524557 -0.1393715881 0.4338618860 0.0000000000 0.0000000000 0.0000000000 1.0000000000
0.5134703511 -0.0932370885 0.8530269889 -5.1119046669 -0.8564613900 -0.1172247869 0.5027248122 -27.7973248066 0.0531233092 -0.9887189665 -0.1400454189 0.4173130470 0.0000000000 0.0000000000 0.0000000000 1.0000000000
0.5077815927 -0.0948136980 0.8562524258 -5.0820321820 -0.8602012874 -0.1100596370 0.4979363629 -27.7875839446 0.0470276432 -0.9893923585 -0.1374451229 0.3976446921 0.0000000000 0.0000000000 0.0000000000 1.0000000000
0.5050225775 -0.0929237070 0.8580893782 -5.0533458940 -0.8621453870 -0.1012070679 0.4964498576 -27.7766062687 0.0407127488 -0.9905161857 -0.1312255996 0.3763322663 0.0000000000 0.0000000000 0.0000000000 1.0000000000
0.5086039729 -0.0871350205 0.8565801113 -5.0260518985 -0.8603186715 -0.0910182063 0.5015650204 -27.7638427614 0.0342605070 -0.9920298253 -0.1212561064 0.3549948367 0.0000000000 0.0000000000 0.0000000000 1.0000000000
0.5099796114 -0.0744338582 0.8569599738 -4.9999990371 -0.8596613702 -0.0789083357 0.5047333981 -27.7506024532 0.0300520311 -0.9940991275 -0.1042295549 0.3365556913 0.0000000000 0.0000000000 0.0000000000 1.0000000000
0.5082561692 -0.0596589895 0.8591370505 -4.9744043832 -0.8608321881 -0.0645808630 0.5047744606 -27.7378380240 0.0253694779 -0.9961275607 -0.0841800005 0.3249143957 0.0000000000 0.0000000000 0.0000000000 1.0000000000
0.5105748662 -0.0602467529 0.8577200212 -4.9482193500 -0.8596318074 -0.0573611239 0.5076838162 -27.7246139250 0.0186134830 -0.9965340086 -0.0810771733 0.3212304019 0.0000000000 0.0000000000 0.0000000000 1.0000000000
0.5202304180 -0.0719811418 0.8509870900 -4.9212061939 -0.8539412876 -0.0578727343 0.5171412031 -27.7107735095 0.0120245355 -0.9957255957 -0.0915748257 0.3243552890 0.0000000000 0.0000000000 0.0000000000 1.0000000000
0.5192039376 -0.0772818449 0.8511490984 -4.8929681193 -0.8546482368 -0.0491790425 0.5168731113 -27.6979046016 0.0019137900 -0.9957956308 -0.0915827450 0.3322200008 0.0000000000 0.0000000000 0.0000000000 1.0000000000
0.5109405129 -0.0835007677 0.8555509418 -4.8639940103 -0.8595729247 -0.0396569692 0.5094719932 -27.6856562898 -0.0086127452 -0.9957183068 -0.0920373513 0.3399945229 0.0000000000 0.0000000000 0.0000000000 1.0000000000
0.5047518172 -0.0862781164 0.8589421922 -4.8350598632 -0.8631661270 -0.0354202535 0.5036761290 -27.6732286151 -0.0130322775 -0.9956412468 -0.0923507849 0.3445630239 0.0000000000 0.0000000000 0.0000000000 1.0000000000
0.4981786122 -0.0834774050 0.8630466924 -4.8064848303 -0.8669539558 -0.0313633250 0.4974004227 -27.6609843874 -0.0144536827 -0.9960159962 -0.0879956042 0.3441006792 0.0000000000 0.0000000000 0.0000000000 1.0000000000
0.5061989415 -0.0735246939 0.8592768768 -4.7791084719 -0.8622992680 -0.0267051507 0.5056943814 -27.6483177548 -0.0142339061 -0.9969357824 -0.0769184087 0.3377324312 0.0000000000 0.0000000000 0.0000000000 1.0000000000
0.5307571945 -0.0610514271 0.8453221420 -4.7531893288 -0.8474537400 -0.0253943275 0.5302615267 -27.6353043978 -0.0109068356 -0.9978115310 -0.0652164822 0.3252492745 0.0000000000 0.0000000000 0.0000000000 1.0000000000
0.5706988009 -0.0428593204 0.8200402169 -4.7286050373 -0.8211447497 -0.0238063919 0.5702232508 -27.6224365012 -0.0049171822 -0.9987974441 -0.0487799852 0.3081836836 0.0000000000 0.0000000000 0.0000000000 1.0000000000
0.5970645132 -0.0205144297 0.8019308731 -4.7042949294 -0.8021915552 -0.0173071130 0.5968158615 -27.6111342466 0.0016357712 -0.9996397461 -0.0267899653 0.2904088693 0.0000000000 0.0000000000 0.0000000000 1.0000000000
0.5817422194 0.0031038990 0.8133672947 -4.6789051799 -0.8132922322 -0.0118912512 0.5817339110 -27.6032237010 0.0114775981 -0.9999244791 -0.0043932660 0.2747084377 0.0000000000 0.0000000000 0.0000000000 1.0000000000
0.5470646006 0.0235680056 0.8367585505 -4.6529755826 -0.8368811011 -0.0069527706 0.5473405536 -27.5973367259 0.0187175155 -0.9996980585 0.0159200038 0.2608685447 0.0000000000 0.0000000000 0.0000000000 1.0000000000
0.5720354203 0.0425577039 0.8191241174 -4.6289801018 -0.8199640941 0.0042955897 0.5723988402 -27.5878861401 0.0208413592 -0.9990847761 0.0373530186 0.2513159347 0.0000000000 0.0000000000 0.0000000000 1.0000000000
0.6043480862 0.0535469300 0.7949189374 -4.6045665150 -0.7966044375 0.0235896247 0.6040404785 -27.5766860145 0.0135926738 -0.9982866602 0.0569120666 0.2474774827 0.0000000000 0.0000000000 0.0000000000 1.0000000000
0.5997558296 0.0586491006 0.7980308439 -4.5766840865 -0.8001668820 0.0376143288 0.5985967952 -27.5659811055 0.0050897691 -0.9975697696 0.0694884809 0.2467238290 0.0000000000 0.0000000000 0.0000000000 1.0000000000
0.5984406797 0.0532957674 0.7993924656 -4.5470102393 -0.8011671185 0.0398493644 0.5971124486 -27.5525884212 -0.0000317155 -0.9977833379 0.0665462972 0.2442029258 0.0000000000 0.0000000000 0.0000000000 1.0000000000
0.6070886066 0.0521803082 0.7929190622 -4.5159617738 -0.7946319874 0.0421899225 0.6056236579 -27.5356817964 -0.0018515646 -0.9977460728 0.0670771633 0.2357869288 0.0000000000 0.0000000000 0.0000000000 1.0000000000
0.6199235174 0.0573567594 0.7825631187 -4.4831974463 -0.7846622397 0.0452558020 0.6182694250 -27.5149743015 0.0000464091 -0.9973274861 0.0730608193 0.2198250420 0.0000000000 0.0000000000 0.0000000000 1.0000000000
0.6230594104 0.0562367915 0.7801502383 -4.4476131576 -0.7821744728 0.0444711838 0.6214703596 -27.4918610790 0.0002552945 -0.9974265572 0.0716951723 0.1975261119 0.0000000000 0.0000000000 0.0000000000 1.0000000000
0.6149839013 0.0424951841 0.7873937772 -4.4099011161 -0.7884875377 0.0446212115 0.6134299882 -27.4671920001 -0.0090666440 -0.9980997479 0.0609482498 0.1732087587 0.0000000000 0.0000000000 0.0000000000 1.0000000000
0.6336285986 0.0273986132 0.7731520647 -4.3725886147 -0.7731104014 0.0593054021 0.6314928159 -27.4404284866 -0.0285500666 -0.9978638110 0.0587597517 0.1527796756 0.0000000000 0.0000000000 0.0000000000 1.0000000000
0.6521507644 0.0220583833 0.7577683078 -4.3348989173 -0.7564109507 0.0854107845 0.6484963158 -27.4143111649 -0.0504168053 -0.9961016141 0.0723859111 0.1406685397 0.0000000000 0.0000000000 0.0000000000 1.0000000000
0.6385738540 0.0225076585 0.7692313295 -4.2952017868 -0.7667745218 0.1035870669 0.6335033956 -27.3908660982 -0.0654237391 -0.9943656897 0.0834062917 0.1358630605 0.0000000000 0.0000000000 0.0000000000 1.0000000000
0.6217999861 0.0155531572 0.7830216323 -4.2547611255 -0.7792374136 0.1124309111 0.6165617110 -27.3674452552 -0.0784463543 -0.9935378148 0.0820291410 0.1354065079 0.0000000000 0.0000000000 0.0000000000 1.0000000000
0.6563874803 -0.0014751768 0.7544224941 -4.2156658541 -0.7499506546 0.1074605013 0.6527068687 -27.3395905166 -0.0820334775 -0.9942082601 0.0694294179 0.1376718139 0.0000000000 0.0000000000 0.0000000000 1.0000000000
0.7216553428 -0.0237441777 0.6918451996 -4.1763171020 -0.6870781794 0.0973992276 0.7200256703 -27.3081237746 -0.0844816055 -0.9949621121 0.0539745666 0.1370181593 0.0000000000 0.0000000000 0.0000000000 1.0000000000
0.7460122636 -0.0465414303 0.6643038445 -4.1333338833 -0.6588787064 0.0932198979 0.7464508697 -27.2779312476 -0.0966672277 -0.9945571607 0.0388780296 0.1313558009 0.0000000000 0.0000000000 0.0000000000 1.0000000000
0.7403092015 -0.0644206438 0.6691728229 -4.0888050081 -0.6635810276 0.0894648107 0.7427356646 -27.2501105592 -0.1077149296 -0.9939044362 0.0234833056 0.1223761321 0.0000000000 0.0000000000 0.0000000000 1.0000000000
0.7481017517 -0.0681676481 0.6600734360 -4.0467782983 -0.6550246947 0.0833910496 0.7509917324 -27.2236336797 -0.1062375568 -0.9941826314 0.0177334973 0.1159042870 0.0000000000 0.0000000000 0.0000000000 1.0000000000
0.7834740886 -0.0626583145 0.6182574610 -4.0086550286 -0.6128958982 0.0863511346 0.7854311552 -27.1980385829 -0.1026010256 -0.9942924204 0.0292508525 0.1149076150 0.0000000000 0.0000000000 0.0000000000 1.0000000000
0.8573635220 -0.0498639646 0.5122903241 -3.9768175592 -0.5059262998 0.1014620298 0.8565886035 -27.1719722823 -0.0946909199 -0.9935889701 0.0617623521 0.1178996896 0.0000000000 0.0000000000 0.0000000000 1.0000000000
0.9331267494 -0.0344670278 0.3578917345 -3.9504035387 -0.3523100369 0.1110643558 0.9292697922 -27.1458337265 -0.0717781827 -0.9932153507 0.0914940415 0.1214636919 0.0000000000 0.0000000000 0.0000000000 1.0000000000
0.9683287344 -0.0212374081 0.2487738626 -3.9242075405 -0.2449674415 0.1118344097 0.9630597164 -27.1198070442 -0.0482743703 -0.9934998930 0.1030899988 0.1237500706 0.0000000000 0.0000000000 0.0000000000 1.0000000000
0.9733984601 -0.0179050218 0.2284181432 -3.8952417157 -0.2257421225 0.0955803445 0.9694869220 -27.0908740947 -0.0391909693 -0.9952606734 0.0889958425 0.1239671491 0.0000000000 0.0000000000 0.0000000000 1.0000000000
0.9782830543 -0.0160829207 0.2066485067 -3.8677347759 -0.2050574501 0.0702985878 0.9762220806 -27.0570431482 -0.0302276005 -0.9973963346 0.0654739945 0.1224655288 0.0000000000 0.0000000000 0.0000000000 1.0000000000
0.9844020602 -0.0107622510 0.1756039801 -3.8418118908 -0.1750525296 0.0398428968 0.9837525885 -27.0193109866 -0.0175839636 -0.9991479958 0.0373374705 0.1196066503 0.0000000000 0.0000000000 0.0000000000 1.0000000000
0.9873178338 -0.0095268459 0.1584699789 -3.8162482384 -0.1584000506 0.0076989307 0.9873450007 -26.9802958790 -0.0106263330 -0.9999249800 0.0060922387 0.1142595218 0.0000000000 0.0000000000 0.0000000000 1.0000000000
0.9899528623 -0.0123993108 0.1408530704 -3.7919322470 -0.1410489149 -0.0166640657 0.9898623705 -26.9420237212 -0.0099264263 -0.9997842597 -0.0182455489 0.1070983773 0.0000000000 0.0000000000 0.0000000000 1.0000000000
0.9919687930 -0.0160927210 0.1254549246 -3.7685027625 -0.1258182825 -0.0240028863 0.9917628856 -26.9054547169 -0.0129488831 -0.9995823557 -0.0258348727 0.0999501439 0.0000000000 0.0000000000 0.0000000000 1.0000000000
0.9922999608 -0.0197620312 0.1222712146 -3.7452488796 -0.1227040278 -0.0224115678 0.9921902253 -26.8705537237 -0.0168674046 -0.9995534922 -0.0246638786 0.0936923026 0.0000000000 0.0000000000 0.0000000000 1.0000000000
0.9918134279 -0.0233670891 0.1255392501 -3.7224605238 -0.1259568709 -0.0173464521 0.9918840493 -26.8367206555 -0.0209997824 -0.9995764502 -0.0201476895 0.0890255247 0.0000000000 0.0000000000 0.0000000000 1.0000000000
0.9903875454 -0.0252404976 0.1359978944 -3.7003626977 -0.1363050145 -0.0108666333 0.9906073184 -26.8031003271 -0.0235255824 -0.9996223455 -0.0142025846 0.0867138946 0.0000000000 0.0000000000 0.0000000000 1.0000000000
0.9874416383 -0.0225677625 0.1563640211 -3.6791125329 -0.1564636843 -0.0027092162 0.9876799966 -26.7688772138 -0.0218661036 -0.9997416447 -0.0062062282 0.0882469649 0.0000000000 0.0000000000 0.0000000000 1.0000000000
0.9812217326 -0.0121044799 0.1925029691 -3.6584981684 -0.1925273131 -0.0008681198 0.9812912310 -26.7337696801 -0.0117109043 -0.9999263613 -0.0031822610 0.0941797029 0.0000000000 0.0000000000 0.0000000000 1.0000000000
0.9798698647 0.0015670076 0.1996311416 -3.6407264005 -0.1996167593 -0.0066508473 0.9798514763 -26.6974230987 0.0028631509 -0.9999766551 -0.0062041638 0.1008007938 0.0000000000 0.0000000000 0.0000000000 1.0000000000
0.9799909985 0.0147705366 0.1984930075 -3.6235206122 -0.1982834633 -0.0145226095 0.9800371228 -26.6604534940 0.0173583106 -0.9997854395 -0.0113032734 0.1045189410 0.0000000000 0.0000000000 0.0000000000 1.0000000000
0.9792680068 0.0216340612 0.2014103727 -3.6058203000 -0.2010269031 -0.0186607767 0.9794079639 -26.6229787482 0.0249470458 -0.9995917881 -0.0139248733 0.1050754861 0.0000000000 0.0000000000 0.0000000000 1.0000000000
0.9801180593 0.0215316492 0.1972434482 -3.5882226375 -0.1969650656 -0.0143842620 0.9803049811 -26.5847533064 0.0239447844 -0.9996646843 -0.0098572922 0.1027210645 0.0000000000 0.0000000000 0.0000000000 1.0000000000
0.9831406097 0.0144085590 0.1822825692 -3.5713191381 -0.1822045804 -0.0065628599 0.9832387400 -26.5457358838 0.0153633484 -0.9998746533 -0.0038269086 0.0974813800 0.0000000000 0.0000000000 0.0000000000 1.0000000000
0.9898379640 0.0061479537 0.1420669125 -3.5565366342 -0.1420868972 0.0029438451 0.9898498105 -26.5056429898 0.0056673278 -0.9999767680 0.0037874733 0.0907917708 0.0000000000 0.0000000000 0.0000000000 1.0000000000
0.9958797802 0.0036622287 0.0906093346 -3.5438398324 -0.0906460691 0.0115676371 0.9958159870 -26.4641812543 0.0025987700 -0.9999263862 0.0118519425 0.0844129106 0.0000000000 0.0000000000 0.0000000000 1.0000000000
0.9983366418 0.0057662725 0.0573646211 -3.5318553055 -0.0574067114 0.0074199819 0.9983233010 -26.4215870883 0.0053309597 -0.9999558460 0.0077386625 0.0786493595 0.0000000000 0.0000000000 0.0000000000 1.0000000000
0.9998114584 0.0135289495 0.0139289319 -3.5223514014 -0.0139377565 0.0005582005 0.9999027089 -26.3783649096 0.0135198581 -0.9999083238 0.0007466585 0.0760332550 0.0000000000 0.0000000000 0.0000000000 1.0000000000
0.9994380090 0.0249400077 -0.0223978160 -3.5148515021 0.0225023729 -0.0039195742 0.9997391060 -26.3347776882 0.0248457111 -0.9996812657 -0.0044785807 0.0786626258 0.0000000000 0.0000000000 0.0000000000 1.0000000000
0.9987009864 0.0269841079 -0.0432226531 -3.5092185105 0.0434839997 -0.0091744542 0.9990119975 -26.2914841739 0.0265609033 -0.9995937611 -0.0103359134 0.0833862930 0.0000000000 0.0000000000 0.0000000000 1.0000000000
0.9969987729 0.0215855089 -0.0743472439 -3.5065811392 0.0747170908 -0.0168642878 0.9970621606 -26.2497939892 0.0202682808 -0.9996247604 -0.0184264807 0.0860377620 0.0000000000 0.0000000000 0.0000000000 1.0000000000
0.9926097385 0.0170187126 -0.1201510320 -3.5072223195 0.1205434238 -0.0242903575 0.9924108330 -26.2103976656 0.0139710433 -0.9995600742 -0.0261623393 0.0861800198 0.0000000000 0.0000000000 0.0000000000 1.0000000000
0.9872687283 0.0137464279 -0.1584660655 -3.5100387639 0.1587811268 -0.0260793173 0.9869693121 -26.1731555699 0.0094346157 -0.9995653580 -0.0279299677 0.0857694115 0.0000000000 0.0000000000 0.0000000000 1.0000000000
0.9791833177 0.0121090034 -0.2026163922 -3.5159884869 0.2028861863 -0.0283831402 0.9787908831 -26.1377734171 0.0061012927 -0.9995237713 -0.0302490469 0.0848484621 0.0000000000 0.0000000000 0.0000000000 1.0000000000
0.9661699018 0.0152611281 -0.2574544984 -3.5248378274 0.2578259867 -0.0322245835 0.9656538390 -26.1038289115 0.0064406030 -0.9993641349 -0.0350691381 0.0822640137 0.0000000000 0.0000000000 0.0000000000 1.0000000000
0.9561404740 0.0211590235 -0.2921432692 -3.5340773506 0.2927630072 -0.0376016268 0.9554454141 -26.0703196379 0.0092312298 -0.9990687731 -0.0421470166 0.0775997802 0.0000000000 0.0000000000 0.0000000000 1.0000000000
0.9542045438 0.0306500029 -0.2975806882 -3.5425079100 0.2987803616 -0.0478762142 0.9531202252 -26.0369731177 0.0149661009 -0.9983829152 -0.0548413201 0.0713646501 0.0000000000 0.0000000000 0.0000000000 1.0000000000
0.9572607246 0.0372405083 -0.2868188446 -3.5504086409 0.2885095063 -0.0531720410 0.9559994764 -26.0039268931 0.0203511631 -0.9978907148 -0.0616437471 0.0669317817 0.0000000000 0.0000000000 0.0000000000 1.0000000000
0.9620901323 0.0414443195 -0.2695643628 -3.5582721869 0.2717460012 -0.0617147673 0.9603881498 -25.9710156607 0.0231665313 -0.9972329998 -0.0706374967 0.0659603334 0.0000000000 0.0000000000 0.0000000000 1.0000000000
0.9592529268 0.0491654208 -0.2782383580 -3.5674730429 0.2811551455 -0.0684071863 0.9572211035 -25.9392093611 0.0280286752 -0.9964452911 -0.0794429048 0.0663416401 0.0000000000 0.0000000000 0.0000000000 1.0000000000
0.9597819322 0.0555179203 -0.2752024765 -3.5755717782 0.2788599943 -0.0750727836 0.9573929082 -25.9080967295 0.0324922472 -0.9956313764 -0.0875352283 0.0664714609 0.0000000000 0.0000000000 0.0000000000 1.0000000000
0.9565152186 0.0566529504 -0.2861277334 -3.5844247727 0.2900953599 -0.0825797538 0.9534281653 -25.8779873735 0.0303861608 -0.9949728778 -0.0954235493 0.0658931413 0.0000000000 0.0000000000 0.0000000000 1.0000000000
0.9253957068 0.0479724464 -0.3759540268 -3.6156896568 0.3788967228 -0.0936814807 0.9206851001 -25.7940555458 0.0089475867 -0.9944457876 -0.1048690428 0.0453984571 0.0000000000 0.0000000000 0.0000000000 1.0000000000
0.9082333342 0.0522221353 -0.4151927976 -3.6267666441 0.4183978599 -0.0956705336 0.9032111491 -25.7683475431 0.0074458984 -0.9940422514 -0.1087407973 0.0294493877 0.0000000000 0.0000000000 0.0000000000 1.0000000000
0.8923572721 0.0591847970 -0.4474322951 -3.6364747294 0.4512218849 -0.0953227691 0.8873062494 -25.7433630015 0.0098645549 -0.9936854278 -0.1117674419 0.0100443503 0.0000000000 0.0000000000 0.0000000000 1.0000000000
0.8767246026 0.0625801379 -0.4769042855 -3.6443580411 0.4808623656 -0.0909568326 0.8720655021 -25.7186798324 0.0111962761 -0.9938866037 -0.1098365261 -0.0109493239 0.0000000000 0.0000000000 0.0000000000 1.0000000000
0.8552820291 0.0660853189 -0.5139313002 -3.6513187815 0.5179804812 -0.0827362936 0.8513817750 -25.6938524380 0.0137430652 -0.9943779143 -0.1049937703 -0.0321033836 0.0000000000 0.0000000000 0.0000000000 1.0000000000
0.8343488013 0.0743859453 -0.5461948452 -3.6573501190 0.5508947130 -0.0776146179 0.8309578728 -25.6681215123 0.0194188827 -0.9942045575 -0.1057364874 -0.0529815910 0.0000000000 0.0000000000 0.0000000000 1.0000000000
0.8127740271 0.0777404930 -0.5773688567 -3.6629252197 0.5822590816 -0.0755551732 0.8094848842 -25.6421552714 0.0193065500 -0.9941065494 -0.1066743905 -0.0719149318 0.0000000000 0.0000000000 0.0000000000 1.0000000000
0.8033291804 0.0726636341 -0.5910856318 -3.6674918394 0.5954238514 -0.0788029336 0.7995377007 -25.6160238977 0.0115180331 -0.9942384492 -0.1065703569 -0.0856212850 0.0000000000 0.0000000000 0.0000000000 1.0000000000
0.7992260812 0.0736747368 -0.5964978661 -3.6727396394 0.6008727191 -0.0752040853 0.7957991712 -25.5906944828 0.0137712181 -0.9944427478 -0.1043742058 -0.0903281409 0.0000000000 0.0000000000 0.0000000000 1.0000000000
0.7968193991 0.0777387161 -0.5991957419 -3.6795420825 0.6038395283 -0.0673809494 0.7942528765 -25.5667463776 0.0213698209 -0.9946941739 -0.1006321573 -0.0871042719 0.0000000000 0.0000000000 0.0000000000 1.0000000000
0.7910882483 0.0814216895 -0.6062589314 -3.6883381762 0.6110979999 -0.0611612235 0.7891885321 -25.5448204228 0.0271775256 -0.9948013939 -0.0981405567 -0.0808471076 0.0000000000 0.0000000000 0.0000000000 1.0000000000
0.7751862456 0.0808065384 -0.6265433648 -3.6988924214 0.6309785944 -0.0505902282 0.7741489794 -25.5253796612 0.0308593274 -0.9954450925 -0.0902040451 -0.0770362992 0.0000000000 0.0000000000 0.0000000000 1.0000000000
0.7668953269 0.0737849982 -0.6375165344 -3.7092236496 0.6408498530 -0.0348052078 0.7668768242 -25.5066391840 0.0343951096 -0.9966666301 -0.0739770565 -0.0788333953 0.0000000000 0.0000000000 0.0000000000 1.0000000000
0.7674232842 0.0668674321 -0.6376442970 -3.7194638834 0.6400417638 -0.0216931981 0.7680338181 -25.4876923432 0.0375239051 -0.9975260155 -0.0594458145 -0.0868230225 0.0000000000 0.0000000000 0.0000000000 1.0000000000
0.7567205990 0.0608037449 -0.6509046318 -3.7312624694 0.6526031821 -0.0116077837 0.7576109464 -25.4691197979 0.0385100226 -0.9980822431 -0.0484645665 -0.0992241573 0.0000000000 0.0000000000 0.0000000000 1.0000000000
0.7360669065 0.0553112617 -0.6746452204 -3.7449577316 0.6758602745 -0.0046003764 0.7370154176 -25.4504500644 0.0376616307 -0.9984585624 -0.0407688693 -0.1144150359 0.0000000000 0.0000000000 0.0000000000 1.0000000000
0.7155941911 0.0463998756 -0.6969734609 -3.7601041580 0.6977188390 0.0001832531 0.7163716829 -25.4310258236 0.0333672795 -0.9989229289 -0.0322429325 -0.1314175388 0.0000000000 0.0000000000 0.0000000000 1.0000000000
0.6933917934 0.0356706339 -0.7196773074 -3.7767760902 0.7200406751 0.0036401432 0.6939223123 -25.4110472527 0.0273723772 -0.9993569709 -0.0231602619 -0.1499209428 0.0000000000 0.0000000000 0.0000000000 1.0000000000
0.6689365092 0.0278117748 -0.7427990656 -3.7943309548 0.7429247086 0.0075513412 0.6693323947 -25.3906535812 0.0242244510 -0.9995846550 -0.0156106869 -0.1692850413 0.0000000000 0.0000000000 0.0000000000 1.0000000000
0.6561020255 0.0195151143 -0.7544198383 -3.8113422906 0.7542258188 0.0174218167 0.6563839536 -25.3688569591 0.0259527720 -0.9996577617 -0.0032883138 -0.1858110556 0.0000000000 0.0000000000 0.0000000000 1.0000000000
0.6621630621 0.0124065577 -0.7492570697 -3.8272536476 0.7489181471 0.0233658781 0.6622504395 -25.3447195023 0.0257232977 -0.9996499953 0.0061805252 -0.1971676800 0.0000000000 0.0000000000 0.0000000000 1.0000000000
0.6521701383 0.0110418208 -0.7579922090 -3.8437326337 0.7576319209 0.0245961479 0.6522184464 -25.3194634937 0.0258453677 -0.9996364878 0.0076752373 -0.2026911364 0.0000000000 0.0000000000 0.0000000000 1.0000000000
0.6434125538 0.0105483387 -0.7654469401 -3.8597932923 0.7652000100 0.0200286819 0.6434809994 -25.2916646737 0.0221185488 -0.9997437594 0.0048151165 -0.2024596173 0.0000000000 0.0000000000 0.0000000000 1.0000000000
0.6359669925 0.0021621775 -0.7717132300 -3.8752767488 0.7715971316 0.0157885079 0.6359155522 -25.2619880959 0.0135591627 -0.9998730159 0.0083726399 -0.2014950647 0.0000000000 0.0000000000 0.0000000000 1.0000000000
0.6250031943 -0.0145441872 -0.7804866903 -3.8907583465 0.7806205737 0.0136807679 0.6248554685 -25.2310800383 0.0015896423 -0.9998006317 0.0199040155 -0.2055136851 0.0000000000 0.0000000000 0.0000000000 1.0000000000
0.6025760326 -0.0317068545 -0.7974313766 -3.9073042856 0.7980354730 0.0158728665 0.6024013910 -25.1995831038 -0.0064427315 -0.9993711660 0.0348678036 -0.2162593154 0.0000000000 0.0000000000 0.0000000000 1.0000000000
0.5835239402 -0.0395157428 -0.8111339700 -3.9248079035 0.8120749283 0.0212084597 0.5831676534 -25.1667473396 -0.0058414009 -0.9989938475 0.0444653879 -0.2325140286 0.0000000000 0.0000000000 0.0000000000 1.0000000000
0.5753978240 -0.0377818872 -0.8170005343 -3.9430393357 0.8178598847 0.0323805361 0.5745056221 -25.1321711343 0.0047490087 -0.9987612477 0.0495319800 -0.2506833698 0.0000000000 0.0000000000 0.0000000000 1.0000000000
0.5716443091 -0.0384445437 -0.8196003910 -3.9622501881 0.8202795006 0.0500145144 0.5697719625 -25.0960193062 0.0190872924 -0.9980082993 0.0601257837 -0.2685959805 0.0000000000 0.0000000000 0.0000000000 1.0000000000
0.5616663831 -0.0362329580 -0.8265700496 -3.9835144731 0.8265769354 0.0681349613 0.5586843446 -25.0590097277 0.0360755320 -0.9970179536 0.0682184447 -0.2880086811 0.0000000000 0.0000000000 0.0000000000 1.0000000000
0.5254873217 -0.0324870769 -0.8501809599 -4.0074921443 0.8492616266 0.0801214327 0.5218574955 -25.0235296223 0.0511640920 -0.9962555625 0.0696928249 -0.3078730313 0.0000000000 0.0000000000 0.0000000000 1.0000000000
0.4789881287 -0.0380362558 -0.8769969303 -4.0331728838 0.8759156273 0.0865058811 0.4746457063 -24.9898660014 0.0578116466 -0.9955249750 0.0747518410 -0.3225021403 0.0000000000 0.0000000000 0.0000000000 1.0000000000
0.4535940597 -0.0441427828 -0.8901145116 -4.0599968487 0.8895561059 0.0832159538 0.4491826349 -24.9564947630 0.0542435565 -0.9955533736 0.0770137443 -0.3294086666 0.0000000000 0.0000000000 0.0000000000 1.0000000000
0.4487978768 -0.0432431954 -0.8925864058 -4.0882829647 0.8917289511 0.0868441488 0.4441593989 -24.9234051781 0.0583090349 -0.9952829346 0.0775366789 -0.3283892347 0.0000000000 0.0000000000 0.0000000000 1.0000000000
0.4425261190 -0.0341449198 -0.8961053277 -4.1185997961 0.8946062092 0.0859544214 0.4385106246 -24.8910797988 0.0620513049 -0.9957137952 0.0685833338 -0.3223783742 0.0000000000 0.0000000000 0.0000000000 1.0000000000
0.4127272057 -0.0210764945 -0.9106108033 -4.1508409724 0.9086571818 0.0789298984 0.4100148743 -24.8597335764 0.0632327419 -0.9966573396 0.0517278245 -0.3175971292 0.0000000000 0.0000000000 0.0000000000 1.0000000000
0.3796292934 -0.0169321538 -0.9249837305 -4.1834871672 0.9233964950 0.0682664030 0.3777282239 -24.8275198570 0.0567495598 -0.9975234335 0.0415510178 -0.3186599368 0.0000000000 0.0000000000 0.0000000000 1.0000000000
0.3667064577 -0.0203910661 -0.9301132073 -4.2160094807 0.9292726172 0.0558311222 0.3651510492 -24.7936462436 0.0444834449 -0.9982319822 0.0394224924 -0.3254264273 0.0000000000 0.0000000000 0.0000000000 1.0000000000
0.3576126253 -0.0234396557 -0.9335758099 -4.2489132352 0.9333741987 0.0415427160 0.3564923674 -24.7599627095 0.0304272164 -0.9988617448 0.0367341696 -0.3348560890 0.0000000000 0.0000000000 0.0000000000 1.0000000000
0.3465412563 -0.0216398635 -0.9377850894 -4.2823440760 0.9379025790 0.0247741502 0.3460129965 -24.7276422349 0.0157451546 -0.9994588325 0.0288813490 -0.3434186936 0.0000000000 0.0000000000 0.0000000000 1.0000000000
0.3429697260 -0.0246089954 -0.9390240489 -4.3156970819 0.9393464574 0.0089815629 0.3428521030 -24.6965526893 -0.0000033423 -0.9996568055 0.0261967768 -0.3461443448 0.0000000000 0.0000000000 0.0000000000 1.0000000000
0.3467481258 -0.0310655693 -0.9374436877 -4.3488384994 0.9379222770 0.0027269607 0.3468347821 -24.6668619460 -0.0082182479 -0.9995136288 0.0300826580 -0.3414903219 0.0000000000 0.0000000000 0.0000000000 1.0000000000
0.3458354898 -0.0318549106 -0.9377542741 -4.3824226516 0.9382505975 0.0019997423 0.3459505995 -24.6390573602 -0.0091449586 -0.9994905031 0.0305794708 -0.3342574639 0.0000000000 0.0000000000 0.0000000000 1.0000000000
0.3573234805 -0.0240867495 -0.9336700481 -4.4162370125 0.9339714485 0.0047678692 0.3573158279 -24.6114717539 -0.0041549602 -0.9996985025 0.0242000079 -0.3296825633 0.0000000000 0.0000000000 0.0000000000 1.0000000000
0.3619933446 -0.0182346908 -0.9320023147 -4.4506811360 0.9321704985 0.0024083037 0.3620115492 -24.5845082764 -0.0043566240 -0.9998308338 0.0178696307 -0.3300103008 0.0000000000 0.0000000000 0.0000000000 1.0000000000
0.3464610301 -0.0190255615 -0.9378714105 -4.4865436249 0.9379976012 -0.0049018756 0.3466070855 -24.5585833126 -0.0111917234 -0.9998069812 0.0161476222 -0.3349918122 0.0000000000 0.0000000000 0.0000000000 1.0000000000
0.3239998313 -0.0184133658 -0.9458779294 -4.5243492593 0.9458265417 -0.0157690930 0.3242892053 -24.5327117410 -0.0208868928 -0.9997060986 0.0123066666 -0.3426536117 0.0000000000 0.0000000000 0.0000000000 1.0000000000
0.2978163256 -0.0115895929 -0.9545528364 -4.5646786042 0.9542583698 -0.0240274865 0.2980161802 -24.5068510966 -0.0263893916 -0.9996441173 0.0039036883 -0.3497194431 0.0000000000 0.0000000000 0.0000000000 1.0000000000
0.2785543896 0.0014649870 -0.9604193385 -4.6070854167 0.9601085606 -0.0259078956 0.2784247345 -24.4807379904 -0.0244745554 -0.9996632607 -0.0086233046 -0.3548564581 0.0000000000 0.0000000000 0.0000000000 1.0000000000
0.2587142446 0.0192984129 -0.9657611045 -4.6503942979 0.9657252563 -0.0269198379 0.2581667131 -24.4552495440 -0.0210159246 -0.9994512963 -0.0256015103 -0.3602696331 0.0000000000 0.0000000000 0.0000000000 1.0000000000
0.2199509518 0.0320814393 -0.9749832614 -4.6934681601 0.9753386472 -0.0260153604 0.2191750998 -24.4318843318 -0.0183330883 -0.9991466270 -0.0370123709 -0.3662121605 0.0000000000 0.0000000000 0.0000000000 1.0000000000
0.1798942696 0.0373725916 -0.9829757582 -4.7358928540 0.9836060025 -0.0195741207 0.1792654054 -24.4101498004 -0.0125412734 -0.9991096753 -0.0402811776 -0.3694804675 0.0000000000 0.0000000000 0.0000000000 1.0000000000
0.1386010821 0.0405392857 -0.9895182193 -4.7780594806 0.9902946235 -0.0160751243 0.1380512553 -24.3902977824 -0.0103101291 -0.9990486258 -0.0423738663 -0.3684727206 0.0000000000 0.0000000000 0.0000000000 1.0000000000
0.0930281472 0.0386846273 -0.9949116863 -4.8200251366 0.9955420986 -0.0192164191 0.0923399113 -24.3722158288 -0.0155465049 -0.9990666789 -0.0402998429 -0.3645527441 0.0000000000 0.0000000000 0.0000000000 1.0000000000
0.0654303665 0.0450190110 -0.9968410885 -4.8622248678 0.9974377359 -0.0319113166 0.0640283607 -24.3547396856 -0.0289280181 -0.9984763175 -0.0469916296 -0.3602735649 0.0000000000 0.0000000000 0.0000000000 1.0000000000
0.0329840021 0.0584589894 -0.9977447580 -4.9049142959 0.9985886178 -0.0435061927 0.0304628220 -24.3396332539 -0.0416272500 -0.9973413446 -0.0598114898 -0.3562790776 0.0000000000 0.0000000000 0.0000000000 1.0000000000
-0.0054282828 0.0719348118 -0.9973945641 -4.9476264138 0.9988072105 -0.0480101163 -0.0088985914 -24.3269204984 -0.0485251475 -0.9962531865 -0.0715883962 -0.3542187729 0.0000000000 0.0000000000 0.0000000000 1.0000000000
-0.0288081635 0.0827670137 -0.9961524538 -4.9896336414 0.9984518485 -0.0450551112 -0.0326181410 -24.3153989632 -0.0475814657 -0.9955499276 -0.0813409228 -0.3560763338 0.0000000000 0.0000000000 0.0000000000 1.0000000000
-0.0365022542 0.0884177830 -0.9954144268 -5.0309063781 0.9984733277 -0.0380941282 -0.0399981400 -24.3046835912 -0.0414559917 -0.9953547775 -0.0868922765 -0.3615071734 0.0000000000 0.0000000000 0.0000000000 1.0000000000
-0.0348055789 0.0918823700 -0.9951613948 -5.0722060300 0.9987240181 -0.0332603882 -0.0380010831 -24.2948592907 -0.0365910838 -0.9952142366 -0.0906074827 -0.3678105667 0.0000000000 0.0000000000 0.0000000000 1.0000000000
-0.0483287691 0.0939764079 -0.9944007064 -5.1138970726 0.9981270143 -0.0328406777 -0.0516134981 -24.2871813126 -0.0375072442 -0.9950326249 -0.0922132419 -0.3732889922 0.0000000000 0.0000000000 0.0000000000 1.0000000000
-0.0684738031 0.0982177997 -0.9928064273 -5.1557216916 0.9968089867 -0.0341878861 -0.0721320484 -24.2814880997 -0.0410266041 -0.9945775245 -0.0955634108 -0.3777014426 0.0000000000 0.0000000000 0.0000000000 1.0000000000
-0.0932455681 0.0977663160 -0.9908314748 -5.1971555166 0.9947885930 -0.0320741830 -0.0967827573 -24.2779372128 -0.0412422036 -0.9946924119 -0.0942660405 -0.3809527066 0.0000000000 0.0000000000 0.0000000000 1.0000000000
-0.0834884496 0.0953184822 -0.9919395474 -5.2381014558 0.9959800665 -0.0244386403 -0.0861769106 -24.2742154104 -0.0324559061 -0.9951467931 -0.0928949640 -0.3815263090 0.0000000000 0.0000000000 0.0000000000 1.0000000000
-0.0772113639 0.0916720046 -0.9927913421 -5.2777337559 0.9968633491 -0.0102543289 -0.0784749125 -24.2717759229 -0.0173743615 -0.9957364573 -0.0905927108 -0.3774194992 0.0000000000 0.0000000000 0.0000000000 1.0000000000
-0.0907181460 0.0872967731 -0.9920430895 -5.3155134568 0.9958634549 0.0028323580 -0.0908182633 -24.2704584829 -0.0051183202 -0.9961783230 -0.0871926124 -0.3707234963 0.0000000000 0.0000000000 0.0000000000 1.0000000000
-0.0966098347 0.0856658268 -0.9916289154 -5.3515910830 0.9953197770 0.0060586510 -0.0964460176 -24.2678464729 -0.0022541943 -0.9963055048 -0.0858502169 -0.3653224803 0.0000000000 0.0000000000 0.0000000000 1.0000000000
-0.1102486637 0.0825254677 -0.9904719983 -5.3863660478 0.9938474869 -0.0014767023 -0.1107474246 -24.2644856434 -0.0106021153 -0.9965878619 -0.0818549243 -0.3616304722 0.0000000000 0.0000000000 0.0000000000 1.0000000000
-0.1210071955 0.0752140248 -0.9897980143 -5.4205891057 0.9923691803 -0.0146189484 -0.1224324151 -24.2602039161 -0.0236784408 -0.9970602473 -0.0728710822 -0.3602656544 0.0000000000 0.0000000000 0.0000000000 1.0000000000
-0.1256477845 0.0701878345 -0.9895889562 -5.4551914408 0.9913079181 -0.0303336844 -0.1280174950 -24.2557494580 -0.0390031498 -0.9970724826 -0.0657663958 -0.3623911774 0.0000000000 0.0000000000 0.0000000000 1.0000000000
-0.1408698663 0.0702304365 -0.9875339825 -5.4908484483 0.9886480816 -0.0426699295 -0.1440633470 -24.2527508668 -0.0522556372 -0.9966177617 -0.0634222790 -0.3669308538 0.0000000000 0.0000000000 0.0000000000 1.0000000000
-0.1633298405 0.0716937984 -0.9839630900 -5.5278343539 0.9849862413 -0.0446669587 -0.1667542120 -24.2510370482 -0.0559058815 -0.9964260445 -0.0633219578 -0.3723243847 0.0000000000 0.0000000000 0.0000000000 1.0000000000
-0.1589976780 0.0744221174 -0.9844699522 -5.5657654866 0.9860042258 -0.0386855723 -0.1621699517 -24.2482298694 -0.0501538147 -0.9964761788 -0.0672296061 -0.3789354869 0.0000000000 0.0000000000 0.0000000000 1.0000000000
-0.1415268275 0.0796716570 -0.9867231548 -5.6033983897 0.9891499966 -0.0282912443 -0.1441592513 -24.2451780455 -0.0394010323 -0.9964196067 -0.0748032492 -0.3869966186 0.0000000000 0.0000000000 0.0000000000 1.0000000000
-0.1442247844 0.0808321720 -0.9862379893 -5.6397862432 0.9891508056 -0.0163508700 -0.1459908658 -24.2447872592 -0.0279266079 -0.9965936027 -0.0775970074 -0.3941484390 0.0000000000 0.0000000000 0.0000000000 1.0000000000
-0.1449939940 0.0781640548 -0.9863402670 -5.6750840565 0.9893330617 -0.0026820963 -0.1456464877 -24.2469714915 -0.0140297796 -0.9969369022 -0.0769413958 -0.3972735987 0.0000000000 0.0000000000 0.0000000000 1.0000000000
-0.1417355020 0.0775339508 -0.9868634829 -5.7091523152 0.9899019707 0.0088190292 -0.1414790202 -24.2522550255 -0.0022662495 -0.9969507065 -0.0780009802 -0.3957951123 0.0000000000 0.0000000000 0.0000000000 1.0000000000
-0.1717779874 0.0780925852 -0.9820355753 -5.7409471371 0.9851347425 0.0149978041 -0.1711274523 -24.2621942514 0.0013645920 -0.9968332930 -0.0795080114 -0.3932741377 0.0000000000 0.0000000000 0.0000000000 1.0000000000
-0.2121061834 0.0800615557 -0.9739615569 -5.7703160182 0.9772384918 0.0214430266 -0.2110571647 -24.2744692639 0.0039871186 -0.9965592526 -0.0827874325 -0.3925024076 0.0000000000 0.0000000000 0.0000000000 1.0000000000
-0.2355315383 0.0798141720 -0.9685838076 -5.7983344028 0.9718305884 0.0279342961 -0.2340191927 -24.2870185016 0.0083786588 -0.9964182721 -0.0841452615 -0.3929601794 0.0000000000 0.0000000000 0.0000000000 1.0000000000
-0.2551760879 0.0809401974 -0.9635008296 -5.8259683762 0.9668211887 0.0336386505 -0.2532295999 -24.3005485002 0.0119144139 -0.9961511560 -0.0868384771 -0.3946948474 0.0000000000 0.0000000000 0.0000000000 1.0000000000
-0.2872801704 0.0880196154 -0.9537938200 -5.8539347399 0.9577686449 0.0391006758 -0.2848690224 -24.3159792615 0.0122199211 -0.9953510358 -0.0955352766 -0.3984271093 0.0000000000 0.0000000000 0.0000000000 1.0000000000
-0.3109974346 0.0993699666 -0.9452016745 -5.8829880646 0.9503605499 0.0427362548 -0.3082019431 -24.3318762697 0.0097683628 -0.9941323967 -0.1077281617 -0.4035989241 0.0000000000 0.0000000000 0.0000000000 1.0000000000
-0.3233283686 0.1156794133 -0.9391895652 -5.9133933637 0.9462750057 0.0444867244 -0.3202882217 -24.3477083183 0.0047307138 -0.9922898794 -0.1238483575 -0.4090522271 0.0000000000 0.0000000000 0.0000000000 1.0000000000
-0.3181645406 0.1392248837 -0.9377567685 -5.9445387843 0.9480354514 0.0470673333 -0.3146640256 -24.3623069500 0.0003286480 -0.9891415965 -0.1469652819 -0.4137960302 0.0000000000 0.0000000000 0.0000000000 1.0000000000
-0.3034321806 0.1579050954 -0.9396780793 -5.9745307814 0.9528468371 0.0467261539 -0.2998325724 -24.3754179971 -0.0034375484 -0.9863481370 -0.1646375895 -0.4171855780 0.0000000000 0.0000000000 0.0000000000 1.0000000000
-0.2663754281 0.1652252423 -0.9496024171 -6.0021122192 0.9638065300 0.0344105153 -0.2643726330 -24.3856923339 -0.0110047239 -0.9856553839 -0.1684112832 -0.4185139319 0.0000000000 0.0000000000 0.0000000000 1.0000000000
-0.2389145443 0.1678427248 -0.9564249371 -6.0264024900 0.9709073074 0.0249713440 -0.2381500207 -24.3953076521 -0.0160885323 -0.9854974641 -0.1689257453 -0.4180374546 0.0000000000 0.0000000000 0.0000000000 1.0000000000
-0.2213744840 0.1693546508 -0.9603709388 -6.0479695708 0.9750046480 0.0192959540 -0.2213449853 -24.4049820949 -0.0189545292 -0.9853662611 -0.1693932035 -0.4164697859 0.0000000000 0.0000000000 0.0000000000 1.0000000000
-0.2020571766 0.1689536673 -0.9646903937 -6.0677498564 0.9790839605 0.0108877641 -0.2031650925 -24.4148014772 -0.0238221660 -0.9855638563 -0.1676197766 -0.4143431517 0.0000000000 0.0000000000 0.0000000000 1.0000000000
-0.2103784399 0.1704166799 -0.9626521008 -6.0861268556 0.9770967576 0.0044399883 -0.2127491783 -24.4273804588 -0.0319818445 -0.9853620866 -0.1674476631 -0.4124490147 0.0000000000 0.0000000000 0.0000000000 1.0000000000
-0.2214380246 0.1662478321 -0.9608989851 -6.1037407911 0.9746435434 0.0052201602 -0.2237022871 -24.4414852574 -0.0321739736 -0.9860701842 -0.1631883181 -0.4119216540 0.0000000000 0.0000000000 0.0000000000 1.0000000000
-0.2206359288 0.1566382947 -0.9626963340 -6.1209149605 0.9751111523 0.0132990352 -0.2213173657 -24.4562637111 -0.0218638423 -0.9875664941 -0.1556739931 -0.4142223841 0.0000000000 0.0000000000 0.0000000000 1.0000000000
-0.2354839270 0.1450155707 -0.9609983374 -6.1376612586 0.9718602083 0.0291123925 -0.2337524420 -24.4732892052 -0.0059207830 -0.9890009873 -0.1477903632 -0.4199262137 0.0000000000 0.0000000000 0.0000000000 1.0000000000
-0.2739473611 0.1329436722 -0.9525118494 -6.1542896160 0.9616664352 0.0504989678 -0.2695320422 -24.4928309381 0.0122682857 -0.9898362664 -0.1416815263 -0.4295881367 0.0000000000 0.0000000000 0.0000000000 1.0000000000
-0.2998396098 0.1203445240 -0.9463685349 -6.1715296235 0.9535150265 0.0690929813 -0.2933176678 -24.5119875876 0.0300882484 -0.9903248737 -0.1354671246 -0.4441547499 0.0000000000 0.0000000000 0.0000000000 1.0000000000
-0.2836725752 0.1041485284 -0.9532486319 -6.1900248554 0.9577995425 0.0788410136 -0.2764129718 -24.5276735780 0.0463670841 -0.9914318830 -0.1221184462 -0.4631119224 0.0000000000 0.0000000000 0.0000000000 1.0000000000
-0.2612501530 0.0874589195 -0.9613008348 -6.2090648297 0.9633684718 0.0861221537 -0.2539766963 -24.5407486054 0.0605767708 -0.9924383669 -0.1067545915 -0.4845868615 0.0000000000 0.0000000000 0.0000000000 1.0000000000
-0.2605533655 0.0668989174 -0.9631388678 -6.2283898671 0.9626710447 0.0937668752 -0.2539138293 -24.5526114700 0.0733239617 -0.9933440028 -0.0888329256 -0.5044369861 0.0000000000 0.0000000000 0.0000000000 1.0000000000
-0.2510613373 0.0473443989 -0.9668126565 -6.2484013036 0.9643549851 0.0984886392 -0.2456001845 -24.5618646216 0.0835922698 -0.9940113157 -0.0703834966 -0.5200061705 0.0000000000 0.0000000000 0.0000000000 1.0000000000
-0.2411713505 0.0292550231 -0.9700415060 -6.2684116441 0.9669520398 0.0924254773 -0.2376158324 -24.5692672146 0.0827050925 -0.9952897441 -0.0505785814 -0.5316552546 0.0000000000 0.0000000000 0.0000000000 1.0000000000
-0.2417414000 0.0166720638 -0.9701974736 -6.2878426836 0.9674146672 0.0817302383 -0.2396435474 -24.5764390684 0.0752991182 -0.9965150327 -0.0358863813 -0.5412786439 0.0000000000 0.0000000000 0.0000000000 1.0000000000
-0.2405398878 0.0049211405 -0.9706267793 -6.3068310784 0.9679210851 0.0760011202 -0.2394840344 -24.5844903712 0.0725901879 -0.9970955883 -0.0230445766 -0.5470338390 0.0000000000 0.0000000000 0.0000000000 1.0000000000
-0.2230718455 0.0028439578 -0.9747978578 -6.3260399886 0.9719601356 0.0769516863 -0.2221979584 -24.5939303561 0.0743804173 -0.9970307668 -0.0199299683 -0.5469861053 0.0000000000 0.0000000000 0.0000000000 1.0000000000
-0.2127279968 0.0043529766 -0.9771017608 -6.3452886155 0.9743182291 0.0765031163 -0.2117811646 -24.6059181184 0.0738294512 -0.9970598401 -0.0205155391 -0.5437636103 0.0000000000 0.0000000000 0.0000000000 1.0000000000
-0.2190334660 0.0052631384 -0.9757031517 -6.3644670883 0.9731622987 0.0734989459 -0.2180666074 -24.6208482055 0.0705654385 -0.9972814068 -0.0212206167 -0.5426802378 0.0000000000 0.0000000000 0.0000000000 1.0000000000
-0.2252715605 0.0051074217 -0.9742826275 -6.3840609159 0.9722139776 0.0665178626 -0.2244445492 -24.6374522966 0.0636608650 -0.9977721625 -0.0199500895 -0.5475188504 0.0000000000 0.0000000000 0.0000000000 1.0000000000
-0.2253041258 0.0053711259 -0.9742736792 -6.4043456828 0.9728299291 0.0559372077 -0.2246618744 -24.6549017062 0.0532914620 -0.9984198414 -0.0178280757 -0.5581553532 0.0000000000 0.0000000000 0.0000000000 1.0000000000
-0.2295973814 0.0078239783 -0.9732542462 -6.4249946895 0.9720583503 0.0520460298 -0.2288968640 -24.6732457802 0.0488631354 -0.9986140376 -0.0195549956 -0.5737198033 0.0000000000 0.0000000000 0.0000000000 1.0000000000
-0.2285353061 0.0099098038 -0.9734851872 -6.4459978394 0.9720162671 0.0581667563 -0.2275983414 -24.6912625439 0.0543690207 -0.9982576943 -0.0229256479 -0.5932714147 0.0000000000 0.0000000000 0.0000000000 1.0000000000
-0.2195375369 0.0123225589 -0.9755262295 -6.4669912545 0.9742261988 0.0558931371 -0.2185389456 -24.7084177186 0.0518322623 -0.9983607122 -0.0242756014 -0.6132281369 0.0000000000 0.0000000000 0.0000000000 1.0000000000
-0.2249960498 0.0127778417 -0.9742758872 -6.4872148027 0.9738213926 0.0361815155 -0.2244165618 -24.7252205546 0.0323832188 -0.9992635412 -0.0205840337 -0.6329823709 0.0000000000 0.0000000000 0.0000000000 1.0000000000
-0.2307019780 0.0117427966 -0.9729535981 -6.5069908291 0.9729739078 0.0129765441 -0.2305501769 -24.7404456026 0.0099182714 -0.9998468463 -0.0144191491 -0.6533953431 0.0000000000 0.0000000000 0.0000000000 1.0000000000
-0.2177085717 0.0081396989 -0.9759798784 -6.5269160197 0.9759519334 -0.0094451777 -0.2177811112 -24.7535638590 -0.0109909761 -0.9999222639 -0.0058876587 -0.6707955337 0.0000000000 0.0000000000 0.0000000000 1.0000000000
-0.2101285143 0.0111952111 -0.9776096740 -6.5474945258 0.9773445552 -0.0235421234 -0.2103411248 -24.7661617986 -0.0253698209 -0.9996601601 -0.0059947072 -0.6835978650 0.0000000000 0.0000000000 0.0000000000 1.0000000000
-0.1999261069 0.0275205809 -0.9794244072 -6.5691624215 0.9793795586 -0.0240472321 -0.2005926488 -24.7792014543 -0.0290728722 -0.9993319510 -0.0221454248 -0.6887991002 0.0000000000 0.0000000000 0.0000000000 1.0000000000
-0.1999914928 0.0502215964 -0.9785096801 -6.5916793924 0.9794444712 -0.0165643648 -0.2010327079 -24.7938623615 -0.0263045748 -0.9986007276 -0.0458765328 -0.6870779621 0.0000000000 0.0000000000 0.0000000000 1.0000000000
-0.2006661652 0.0670728489 -0.9773608970 -6.6144399723 0.9792366806 -0.0155815970 -0.2021206007 -24.8090381545 -0.0287856481 -0.9976264064 -0.0625534946 -0.6832390600 0.0000000000 0.0000000000 0.0000000000 1.0000000000
-0.2098062970 0.0748528060 -0.9748735175 -6.6362759342 0.9770575500 -0.0212766715 -0.2119099979 -24.8244161961 -0.0366041215 -0.9969675826 -0.0686715196 -0.6830889425 0.0000000000 0.0000000000 0.0000000000 1.0000000000
-0.2162596778 0.0738415969 -0.9735395063 -6.6565595836 0.9756178840 -0.0218901322 -0.2183816992 -24.8393739061 -0.0374365619 -0.9970297090 -0.0673072296 -0.6886290262 0.0000000000 0.0000000000 0.0000000000 1.0000000000
-0.2246366689 0.0645972955 -0.9722991085 -6.6752521068 0.9738940766 -0.0185913769 -0.2262403328 -24.8537550725 -0.0326908928 -0.9977382172 -0.0587346185 -0.6986298019 0.0000000000 0.0000000000 0.0000000000 1.0000000000
-0.2260473223 0.0488184063 -0.9728922712 -6.6930730931 0.9737426513 -0.0163367457 -0.2270646601 -24.8666274937 -0.0269788284 -0.9986740579 -0.0438436868 -0.7104913537 0.0000000000 0.0000000000 0.0000000000 1.0000000000
-0.2244451017 0.0278256689 -0.9740893842 -6.7104651876 0.9742076501 -0.0175144014 -0.2249726654 -24.8775595370 -0.0233206073 -0.9994593428 -0.0231769579 -0.7232720790 0.0000000000 0.0000000000 0.0000000000 1.0000000000
-0.2173922784 0.0018873397 -0.9760824941 -6.7278415633 0.9758381833 -0.0220356451 -0.2173804736 -24.8862487783 -0.0219188782 -0.9997554042 0.0029486410 -0.7372553079 0.0000000000 0.0000000000 0.0000000000 1.0000000000
-0.2092723133 -0.0244505765 -0.9775516703 -6.7456788117 0.9776951977 -0.0234395140 -0.2087167690 -24.8936628591 -0.0178100907 -0.9994262146 0.0288104525 -0.7526717845 0.0000000000 0.0000000000 0.0000000000 1.0000000000
-0.2134032975 -0.0457814653 -0.9758909212 -6.7642329478 0.9769288973 -0.0184907431 -0.2127628306 -24.9013379949 -0.0083043542 -0.9987803311 0.0486712220 -0.7695380051 0.0000000000 0.0000000000 0.0000000000 1.0000000000
-0.2175635334 -0.0711292086 -0.9734509462 -6.7834640678 0.9760454881 -0.0170262773 -0.2168993110 -24.9088903730 -0.0011463694 -0.9973217844 0.0731296402 -0.7856529155 0.0000000000 0.0000000000 0.0000000000 1.0000000000
-0.1964821552 -0.0950828580 -0.9758862704 -6.8033506425 0.9805069270 -0.0200318005 -0.1954607203 -24.9156210193 -0.0009637951 -0.9952677916 0.0971652922 -0.7975590897 0.0000000000 0.0000000000 0.0000000000 1.0000000000
-0.1776532075 -0.1124587107 -0.9776463452 -6.8222980380 0.9840888698 -0.0232332756 -0.1761513872 -24.9232875424 -0.0029041690 -0.9933847459 0.1147968315 -0.8018562577 0.0000000000 0.0000000000 0.0000000000 1.0000000000
-0.1786075919 -0.1221802989 -0.9763049230 -6.8396668954 0.9839198348 -0.0232302923 -0.1770935127 -24.9328124729 -0.0010425104 -0.9922360244 0.1243647260 -0.8005845666 0.0000000000 0.0000000000 0.0000000000 1.0000000000
-0.1874253695 -0.1380660365 -0.9725273777 -6.8554126245 0.9822787432 -0.0267965093 -0.1855004524 -24.9427454456 -0.0004490267 -0.9900604611 0.1406416785 -0.7970233855 0.0000000000 0.0000000000 0.0000000000 1.0000000000
-0.1956207496 -0.1544805823 -0.9684359927 -6.8704352350 0.9806648024 -0.0362435204 -0.1923095228 -24.9528654776 -0.0053914426 -0.9873308245 0.1585836544 -0.7947789415 0.0000000000 0.0000000000 0.0000000000 1.0000000000
-0.2104063632 -0.1643763993 -0.9636957827 -6.8857004700 0.9775457738 -0.0470224884 -0.2054097023 -24.9641453348 -0.0115508665 -0.9852762480 0.1705792852 -0.7963509569 0.0000000000 0.0000000000 0.0000000000 1.0000000000
-0.2263811062 -0.1753136964 -0.9581318816 -6.9015391575 0.9738742446 -0.0588195644 -0.2193381283 -24.9761402184 -0.0179039219 -0.9827539706 0.1840491318 -0.8029927385 0.0000000000 0.0000000000 0.0000000000 1.0000000000
-0.2204467362 -0.1835731188 -0.9579687608 -6.9184883434 0.9749375540 -0.0716761967 -0.2106164491 -24.9875343821 -0.0300000389 -0.9803894292 0.1947731110 -0.8155278744 0.0000000000 0.0000000000 0.0000000000 1.0000000000
-0.2103279548 -0.1855037663 -0.9598700454 -6.9361955491 0.9767697807 -0.0810742709 -0.1983626936 -24.9993826121 -0.0410237374 -0.9792932734 0.1982466588 -0.8338986850 0.0000000000 0.0000000000 0.0000000000 1.0000000000
-0.2113827950 -0.1887657541 -0.9590019833 -6.9541337387 0.9762399681 -0.0886339116 -0.1977360726 -25.0125011150 -0.0476742982 -0.9780140693 0.2030163578 -0.8561477586 0.0000000000 0.0000000000 0.0000000000 1.0000000000
-0.2053270306 -0.1917687218 -0.9597216095 -6.9720931794 0.9768237329 -0.1007409541 -0.1888561753 -25.0258173673 -0.0604665633 -0.9762561229 0.2080090797 -0.8795412501 0.0000000000 0.0000000000 0.0000000000 1.0000000000
-0.1990700053 -0.2009451541 -0.9591622272 -6.9891163589 0.9768041417 -0.1194847308 -0.1776993748 -25.0393098067 -0.0788974122 -0.9722882516 0.2200698848 -0.9010875419 0.0000000000 0.0000000000 0.0000000000 1.0000000000
-0.1887392403 -0.2159461827 -0.9579899505 -7.0051686690 0.9769174072 -0.1406741982 -0.1607580466 -25.0523646935 -0.1000493817 -0.9662184102 0.2375123262 -0.9180048994 0.0000000000 0.0000000000 0.0000000000 1.0000000000
-0.2022688466 -0.2222785370 -0.9537712334 -7.0201429220 0.9729944670 -0.1562118757 -0.1699400398 -25.0669589032 -0.1112163700 -0.9623877087 0.2478725826 -0.9273100181 0.0000000000 0.0000000000 0.0000000000 1.0000000000
-0.2106448660 -0.2128154796 -0.9541165086 -7.0349317417 0.9709646593 -0.1587544059 -0.1789543771 -25.0816526769 -0.1133859379 -0.9641092315 0.2400771102 -0.9271141138 0.0000000000 0.0000000000 0.0000000000 1.0000000000
-0.2399323253 -0.1971577793 -0.9505584092 -7.0506963110 0.9654278307 -0.1512273340 -0.2123190927 -25.0978913572 -0.1018900532 -0.9686377566 0.2266259331 -0.9218044957 0.0000000000 0.0000000000 0.0000000000 1.0000000000
-0.2676715605 -0.1838393234 -0.9458091979 -7.0685517542 0.9588798069 -0.1469483989 -0.2428079157 -25.1137994099 -0.0943475044 -0.9719101148 0.2156137222 -0.9187165048 0.0000000000 0.0000000000 0.0000000000 1.0000000000
-0.2821983573 -0.1751775057 -0.9432268702 -7.0884167635 0.9549454544 -0.1454620668 -0.2586889371 -25.1282882393 -0.0918872473 -0.9737318053 0.2083341191 -0.9205059510 0.0000000000 0.0000000000 0.0000000000 1.0000000000
-0.3083470288 -0.1620969854 -0.9373615509 -7.1094864420 0.9479389827 -0.1347961940 -0.2885163274 -25.1430067170 -0.0795851426 -0.9775247073 0.1952220574 -0.9259623103 0.0000000000 0.0000000000 0.0000000000 1.0000000000
-0.3359119218 -0.1479484357 -0.9302012907 -7.1311646764 0.9398481912 -0.1176952633 -0.3206761644 -25.1566423032 -0.0620367489 -0.9819669472 0.1785843118 -0.9322501961 0.0000000000 0.0000000000 0.0000000000 1.0000000000
-0.3625465958 -0.1418368542 -0.9211092621 -7.1532366804 0.9308117134 -0.1042759872 -0.3503085392 -25.1678284530 -0.0463629164 -0.9843824588 0.1698283095 -0.9381433526 0.0000000000 0.0000000000 0.0000000000 1.0000000000
-0.3813708186 -0.1443229741 -0.9130866212 -7.1758705817 0.9236668846 -0.0994109527 -0.3700769497 -25.1757709129 -0.0373602049 -0.9845244241 0.1712187883 -0.9448247731 0.0000000000 0.0000000000 0.0000000000 1.0000000000
-0.3830949391 -0.1563040738 -0.9103885457 -7.1992467025 0.9230949268 -0.1007126154 -0.3711505425 -25.1799589260 -0.0336752697 -0.9825609424 0.1828659908 -0.9533749655 0.0000000000 0.0000000000 0.0000000000 1.0000000000
-0.3765515177 -0.1759707085 -0.9095291443 -7.2233227734 0.9258022443 -0.1066170167 -0.3626610211 -25.1812185834 -0.0331535671 -0.9786046809 0.2030608763 -0.9640901709 0.0000000000 0.0000000000 0.0000000000 1.0000000000
-0.3798708664 -0.1967690497 -0.9038694961 -7.2486218763 0.9244618787 -0.1152792830 -0.3634293903 -25.1812297700 -0.0326857716 -0.9736491298 0.2256967265 -0.9774519955 0.0000000000 0.0000000000 0.0000000000 1.0000000000
-0.4012068679 -0.2125803830 -0.8909784677 -7.2752751366 0.9156273431 -0.1203476981 -0.3835922316 -25.1812218718 -0.0256830241 -0.9697040849 0.2429287343 -0.9924073092 0.0000000000 0.0000000000 0.0000000000 1.0000000000
-0.4269436911 -0.2221909763 -0.8765559051 -7.3028670181 0.9040292554 -0.1276201633 -0.4079757337 -25.1805756820 -0.0212176812 -0.9666148478 0.2553537664 -1.0062139105 0.0000000000 0.0000000000 0.0000000000 1.0000000000
-0.4420400906 -0.2230563840 -0.8688189730 -7.3305423041 0.8966024739 -0.1385363870 -0.4206086937 -25.1785242320 -0.0265435872 -0.9649111457 0.2612315428 -1.0162054728 0.0000000000 0.0000000000 0.0000000000 1.0000000000
-0.4309688341 -0.2204820111 -0.8750163123 -7.3578172061 0.9015630021 -0.1461281101 -0.4072231927 -25.1747882929 -0.0380790915 -0.9643828380 0.2617550851 -1.0218796650 0.0000000000 0.0000000000 0.0000000000 1.0000000000
-0.4197371531 -0.2236144955 -0.8796688466 -7.3828125399 0.9064771786 -0.1524395474 -0.3937782487 -25.1712989974 -0.0460417965 -0.9626830952 0.2666859786 -1.0226012193 0.0000000000 0.0000000000 0.0000000000 1.0000000000
-0.4088044677 -0.2285613972 -0.8835375458 -7.4045139958 0.9107287318 -0.1644986329 -0.3788315943 -25.1673576124 -0.0587544399 -0.9595310769 0.2754052074 -1.0186020265 0.0000000000 0.0000000000 0.0000000000 1.0000000000
-0.4221249741 -0.2300632933 -0.8768588184 -7.4223853881 0.9036430102 -0.1840211513 -0.3867370243 -25.1639229120 -0.0723865758 -0.9556186985 0.2855750107 -1.0132745000 0.0000000000 0.0000000000 0.0000000000 1.0000000000
-0.4387372024 -0.2359750909 -0.8670786721 -7.4369235709 0.8942274552 -0.2098878286 -0.3953534594 -25.1594655154 -0.0886956912 -0.9488218251 0.3031010038 -1.0095542734 0.0000000000 0.0000000000 0.0000000000 1.0000000000
-0.4396460562 -0.2485257884 -0.8631027041 -7.4487223165 0.8905502357 -0.2455347785 -0.3829268209 -25.1535159501 -0.1167545412 -0.9369885832 0.3292730965 -1.0088560059 0.0000000000 0.0000000000 0.0000000000 1.0000000000
-0.4426844007 -0.2695981464 -0.8551884943 -7.4577225879 0.8851649591 -0.2837285404 -0.3687561667 -25.1482993756 -0.1432254043 -0.9202254913 0.3642410311 -1.0117348402 0.0000000000 0.0000000000 0.0000000000 1.0000000000
-0.4610859254 -0.2958451908 -0.8365855560 -7.4639341049 0.8732468960 -0.3187332621 -0.3685769474 -25.1454226944 -0.1576059260 -0.9004913829 0.4053093157 -1.0181467691 0.0000000000 0.0000000000 0.0000000000 1.0000000000
-0.4785027913 -0.3239877883 -0.8161292739 -7.4684657379 0.8620181797 -0.3503137545 -0.3663399122 -25.1445031152 -0.1672116522 -0.8788129417 0.4469094728 -1.0283864141 0.0000000000 0.0000000000 0.0000000000 1.0000000000
-0.4903310063 -0.3503312822 -0.7980247471 -7.4723868149 0.8554188059 -0.3687341725 -0.3637221146 -25.1467075909 -0.1668357600 -0.8609896067 0.4804817649 -1.0428490398 0.0000000000 0.0000000000 0.0000000000 1.0000000000
-0.4895886738 -0.3732329364 -0.7880355993 -7.4773646559 0.8562741995 -0.3764136283 -0.3537050689 -25.1526977976 -0.1646129576 -0.8479445475 0.5038775829 -1.0612600156 0.0000000000 0.0000000000 0.0000000000 1.0000000000
-0.4783541997 -0.3970733867 -0.7832687822 -7.4839932177 0.8633747627 -0.3756698418 -0.3368325832 -25.1626257697 -0.1605032049 -0.8373797797 0.5225263876 -1.0828735263 0.0000000000 0.0000000000 0.0000000000 1.0000000000
-0.4665559433 -0.4233501877 -0.7765952423 -7.4914951680 0.8718727332 -0.3679084559 -0.3232356805 -25.1763335004 -0.1488740705 -0.8278997443 0.5407573620 -1.1063241845 0.0000000000 0.0000000000 0.0000000000 1.0000000000
-0.4474919187 -0.4473586232 -0.7743521453 -7.4996037145 0.8826837043 -0.3599864483 -0.3021245360 -25.1916484339 -0.1435982621 -0.8187063083 0.5559671931 -1.1295465590 0.0000000000 0.0000000000 0.0000000000 1.0000000000
-0.4353234627 -0.4730127036 -0.7659976926 -7.5071995493 0.8890520165 -0.3597964731 -0.2830777454 -25.2079297318 -0.1417038986 -0.8042421776 0.5771607444 -1.1495621203 0.0000000000 0.0000000000 0.0000000000 1.0000000000
-0.4250017762 -0.4904168103 -0.7608316781 -7.5135885380 0.8939284799 -0.3595784470 -0.2675728187 -25.2240521133 -0.1423564650 -0.7938480287 0.5912190324 -1.1632708633 0.0000000000 0.0000000000 0.0000000000 1.0000000000
-0.4274014018 -0.5016473015 -0.7521157003 -7.5187174344 0.8939544180 -0.3585589120 -0.2688512695 -25.2404292537 -0.1348092733 -0.7872645626 0.6016984031 -1.1702662535 0.0000000000 0.0000000000 0.0000000000 1.0000000000
-0.4314135032 -0.5076510600 -0.7457699314 -7.5245683778 0.8942852476 -0.3495890125 -0.2793589417 -25.2577826039 -0.1188961110 -0.7874502674 0.6048022744 -1.1707186887 0.0000000000 0.0000000000 0.0000000000 1.0000000000
-0.4143598479 -0.5080866009 -0.7550853742 -7.5336567856 0.9033795758 -0.3303483607 -0.2734507315 -25.2756292045 -0.1105045629 -0.7954357086 0.5958781545 -1.1682044311 0.0000000000 0.0000000000 0.0000000000 1.0000000000
-0.4021802174 -0.5067359171 -0.7625416599 -7.5456538090 0.9104726819 -0.3090400158 -0.2748340665 -25.2947560554 -0.0963875939 -0.8048061747 0.5856589902 -1.1658837777 0.0000000000 0.0000000000 0.0000000000 1.0000000000
-0.3886982143 -0.4995950771 -0.7741566102 -7.5611085444 0.9173291141 -0.2884010308 -0.2744670142 -25.3140203005 -0.0861451953 -0.8168412357 0.5703940751 -1.1653663674 0.0000000000 0.0000000000 0.0000000000 1.0000000000
-0.3799722852 -0.4856745029 -0.7872365208 -7.5797602000 0.9220601038 -0.2666481229 -0.2805422315 -25.3331352371 -0.0736629317 -0.8324776609 0.5491399791 -1.1666158302 0.0000000000 0.0000000000 0.0000000000 1.0000000000
-0.3701174257 -0.4670195856 -0.8030602704 -7.6009672655 0.9265728150 -0.2478370004 -0.2829127777 -25.3504688867 -0.0669022404 -0.8488047643 0.5244564447 -1.1685313040 0.0000000000 0.0000000000 0.0000000000 1.0000000000
-0.3728472667 -0.4446823784 -0.8143970150 -7.6235320895 0.9259814435 -0.2346194457 -0.2958244108 -25.3659730869 -0.0595254737 -0.8644138465 0.4992448497 -1.1707616292 0.0000000000 0.0000000000 0.0000000000 1.0000000000
-0.3712084085 -0.4196961627 -0.8282870568 -7.6473379326 0.9266251752 -0.2248350598 -0.3013552399 -25.3787691133 -0.0597503321 -0.8793772381 0.4723616950 -1.1738933370 0.0000000000 0.0000000000 0.0000000000 1.0000000000
-0.3744775153 -0.3939184342 -0.8394014878 -7.6718859598 0.9253763583 -0.2160759217 -0.3114318409 -25.3901142669 -0.0586957070 -0.8933865139 0.4454383804 -1.1785959802 0.0000000000 0.0000000000 0.0000000000 1.0000000000
-0.3769318937 -0.3714100153 -0.8485145538 -7.6971488016 0.9245055639 -0.2069127383 -0.3201196355 -25.4002716984 -0.0566728310 -0.9051197265 0.4213626359 -1.1857148514 0.0000000000 0.0000000000 0.0000000000 1.0000000000
-0.3706695694 -0.3531597443 -0.8590007365 -7.7232850255 0.9270351005 -0.1971035091 -0.3189923652 -25.4088867717 -0.0566567973 -0.9145645968 0.4004517519 -1.1965632795 0.0000000000 0.0000000000 0.0000000000 1.0000000000
-0.3647149010 -0.3390740442 -0.8671861586 -7.7496914597 0.9294029348 -0.1890907246 -0.3169461827 -25.4164450795 -0.0565086351 -0.9215603564 0.3841006166 -1.2114431573 0.0000000000 0.0000000000 0.0000000000 1.0000000000
-0.3562285530 -0.3309109123 -0.8738416253 -7.7759404058 0.9324851516 -0.1857199321 -0.3098056630 -25.4224667577 -0.0597717327 -0.9252059635 0.3747282549 -1.2300004762 0.0000000000 0.0000000000 0.0000000000 1.0000000000
-0.3463010461 -0.3245049950 -0.8802113915 -7.8018536926 0.9359620032 -0.1831675694 -0.3007071167 -25.4271017920 -0.0636452197 -0.9279796063 0.3671554661 -1.2504960637 0.0000000000 0.0000000000 0.0000000000 1.0000000000
-0.3384913071 -0.3171930617 -0.8858962674 -7.8273265397 0.9384967093 -0.1820121901 -0.2934203287 -25.4305995808 -0.0681730275 -0.9307309623 0.3592941888 -1.2718142758 0.0000000000 0.0000000000 0.0000000000 1.0000000000
-0.3379801883 -0.3094178074 -0.8888363251 -7.8523921454 0.9384723317 -0.1820316153 -0.2934862412 -25.4335833925 -0.0709864427 -0.9333408335 0.3519031308 -1.2941093606 0.0000000000 0.0000000000 0.0000000000 1.0000000000
-0.3293089965 -0.3096478567 -0.8920054875 -7.8771091185 0.9408895003 -0.1869147189 -0.2824709474 -25.4354029676 -0.0792624315 -0.9322988216 0.3528971156 -1.3162719866 0.0000000000 0.0000000000 0.0000000000 1.0000000000
-0.3107994951 -0.3122613269 -0.8977174040 -7.9011252675 0.9458136592 -0.1950371880 -0.2596093554 -25.4366842067 -0.0940223163 -0.9297598394 0.3559584878 -1.3344096416 0.0000000000 0.0000000000 0.0000000000 1.0000000000
-0.2821654403 -0.3106743032 -0.9076696214 -7.9245409471 0.9531710993 -0.1981273179 -0.2284959986 -25.4379013795 -0.1088463124 -0.9296381249 0.3520304490 -1.3462615169 0.0000000000 0.0000000000 0.0000000000 1.0000000000
-0.2579370011 -0.2988581015 -0.9187776329 -7.9477955605 0.9589685082 -0.1950174944 -0.2057852698 -25.4400202747 -0.1176771169 -0.9341584513 0.3368977354 -1.3513227923 0.0000000000 0.0000000000 0.0000000000 1.0000000000
-0.2496434058 -0.2795725474 -0.9271015914 -7.9716738273 0.9608701642 -0.1901937177 -0.2013824158 -25.4432693078 -0.1200279034 -0.9410980504 0.3161135270 -1.3540181979 0.0000000000 0.0000000000 0.0000000000 1.0000000000
-0.2418801132 -0.2623322828 -0.9341711750 -7.9968154821 0.9616880215 -0.1928458344 -0.1948502848 -25.4467368396 -0.1290354997 -0.9455116380 0.2989273863 -1.3593537331 0.0000000000 0.0000000000 0.0000000000 1.0000000000
-0.2262851889 -0.2490459725 -0.9416852536 -8.0232091684 0.9638930982 -0.1965751848 -0.1796337716 -25.4506728980 -0.1403748854 -0.9483323786 0.2845357468 -1.3691442015 0.0000000000 0.0000000000 0.0000000000 1.0000000000
-0.1987667138 -0.2351920811 -0.9514076300 -8.0504593160 0.9686058291 -0.1950446632 -0.1541438525 -25.4553643656 -0.1493135673 -0.9521776433 0.2665768074 -1.3834883548 0.0000000000 0.0000000000 0.0000000000 1.0000000000
-0.1738345665 -0.2205527665 -0.9597593556 -8.0773513441 0.9723838496 -0.1925611517 -0.1318705876 -25.4612817720 -0.1557279439 -0.9561781633 0.2479357324 -1.4023518178 0.0000000000 0.0000000000 0.0000000000 1.0000000000
-0.1538633067 -0.2112199735 -0.9652524051 -8.1025462654 0.9742028676 -0.1956462874 -0.1124780113 -25.4677890015 -0.1650904469 -0.9576578998 0.2358738886 -1.4253733309 0.0000000000 0.0000000000 0.0000000000 1.0000000000
-0.1376631214 -0.2118866302 -0.9675499579 -8.1250360767 0.9740388909 -0.2062016974 -0.0934296472 -25.4743967048 -0.1797139506 -0.9552931047 0.2347721876 -1.4514307839 0.0000000000 0.0000000000 0.0000000000 1.0000000000
-0.1339923374 -0.2235231815 -0.9654446855 -8.1447344197 0.9713478589 -0.2225949267 -0.0832756605 -25.4815154174 -0.1962890484 -0.9489409286 0.2469447783 -1.4780232559 0.0000000000 0.0000000000 0.0000000000 1.0000000000
-0.1373991682 -0.2365885215 -0.9618457985 -8.1625459288 0.9671624378 -0.2416621225 -0.0787161833 -25.4889519497 -0.2138183518 -0.9410766653 0.2620237058 -1.5032660579 0.0000000000 0.0000000000 0.0000000000 1.0000000000
-0.1425927407 -0.2526741717 -0.9569864541 -8.1797248877 0.9624734218 -0.2609459828 -0.0745124581 -25.4962110372 -0.2308943972 -0.9316989627 0.2804011775 -1.5255580021 0.0000000000 0.0000000000 0.0000000000 1.0000000000
-0.1265176421 -0.2675573115 -0.9551996500 -8.1981187093 0.9599983187 -0.2755087558 -0.0499815318 -25.5017777419 -0.2497929429 -0.9233136036 0.2917112874 -1.5433236666 0.0000000000 0.0000000000 0.0000000000 1.0000000000
-0.1002250528 -0.2645294169 -0.9591554235 -8.2197388804 0.9583274607 -0.2848559522 -0.0215769424 -25.5064147598 -0.2675133955 -0.9213475316 0.2820555072 -1.5549852669 0.0000000000 0.0000000000 0.0000000000 1.0000000000
-0.1004643220 -0.2440475869 -0.9645453309 -8.2452355241 0.9569003564 -0.2892054413 -0.0264937838 -25.5119181078 -0.2724860140 -0.9256354510 0.2625840514 -1.5614050453 0.0000000000 0.0000000000 0.0000000000 1.0000000000
-0.1005581851 -0.2208371019 -0.9701128933 -8.2743007819 0.9551739890 -0.2943090552 -0.0320129793 -25.5166043092 -0.2784433555 -0.9298457692 0.2405330400 -1.5666115016 0.0000000000 0.0000000000 0.0000000000 1.0000000000
-0.0795369857 -0.2044136493 -0.9756479529 -8.3054975276 0.9543823124 -0.2981936996 -0.0153270757 -25.5193839965 -0.2877990091 -0.9323602187 0.2188061993 -1.5732476393 0.0000000000 0.0000000000 0.0000000000 1.0000000000
-0.0767193018 -0.1917191621 -0.9784466831 -8.3367824951 0.9551529702 -0.2956263179 -0.0169671371 -25.5229061230 -0.2860016649 -0.9358679624 0.2058013718 -1.5829045037 0.0000000000 0.0000000000 0.0000000000 1.0000000000
-0.0742014199 -0.1832735651 -0.9802575935 -8.3664665170 0.9584455728 -0.2846193617 -0.0193365677 -25.5264815522 -0.2754564089 -0.9409583515 0.1967768979 -1.5981949963 0.0000000000 0.0000000000 0.0000000000 1.0000000000
-0.0673514561 -0.1834264044 -0.9807234756 -8.3937186446 0.9615042616 -0.2743959671 -0.0147108199 -25.5296140912 -0.2664082137 -0.9439605963 0.1948462374 -1.6208867085 0.0000000000 0.0000000000 0.0000000000 1.0000000000
-0.0697925078 -0.1964332665 -0.9780301517 -8.4187498416 0.9635631862 -0.2670529171 -0.0151236793 -25.5327121581 -0.2582150113 -0.9434493687 0.2079141569 -1.6502559383 0.0000000000 0.0000000000 0.0000000000 1.0000000000
-0.0657205801 -0.2109732172 -0.9752800147 -8.4428258919 0.9663330305 -0.2571191786 -0.0094974847 -25.5346413296 -0.2487594814 -0.9430694723 0.2207684099 -1.6827940028 0.0000000000 0.0000000000 0.0000000000 1.0000000000
-0.0772509657 -0.2222322910 -0.9719285453 -8.4669257037 0.9681327299 -0.2496483962 -0.0198669473 -25.5364043457 -0.2382253254 -0.9424905767 0.2344359343 -1.7106527255 0.0000000000 0.0000000000 0.0000000000 1.0000000000
-0.0643161282 -0.2176820819 -0.9738983247 -8.4924114346 0.9678689528 -0.2513359867 -0.0077402770 -25.5361098889 -0.2430907768 -0.9431037764 0.2268526862 -1.7282971149 0.0000000000 0.0000000000 0.0000000000 1.0000000000
-0.0717143555 -0.2070150304 -0.9757058104 -8.5189451986 0.9663646859 -0.2566408309 -0.0165764219 -25.5371954465 -0.2469743814 -0.9440764064 0.2184568466 -1.7342488234 0.0000000000 0.0000000000 0.0000000000 1.0000000000
-0.0691662562 -0.1968833141 -0.9779841459 -8.5458721102 0.9653761109 -0.2603796220 -0.0158561349 -25.5391592755 -0.2515253339 -0.9452192408 0.2080759317 -1.7326570331 0.0000000000 0.0000000000 0.0000000000 1.0000000000
-0.0717718849 -0.1859004977 -0.9799437747 -8.5726765877 0.9653476465 -0.2600914855 -0.0213621273 -25.5440280218 -0.2509038020 -0.9475196167 0.1981258641 -1.7295671461 0.0000000000 0.0000000000 0.0000000000 1.0000000000
-0.0834183183 -0.1755479788 -0.9809303193 -8.5992437960 0.9652990607 -0.2586821099 -0.0357951039 -25.5525231033 -0.2474653665 -0.9498770832 0.1910351256 -1.7302254735 0.0000000000 0.0000000000 0.0000000000 1.0000000000
-0.0833613801 -0.1658118176 -0.9826277634 -8.6259010392 0.9664451292 -0.2538723024 -0.0391492825 -25.5633696569 -0.2429705590 -0.9529193540 0.1814111690 -1.7377407712 0.0000000000 0.0000000000 0.0000000000 1.0000000000
-0.0669001954 -0.1531523841 -0.9859354498 -8.6528518679 0.9692919858 -0.2443343601 -0.0278166624 -25.5758172208 -0.2366377190 -0.9575202701 0.1647953950 -1.7523942691 0.0000000000 0.0000000000 0.0000000000 1.0000000000
-0.0386148470 -0.1384949143 -0.9896100506 -8.6800054425 0.9729110531 -0.2311114553 -0.0056194360 -25.5893749189 -0.2279319557 -0.9630195501 0.1436675664 -1.7721945739 0.0000000000 0.0000000000 0.0000000000 1.0000000000
-0.0132288669 -0.1247704816 -0.9920974367 -8.7073959515 0.9758591437 -0.2179259426 0.0143949713 -25.6044786756 -0.2179998366 -0.9679569259 0.1246413287 -1.7947923318 0.0000000000 0.0000000000 0.0000000000 1.0000000000
0.0086086348 -0.1110556768 -0.9937769006 -8.7349182184 0.9775185561 -0.2084434559 0.0317615848 -25.6207999791 -0.2106735958 -0.9717087848 0.1067645712 -1.8187822247 0.0000000000 0.0000000000 0.0000000000 1.0000000000
0.0184568754 -0.1027192833 -0.9945391358 -8.7620550779 0.9780983862 -0.2044062697 0.0392635183 -25.6383353315 -0.2073231552 -0.9734818056 0.0966968642 -1.8423947048 0.0000000000 0.0000000000 0.0000000000 1.0000000000
0.0443025751 -0.1042238695 -0.9935666394 -8.7883485267 0.9758765042 -0.2083085559 0.0653650830 -25.6544901807 -0.2137810337 -0.9724941802 0.0924810200 -1.8611639514 0.0000000000 0.0000000000 0.0000000000 1.0000000000
0.0657940066 -0.1036332543 -0.9924370495 -8.8141322299 0.9739356267 -0.2096979821 0.0864647399 -25.6701702351 -0.2170726691 -0.9722586615 0.0871352480 -1.8726166835 0.0000000000 0.0000000000 0.0000000000 1.0000000000
