frame_index,raw_image_timestamp,raw_image_name,gt_trajectory_index,gt_trajectory_timestamp,abs_time_gap_s
0,1710255656.947838783,cam0/1710255656.947838739.jpg,23,1710255656.947838783,0.000000000
1,1710255656.997838736,cam0/1710255656.997838739.jpg,25,1710255656.997838736,0.000000000
2,1710255657.047838688,cam0/1710255657.047838639.jpg,26,1710255657.047838688,0.000000000
3,1710255657.097838640,cam0/1710255657.097838539.jpg,27,1710255657.097838640,0.000000000
4,1710255657.147838593,cam0/1710255657.147838539.jpg,28,1710255657.147838593,0.000000000
5,1710255657.197838545,cam0/1710255657.197838539.jpg,30,1710255657.197838545,0.000000000
6,1710255657.247838497,cam0/1710255657.247838539.jpg,31,1710255657.247838497,0.000000000
7,1710255657.297838449,cam0/1710255657.297838439.jpg,33,1710255657.297838449,0.000000000
8,1710255657.397838354,cam0/1710255657.397838339.jpg,35,1710255657.397838354,0.000000000
9,1710255657.447838306,cam0/1710255657.447838339.jpg,36,1710255657.447838306,0.000000000
10,1710255657.497838259,cam0/1710255657.497838239.jpg,38,1710255657.497838259,0.000000000
11,1710255657.547838211,cam0/1710255657.547838239.jpg,39,1710255657.547838211,0.000000000
12,1710255657.597838163,cam0/1710255657.597838139.jpg,40,1710255657.597838163,0.000000000
13,1710255657.647838116,cam0/1710255657.647838139.jpg,41,1710255657.647838116,0.000000000
14,1710255657.697838068,cam0/1710255657.697838139.jpg,43,1710255657.697838068,0.000000000
15,1710255657.747838020,cam0/1710255657.747838139.jpg,44,1710255657.747838020,0.000000000
16,1710255657.797837973,cam0/1710255657.797838039.jpg,46,1710255657.797837973,0.000000000
17,1710255657.847837925,cam0/1710255657.847837939.jpg,47,1710255657.847837925,0.000000000
18,1710255657.897788763,cam0/1710255657.897788819.jpg,48,1710255657.897788763,0.000000000
19,1710255657.947788715,cam0/1710255657.947788719.jpg,49,1710255657.947788715,0.000000000
20,1710255657.997788668,cam0/1710255657.997788719.jpg,51,1710255657.997788668,0.000000000
21,1710255658.047788620,cam0/1710255658.047788619.jpg,52,1710255658.047788620,0.000000000
22,1710255658.097788572,cam0/1710255658.097788619.jpg,53,1710255658.097788572,0.000000000
23,1710255658.147788525,cam0/1710255658.147788519.jpg,54,1710255658.147788525,0.000000000
24,1710255658.197788715,cam0/1710255658.197788619.jpg,56,1710255658.197788715,0.000000000
25,1710255658.247788429,cam0/1710255658.247788519.jpg,57,1710255658.247788429,0.000000000
26,1710255658.297788620,cam0/1710255658.297788519.jpg,59,1710255658.297788620,0.000000000
27,1710255658.347788334,cam0/1710255658.347788419.jpg,60,1710255658.347788334,0.000000000
28,1710255658.397788525,cam0/1710255658.397788419.jpg,62,1710255658.397788525,0.000000000
29,1710255658.447788239,cam0/1710255658.447788319.jpg,63,1710255658.447788239,0.000000000
30,1710255658.497788191,cam0/1710255658.497788219.jpg,64,1710255658.497788191,0.000000000
31,1710255658.547788143,cam0/1710255658.547788219.jpg,65,1710255658.547788143,0.000000000
32,1710255658.597788095,cam0/1710255658.597788119.jpg,67,1710255658.597788095,0.000000000
33,1710255658.647788048,cam0/1710255658.647788119.jpg,68,1710255658.647788048,0.000000000
34,1710255658.697788000,cam0/1710255658.697788119.jpg,70,1710255658.697788000,0.000000000
35,1710255658.747788191,cam0/1710255658.747788119.jpg,71,1710255658.747788191,0.000000000
36,1710255658.797787905,cam0/1710255658.797788019.jpg,73,1710255658.797787905,0.000000000
37,1710255658.847788095,cam0/1710255658.847788019.jpg,74,1710255658.847788095,0.000000000
38,1710255658.897787809,cam0/1710255658.897787919.jpg,75,1710255658.897787809,0.000000000
39,1710255658.947788000,cam0/1710255658.947787919.jpg,76,1710255658.947788000,0.000000000
40,1710255658.997787714,cam0/1710255658.997787819.jpg,77,1710255658.997787714,0.000000000
41,1710255659.047787905,cam0/1710255659.047787819.jpg,78,1710255659.047787905,0.000000000
42,1710255659.097787619,cam0/1710255659.097787719.jpg,80,1710255659.097787619,0.000000000
43,1710255659.147787809,cam0/1710255659.147787719.jpg,81,1710255659.147787809,0.000000000
44,1710255659.197787762,cam0/1710255659.197787719.jpg,82,1710255659.197787762,0.000000000
45,1710255659.247787714,cam0/1710255659.247787619.jpg,83,1710255659.247787714,0.000000000
46,1710255659.297787666,cam0/1710255659.297787619.jpg,85,1710255659.297787666,0.000000000
47,1710255659.347787619,cam0/1710255659.347787519.jpg,86,1710255659.347787619,0.000000000
48,1710255659.397787571,cam0/1710255659.397787519.jpg,87,1710255659.397787571,0.000000000
49,1710255659.447787523,cam0/1710255659.447787419.jpg,88,1710255659.447787523,0.000000000
50,1710255659.497787476,cam0/1710255659.497787419.jpg,89,1710255659.497787476,0.000000000
51,1710255659.547787428,cam0/1710255659.547787319.jpg,90,1710255659.547787428,0.000000000
52,1710255659.597787380,cam0/1710255659.597787319.jpg,92,1710255659.597787380,0.000000000
53,1710255659.647787333,cam0/1710255659.647787219.jpg,93,1710255659.647787333,0.000000000
54,1710255659.697787285,cam0/1710255659.697787319.jpg,95,1710255659.697787285,0.000000000
55,1710255659.747787237,cam0/1710255659.747787219.jpg,96,1710255659.747787237,0.000000000
56,1710255659.797787189,cam0/1710255659.797787219.jpg,98,1710255659.797787189,0.000000000
57,1710255659.847787142,cam0/1710255659.847787119.jpg,99,1710255659.847787142,0.000000000
58,1710255659.897787094,cam0/1710255659.897787119.jpg,100,1710255659.897787094,0.000000000
59,1710255659.947787046,cam0/1710255659.947787019.jpg,101,1710255659.947787046,0.000000000
60,1710255659.997786999,cam0/1710255659.997786919.jpg,103,1710255659.997786999,0.000000000
61,1710255660.047786951,cam0/1710255660.047786919.jpg,104,1710255660.047786951,0.000000000
62,1710255660.097786903,cam0/1710255660.097786819.jpg,106,1710255660.097786903,0.000000000
63,1710255660.147786856,cam0/1710255660.147786819.jpg,107,1710255660.147786856,0.000000000
64,1710255660.197786808,cam0/1710255660.197786819.jpg,109,1710255660.197786808,0.000000000
65,1710255660.247786760,cam0/1710255660.247786819.jpg,110,1710255660.247786760,0.000000000
66,1710255660.297786713,cam0/1710255660.297786719.jpg,112,1710255660.297786713,0.000000000
67,1710255660.347786665,cam0/1710255660.347786719.jpg,113,1710255660.347786665,0.000000000
68,1710255660.397786617,cam0/1710255660.397786619.jpg,114,1710255660.397786617,0.000000000
69,1710255660.447786570,cam0/1710255660.447786619.jpg,115,1710255660.447786570,0.000000000
70,1710255660.497786522,cam0/1710255660.497786519.jpg,117,1710255660.497786522,0.000000000
71,1710255660.547786474,cam0/1710255660.547786519.jpg,118,1710255660.547786474,0.000000000
72,1710255660.597786427,cam0/1710255660.597786419.jpg,120,1710255660.597786427,0.000000000
73,1710255660.647786379,cam0/1710255660.647786319.jpg,121,1710255660.647786379,0.000000000
74,1710255660.697786331,cam0/1710255660.697786419.jpg,123,1710255660.697786331,0.000000000
75,1710255660.747786283,cam0/1710255660.747786319.jpg,124,1710255660.747786283,0.000000000
76,1710255660.797786236,cam0/1710255660.797786319.jpg,125,1710255660.797786236,0.000000000
77,1710255660.847786188,cam0/1710255660.847786219.jpg,126,1710255660.847786188,0.000000000
78,1710255660.897786140,cam0/1710255660.897786219.jpg,128,1710255660.897786140,0.000000000
79,1710255660.947786093,cam0/1710255660.947786119.jpg,129,1710255660.947786093,0.000000000
80,1710255660.997786045,cam0/1710255660.997786119.jpg,131,1710255660.997786045,0.000000000
81,1710255661.047785997,cam0/1710255661.047786019.jpg,132,1710255661.047785997,0.000000000
82,1710255661.097785950,cam0/1710255661.097786019.jpg,134,1710255661.097785950,0.000000000
83,1710255661.147785902,cam0/1710255661.147785919.jpg,135,1710255661.147785902,0.000000000
84,1710255661.197786093,cam0/1710255661.197786019.jpg,137,1710255661.197786093,0.000000000
85,1710255661.247785807,cam0/1710255661.247785919.jpg,138,1710255661.247785807,0.000000000
86,1710255661.297785997,cam0/1710255661.297785919.jpg,140,1710255661.297785997,0.000000000
87,1710255661.347785711,cam0/1710255661.347785819.jpg,141,1710255661.347785711,0.000000000
88,1710255661.397785664,cam0/1710255661.397785719.jpg,143,1710255661.397785664,0.000000000
89,1710255661.447785616,cam0/1710255661.447785719.jpg,144,1710255661.447785616,0.000000000
90,1710255661.497785568,cam0/1710255661.497785619.jpg,146,1710255661.497785568,0.000000000
91,1710255661.547785521,cam0/1710255661.547785619.jpg,147,1710255661.547785521,0.000000000
92,1710255661.597785473,cam0/1710255661.597785519.jpg,149,1710255661.597785473,0.000000000
93,1710255661.647785425,cam0/1710255661.647785519.jpg,150,1710255661.647785425,0.000000000
94,1710255661.697785616,cam0/1710255661.697785519.jpg,152,1710255661.697785616,0.000000000
95,1710255661.747785568,cam0/1710255661.747785519.jpg,153,1710255661.747785568,0.000000000
96,1710255661.797785521,cam0/1710255661.797785419.jpg,155,1710255661.797785521,0.000000000
97,1710255661.847785473,cam0/1710255661.847785419.jpg,156,1710255661.847785473,0.000000000
98,1710255661.897772551,cam0/1710255661.897772608.jpg,158,1710255661.897772551,0.000000000
99,1710255661.947772503,cam0/1710255661.947772408.jpg,159,1710255661.947772503,0.000000000
100,1710255661.997772217,cam0/1710255661.997772308.jpg,161,1710255661.997772217,0.000000000
101,1710255662.047772169,cam0/1710255662.047772108.jpg,162,1710255662.047772169,0.000000000
102,1710255662.097771883,cam0/1710255662.097771908.jpg,163,1710255662.097771883,0.000000000
103,1710255662.147771597,cam0/1710255662.147771708.jpg,164,1710255662.147771597,0.000000000
104,1710255662.197771549,cam0/1710255662.197771608.jpg,166,1710255662.197771549,0.000000000
105,1710255662.247771502,cam0/1710255662.247771508.jpg,167,1710255662.247771502,0.000000000
106,1710255662.297771215,cam0/1710255662.297771308.jpg,169,1710255662.297771215,0.000000000
107,1710255662.347771168,cam0/1710255662.347771108.jpg,170,1710255662.347771168,0.000000000
108,1710255662.397770882,cam0/1710255662.397770908.jpg,172,1710255662.397770882,0.000000000
109,1710255662.447770596,cam0/1710255662.447770708.jpg,173,1710255662.447770596,0.000000000
110,1710255662.497770548,cam0/1710255662.497770608.jpg,175,1710255662.497770548,0.000000000
111,1710255662.547770500,cam0/1710255662.547770408.jpg,176,1710255662.547770500,0.000000000
112,1710255662.597770214,cam0/1710255662.597770208.jpg,178,1710255662.597770214,0.000000000
113,1710255662.647769928,cam0/1710255662.647770008.jpg,179,1710255662.647769928,0.000000000
114,1710255662.697770119,cam0/1710255662.697770008.jpg,181,1710255662.697770119,0.000000000
115,1710255662.747769833,cam0/1710255662.747769808.jpg,182,1710255662.747769833,0.000000000
116,1710255662.797769547,cam0/1710255662.797769608.jpg,184,1710255662.797769547,0.000000000
117,1710255662.847769499,cam0/1710255662.847769408.jpg,185,1710255662.847769499,0.000000000
118,1710255662.897769213,cam0/1710255662.897769208.jpg,187,1710255662.897769213,0.000000000
119,1710255662.947769165,cam0/1710255662.947769108.jpg,188,1710255662.947769165,0.000000000
120,1710255662.997768879,cam0/1710255662.997768908.jpg,190,1710255662.997768879,0.000000000
121,1710255663.047768593,cam0/1710255663.047768708.jpg,191,1710255663.047768593,0.000000000
122,1710255663.097768545,cam0/1710255663.097768508.jpg,193,1710255663.097768545,0.000000000
123,1710255663.147768259,cam0/1710255663.147768308.jpg,194,1710255663.147768259,0.000000000
124,1710255663.197768211,cam0/1710255663.197768308.jpg,196,1710255663.197768211,0.000000000
125,1710255663.247768164,cam0/1710255663.247768108.jpg,197,1710255663.247768164,0.000000000
126,1710255663.297767878,cam0/1710255663.297767908.jpg,199,1710255663.297767878,0.000000000
127,1710255663.347767591,cam0/1710255663.347767708.jpg,200,1710255663.347767591,0.000000000
128,1710255663.397767544,cam0/1710255663.397767608.jpg,202,1710255663.397767544,0.000000000
129,1710255663.447767496,cam0/1710255663.447767408.jpg,203,1710255663.447767496,0.000000000
130,1710255663.497767210,cam0/1710255663.497767208.jpg,205,1710255663.497767210,0.000000000
131,1710255663.547766924,cam0/1710255663.547767008.jpg,206,1710255663.547766924,0.000000000
132,1710255663.597766876,cam0/1710255663.597766808.jpg,208,1710255663.597766876,0.000000000
133,1710255663.647766590,cam0/1710255663.647766708.jpg,209,1710255663.647766590,0.000000000
134,1710255663.697766542,cam0/1710255663.697766608.jpg,211,1710255663.697766542,0.000000000
135,1710255663.747766495,cam0/1710255663.747766408.jpg,212,1710255663.747766495,0.000000000
136,1710255663.797766209,cam0/1710255663.797766208.jpg,214,1710255663.797766209,0.000000000
137,1710255663.847765923,cam0/1710255663.847766008.jpg,215,1710255663.847765923,0.000000000
138,1710255663.897765875,cam0/1710255663.897765908.jpg,217,1710255663.897765875,0.000000000
139,1710255663.947765827,cam0/1710255663.947765708.jpg,218,1710255663.947765827,0.000000000
140,1710255663.997765541,cam0/1710255663.997765508.jpg,220,1710255663.997765541,0.000000000
141,1710255664.047765255,cam0/1710255664.047765308.jpg,221,1710255664.047765255,0.000000000
142,1710255664.097765207,cam0/1710255664.097765208.jpg,223,1710255664.097765207,0.000000000
143,1710255664.147764921,cam0/1710255664.147765008.jpg,224,1710255664.147764921,0.000000000
144,1710255664.197764874,cam0/1710255664.197764908.jpg,226,1710255664.197764874,0.000000000
145,1710255664.247764826,cam0/1710255664.247764708.jpg,227,1710255664.247764826,0.000000000
146,1710255664.297764540,cam0/1710255664.297764508.jpg,229,1710255664.297764540,0.000000000
147,1710255664.347764492,cam0/1710255664.347764408.jpg,230,1710255664.347764492,0.000000000
148,1710255664.397764206,cam0/1710255664.397764208.jpg,232,1710255664.397764206,0.000000000
149,1710255664.447763920,cam0/1710255664.447764008.jpg,233,1710255664.447763920,0.000000000
150,1710255664.497763872,cam0/1710255664.497763808.jpg,235,1710255664.497763872,0.000000000
151,1710255664.547763586,cam0/1710255664.547763608.jpg,236,1710255664.547763586,0.000000000
152,1710255664.597763538,cam0/1710255664.597763508.jpg,238,1710255664.597763538,0.000000000
153,1710255664.647763252,cam0/1710255664.647763308.jpg,239,1710255664.647763252,0.000000000
154,1710255664.697763205,cam0/1710255664.697763208.jpg,240,1710255664.697763205,0.000000000
155,1710255664.747762918,cam0/1710255664.747763008.jpg,241,1710255664.747762918,0.000000000
156,1710255664.797762871,cam0/1710255664.797762908.jpg,243,1710255664.797762871,0.000000000
157,1710255664.847762823,cam0/1710255664.847762708.jpg,244,1710255664.847762823,0.000000000
158,1710255664.897762537,cam0/1710255664.897762508.jpg,246,1710255664.897762537,0.000000000
159,1710255664.947762251,cam0/1710255664.947762308.jpg,247,1710255664.947762251,0.000000000
160,1710255664.997762203,cam0/1710255664.997762108.jpg,249,1710255664.997762203,0.000000000
161,1710255665.047761917,cam0/1710255665.047762008.jpg,250,1710255665.047761917,0.000000000
162,1710255665.097761869,cam0/1710255665.097761808.jpg,252,1710255665.097761869,0.000000000
163,1710255665.147761583,cam0/1710255665.147761608.jpg,253,1710255665.147761583,0.000000000
164,1710255665.197761536,cam0/1710255665.197761508.jpg,255,1710255665.197761536,0.000000000
165,1710255665.247761250,cam0/1710255665.247761308.jpg,256,1710255665.247761250,0.000000000
166,1710255665.297761202,cam0/1710255665.297761208.jpg,258,1710255665.297761202,0.000000000
167,1710255665.347760916,cam0/1710255665.347761008.jpg,259,1710255665.347760916,0.000000000
168,1710255665.397760868,cam0/1710255665.397760808.jpg,261,1710255665.397760868,0.000000000
169,1710255665.447760582,cam0/1710255665.447760608.jpg,262,1710255665.447760582,0.000000000
170,1710255665.497760534,cam0/1710255665.497760508.jpg,264,1710255665.497760534,0.000000000
171,1710255665.547760248,cam0/1710255665.547760308.jpg,265,1710255665.547760248,0.000000000
172,1710255665.597760201,cam0/1710255665.597760108.jpg,267,1710255665.597760201,0.000000000
173,1710255665.647759914,cam0/1710255665.647759908.jpg,268,1710255665.647759914,0.000000000
174,1710255665.697759867,cam0/1710255665.697759808.jpg,270,1710255665.697759867,0.000000000
175,1710255665.747759819,cam0/1710255665.747759708.jpg,271,1710255665.747759819,0.000000000
176,1710255665.797759533,cam0/1710255665.797759508.jpg,273,1710255665.797759533,0.000000000
177,1710255665.847759247,cam0/1710255665.847759308.jpg,274,1710255665.847759247,0.000000000
178,1710255665.897759199,cam0/1710255665.897759108.jpg,276,1710255665.897759199,0.000000000
179,1710255665.947758913,cam0/1710255665.947758908.jpg,277,1710255665.947758913,0.000000000
180,1710255665.997758865,cam0/1710255665.997758808.jpg,279,1710255665.997758865,0.000000000
181,1710255666.047758579,cam0/1710255666.047758608.jpg,280,1710255666.047758579,0.000000000
182,1710255666.097758293,cam0/1710255666.097758408.jpg,282,1710255666.097758293,0.000000000
183,1710255666.147758245,cam0/1710255666.147758208.jpg,283,1710255666.147758245,0.000000000
184,1710255666.197758198,cam0/1710255666.197758208.jpg,285,1710255666.197758198,0.000000000
185,1710255666.247757912,cam0/1710255666.247758008.jpg,286,1710255666.247757912,0.000000000
186,1710255666.297757864,cam0/1710255666.297757808.jpg,288,1710255666.297757864,0.000000000
187,1710255666.347757578,cam0/1710255666.347757608.jpg,289,1710255666.347757578,0.000000000
188,1710255666.397757292,cam0/1710255666.397757408.jpg,291,1710255666.397757292,0.000000000
189,1710255666.447757244,cam0/1710255666.447757308.jpg,292,1710255666.447757244,0.000000000
190,1710255666.497757196,cam0/1710255666.497757108.jpg,294,1710255666.497757196,0.000000000
191,1710255666.547756910,cam0/1710255666.547756908.jpg,295,1710255666.547756910,0.000000000
192,1710255666.597756624,cam0/1710255666.597756708.jpg,297,1710255666.597756624,0.000000000
193,1710255666.647756577,cam0/1710255666.647756508.jpg,298,1710255666.647756577,0.000000000
194,1710255666.697756529,cam0/1710255666.697756508.jpg,300,1710255666.697756529,0.000000000
195,1710255666.747756243,cam0/1710255666.747756308.jpg,301,1710255666.747756243,0.000000000
196,1710255666.797756195,cam0/1710255666.797756108.jpg,303,1710255666.797756195,0.000000000
197,1710255666.847755909,cam0/1710255666.847755908.jpg,304,1710255666.847755909,0.000000000
198,1710255666.897755861,cam0/1710255666.897755808.jpg,306,1710255666.897755861,0.000000000
199,1710255666.947755575,cam0/1710255666.947755608.jpg,307,1710255666.947755575,0.000000000
200,1710255666.997755289,cam0/1710255666.997755408.jpg,309,1710255666.997755289,0.000000000
201,1710255667.047755241,cam0/1710255667.047755208.jpg,310,1710255667.047755241,0.000000000
202,1710255667.097754955,cam0/1710255667.097755008.jpg,312,1710255667.097754955,0.000000000
203,1710255667.147754908,cam0/1710255667.147754908.jpg,313,1710255667.147754908,0.000000000
204,1710255667.197754860,cam0/1710255667.197754808.jpg,315,1710255667.197754860,0.000000000
205,1710255667.247754574,cam0/1710255667.247754608.jpg,316,1710255667.247754574,0.000000000
206,1710255667.297754526,cam0/1710255667.297754408.jpg,318,1710255667.297754526,0.000000000
207,1710255667.347754240,cam0/1710255667.347754208.jpg,319,1710255667.347754240,0.000000000
208,1710255667.397754192,cam0/1710255667.397754108.jpg,321,1710255667.397754192,0.000000000
209,1710255667.447753906,cam0/1710255667.447753908.jpg,322,1710255667.447753906,0.000000000
210,1710255667.497753620,cam0/1710255667.497753708.jpg,324,1710255667.497753620,0.000000000
211,1710255667.547753572,cam0/1710255667.547753508.jpg,325,1710255667.547753572,0.000000000
212,1710255667.597753525,cam0/1710255667.597753408.jpg,327,1710255667.597753525,0.000000000
213,1710255667.647753239,cam0/1710255667.647753208.jpg,328,1710255667.647753239,0.000000000
214,1710255667.697753191,cam0/1710255667.697753108.jpg,330,1710255667.697753191,0.000000000
215,1710255667.747752905,cam0/1710255667.747752908.jpg,331,1710255667.747752905,0.000000000
216,1710255667.797752619,cam0/1710255667.797752708.jpg,333,1710255667.797752619,0.000000000
217,1710255667.847752571,cam0/1710255667.847752608.jpg,334,1710255667.847752571,0.000000000
218,1710255667.897752523,cam0/1710255667.897752408.jpg,336,1710255667.897752523,0.000000000
219,1710255667.947752237,cam0/1710255667.947752208.jpg,337,1710255667.947752237,0.000000000
220,1710255667.997751951,cam0/1710255667.997752008.jpg,339,1710255667.997751951,0.000000000
221,1710255668.047751904,cam0/1710255668.047751808.jpg,340,1710255668.047751904,0.000000000
222,1710255668.097751617,cam0/1710255668.097751708.jpg,342,1710255668.097751617,0.000000000
223,1710255668.147751570,cam0/1710255668.147751508.jpg,343,1710255668.147751570,0.000000000
224,1710255668.197751522,cam0/1710255668.197751408.jpg,345,1710255668.197751522,0.000000000
225,1710255668.247751236,cam0/1710255668.247751208.jpg,346,1710255668.247751236,0.000000000
226,1710255668.297751188,cam0/1710255668.297751108.jpg,348,1710255668.297751188,0.000000000
227,1710255668.347750902,cam0/1710255668.347750908.jpg,349,1710255668.347750902,0.000000000
228,1710255668.397750616,cam0/1710255668.397750708.jpg,351,1710255668.397750616,0.000000000
229,1710255668.447750568,cam0/1710255668.447750508.jpg,352,1710255668.447750568,0.000000000
230,1710255668.497750282,cam0/1710255668.497750308.jpg,354,1710255668.497750282,0.000000000
231,1710255668.547750235,cam0/1710255668.547750208.jpg,355,1710255668.547750235,0.000000000
232,1710255668.597749949,cam0/1710255668.597750008.jpg,357,1710255668.597749949,0.000000000
233,1710255668.647749901,cam0/1710255668.647749808.jpg,358,1710255668.647749901,0.000000000
234,1710255668.697749615,cam0/1710255668.697749708.jpg,360,1710255668.697749615,0.000000000
235,1710255668.747749567,cam0/1710255668.747749508.jpg,361,1710255668.747749567,0.000000000
236,1710255668.797749519,cam0/1710255668.797749408.jpg,363,1710255668.797749519,0.000000000
237,1710255668.847749233,cam0/1710255668.847749208.jpg,364,1710255668.847749233,0.000000000
238,1710255668.897748947,cam0/1710255668.897749008.jpg,366,1710255668.897748947,0.000000000
239,1710255668.947748899,cam0/1710255668.947748808.jpg,367,1710255668.947748899,0.000000000
240,1710255668.997748613,cam0/1710255668.997748708.jpg,369,1710255668.997748613,0.000000000
241,1710255669.047748566,cam0/1710255669.047748508.jpg,370,1710255669.047748566,0.000000000
242,1710255669.097748280,cam0/1710255669.097748308.jpg,371,1710255669.097748280,0.000000000
243,1710255669.147747993,cam0/1710255669.147748108.jpg,372,1710255669.147747993,0.000000000
244,1710255669.197747946,cam0/1710255669.197748008.jpg,373,1710255669.197747946,0.000000000
245,1710255669.247747898,cam0/1710255669.247747908.jpg,374,1710255669.247747898,0.000000000
246,1710255669.297747612,cam0/1710255669.297747708.jpg,375,1710255669.297747612,0.000000000
247,1710255669.347747564,cam0/1710255669.347747508.jpg,376,1710255669.347747564,0.000000000
248,1710255669.397747278,cam0/1710255669.397747308.jpg,378,1710255669.397747278,0.000000000
249,1710255669.447746992,cam0/1710255669.447747108.jpg,379,1710255669.447746992,0.000000000
250,1710255669.497746944,cam0/1710255669.497747008.jpg,380,1710255669.497746944,0.000000000
251,1710255669.547746897,cam0/1710255669.547746808.jpg,381,1710255669.547746897,0.000000000
252,1710255669.597746611,cam0/1710255669.597746608.jpg,382,1710255669.597746611,0.000000000
253,1710255669.647746325,cam0/1710255669.647746408.jpg,383,1710255669.647746325,0.000000000
254,1710255669.697746515,cam0/1710255669.697746408.jpg,384,1710255669.697746515,0.000000000
255,1710255669.747746229,cam0/1710255669.747746208.jpg,385,1710255669.747746229,0.000000000
256,1710255669.797745943,cam0/1710255669.797746008.jpg,386,1710255669.797745943,0.000000000
257,1710255669.847745895,cam0/1710255669.847745808.jpg,387,1710255669.847745895,0.000000000
258,1710255669.897742987,cam0/1710255669.897743027.jpg,388,1710255669.897742987,0.000000000
259,1710255669.947742939,cam0/1710255669.947742927.jpg,389,1710255669.947742939,0.000000000
260,1710255669.997742653,cam0/1710255669.997742727.jpg,390,1710255669.997742653,0.000000000
261,1710255670.047742605,cam0/1710255670.047742527.jpg,391,1710255670.047742605,0.000000000
262,1710255670.097742319,cam0/1710255670.097742327.jpg,392,1710255670.097742319,0.000000000
263,1710255670.147742033,cam0/1710255670.147742127.jpg,393,1710255670.147742033,0.000000000
264,1710255670.197742224,cam0/1710255670.197742127.jpg,394,1710255670.197742224,0.000000000
265,1710255670.247741938,cam0/1710255670.247741927.jpg,395,1710255670.247741938,0.000000000
266,1710255670.297741652,cam0/1710255670.297741727.jpg,396,1710255670.297741652,0.000000000
267,1710255670.347741604,cam0/1710255670.347741527.jpg,397,1710255670.347741604,0.000000000
268,1710255670.397741318,cam0/1710255670.397741427.jpg,398,1710255670.397741318,0.000000000
269,1710255670.447741270,cam0/1710255670.447741227.jpg,399,1710255670.447741270,0.000000000
270,1710255670.497740984,cam0/1710255670.497741027.jpg,400,1710255670.497740984,0.000000000
271,1710255670.547740936,cam0/1710255670.547740827.jpg,401,1710255670.547740936,0.000000000
272,1710255670.597740650,cam0/1710255670.597740627.jpg,402,1710255670.597740650,0.000000000
273,1710255670.647740602,cam0/1710255670.647740527.jpg,403,1710255670.647740602,0.000000000
274,1710255670.697740316,cam0/1710255670.697740427.jpg,404,1710255670.697740316,0.000000000
275,1710255670.747740269,cam0/1710255670.747740227.jpg,405,1710255670.747740269,0.000000000
276,1710255670.797739983,cam0/1710255670.797740027.jpg,406,1710255670.797739983,0.000000000
277,1710255670.847739935,cam0/1710255670.847739827.jpg,407,1710255670.847739935,0.000000000
278,1710255670.897739649,cam0/1710255670.897739727.jpg,408,1710255670.897739649,0.000000000
279,1710255670.947739601,cam0/1710255670.947739527.jpg,409,1710255670.947739601,0.000000000
280,1710255670.997739315,cam0/1710255670.997739327.jpg,410,1710255670.997739315,0.000000000
281,1710255671.047739029,cam0/1710255671.047739127.jpg,411,1710255671.047739029,0.000000000
282,1710255671.097738981,cam0/1710255671.097739027.jpg,412,1710255671.097738981,0.000000000
283,1710255671.147738934,cam0/1710255671.147738827.jpg,413,1710255671.147738934,0.000000000
284,1710255671.197738647,cam0/1710255671.197738727.jpg,414,1710255671.197738647,0.000000000
285,1710255671.247738600,cam0/1710255671.247738527.jpg,415,1710255671.247738600,0.000000000
286,1710255671.297738314,cam0/1710255671.297738327.jpg,416,1710255671.297738314,0.000000000
287,1710255671.347738266,cam0/1710255671.347738227.jpg,417,1710255671.347738266,0.000000000
288,1710255671.397737980,cam0/1710255671.397738027.jpg,418,1710255671.397737980,0.000000000
289,1710255671.447737932,cam0/1710255671.447737827.jpg,419,1710255671.447737932,0.000000000
290,1710255671.497737646,cam0/1710255671.497737627.jpg,420,1710255671.497737646,0.000000000
291,1710255671.547737360,cam0/1710255671.547737427.jpg,421,1710255671.547737360,0.000000000
292,1710255671.597737312,cam0/1710255671.597737327.jpg,422,1710255671.597737312,0.000000000
293,1710255671.647737026,cam0/1710255671.647737127.jpg,423,1710255671.647737026,0.000000000
294,1710255671.697736979,cam0/1710255671.697737027.jpg,424,1710255671.697736979,0.000000000
295,1710255671.747736931,cam0/1710255671.747736827.jpg,425,1710255671.747736931,0.000000000
296,1710255671.797736645,cam0/1710255671.797736727.jpg,426,1710255671.797736645,0.000000000
297,1710255671.847736597,cam0/1710255671.847736527.jpg,427,1710255671.847736597,0.000000000
298,1710255671.897736311,cam0/1710255671.897736327.jpg,428,1710255671.897736311,0.000000000
299,1710255671.947736025,cam0/1710255671.947736127.jpg,429,1710255671.947736025,0.000000000
300,1710255671.997735977,cam0/1710255671.997735927.jpg,430,1710255671.997735977,0.000000000
301,1710255672.047735929,cam0/1710255672.047735827.jpg,431,1710255672.047735929,0.000000000
302,1710255672.097735643,cam0/1710255672.097735627.jpg,432,1710255672.097735643,0.000000000
303,1710255672.147735357,cam0/1710255672.147735427.jpg,433,1710255672.147735357,0.000000000
304,1710255672.197735310,cam0/1710255672.197735327.jpg,434,1710255672.197735310,0.000000000
305,1710255672.247735023,cam0/1710255672.247735127.jpg,435,1710255672.247735023,0.000000000
306,1710255672.297734976,cam0/1710255672.297735027.jpg,436,1710255672.297734976,0.000000000
307,1710255672.347734928,cam0/1710255672.347734827.jpg,437,1710255672.347734928,0.000000000
308,1710255672.397734642,cam0/1710255672.397734627.jpg,438,1710255672.397734642,0.000000000
309,1710255672.447734356,cam0/1710255672.447734427.jpg,439,1710255672.447734356,0.000000000
310,1710255672.497734308,cam0/1710255672.497734327.jpg,440,1710255672.497734308,0.000000000
311,1710255672.547734022,cam0/1710255672.547734127.jpg,441,1710255672.547734022,0.000000000
312,1710255672.597733974,cam0/1710255672.597733927.jpg,442,1710255672.597733974,0.000000000
313,1710255672.647733688,cam0/1710255672.647733727.jpg,443,1710255672.647733688,0.000000000
314,1710255672.697733641,cam0/1710255672.697733627.jpg,444,1710255672.697733641,0.000000000
315,1710255672.747733593,cam0/1710255672.747733527.jpg,445,1710255672.747733593,0.000000000
316,1710255672.797733307,cam0/1710255672.797733327.jpg,446,1710255672.797733307,0.000000000
317,1710255672.847733021,cam0/1710255672.847733127.jpg,447,1710255672.847733021,0.000000000
318,1710255672.897732973,cam0/1710255672.897732927.jpg,448,1710255672.897732973,0.000000000
319,1710255672.947732687,cam0/1710255672.947732727.jpg,449,1710255672.947732687,0.000000000
320,1710255672.997732639,cam0/1710255672.997732627.jpg,450,1710255672.997732639,0.000000000
321,1710255673.047732353,cam0/1710255673.047732427.jpg,451,1710255673.047732353,0.000000000
322,1710255673.097732306,cam0/1710255673.097732227.jpg,452,1710255673.097732306,0.000000000
323,1710255673.147732019,cam0/1710255673.147732027.jpg,453,1710255673.147732019,0.000000000
324,1710255673.197731972,cam0/1710255673.197732027.jpg,454,1710255673.197731972,0.000000000
325,1710255673.247731924,cam0/1710255673.247731827.jpg,455,1710255673.247731924,0.000000000
326,1710255673.297731638,cam0/1710255673.297731627.jpg,456,1710255673.297731638,0.000000000
327,1710255673.347731352,cam0/1710255673.347731427.jpg,457,1710255673.347731352,0.000000000
328,1710255673.397731304,cam0/1710255673.397731227.jpg,458,1710255673.397731304,0.000000000
329,1710255673.447731018,cam0/1710255673.447731127.jpg,459,1710255673.447731018,0.000000000
330,1710255673.497730970,cam0/1710255673.497730927.jpg,460,1710255673.497730970,0.000000000
331,1710255673.547730684,cam0/1710255673.547730727.jpg,461,1710255673.547730684,0.000000000
332,1710255673.597730637,cam0/1710255673.597730527.jpg,462,1710255673.597730637,0.000000000
333,1710255673.647730350,cam0/1710255673.647730327.jpg,463,1710255673.647730350,0.000000000
334,1710255673.697730303,cam0/1710255673.697730327.jpg,464,1710255673.697730303,0.000000000
335,1710255673.747730017,cam0/1710255673.747730127.jpg,465,1710255673.747730017,0.000000000
336,1710255673.797729969,cam0/1710255673.797729927.jpg,466,1710255673.797729969,0.000000000
337,1710255673.847729683,cam0/1710255673.847729727.jpg,467,1710255673.847729683,0.000000000
338,1710255673.897725105,cam0/1710255673.897725015.jpg,468,1710255673.897725105,0.000000000
339,1710255673.947724819,cam0/1710255673.947724815.jpg,469,1710255673.947724819,0.000000000
340,1710255673.997724533,cam0/1710255673.997724515.jpg,470,1710255673.997724533,0.000000000
341,1710255674.047724247,cam0/1710255674.047724315.jpg,471,1710255674.047724247,0.000000000
342,1710255674.097724199,cam0/1710255674.097724115.jpg,472,1710255674.097724199,0.000000000
343,1710255674.147723913,cam0/1710255674.147723915.jpg,473,1710255674.147723913,0.000000000
344,1710255674.197723627,cam0/1710255674.197723715.jpg,474,1710255674.197723627,0.000000000
345,1710255674.247723579,cam0/1710255674.247723515.jpg,475,1710255674.247723579,0.000000000
346,1710255674.297723293,cam0/1710255674.297723315.jpg,476,1710255674.297723293,0.000000000
347,1710255674.347723007,cam0/1710255674.347723115.jpg,477,1710255674.347723007,0.000000000
348,1710255674.397722721,cam0/1710255674.397722815.jpg,478,1710255674.397722721,0.000000000
349,1710255674.447722673,cam0/1710255674.447722615.jpg,479,1710255674.447722673,0.000000000
350,1710255674.497722387,cam0/1710255674.497722415.jpg,480,1710255674.497722387,0.000000000
351,1710255674.547722101,cam0/1710255674.547722215.jpg,481,1710255674.547722101,0.000000000
352,1710255674.597721815,cam0/1710255674.597721915.jpg,482,1710255674.597721815,0.000000000
353,1710255674.647721767,cam0/1710255674.647721715.jpg,484,1710255674.647721767,0.000000000
354,1710255674.697721720,cam0/1710255674.697721615.jpg,485,1710255674.697721720,0.000000000
355,1710255674.747721434,cam0/1710255674.747721415.jpg,486,1710255674.747721434,0.000000000
356,1710255674.797721148,cam0/1710255674.797721115.jpg,487,1710255674.797721148,0.000000000
357,1710255674.847720861,cam0/1710255674.847720915.jpg,488,1710255674.847720861,0.000000000
358,1710255674.897720814,cam0/1710255674.897720715.jpg,489,1710255674.897720814,0.000000000
359,1710255674.947720528,cam0/1710255674.947720515.jpg,490,1710255674.947720528,0.000000000
360,1710255674.997720242,cam0/1710255674.997720315.jpg,491,1710255674.997720242,0.000000000
361,1710255675.047719955,cam0/1710255675.047720015.jpg,492,1710255675.047719955,0.000000000
362,1710255675.097719908,cam0/1710255675.097719815.jpg,493,1710255675.097719908,0.000000000
363,1710255675.147719622,cam0/1710255675.147719615.jpg,494,1710255675.147719622,0.000000000
364,1710255675.197719574,cam0/1710255675.197719515.jpg,495,1710255675.197719574,0.000000000
365,1710255675.247719288,cam0/1710255675.247719215.jpg,496,1710255675.247719288,0.000000000
366,1710255675.297719002,cam0/1710255675.297719015.jpg,497,1710255675.297719002,0.000000000
367,1710255675.347718716,cam0/1710255675.347718815.jpg,498,1710255675.347718716,0.000000000
368,1710255675.397718668,cam0/1710255675.397718615.jpg,499,1710255675.397718668,0.000000000
369,1710255675.447718382,cam0/1710255675.447718315.jpg,500,1710255675.447718382,0.000000000
370,1710255675.497718096,cam0/1710255675.497718115.jpg,501,1710255675.497718096,0.000000000
371,1710255675.547717810,cam0/1710255675.547717915.jpg,502,1710255675.547717810,0.000000000
372,1710255675.597717762,cam0/1710255675.597717715.jpg,503,1710255675.597717762,0.000000000
373,1710255675.647717476,cam0/1710255675.647717415.jpg,504,1710255675.647717476,0.000000000
374,1710255675.697717428,cam0/1710255675.697717315.jpg,505,1710255675.697717428,0.000000000
375,1710255675.747717142,cam0/1710255675.747717115.jpg,506,1710255675.747717142,0.000000000
376,1710255675.797716856,cam0/1710255675.797716915.jpg,507,1710255675.797716856,0.000000000
377,1710255675.847716570,cam0/1710255675.847716615.jpg,508,1710255675.847716570,0.000000000
378,1710255675.897716522,cam0/1710255675.897716415.jpg,509,1710255675.897716522,0.000000000
379,1710255675.947716236,cam0/1710255675.947716215.jpg,510,1710255675.947716236,0.000000000
380,1710255675.997715950,cam0/1710255675.997716015.jpg,511,1710255675.997715950,0.000000000
381,1710255676.047715902,cam0/1710255676.047715815.jpg,513,1710255676.047715902,0.000000000
382,1710255676.097715616,cam0/1710255676.097715515.jpg,514,1710255676.097715616,0.000000000
383,1710255676.147715330,cam0/1710255676.147715315.jpg,515,1710255676.147715330,0.000000000
384,1710255676.197715282,cam0/1710255676.197715215.jpg,516,1710255676.197715282,0.000000000
385,1710255676.247714996,cam0/1710255676.247715015.jpg,517,1710255676.247714996,0.000000000
386,1710255676.297714710,cam0/1710255676.297714715.jpg,518,1710255676.297714710,0.000000000
387,1710255676.347714424,cam0/1710255676.347714515.jpg,519,1710255676.347714424,0.000000000
388,1710255676.397714376,cam0/1710255676.397714315.jpg,520,1710255676.397714376,0.000000000
389,1710255676.447714090,cam0/1710255676.447714115.jpg,521,1710255676.447714090,0.000000000
390,1710255676.497713804,cam0/1710255676.497713815.jpg,522,1710255676.497713804,0.000000000
391,1710255676.547713518,cam0/1710255676.547713615.jpg,523,1710255676.547713518,0.000000000
392,1710255676.597713470,cam0/1710255676.597713415.jpg,524,1710255676.597713470,0.000000000
393,1710255676.647713184,cam0/1710255676.647713215.jpg,525,1710255676.647713184,0.000000000
394,1710255676.697712898,cam0/1710255676.697713015.jpg,526,1710255676.697712898,0.000000000
395,1710255676.747712851,cam0/1710255676.747712815.jpg,527,1710255676.747712851,0.000000000
396,1710255676.797712564,cam0/1710255676.797712615.jpg,528,1710255676.797712564,0.000000000
397,1710255676.847712517,cam0/1710255676.847712415.jpg,529,1710255676.847712517,0.000000000
398,1710255676.897712231,cam0/1710255676.897712115.jpg,530,1710255676.897712231,0.000000000
399,1710255676.947711945,cam0/1710255676.947711915.jpg,531,1710255676.947711945,0.000000000
400,1710255676.997711658,cam0/1710255676.997711715.jpg,532,1710255676.997711658,0.000000000
401,1710255677.047711611,cam0/1710255677.047711515.jpg,533,1710255677.047711611,0.000000000
402,1710255677.097711325,cam0/1710255677.097711215.jpg,534,1710255677.097711325,0.000000000
403,1710255677.147711039,cam0/1710255677.147711015.jpg,535,1710255677.147711039,0.000000000
404,1710255677.197710991,cam0/1710255677.197710915.jpg,536,1710255677.197710991,0.000000000
405,1710255677.247710705,cam0/1710255677.247710715.jpg,537,1710255677.247710705,0.000000000
406,1710255677.297710419,cam0/1710255677.297710515.jpg,538,1710255677.297710419,0.000000000
407,1710255677.347710133,cam0/1710255677.347710215.jpg,539,1710255677.347710133,0.000000000
408,1710255677.397710085,cam0/1710255677.397710015.jpg,540,1710255677.397710085,0.000000000
409,1710255677.447709799,cam0/1710255677.447709815.jpg,541,1710255677.447709799,0.000000000
410,1710255677.497709513,cam0/1710255677.497709615.jpg,542,1710255677.497709513,0.000000000
411,1710255677.547709227,cam0/1710255677.547709315.jpg,544,1710255677.547709227,0.000000000
412,1710255677.597709179,cam0/1710255677.597709115.jpg,545,1710255677.597709179,0.000000000
413,1710255677.647708893,cam0/1710255677.647708915.jpg,546,1710255677.647708893,0.000000000
414,1710255677.697708845,cam0/1710255677.697708815.jpg,547,1710255677.697708845,0.000000000
415,1710255677.747708559,cam0/1710255677.747708515.jpg,548,1710255677.747708559,0.000000000
416,1710255677.797708273,cam0/1710255677.797708315.jpg,549,1710255677.797708273,0.000000000
417,1710255677.847708225,cam0/1710255677.847708115.jpg,551,1710255677.847708225,0.000000000
418,1710255677.897705555,cam0/1710255677.897705638.jpg,552,1710255677.897705555,0.000000000
419,1710255677.947705269,cam0/1710255677.947705338.jpg,553,1710255677.947705269,0.000000000
420,1710255677.997705221,cam0/1710255677.997705138.jpg,554,1710255677.997705221,0.000000000
421,1710255678.047704935,cam0/1710255678.047704938.jpg,555,1710255678.047704935,0.000000000
422,1710255678.097704649,cam0/1710255678.097704738.jpg,556,1710255678.097704649,0.000000000
423,1710255678.147704363,cam0/1710255678.147704438.jpg,558,1710255678.147704363,0.000000000
424,1710255678.197704315,cam0/1710255678.197704338.jpg,559,1710255678.197704315,0.000000000
425,1710255678.247704029,cam0/1710255678.247704138.jpg,560,1710255678.247704029,0.000000000
426,1710255678.297703981,cam0/1710255678.297703938.jpg,561,1710255678.297703981,0.000000000
427,1710255678.347703695,cam0/1710255678.347703738.jpg,562,1710255678.347703695,0.000000000
428,1710255678.397703409,cam0/1710255678.397703438.jpg,563,1710255678.397703409,0.000000000
429,1710255678.447703123,cam0/1710255678.447703238.jpg,565,1710255678.447703123,0.000000000
430,1710255678.497703075,cam0/1710255678.497703038.jpg,566,1710255678.497703075,0.000000000
431,1710255678.547702789,cam0/1710255678.547702838.jpg,567,1710255678.547702789,0.000000000
432,1710255678.597702503,cam0/1710255678.597702538.jpg,568,1710255678.597702503,0.000000000
433,1710255678.647702456,cam0/1710255678.647702338.jpg,569,1710255678.647702456,0.000000000
434,1710255678.697702169,cam0/1710255678.697702238.jpg,570,1710255678.697702169,0.000000000
435,1710255678.747702122,cam0/1710255678.747702038.jpg,571,1710255678.747702122,0.000000000
436,1710255678.797701836,cam0/1710255678.797701738.jpg,572,1710255678.797701836,0.000000000
437,1710255678.847701550,cam0/1710255678.847701538.jpg,574,1710255678.847701550,0.000000000
438,1710255678.897701263,cam0/1710255678.897701338.jpg,575,1710255678.897701263,0.000000000
439,1710255678.947701216,cam0/1710255678.947701138.jpg,576,1710255678.947701216,0.000000000
440,1710255678.997700930,cam0/1710255678.997700838.jpg,577,1710255678.997700930,0.000000000
441,1710255679.047700644,cam0/1710255679.047700638.jpg,579,1710255679.047700644,0.000000000
442,1710255679.097700357,cam0/1710255679.097700438.jpg,580,1710255679.097700357,0.000000000
443,1710255679.147700310,cam0/1710255679.147700238.jpg,581,1710255679.147700310,0.000000000
444,1710255679.197700024,cam0/1710255679.197700038.jpg,582,1710255679.197700024,0.000000000
445,1710255679.247699738,cam0/1710255679.247699838.jpg,583,1710255679.247699738,0.000000000
446,1710255679.297699690,cam0/1710255679.297699638.jpg,584,1710255679.297699690,0.000000000
447,1710255679.347699404,cam0/1710255679.347699438.jpg,585,1710255679.347699404,0.000000000
448,1710255679.397699356,cam0/1710255679.397699238.jpg,586,1710255679.397699356,0.000000000
449,1710255679.447698832,cam0/1710255679.447698938.jpg,587,1710255679.447698832,0.000000000
450,1710255679.497698784,cam0/1710255679.497698738.jpg,588,1710255679.497698784,0.000000000
451,1710255679.547698498,cam0/1710255679.547698538.jpg,589,1710255679.547698498,0.000000000
452,1710255679.597698450,cam0/1710255679.597698338.jpg,590,1710255679.597698450,0.000000000
453,1710255679.647697926,cam0/1710255679.647698038.jpg,592,1710255679.647697926,0.000000000
454,1710255679.697697878,cam0/1710255679.697697938.jpg,593,1710255679.697697878,0.000000000
455,1710255679.747697830,cam0/1710255679.747697738.jpg,594,1710255679.747697830,0.000000000
456,1710255679.797697544,cam0/1710255679.797697538.jpg,595,1710255679.797697544,0.000000000
457,1710255679.847697258,cam0/1710255679.847697238.jpg,597,1710255679.847697258,0.000000000
458,1710255679.897696972,cam0/1710255679.897697038.jpg,598,1710255679.897696972,0.000000000
459,1710255679.947696924,cam0/1710255679.947696838.jpg,599,1710255679.947696924,0.000000000
460,1710255679.997696638,cam0/1710255679.997696638.jpg,600,1710255679.997696638,0.000000000
461,1710255680.047696352,cam0/1710255680.047696338.jpg,601,1710255680.047696352,0.000000000
462,1710255680.097696066,cam0/1710255680.097696138.jpg,602,1710255680.097696066,0.000000000
463,1710255680.147696018,cam0/1710255680.147695938.jpg,604,1710255680.147696018,0.000000000
464,1710255680.197695732,cam0/1710255680.197695838.jpg,605,1710255680.197695732,0.000000000
465,1710255680.247695446,cam0/1710255680.247695538.jpg,607,1710255680.247695446,0.000000000
466,1710255680.297695398,cam0/1710255680.297695338.jpg,608,1710255680.297695398,0.000000000
467,1710255680.347695112,cam0/1710255680.347695138.jpg,609,1710255680.347695112,0.000000000
468,1710255680.397694826,cam0/1710255680.397694938.jpg,610,1710255680.397694826,0.000000000
469,1710255680.447694778,cam0/1710255680.447694738.jpg,611,1710255680.447694778,0.000000000
470,1710255680.497694492,cam0/1710255680.497694438.jpg,612,1710255680.497694492,0.000000000
471,1710255680.547694206,cam0/1710255680.547694238.jpg,614,1710255680.547694206,0.000000000
472,1710255680.597693920,cam0/1710255680.597694038.jpg,615,1710255680.597693920,0.000000000
473,1710255680.647693872,cam0/1710255680.647693838.jpg,617,1710255680.647693872,0.000000000
474,1710255680.697693586,cam0/1710255680.697693638.jpg,618,1710255680.697693586,0.000000000
475,1710255680.747693539,cam0/1710255680.747693438.jpg,620,1710255680.747693539,0.000000000
476,1710255680.797693253,cam0/1710255680.797693238.jpg,621,1710255680.797693253,0.000000000
477,1710255680.847692966,cam0/1710255680.847693038.jpg,622,1710255680.847692966,0.000000000
478,1710255680.897692680,cam0/1710255680.897692738.jpg,623,1710255680.897692680,0.000000000
479,1710255680.947692633,cam0/1710255680.947692538.jpg,624,1710255680.947692633,0.000000000
480,1710255680.997692347,cam0/1710255680.997692338.jpg,625,1710255680.997692347,0.000000000
481,1710255681.047692060,cam0/1710255681.047692138.jpg,627,1710255681.047692060,0.000000000
482,1710255681.097691774,cam0/1710255681.097691838.jpg,628,1710255681.097691774,0.000000000
483,1710255681.147691727,cam0/1710255681.147691638.jpg,629,1710255681.147691727,0.000000000
484,1710255681.197691441,cam0/1710255681.197691538.jpg,630,1710255681.197691441,0.000000000
485,1710255681.247691393,cam0/1710255681.247691338.jpg,632,1710255681.247691393,0.000000000
486,1710255681.297691107,cam0/1710255681.297691038.jpg,633,1710255681.297691107,0.000000000
487,1710255681.347690821,cam0/1710255681.347690838.jpg,635,1710255681.347690821,0.000000000
488,1710255681.397690535,cam0/1710255681.397690638.jpg,636,1710255681.397690535,0.000000000
489,1710255681.447690487,cam0/1710255681.447690438.jpg,638,1710255681.447690487,0.000000000
490,1710255681.497690201,cam0/1710255681.497690238.jpg,639,1710255681.497690201,0.000000000
491,1710255681.547689915,cam0/1710255681.547689938.jpg,640,1710255681.547689915,0.000000000
492,1710255681.597689629,cam0/1710255681.597689738.jpg,641,1710255681.597689629,0.000000000
493,1710255681.647689581,cam0/1710255681.647689538.jpg,642,1710255681.647689581,0.000000000
494,1710255681.697689533,cam0/1710255681.697689438.jpg,643,1710255681.697689533,0.000000000
495,1710255681.747689247,cam0/1710255681.747689138.jpg,645,1710255681.747689247,0.000000000
496,1710255681.797688961,cam0/1710255681.797688938.jpg,646,1710255681.797688961,0.000000000
497,1710255681.847688675,cam0/1710255681.847688738.jpg,647,1710255681.847688675,0.000000000
498,1710255681.897686481,cam0/1710255681.897686452.jpg,648,1710255681.897686481,0.000000000
499,1710255681.947686195,cam0/1710255681.947686152.jpg,649,1710255681.947686195,0.000000000
500,1710255681.997685909,cam0/1710255681.997685952.jpg,650,1710255681.997685909,0.000000000
501,1710255682.047685623,cam0/1710255682.047685652.jpg,651,1710255682.047685623,0.000000000
502,1710255682.097685337,cam0/1710255682.097685452.jpg,652,1710255682.097685337,0.000000000
503,1710255682.147685289,cam0/1710255682.147685252.jpg,653,1710255682.147685289,0.000000000
504,1710255682.197685003,cam0/1710255682.197685052.jpg,654,1710255682.197685003,0.000000000
505,1710255682.247684956,cam0/1710255682.247684852.jpg,655,1710255682.247684956,0.000000000
506,1710255682.297684669,cam0/1710255682.297684552.jpg,656,1710255682.297684669,0.000000000
507,1710255682.347684383,cam0/1710255682.347684352.jpg,658,1710255682.347684383,0.000000000
508,1710255682.397684097,cam0/1710255682.397684152.jpg,659,1710255682.397684097,0.000000000
509,1710255682.447683811,cam0/1710255682.447683852.jpg,661,1710255682.447683811,0.000000000
510,1710255682.497683764,cam0/1710255682.497683652.jpg,662,1710255682.497683764,0.000000000
511,1710255682.547683239,cam0/1710255682.547683352.jpg,663,1710255682.547683239,0.000000000
512,1710255682.597683191,cam0/1710255682.597683152.jpg,664,1710255682.597683191,0.000000000
513,1710255682.647682905,cam0/1710255682.647682852.jpg,665,1710255682.647682905,0.000000000
514,1710255682.697682858,cam0/1710255682.697682752.jpg,666,1710255682.697682858,0.000000000
515,1710255682.747682571,cam0/1710255682.747682552.jpg,668,1710255682.747682571,0.000000000
516,1710255682.797682285,cam0/1710255682.797682252.jpg,669,1710255682.797682285,0.000000000
517,1710255682.847681999,cam0/1710255682.847682052.jpg,671,1710255682.847681999,0.000000000
518,1710255682.897681713,cam0/1710255682.897681752.jpg,672,1710255682.897681713,0.000000000
519,1710255682.947681665,cam0/1710255682.947681552.jpg,674,1710255682.947681665,0.000000000
520,1710255682.997681379,cam0/1710255682.997681352.jpg,675,1710255682.997681379,0.000000000
521,1710255683.047681093,cam0/1710255683.047681052.jpg,677,1710255683.047681093,0.000000000
522,1710255683.097680807,cam0/1710255683.097680852.jpg,678,1710255683.097680807,0.000000000
523,1710255683.147680521,cam0/1710255683.147680552.jpg,679,1710255683.147680521,0.000000000
524,1710255683.197680473,cam0/1710255683.197680452.jpg,680,1710255683.197680473,0.000000000
525,1710255683.247680187,cam0/1710255683.247680152.jpg,682,1710255683.247680187,0.000000000
526,1710255683.297679901,cam0/1710255683.297679952.jpg,683,1710255683.297679901,0.000000000
527,1710255683.347679853,cam0/1710255683.347679752.jpg,685,1710255683.347679853,0.000000000
528,1710255683.397679567,cam0/1710255683.397679452.jpg,686,1710255683.397679567,0.000000000
529,1710255683.447679281,cam0/1710255683.447679252.jpg,688,1710255683.447679281,0.000000000
530,1710255683.497678995,cam0/1710255683.497678952.jpg,689,1710255683.497678995,0.000000000
531,1710255683.547678709,cam0/1710255683.547678752.jpg,691,1710255683.547678709,0.000000000
532,1710255683.597678423,cam0/1710255683.597678452.jpg,692,1710255683.597678423,0.000000000
533,1710255683.647678137,cam0/1710255683.647678252.jpg,694,1710255683.647678137,0.000000000
534,1710255683.697678089,cam0/1710255683.697678152.jpg,695,1710255683.697678089,0.000000000
535,1710255683.747677803,cam0/1710255683.747677852.jpg,696,1710255683.747677803,0.000000000
536,1710255683.797677755,cam0/1710255683.797677652.jpg,697,1710255683.797677755,0.000000000
537,1710255683.847677469,cam0/1710255683.847677352.jpg,699,1710255683.847677469,0.000000000
538,1710255683.897677183,cam0/1710255683.897677152.jpg,700,1710255683.897677183,0.000000000
539,1710255683.947676897,cam0/1710255683.947676952.jpg,701,1710255683.947676897,0.000000000
540,1710255683.997676611,cam0/1710255683.997676652.jpg,702,1710255683.997676611,0.000000000
541,1710255684.047676563,cam0/1710255684.047676452.jpg,704,1710255684.047676563,0.000000000
542,1710255684.097676039,cam0/1710255684.097676152.jpg,705,1710255684.097676039,0.000000000
543,1710255684.147675991,cam0/1710255684.147675952.jpg,707,1710255684.147675991,0.000000000
544,1710255684.197675705,cam0/1710255684.197675752.jpg,708,1710255684.197675705,0.000000000
545,1710255684.247675657,cam0/1710255684.247675552.jpg,709,1710255684.247675657,0.000000000
546,1710255684.297675371,cam0/1710255684.297675352.jpg,710,1710255684.297675371,0.000000000
547,1710255684.347675085,cam0/1710255684.347675052.jpg,711,1710255684.347675085,0.000000000
548,1710255684.397674799,cam0/1710255684.397674852.jpg,712,1710255684.397674799,0.000000000
549,1710255684.447674513,cam0/1710255684.447674552.jpg,714,1710255684.447674513,0.000000000
550,1710255684.497674465,cam0/1710255684.497674352.jpg,715,1710255684.497674465,0.000000000
551,1710255684.547674179,cam0/1710255684.547674152.jpg,716,1710255684.547674179,0.000000000
552,1710255684.597673893,cam0/1710255684.597673852.jpg,717,1710255684.597673893,0.000000000
553,1710255684.647673607,cam0/1710255684.647673652.jpg,718,1710255684.647673607,0.000000000
554,1710255684.697673559,cam0/1710255684.697673452.jpg,719,1710255684.697673559,0.000000000
555,1710255684.747673273,cam0/1710255684.747673252.jpg,720,1710255684.747673273,0.000000000
556,1710255684.797672987,cam0/1710255684.797672952.jpg,721,1710255684.797672987,0.000000000
557,1710255684.847672701,cam0/1710255684.847672752.jpg,722,1710255684.847672701,0.000000000
558,1710255684.897672653,cam0/1710255684.897672552.jpg,723,1710255684.897672653,0.000000000
559,1710255684.947672367,cam0/1710255684.947672252.jpg,724,1710255684.947672367,0.000000000
560,1710255684.997672081,cam0/1710255684.997672052.jpg,725,1710255684.997672081,0.000000000
561,1710255685.047671795,cam0/1710255685.047671752.jpg,727,1710255685.047671795,0.000000000
562,1710255685.097671509,cam0/1710255685.097671552.jpg,728,1710255685.097671509,0.000000000
563,1710255685.147671223,cam0/1710255685.147671252.jpg,730,1710255685.147671223,0.000000000
564,1710255685.197671175,cam0/1710255685.197671152.jpg,731,1710255685.197671175,0.000000000
565,1710255685.247670889,cam0/1710255685.247670952.jpg,733,1710255685.247670889,0.000000000
566,1710255685.297670603,cam0/1710255685.297670652.jpg,734,1710255685.297670603,0.000000000
567,1710255685.347670555,cam0/1710255685.347670452.jpg,735,1710255685.347670555,0.000000000
568,1710255685.397670269,cam0/1710255685.397670152.jpg,736,1710255685.397670269,0.000000000
569,1710255685.447669983,cam0/1710255685.447669952.jpg,737,1710255685.447669983,0.000000000
570,1710255685.497669697,cam0/1710255685.497669752.jpg,738,1710255685.497669697,0.000000000
571,1710255685.547669411,cam0/1710255685.547669452.jpg,739,1710255685.547669411,0.000000000
572,1710255685.597669363,cam0/1710255685.597669252.jpg,740,1710255685.597669363,0.000000000
573,1710255685.647668839,cam0/1710255685.647668952.jpg,741,1710255685.647668839,0.000000000
574,1710255685.697668791,cam0/1710255685.697668852.jpg,742,1710255685.697668791,0.000000000
575,1710255685.747668505,cam0/1710255685.747668552.jpg,744,1710255685.747668505,0.000000000
576,1710255685.797668457,cam0/1710255685.797668352.jpg,745,1710255685.797668457,0.000000000
577,1710255685.847668171,cam0/1710255685.847668152.jpg,747,1710255685.847668171,0.000000000
578,1710255685.897667885,cam0/1710255685.897667852.jpg,748,1710255685.897667885,0.000000000
579,1710255685.947667599,cam0/1710255685.947667652.jpg,749,1710255685.947667599,0.000000000
580,1710255685.997667313,cam0/1710255685.997667352.jpg,750,1710255685.997667313,0.000000000
581,1710255686.047667265,cam0/1710255686.047667152.jpg,752,1710255686.047667265,0.000000000
582,1710255686.097666979,cam0/1710255686.097666952.jpg,753,1710255686.097666979,0.000000000
583,1710255686.147666693,cam0/1710255686.147666652.jpg,754,1710255686.147666693,0.000000000
584,1710255686.197666645,cam0/1710255686.197666552.jpg,755,1710255686.197666645,0.000000000
585,1710255686.247666359,cam0/1710255686.247666252.jpg,757,1710255686.247666359,0.000000000
586,1710255686.297666073,cam0/1710255686.297666052.jpg,758,1710255686.297666073,0.000000000
587,1710255686.347665787,cam0/1710255686.347665752.jpg,759,1710255686.347665787,0.000000000
588,1710255686.397665501,cam0/1710255686.397665552.jpg,760,1710255686.397665501,0.000000000
589,1710255686.447665453,cam0/1710255686.447665352.jpg,761,1710255686.447665453,0.000000000
590,1710255686.497665167,cam0/1710255686.497665052.jpg,762,1710255686.497665167,0.000000000
591,1710255686.547664881,cam0/1710255686.547664852.jpg,764,1710255686.547664881,0.000000000
592,1710255686.597664595,cam0/1710255686.597664552.jpg,765,1710255686.597664595,0.000000000
593,1710255686.647664309,cam0/1710255686.647664352.jpg,767,1710255686.647664309,0.000000000
594,1710255686.697664261,cam0/1710255686.697664252.jpg,768,1710255686.697664261,0.000000000
595,1710255686.747663975,cam0/1710255686.747663952.jpg,770,1710255686.747663975,0.000000000
596,1710255686.797663689,cam0/1710255686.797663752.jpg,771,1710255686.797663689,0.000000000
597,1710255686.847663403,cam0/1710255686.847663452.jpg,773,1710255686.847663403,0.000000000
598,1710255686.897663355,cam0/1710255686.897663252.jpg,774,1710255686.897663355,0.000000000
599,1710255686.947663069,cam0/1710255686.947662952.jpg,776,1710255686.947663069,0.000000000
600,1710255686.997662783,cam0/1710255686.997662752.jpg,777,1710255686.997662783,0.000000000
601,1710255687.047662497,cam0/1710255687.047662552.jpg,778,1710255687.047662497,0.000000000
602,1710255687.097662210,cam0/1710255687.097662252.jpg,779,1710255687.097662210,0.000000000
603,1710255687.147662163,cam0/1710255687.147662052.jpg,781,1710255687.147662163,0.000000000
604,1710255687.197661877,cam0/1710255687.197661852.jpg,782,1710255687.197661877,0.000000000
605,1710255687.247661591,cam0/1710255687.247661652.jpg,784,1710255687.247661591,0.000000000
606,1710255687.297661304,cam0/1710255687.297661352.jpg,785,1710255687.297661304,0.000000000
607,1710255687.347661257,cam0/1710255687.347661152.jpg,787,1710255687.347661257,0.000000000
608,1710255687.397660971,cam0/1710255687.397660952.jpg,788,1710255687.397660971,0.000000000
609,1710255687.447660685,cam0/1710255687.447660652.jpg,790,1710255687.447660685,0.000000000
610,1710255687.497660398,cam0/1710255687.497660452.jpg,791,1710255687.497660398,0.000000000
611,1710255687.547660112,cam0/1710255687.547660152.jpg,793,1710255687.547660112,0.000000000
612,1710255687.597660065,cam0/1710255687.597659952.jpg,794,1710255687.597660065,0.000000000
613,1710255687.647659779,cam0/1710255687.647659752.jpg,796,1710255687.647659779,0.000000000
614,1710255687.697659492,cam0/1710255687.697659552.jpg,797,1710255687.697659492,0.000000000
615,1710255687.747659445,cam0/1710255687.747659352.jpg,799,1710255687.747659445,0.000000000
616,1710255687.797659159,cam0/1710255687.797659052.jpg,800,1710255687.797659159,0.000000000
617,1710255687.847658873,cam0/1710255687.847658852.jpg,801,1710255687.847658873,0.000000000
618,1710255687.897656441,cam0/1710255687.897656437.jpg,802,1710255687.897656441,0.000000000
619,1710255687.947656155,cam0/1710255687.947656237.jpg,803,1710255687.947656155,0.000000000
620,1710255687.997656107,cam0/1710255687.997656037.jpg,804,1710255687.997656107,0.000000000
621,1710255688.047655821,cam0/1710255688.047655737.jpg,806,1710255688.047655821,0.000000000
622,1710255688.097655535,cam0/1710255688.097655537.jpg,807,1710255688.097655535,0.000000000
623,1710255688.147655249,cam0/1710255688.147655237.jpg,808,1710255688.147655249,0.000000000
624,1710255688.197655201,cam0/1710255688.197655137.jpg,809,1710255688.197655201,0.000000000
625,1710255688.247654915,cam0/1710255688.247654937.jpg,811,1710255688.247654915,0.000000000
626,1710255688.297654629,cam0/1710255688.297654637.jpg,812,1710255688.297654629,0.000000000
627,1710255688.347654343,cam0/1710255688.347654437.jpg,814,1710255688.347654343,0.000000000
628,1710255688.397654057,cam0/1710255688.397654137.jpg,815,1710255688.397654057,0.000000000
629,1710255688.447654009,cam0/1710255688.447653937.jpg,817,1710255688.447654009,0.000000000
630,1710255688.497653723,cam0/1710255688.497653637.jpg,818,1710255688.497653723,0.000000000
631,1710255688.547653437,cam0/1710255688.547653437.jpg,820,1710255688.547653437,0.000000000
632,1710255688.597653151,cam0/1710255688.597653237.jpg,821,1710255688.597653151,0.000000000
633,1710255688.647652864,cam0/1710255688.647652937.jpg,822,1710255688.647652864,0.000000000
634,1710255688.697652817,cam0/1710255688.697652837.jpg,823,1710255688.697652817,0.000000000
635,1710255688.747652531,cam0/1710255688.747652537.jpg,825,1710255688.747652531,0.000000000
636,1710255688.797652245,cam0/1710255688.797652337.jpg,826,1710255688.797652245,0.000000000
637,1710255688.847651958,cam0/1710255688.847652037.jpg,828,1710255688.847651958,0.000000000
638,1710255688.897651911,cam0/1710255688.897651837.jpg,829,1710255688.897651911,0.000000000
639,1710255688.947651625,cam0/1710255688.947651637.jpg,831,1710255688.947651625,0.000000000
640,1710255688.997651339,cam0/1710255688.997651337.jpg,832,1710255688.997651339,0.000000000
641,1710255689.047651052,cam0/1710255689.047651137.jpg,833,1710255689.047651052,0.000000000
642,1710255689.097650766,cam0/1710255689.097650837.jpg,834,1710255689.097650766,0.000000000
643,1710255689.147650719,cam0/1710255689.147650637.jpg,836,1710255689.147650719,0.000000000
644,1710255689.197650433,cam0/1710255689.197650537.jpg,837,1710255689.197650433,0.000000000
645,1710255689.247650146,cam0/1710255689.247650237.jpg,839,1710255689.247650146,0.000000000
646,1710255689.297650099,cam0/1710255689.297650037.jpg,840,1710255689.297650099,0.000000000
647,1710255689.347649813,cam0/1710255689.347649737.jpg,842,1710255689.347649813,0.000000000
648,1710255689.397649527,cam0/1710255689.397649537.jpg,843,1710255689.397649527,0.000000000
649,1710255689.447649240,cam0/1710255689.447649237.jpg,844,1710255689.447649240,0.000000000
650,1710255689.497648954,cam0/1710255689.497649037.jpg,845,1710255689.497648954,0.000000000
651,1710255689.547648907,cam0/1710255689.547648837.jpg,847,1710255689.547648907,0.000000000
652,1710255689.597648621,cam0/1710255689.597648537.jpg,848,1710255689.597648621,0.000000000
653,1710255689.647648335,cam0/1710255689.647648337.jpg,850,1710255689.647648335,0.000000000
654,1710255689.697648048,cam0/1710255689.697648137.jpg,851,1710255689.697648048,0.000000000
655,1710255689.747648001,cam0/1710255689.747647937.jpg,853,1710255689.747648001,0.000000000
656,1710255689.797647715,cam0/1710255689.797647737.jpg,854,1710255689.797647715,0.000000000
657,1710255689.847647429,cam0/1710255689.847647437.jpg,856,1710255689.847647429,0.000000000
658,1710255689.897647142,cam0/1710255689.897647237.jpg,857,1710255689.897647142,0.000000000
659,1710255689.947646856,cam0/1710255689.947646937.jpg,859,1710255689.947646856,0.000000000
660,1710255689.997646809,cam0/1710255689.997646737.jpg,860,1710255689.997646809,0.000000000
661,1710255690.047646523,cam0/1710255690.047646437.jpg,862,1710255690.047646523,0.000000000
662,1710255690.097646236,cam0/1710255690.097646237.jpg,863,1710255690.097646236,0.000000000
663,1710255690.147645950,cam0/1710255690.147646037.jpg,865,1710255690.147645950,0.000000000
664,1710255690.197645903,cam0/1710255690.197645837.jpg,866,1710255690.197645903,0.000000000
665,1710255690.247645617,cam0/1710255690.247645637.jpg,868,1710255690.247645617,0.000000000
666,1710255690.297645330,cam0/1710255690.297645337.jpg,869,1710255690.297645330,0.000000000
667,1710255690.347645044,cam0/1710255690.347645137.jpg,871,1710255690.347645044,0.000000000
668,1710255690.397644758,cam0/1710255690.397644837.jpg,872,1710255690.397644758,0.000000000
669,1710255690.447644711,cam0/1710255690.447644637.jpg,874,1710255690.447644711,0.000000000
670,1710255690.497644424,cam0/1710255690.497644437.jpg,875,1710255690.497644424,0.000000000
671,1710255690.547644138,cam0/1710255690.547644137.jpg,877,1710255690.547644138,0.000000000
672,1710255690.597643852,cam0/1710255690.597643937.jpg,878,1710255690.597643852,0.000000000
673,1710255690.647643566,cam0/1710255690.647643637.jpg,880,1710255690.647643566,0.000000000
674,1710255690.697643518,cam0/1710255690.697643537.jpg,881,1710255690.697643518,0.000000000
675,1710255690.747643232,cam0/1710255690.747643337.jpg,883,1710255690.747643232,0.000000000
676,1710255690.797642946,cam0/1710255690.797643037.jpg,884,1710255690.797642946,0.000000000
677,1710255690.847642899,cam0/1710255690.847642837.jpg,886,1710255690.847642899,0.000000000
678,1710255690.897642612,cam0/1710255690.897642537.jpg,887,1710255690.897642612,0.000000000
679,1710255690.947642326,cam0/1710255690.947642337.jpg,889,1710255690.947642326,0.000000000
680,1710255690.997642040,cam0/1710255690.997642037.jpg,890,1710255690.997642040,0.000000000
681,1710255691.047641754,cam0/1710255691.047641837.jpg,892,1710255691.047641754,0.000000000
682,1710255691.097641706,cam0/1710255691.097641637.jpg,893,1710255691.097641706,0.000000000
683,1710255691.147641420,cam0/1710255691.147641337.jpg,894,1710255691.147641420,0.000000000
684,1710255691.197641134,cam0/1710255691.197641237.jpg,895,1710255691.197641134,0.000000000
685,1710255691.247640848,cam0/1710255691.247640937.jpg,897,1710255691.247640848,0.000000000
686,1710255691.297640800,cam0/1710255691.297640737.jpg,898,1710255691.297640800,0.000000000
687,1710255691.347640514,cam0/1710255691.347640537.jpg,900,1710255691.347640514,0.000000000
688,1710255691.397640228,cam0/1710255691.397640237.jpg,901,1710255691.397640228,0.000000000
689,1710255691.447639942,cam0/1710255691.447640037.jpg,903,1710255691.447639942,0.000000000
690,1710255691.497639656,cam0/1710255691.497639737.jpg,904,1710255691.497639656,0.000000000
691,1710255691.547639608,cam0/1710255691.547639537.jpg,906,1710255691.547639608,0.000000000
692,1710255691.597639322,cam0/1710255691.597639237.jpg,907,1710255691.597639322,0.000000000
693,1710255691.647639036,cam0/1710255691.647639037.jpg,909,1710255691.647639036,0.000000000
694,1710255691.697638988,cam0/1710255691.697638937.jpg,910,1710255691.697638988,0.000000000
695,1710255691.747638702,cam0/1710255691.747638637.jpg,912,1710255691.747638702,0.000000000
696,1710255691.797638416,cam0/1710255691.797638437.jpg,913,1710255691.797638416,0.000000000
697,1710255691.847638130,cam0/1710255691.847638137.jpg,915,1710255691.847638130,0.000000000
698,1710255691.897637844,cam0/1710255691.897637937.jpg,916,1710255691.897637844,0.000000000
699,1710255691.947637796,cam0/1710255691.947637737.jpg,918,1710255691.947637796,0.000000000
700,1710255691.997637510,cam0/1710255691.997637437.jpg,919,1710255691.997637510,0.000000000
701,1710255692.047637224,cam0/1710255692.047637237.jpg,921,1710255692.047637224,0.000000000
702,1710255692.097636938,cam0/1710255692.097636937.jpg,922,1710255692.097636938,0.000000000
703,1710255692.147636652,cam0/1710255692.147636737.jpg,924,1710255692.147636652,0.000000000
704,1710255692.197636604,cam0/1710255692.197636537.jpg,925,1710255692.197636604,0.000000000
705,1710255692.247636318,cam0/1710255692.247636337.jpg,927,1710255692.247636318,0.000000000
706,1710255692.297636032,cam0/1710255692.297636137.jpg,928,1710255692.297636032,0.000000000
707,1710255692.347635746,cam0/1710255692.347635837.jpg,930,1710255692.347635746,0.000000000
708,1710255692.397635698,cam0/1710255692.397635637.jpg,931,1710255692.397635698,0.000000000
709,1710255692.447635412,cam0/1710255692.447635337.jpg,933,1710255692.447635412,0.000000000
710,1710255692.497635126,cam0/1710255692.497635137.jpg,934,1710255692.497635126,0.000000000
711,1710255692.547634840,cam0/1710255692.547634837.jpg,936,1710255692.547634840,0.000000000
712,1710255692.597634554,cam0/1710255692.597634637.jpg,937,1710255692.597634554,0.000000000
713,1710255692.647634506,cam0/1710255692.647634437.jpg,939,1710255692.647634506,0.000000000
714,1710255692.697634220,cam0/1710255692.697634237.jpg,940,1710255692.697634220,0.000000000
715,1710255692.747633934,cam0/1710255692.747634037.jpg,942,1710255692.747633934,0.000000000
716,1710255692.797633648,cam0/1710255692.797633737.jpg,943,1710255692.797633648,0.000000000
717,1710255692.847633600,cam0/1710255692.847633537.jpg,945,1710255692.847633600,0.000000000
718,1710255692.897633314,cam0/1710255692.897633337.jpg,946,1710255692.897633314,0.000000000
719,1710255692.947633028,cam0/1710255692.947633037.jpg,948,1710255692.947633028,0.000000000
720,1710255692.997632742,cam0/1710255692.997632837.jpg,949,1710255692.997632742,0.000000000
721,1710255693.047632456,cam0/1710255693.047632537.jpg,951,1710255693.047632456,0.000000000
722,1710255693.097632408,cam0/1710255693.097632337.jpg,952,1710255693.097632408,0.000000000
723,1710255693.147632122,cam0/1710255693.147632037.jpg,954,1710255693.147632122,0.000000000
724,1710255693.197631836,cam0/1710255693.197631937.jpg,955,1710255693.197631836,0.000000000
725,1710255693.247631788,cam0/1710255693.247631737.jpg,957,1710255693.247631788,0.000000000
726,1710255693.297631502,cam0/1710255693.297631437.jpg,958,1710255693.297631502,0.000000000
727,1710255693.347631216,cam0/1710255693.347631237.jpg,960,1710255693.347631216,0.000000000
728,1710255693.397630930,cam0/1710255693.397630937.jpg,961,1710255693.397630930,0.000000000
729,1710255693.447630644,cam0/1710255693.447630737.jpg,963,1710255693.447630644,0.000000000
730,1710255693.497630596,cam0/1710255693.497630537.jpg,964,1710255693.497630596,0.000000000
731,1710255693.547630310,cam0/1710255693.547630237.jpg,966,1710255693.547630310,0.000000000
732,1710255693.597630024,cam0/1710255693.597630037.jpg,967,1710255693.597630024,0.000000000
733,1710255693.647629738,cam0/1710255693.647629737.jpg,969,1710255693.647629738,0.000000000
734,1710255693.697629690,cam0/1710255693.697629637.jpg,970,1710255693.697629690,0.000000000
735,1710255693.747629404,cam0/1710255693.747629337.jpg,972,1710255693.747629404,0.000000000
736,1710255693.797629118,cam0/1710255693.797629137.jpg,973,1710255693.797629118,0.000000000
737,1710255693.847628832,cam0/1710255693.847628937.jpg,975,1710255693.847628832,0.000000000
738,1710255693.897628546,cam0/1710255693.897628637.jpg,976,1710255693.897628546,0.000000000
739,1710255693.947628498,cam0/1710255693.947628437.jpg,978,1710255693.947628498,0.000000000
740,1710255693.997628212,cam0/1710255693.997628137.jpg,979,1710255693.997628212,0.000000000
741,1710255694.047627926,cam0/1710255694.047627937.jpg,981,1710255694.047627926,0.000000000
742,1710255694.097627640,cam0/1710255694.097627637.jpg,982,1710255694.097627640,0.000000000
743,1710255694.147627354,cam0/1710255694.147627437.jpg,984,1710255694.147627354,0.000000000
744,1710255694.197627306,cam0/1710255694.197627337.jpg,985,1710255694.197627306,0.000000000
745,1710255694.247627020,cam0/1710255694.247627037.jpg,987,1710255694.247627020,0.000000000
746,1710255694.297626734,cam0/1710255694.297626837.jpg,988,1710255694.297626734,0.000000000
747,1710255694.347626448,cam0/1710255694.347626537.jpg,990,1710255694.347626448,0.000000000
748,1710255694.397626400,cam0/1710255694.397626337.jpg,991,1710255694.397626400,0.000000000
749,1710255694.447626114,cam0/1710255694.447626137.jpg,993,1710255694.447626114,0.000000000
750,1710255694.497625828,cam0/1710255694.497625837.jpg,994,1710255694.497625828,0.000000000
751,1710255694.547625542,cam0/1710255694.547625637.jpg,996,1710255694.547625542,0.000000000
752,1710255694.597625256,cam0/1710255694.597625337.jpg,997,1710255694.597625256,0.000000000
753,1710255694.647625208,cam0/1710255694.647625137.jpg,999,1710255694.647625208,0.000000000
754,1710255694.697624922,cam0/1710255694.697624937.jpg,1000,1710255694.697624922,0.000000000
755,1710255694.747624636,cam0/1710255694.747624737.jpg,1002,1710255694.747624636,0.000000000
756,1710255694.797624588,cam0/1710255694.797624537.jpg,1003,1710255694.797624588,0.000000000
757,1710255694.847624302,cam0/1710255694.847624237.jpg,1005,1710255694.847624302,0.000000000
758,1710255694.897624016,cam0/1710255694.897624037.jpg,1006,1710255694.897624016,0.000000000
759,1710255694.947623730,cam0/1710255694.947623737.jpg,1008,1710255694.947623730,0.000000000
760,1710255694.997623444,cam0/1710255694.997623537.jpg,1009,1710255694.997623444,0.000000000
761,1710255695.047623396,cam0/1710255695.047623337.jpg,1011,1710255695.047623396,0.000000000
762,1710255695.097623110,cam0/1710255695.097623037.jpg,1012,1710255695.097623110,0.000000000
763,1710255695.147622824,cam0/1710255695.147622837.jpg,1014,1710255695.147622824,0.000000000
764,1710255695.197622538,cam0/1710255695.197622637.jpg,1015,1710255695.197622538,0.000000000
765,1710255695.247622490,cam0/1710255695.247622437.jpg,1017,1710255695.247622490,0.000000000
766,1710255695.297622204,cam0/1710255695.297622137.jpg,1018,1710255695.297622204,0.000000000
767,1710255695.347621918,cam0/1710255695.347621937.jpg,1020,1710255695.347621918,0.000000000
768,1710255695.397621632,cam0/1710255695.397621737.jpg,1021,1710255695.397621632,0.000000000
769,1710255695.447621346,cam0/1710255695.447621437.jpg,1023,1710255695.447621346,0.000000000
770,1710255695.497621298,cam0/1710255695.497621237.jpg,1024,1710255695.497621298,0.000000000
771,1710255695.547621012,cam0/1710255695.547620937.jpg,1026,1710255695.547621012,0.000000000
772,1710255695.597620726,cam0/1710255695.597620737.jpg,1027,1710255695.597620726,0.000000000
773,1710255695.647620440,cam0/1710255695.647620537.jpg,1029,1710255695.647620440,0.000000000
774,1710255695.697620392,cam0/1710255695.697620337.jpg,1030,1710255695.697620392,0.000000000
775,1710255695.747620106,cam0/1710255695.747620137.jpg,1032,1710255695.747620106,0.000000000
776,1710255695.797619820,cam0/1710255695.797619837.jpg,1033,1710255695.797619820,0.000000000
777,1710255695.847619534,cam0/1710255695.847619637.jpg,1035,1710255695.847619534,0.000000000
778,1710255695.897619247,cam0/1710255695.897619337.jpg,1036,1710255695.897619247,0.000000000
779,1710255695.947619200,cam0/1710255695.947619137.jpg,1038,1710255695.947619200,0.000000000
780,1710255695.997618914,cam0/1710255695.997618937.jpg,1039,1710255695.997618914,0.000000000
781,1710255696.047618628,cam0/1710255696.047618637.jpg,1041,1710255696.047618628,0.000000000
782,1710255696.097618341,cam0/1710255696.097618437.jpg,1042,1710255696.097618341,0.000000000
783,1710255696.147618055,cam0/1710255696.147618137.jpg,1044,1710255696.147618055,0.000000000
784,1710255696.197618008,cam0/1710255696.197618037.jpg,1045,1710255696.197618008,0.000000000
785,1710255696.247617722,cam0/1710255696.247617737.jpg,1047,1710255696.247617722,0.000000000
786,1710255696.297617435,cam0/1710255696.297617537.jpg,1048,1710255696.297617435,0.000000000
787,1710255696.347617388,cam0/1710255696.347617337.jpg,1050,1710255696.347617388,0.000000000
788,1710255696.397617102,cam0/1710255696.397617037.jpg,1051,1710255696.397617102,0.000000000
789,1710255696.447616816,cam0/1710255696.447616837.jpg,1053,1710255696.447616816,0.000000000
790,1710255696.497616529,cam0/1710255696.497616537.jpg,1054,1710255696.497616529,0.000000000
791,1710255696.547616243,cam0/1710255696.547616337.jpg,1056,1710255696.547616243,0.000000000
792,1710255696.597616196,cam0/1710255696.597616137.jpg,1057,1710255696.597616196,0.000000000
793,1710255696.647615910,cam0/1710255696.647615837.jpg,1059,1710255696.647615910,0.000000000
794,1710255696.697615623,cam0/1710255696.697615737.jpg,1060,1710255696.697615623,0.000000000
795,1710255696.747615337,cam0/1710255696.747615437.jpg,1062,1710255696.747615337,0.000000000
796,1710255696.797615290,cam0/1710255696.797615237.jpg,1063,1710255696.797615290,0.000000000
797,1710255696.847615004,cam0/1710255696.847614937.jpg,1065,1710255696.847615004,0.000000000
798,1710255696.897614717,cam0/1710255696.897614737.jpg,1066,1710255696.897614717,0.000000000
799,1710255696.947614431,cam0/1710255696.947614537.jpg,1068,1710255696.947614431,0.000000000
800,1710255696.997614145,cam0/1710255696.997614237.jpg,1069,1710255696.997614145,0.000000000
801,1710255697.047614098,cam0/1710255697.047614037.jpg,1071,1710255697.047614098,0.000000000
802,1710255697.097613811,cam0/1710255697.097613737.jpg,1072,1710255697.097613811,0.000000000
803,1710255697.147613525,cam0/1710255697.147613537.jpg,1074,1710255697.147613525,0.000000000
804,1710255697.197613478,cam0/1710255697.197613437.jpg,1075,1710255697.197613478,0.000000000
805,1710255697.247613192,cam0/1710255697.247613137.jpg,1077,1710255697.247613192,0.000000000
806,1710255697.297612906,cam0/1710255697.297612937.jpg,1078,1710255697.297612906,0.000000000
807,1710255697.347612619,cam0/1710255697.347612637.jpg,1080,1710255697.347612619,0.000000000
808,1710255697.397612333,cam0/1710255697.397612437.jpg,1081,1710255697.397612333,0.000000000
809,1710255697.447612047,cam0/1710255697.447612137.jpg,1083,1710255697.447612047,0.000000000
810,1710255697.497612000,cam0/1710255697.497611937.jpg,1084,1710255697.497612000,0.000000000
811,1710255697.547611713,cam0/1710255697.547611737.jpg,1086,1710255697.547611713,0.000000000
812,1710255697.597611427,cam0/1710255697.597611437.jpg,1087,1710255697.597611427,0.000000000
813,1710255697.647611141,cam0/1710255697.647611237.jpg,1089,1710255697.647611141,0.000000000
814,1710255697.697611094,cam0/1710255697.697611037.jpg,1090,1710255697.697611094,0.000000000
815,1710255697.747610807,cam0/1710255697.747610837.jpg,1092,1710255697.747610807,0.000000000
816,1710255697.797610521,cam0/1710255697.797610537.jpg,1093,1710255697.797610521,0.000000000
817,1710255697.847610235,cam0/1710255697.847610337.jpg,1095,1710255697.847610235,0.000000000
818,1710255697.897610188,cam0/1710255697.897610137.jpg,1096,1710255697.897610188,0.000000000
819,1710255697.947609901,cam0/1710255697.947609837.jpg,1098,1710255697.947609901,0.000000000
820,1710255697.997609615,cam0/1710255697.997609637.jpg,1099,1710255697.997609615,0.000000000
821,1710255698.047609329,cam0/1710255698.047609337.jpg,1101,1710255698.047609329,0.000000000
822,1710255698.097609043,cam0/1710255698.097609137.jpg,1102,1710255698.097609043,0.000000000
823,1710255698.147608995,cam0/1710255698.147608937.jpg,1104,1710255698.147608995,0.000000000
824,1710255698.197608709,cam0/1710255698.197608737.jpg,1105,1710255698.197608709,0.000000000
825,1710255698.247608423,cam0/1710255698.247608537.jpg,1107,1710255698.247608423,0.000000000
826,1710255698.297608137,cam0/1710255698.297608237.jpg,1108,1710255698.297608137,0.000000000
827,1710255698.347608089,cam0/1710255698.347608037.jpg,1110,1710255698.347608089,0.000000000
828,1710255698.397607803,cam0/1710255698.397607737.jpg,1111,1710255698.397607803,0.000000000
829,1710255698.447607517,cam0/1710255698.447607537.jpg,1113,1710255698.447607517,0.000000000
830,1710255698.497607231,cam0/1710255698.497607337.jpg,1114,1710255698.497607231,0.000000000
831,1710255698.547606945,cam0/1710255698.547607037.jpg,1116,1710255698.547606945,0.000000000
832,1710255698.597606897,cam0/1710255698.597606837.jpg,1117,1710255698.597606897,0.000000000
833,1710255698.647606611,cam0/1710255698.647606537.jpg,1119,1710255698.647606611,0.000000000
834,1710255698.697606325,cam0/1710255698.697606437.jpg,1120,1710255698.697606325,0.000000000
835,1710255698.747606277,cam0/1710255698.747606237.jpg,1122,1710255698.747606277,0.000000000
836,1710255698.797605991,cam0/1710255698.797605937.jpg,1123,1710255698.797605991,0.000000000
837,1710255698.847605705,cam0/1710255698.847605737.jpg,1125,1710255698.847605705,0.000000000
838,1710255698.897605419,cam0/1710255698.897605437.jpg,1126,1710255698.897605419,0.000000000
839,1710255698.947605133,cam0/1710255698.947605237.jpg,1128,1710255698.947605133,0.000000000
840,1710255698.997604847,cam0/1710255698.997604937.jpg,1129,1710255698.997604847,0.000000000
841,1710255699.047604799,cam0/1710255699.047604737.jpg,1131,1710255699.047604799,0.000000000
842,1710255699.097604513,cam0/1710255699.097604537.jpg,1132,1710255699.097604513,0.000000000
843,1710255699.147604227,cam0/1710255699.147604237.jpg,1134,1710255699.147604227,0.000000000
844,1710255699.197604179,cam0/1710255699.197604137.jpg,1135,1710255699.197604179,0.000000000
845,1710255699.247603893,cam0/1710255699.247603837.jpg,1137,1710255699.247603893,0.000000000
846,1710255699.297603607,cam0/1710255699.297603637.jpg,1138,1710255699.297603607,0.000000000
847,1710255699.347603321,cam0/1710255699.347603337.jpg,1140,1710255699.347603321,0.000000000
848,1710255699.397603035,cam0/1710255699.397603137.jpg,1141,1710255699.397603035,0.000000000
849,1710255699.447602987,cam0/1710255699.447602937.jpg,1143,1710255699.447602987,0.000000000
850,1710255699.497602701,cam0/1710255699.497602637.jpg,1144,1710255699.497602701,0.000000000
851,1710255699.547602415,cam0/1710255699.547602437.jpg,1146,1710255699.547602415,0.000000000
852,1710255699.597602129,cam0/1710255699.597602137.jpg,1147,1710255699.597602129,0.000000000
853,1710255699.647601843,cam0/1710255699.647601937.jpg,1149,1710255699.647601843,0.000000000
854,1710255699.697601795,cam0/1710255699.697601837.jpg,1150,1710255699.697601795,0.000000000
855,1710255699.747601509,cam0/1710255699.747601537.jpg,1152,1710255699.747601509,0.000000000
856,1710255699.797601223,cam0/1710255699.797601337.jpg,1153,1710255699.797601223,0.000000000
857,1710255699.847600937,cam0/1710255699.847601037.jpg,1155,1710255699.847600937,0.000000000
858,1710255699.897600889,cam0/1710255699.897600837.jpg,1156,1710255699.897600889,0.000000000
859,1710255699.947600603,cam0/1710255699.947600537.jpg,1158,1710255699.947600603,0.000000000
860,1710255699.997600317,cam0/1710255699.997600337.jpg,1159,1710255699.997600317,0.000000000
861,1710255700.047600031,cam0/1710255700.047600137.jpg,1161,1710255700.047600031,0.000000000
862,1710255700.097599745,cam0/1710255700.097599837.jpg,1162,1710255700.097599745,0.000000000
863,1710255700.147599697,cam0/1710255700.147599637.jpg,1164,1710255700.147599697,0.000000000
864,1710255700.197599411,cam0/1710255700.197599437.jpg,1165,1710255700.197599411,0.000000000
865,1710255700.247599125,cam0/1710255700.247599237.jpg,1167,1710255700.247599125,0.000000000
866,1710255700.297599077,cam0/1710255700.297599037.jpg,1168,1710255700.297599077,0.000000000
867,1710255700.347598791,cam0/1710255700.347598737.jpg,1170,1710255700.347598791,0.000000000
868,1710255700.397598505,cam0/1710255700.397598537.jpg,1171,1710255700.397598505,0.000000000
869,1710255700.447598219,cam0/1710255700.447598237.jpg,1173,1710255700.447598219,0.000000000
870,1710255700.497597933,cam0/1710255700.497598037.jpg,1174,1710255700.497597933,0.000000000
871,1710255700.547597647,cam0/1710255700.547597737.jpg,1176,1710255700.547597647,0.000000000
872,1710255700.597597599,cam0/1710255700.597597537.jpg,1177,1710255700.597597599,0.000000000
873,1710255700.647597313,cam0/1710255700.647597337.jpg,1179,1710255700.647597313,0.000000000
874,1710255700.697597027,cam0/1710255700.697597137.jpg,1180,1710255700.697597027,0.000000000
875,1710255700.747596979,cam0/1710255700.747596937.jpg,1182,1710255700.747596979,0.000000000
876,1710255700.797596693,cam0/1710255700.797596637.jpg,1183,1710255700.797596693,0.000000000
877,1710255700.847596407,cam0/1710255700.847596437.jpg,1185,1710255700.847596407,0.000000000
878,1710255700.897596121,cam0/1710255700.897596237.jpg,1186,1710255700.897596121,0.000000000
879,1710255700.947595835,cam0/1710255700.947595937.jpg,1188,1710255700.947595835,0.000000000
880,1710255700.997595787,cam0/1710255700.997595737.jpg,1189,1710255700.997595787,0.000000000
881,1710255701.047595501,cam0/1710255701.047595437.jpg,1191,1710255701.047595501,0.000000000
882,1710255701.097595215,cam0/1710255701.097595237.jpg,1192,1710255701.097595215,0.000000000
883,1710255701.147594929,cam0/1710255701.147594937.jpg,1194,1710255701.147594929,0.000000000
884,1710255701.197594881,cam0/1710255701.197594837.jpg,1195,1710255701.197594881,0.000000000
885,1710255701.247594595,cam0/1710255701.247594637.jpg,1197,1710255701.247594595,0.000000000
886,1710255701.297594309,cam0/1710255701.297594337.jpg,1198,1710255701.297594309,0.000000000
887,1710255701.347594023,cam0/1710255701.347594137.jpg,1200,1710255701.347594023,0.000000000
888,1710255701.397593737,cam0/1710255701.397593837.jpg,1201,1710255701.397593737,0.000000000
889,1710255701.447593689,cam0/1710255701.447593637.jpg,1203,1710255701.447593689,0.000000000
890,1710255701.497593403,cam0/1710255701.497593337.jpg,1204,1710255701.497593403,0.000000000
891,1710255701.547593117,cam0/1710255701.547593137.jpg,1206,1710255701.547593117,0.000000000
892,1710255701.597592831,cam0/1710255701.597592937.jpg,1207,1710255701.597592831,0.000000000
893,1710255701.647592545,cam0/1710255701.647592637.jpg,1209,1710255701.647592545,0.000000000
894,1710255701.697592497,cam0/1710255701.697592537.jpg,1210,1710255701.697592497,0.000000000
895,1710255701.747592211,cam0/1710255701.747592237.jpg,1212,1710255701.747592211,0.000000000
896,1710255701.797591925,cam0/1710255701.797592037.jpg,1213,1710255701.797591925,0.000000000
897,1710255701.847591877,cam0/1710255701.847591837.jpg,1215,1710255701.847591877,0.000000000
898,1710255701.897591591,cam0/1710255701.897591537.jpg,1216,1710255701.897591591,0.000000000
899,1710255701.947591305,cam0/1710255701.947591337.jpg,1218,1710255701.947591305,0.000000000
900,1710255701.997591019,cam0/1710255701.997591037.jpg,1219,1710255701.997591019,0.000000000
901,1710255702.047590733,cam0/1710255702.047590837.jpg,1221,1710255702.047590733,0.000000000
902,1710255702.097590446,cam0/1710255702.097590537.jpg,1222,1710255702.097590446,0.000000000
903,1710255702.147590399,cam0/1710255702.147590337.jpg,1224,1710255702.147590399,0.000000000
904,1710255702.197590351,cam0/1710255702.197590237.jpg,1225,1710255702.197590351,0.000000000
905,1710255702.247589827,cam0/1710255702.247589937.jpg,1227,1710255702.247589827,0.000000000
906,1710255702.297589779,cam0/1710255702.297589737.jpg,1228,1710255702.297589779,0.000000000
907,1710255702.347589493,cam0/1710255702.347589437.jpg,1230,1710255702.347589493,0.000000000
908,1710255702.397589207,cam0/1710255702.397589237.jpg,1231,1710255702.397589207,0.000000000
909,1710255702.447588921,cam0/1710255702.447589037.jpg,1233,1710255702.447588921,0.000000000
910,1710255702.497588634,cam0/1710255702.497588737.jpg,1234,1710255702.497588634,0.000000000
911,1710255702.547588587,cam0/1710255702.547588537.jpg,1236,1710255702.547588587,0.000000000
912,1710255702.597588301,cam0/1710255702.597588237.jpg,1237,1710255702.597588301,0.000000000
913,1710255702.647588015,cam0/1710255702.647588037.jpg,1239,1710255702.647588015,0.000000000
914,1710255702.697587729,cam0/1710255702.697587837.jpg,1240,1710255702.697587729,0.000000000
915,1710255702.747587681,cam0/1710255702.747587637.jpg,1242,1710255702.747587681,0.000000000
916,1710255702.797587395,cam0/1710255702.797587437.jpg,1243,1710255702.797587395,0.000000000
917,1710255702.847587109,cam0/1710255702.847587137.jpg,1245,1710255702.847587109,0.000000000
918,1710255702.897586823,cam0/1710255702.897586937.jpg,1246,1710255702.897586823,0.000000000
919,1710255702.947586536,cam0/1710255702.947586637.jpg,1248,1710255702.947586536,0.000000000
920,1710255702.997586489,cam0/1710255702.997586437.jpg,1249,1710255702.997586489,0.000000000
921,1710255703.047586203,cam0/1710255703.047586137.jpg,1251,1710255703.047586203,0.000000000
922,1710255703.097585917,cam0/1710255703.097585937.jpg,1252,1710255703.097585917,0.000000000
923,1710255703.147585630,cam0/1710255703.147585737.jpg,1254,1710255703.147585630,0.000000000
924,1710255703.197585583,cam0/1710255703.197585537.jpg,1255,1710255703.197585583,0.000000000
925,1710255703.247585297,cam0/1710255703.247585337.jpg,1257,1710255703.247585297,0.000000000
926,1710255703.297585011,cam0/1710255703.297585037.jpg,1258,1710255703.297585011,0.000000000
927,1710255703.347584724,cam0/1710255703.347584837.jpg,1260,1710255703.347584724,0.000000000
928,1710255703.397584677,cam0/1710255703.397584637.jpg,1261,1710255703.397584677,0.000000000
929,1710255703.447584391,cam0/1710255703.447584337.jpg,1263,1710255703.447584391,0.000000000
930,1710255703.497584105,cam0/1710255703.497584137.jpg,1264,1710255703.497584105,0.000000000
931,1710255703.547583818,cam0/1710255703.547583837.jpg,1266,1710255703.547583818,0.000000000
932,1710255703.597583532,cam0/1710255703.597583637.jpg,1267,1710255703.597583532,0.000000000
933,1710255703.647583246,cam0/1710255703.647583337.jpg,1269,1710255703.647583246,0.000000000
934,1710255703.697583199,cam0/1710255703.697583237.jpg,1270,1710255703.697583199,0.000000000
935,1710255703.747583151,cam0/1710255703.747583037.jpg,1272,1710255703.747583151,0.000000000
936,1710255703.797582626,cam0/1710255703.797582737.jpg,1273,1710255703.797582626,0.000000000
937,1710255703.897582293,cam0/1710255703.897582237.jpg,1275,1710255703.897582293,0.000000000
938,1710255703.947582006,cam0/1710255703.947582037.jpg,1276,1710255703.947582006,0.000000000
939,1710255703.997581720,cam0/1710255703.997581837.jpg,1277,1710255703.997581720,0.000000000
940,1710255704.047581434,cam0/1710255704.047581537.jpg,1279,1710255704.047581434,0.000000000
941,1710255704.097581387,cam0/1710255704.097581337.jpg,1280,1710255704.097581387,0.000000000
942,1710255704.147581100,cam0/1710255704.147581037.jpg,1282,1710255704.147581100,0.000000000
943,1710255704.197581053,cam0/1710255704.197580937.jpg,1283,1710255704.197581053,0.000000000
944,1710255704.247580528,cam0/1710255704.247580637.jpg,1285,1710255704.247580528,0.000000000
945,1710255704.297580481,cam0/1710255704.297580437.jpg,1286,1710255704.297580481,0.000000000
946,1710255704.347580194,cam0/1710255704.347580237.jpg,1288,1710255704.347580194,0.000000000
947,1710255704.397579908,cam0/1710255704.397579937.jpg,1289,1710255704.397579908,0.000000000
948,1710255704.447579622,cam0/1710255704.447579737.jpg,1291,1710255704.447579622,0.000000000
949,1710255704.497579336,cam0/1710255704.497579437.jpg,1292,1710255704.497579336,0.000000000
950,1710255704.547579288,cam0/1710255704.547579237.jpg,1294,1710255704.547579288,0.000000000
951,1710255704.597579002,cam0/1710255704.597579037.jpg,1295,1710255704.597579002,0.000000000
952,1710255704.647578716,cam0/1710255704.647578737.jpg,1297,1710255704.647578716,0.000000000
953,1710255704.697578669,cam0/1710255704.697578637.jpg,1298,1710255704.697578669,0.000000000
954,1710255704.747578382,cam0/1710255704.747578337.jpg,1300,1710255704.747578382,0.000000000
955,1710255704.797578096,cam0/1710255704.797578137.jpg,1301,1710255704.797578096,0.000000000
956,1710255704.847577810,cam0/1710255704.847577837.jpg,1302,1710255704.847577810,0.000000000
957,1710255704.897577524,cam0/1710255704.897577637.jpg,1303,1710255704.897577524,0.000000000
958,1710255704.947577477,cam0/1710255704.947577437.jpg,1305,1710255704.947577477,0.000000000
959,1710255704.997577190,cam0/1710255704.997577137.jpg,1306,1710255704.997577190,0.000000000
960,1710255705.047576904,cam0/1710255705.047576937.jpg,1307,1710255705.047576904,0.000000000
961,1710255705.097576618,cam0/1710255705.097576637.jpg,1308,1710255705.097576618,0.000000000
962,1710255705.147576332,cam0/1710255705.147576437.jpg,1309,1710255705.147576332,0.000000000
963,1710255705.197576284,cam0/1710255705.197576237.jpg,1310,1710255705.197576284,0.000000000
964,1710255705.247575998,cam0/1710255705.247576037.jpg,1311,1710255705.247575998,0.000000000
965,1710255705.297575951,cam0/1710255705.297575837.jpg,1312,1710255705.297575951,0.000000000
966,1710255705.347575426,cam0/1710255705.347575537.jpg,1313,1710255705.347575426,0.000000000
967,1710255705.397575378,cam0/1710255705.397575337.jpg,1314,1710255705.397575378,0.000000000
968,1710255705.447575092,cam0/1710255705.447575037.jpg,1315,1710255705.447575092,0.000000000
969,1710255705.497574806,cam0/1710255705.497574837.jpg,1316,1710255705.497574806,0.000000000
970,1710255705.547574520,cam0/1710255705.547574637.jpg,1317,1710255705.547574520,0.000000000
971,1710255705.597574234,cam0/1710255705.597574337.jpg,1318,1710255705.597574234,0.000000000
972,1710255705.647574186,cam0/1710255705.647574137.jpg,1319,1710255705.647574186,0.000000000
973,1710255705.697573900,cam0/1710255705.697573937.jpg,1321,1710255705.697573900,0.000000000
974,1710255705.747573853,cam0/1710255705.747573737.jpg,1322,1710255705.747573853,0.000000000
975,1710255705.797573328,cam0/1710255705.797573437.jpg,1323,1710255705.797573328,0.000000000
976,1710255705.847573280,cam0/1710255705.847573237.jpg,1324,1710255705.847573280,0.000000000
977,1710255705.897572994,cam0/1710255705.897573037.jpg,1325,1710255705.897572994,0.000000000
978,1710255705.947572708,cam0/1710255705.947572737.jpg,1326,1710255705.947572708,0.000000000
979,1710255705.997572422,cam0/1710255705.997572537.jpg,1327,1710255705.997572422,0.000000000
980,1710255706.047572136,cam0/1710255706.047572237.jpg,1328,1710255706.047572136,0.000000000
981,1710255706.097572088,cam0/1710255706.097572037.jpg,1329,1710255706.097572088,0.000000000
982,1710255706.147571802,cam0/1710255706.147571837.jpg,1330,1710255706.147571802,0.000000000
983,1710255706.197571754,cam0/1710255706.197571637.jpg,1331,1710255706.197571754,0.000000000
984,1710255706.247571468,cam0/1710255706.247571437.jpg,1332,1710255706.247571468,0.000000000
985,1710255706.297571182,cam0/1710255706.297571137.jpg,1333,1710255706.297571182,0.000000000
986,1710255706.347570896,cam0/1710255706.347570937.jpg,1334,1710255706.347570896,0.000000000
987,1710255706.397570610,cam0/1710255706.397570637.jpg,1335,1710255706.397570610,0.000000000
988,1710255706.447570324,cam0/1710255706.447570437.jpg,1336,1710255706.447570324,0.000000000
989,1710255706.497570276,cam0/1710255706.497570237.jpg,1337,1710255706.497570276,0.000000000
990,1710255706.547569990,cam0/1710255706.547569937.jpg,1338,1710255706.547569990,0.000000000
991,1710255706.597569704,cam0/1710255706.597569737.jpg,1339,1710255706.597569704,0.000000000
992,1710255706.647569418,cam0/1710255706.647569437.jpg,1340,1710255706.647569418,0.000000000
993,1710255706.697569370,cam0/1710255706.697569337.jpg,1341,1710255706.697569370,0.000000000
994,1710255706.747569084,cam0/1710255706.747569037.jpg,1342,1710255706.747569084,0.000000000
995,1710255706.797568798,cam0/1710255706.797568837.jpg,1343,1710255706.797568798,0.000000000
996,1710255706.847568750,cam0/1710255706.847568637.jpg,1344,1710255706.847568750,0.000000000
997,1710255706.897568226,cam0/1710255706.897568337.jpg,1345,1710255706.897568226,0.000000000
998,1710255706.947568178,cam0/1710255706.947568137.jpg,1346,1710255706.947568178,0.000000000
999,1710255706.997567892,cam0/1710255706.997567837.jpg,1347,1710255706.997567892,0.000000000
1000,1710255707.047567606,cam0/1710255707.047567637.jpg,1348,1710255707.047567606,0.000000000
1001,1710255707.097567320,cam0/1710255707.097567437.jpg,1349,1710255707.097567320,0.000000000
1002,1710255707.147567034,cam0/1710255707.147567137.jpg,1350,1710255707.147567034,0.000000000
1003,1710255707.197566986,cam0/1710255707.197567037.jpg,1351,1710255707.197566986,0.000000000
1004,1710255707.247566700,cam0/1710255707.247566737.jpg,1352,1710255707.247566700,0.000000000
1005,1710255707.297566652,cam0/1710255707.297566537.jpg,1353,1710255707.297566652,0.000000000
1006,1710255707.347566128,cam0/1710255707.347566237.jpg,1354,1710255707.347566128,0.000000000
1007,1710255707.397566080,cam0/1710255707.397566037.jpg,1355,1710255707.397566080,0.000000000
1008,1710255707.447565794,cam0/1710255707.447565837.jpg,1356,1710255707.447565794,0.000000000
1009,1710255707.497565508,cam0/1710255707.497565537.jpg,1357,1710255707.497565508,0.000000000
1010,1710255707.547565222,cam0/1710255707.547565337.jpg,1358,1710255707.547565222,0.000000000
1011,1710255707.597564936,cam0/1710255707.597565037.jpg,1359,1710255707.597564936,0.000000000
1012,1710255707.647564888,cam0/1710255707.647564837.jpg,1360,1710255707.647564888,0.000000000
1013,1710255707.697564840,cam0/1710255707.697564737.jpg,1361,1710255707.697564840,0.000000000
1014,1710255707.797564268,cam0/1710255707.797564237.jpg,1362,1710255707.797564268,0.000000000
1015,1710255707.847563982,cam0/1710255707.847563937.jpg,1363,1710255707.847563982,0.000000000
1016,1710255707.897563696,cam0/1710255707.897563737.jpg,1364,1710255707.897563696,0.000000000
1017,1710255707.947563410,cam0/1710255707.947563437.jpg,1365,1710255707.947563410,0.000000000
1018,1710255707.997563124,cam0/1710255707.997563237.jpg,1366,1710255707.997563124,0.000000000
1019,1710255708.047563076,cam0/1710255708.047563037.jpg,1367,1710255708.047563076,0.000000000
1020,1710255708.097562790,cam0/1710255708.097562737.jpg,1368,1710255708.097562790,0.000000000
1021,1710255708.197562456,cam0/1710255708.197562337.jpg,1369,1710255708.197562456,0.000000000
1022,1710255708.247562170,cam0/1710255708.247562137.jpg,1370,1710255708.247562170,0.000000000
1023,1710255708.297561884,cam0/1710255708.297561837.jpg,1371,1710255708.297561884,0.000000000
1024,1710255708.347561598,cam0/1710255708.347561637.jpg,1372,1710255708.347561598,0.000000000
1025,1710255708.397561550,cam0/1710255708.397561437.jpg,1373,1710255708.397561550,0.000000000
1026,1710255708.447561026,cam0/1710255708.447561137.jpg,1374,1710255708.447561026,0.000000000
1027,1710255708.497560978,cam0/1710255708.497560937.jpg,1375,1710255708.497560978,0.000000000
1028,1710255708.547560692,cam0/1710255708.547560637.jpg,1376,1710255708.547560692,0.000000000
1029,1710255708.597560406,cam0/1710255708.597560437.jpg,1377,1710255708.597560406,0.000000000
1030,1710255708.647560120,cam0/1710255708.647560237.jpg,1378,1710255708.647560120,0.000000000
1031,1710255708.697560072,cam0/1710255708.697560037.jpg,1379,1710255708.697560072,0.000000000
1032,1710255708.747559786,cam0/1710255708.747559837.jpg,1380,1710255708.747559786,0.000000000
1033,1710255708.797559500,cam0/1710255708.797559537.jpg,1381,1710255708.797559500,0.000000000
1034,1710255708.847559452,cam0/1710255708.847559337.jpg,1382,1710255708.847559452,0.000000000
1035,1710255708.897558928,cam0/1710255708.897559037.jpg,1383,1710255708.897558928,0.000000000
1036,1710255708.947558880,cam0/1710255708.947558837.jpg,1384,1710255708.947558880,0.000000000
1037,1710255708.997558594,cam0/1710255708.997558637.jpg,1385,1710255708.997558594,0.000000000
1038,1710255709.047558308,cam0/1710255709.047558337.jpg,1386,1710255709.047558308,0.000000000
1039,1710255709.097558022,cam0/1710255709.097558137.jpg,1387,1710255709.097558022,0.000000000
1040,1710255709.147557735,cam0/1710255709.147557837.jpg,1388,1710255709.147557735,0.000000000
1041,1710255709.197557688,cam0/1710255709.197557737.jpg,1389,1710255709.197557688,0.000000000
1042,1710255709.247557640,cam0/1710255709.247557537.jpg,1390,1710255709.247557640,0.000000000
1043,1710255709.297557354,cam0/1710255709.297557237.jpg,1391,1710255709.297557354,0.000000000
1044,1710255709.347557068,cam0/1710255709.347557037.jpg,1392,1710255709.347557068,0.000000000
1045,1710255709.397556782,cam0/1710255709.397556737.jpg,1393,1710255709.397556782,0.000000000
1046,1710255709.447556496,cam0/1710255709.447556537.jpg,1394,1710255709.447556496,0.000000000
1047,1710255709.497556210,cam0/1710255709.497556237.jpg,1395,1710255709.497556210,0.000000000
1048,1710255709.547555923,cam0/1710255709.547556037.jpg,1396,1710255709.547555923,0.000000000
1049,1710255709.597555876,cam0/1710255709.597555837.jpg,1397,1710255709.597555876,0.000000000
1050,1710255709.647555590,cam0/1710255709.647555537.jpg,1398,1710255709.647555590,0.000000000
1051,1710255709.697555542,cam0/1710255709.697555437.jpg,1399,1710255709.697555542,0.000000000
1052,1710255709.747555256,cam0/1710255709.747555137.jpg,1400,1710255709.747555256,0.000000000
1053,1710255709.797554970,cam0/1710255709.797554937.jpg,1401,1710255709.797554970,0.000000000
1054,1710255709.847554684,cam0/1710255709.847554737.jpg,1402,1710255709.847554684,0.000000000
1055,1710255709.897554398,cam0/1710255709.897554437.jpg,1403,1710255709.897554398,0.000000000
1056,1710255709.947554350,cam0/1710255709.947554237.jpg,1404,1710255709.947554350,0.000000000
1057,1710255709.997553825,cam0/1710255709.997553937.jpg,1405,1710255709.997553825,0.000000000
1058,1710255710.047553778,cam0/1710255710.047553737.jpg,1406,1710255710.047553778,0.000000000
1059,1710255710.097553492,cam0/1710255710.097553437.jpg,1407,1710255710.097553492,0.000000000
1060,1710255710.147553205,cam0/1710255710.147553237.jpg,1408,1710255710.147553205,0.000000000
1061,1710255710.197553158,cam0/1710255710.197553137.jpg,1409,1710255710.197553158,0.000000000
1062,1710255710.247552872,cam0/1710255710.247552837.jpg,1410,1710255710.247552872,0.000000000
1063,1710255710.297552586,cam0/1710255710.297552637.jpg,1411,1710255710.297552586,0.000000000
1064,1710255710.347552299,cam0/1710255710.347552337.jpg,1412,1710255710.347552299,0.000000000
1065,1710255710.397552252,cam0/1710255710.397552137.jpg,1413,1710255710.397552252,0.000000000
1066,1710255710.447551727,cam0/1710255710.447551837.jpg,1414,1710255710.447551727,0.000000000
1067,1710255710.497551680,cam0/1710255710.497551637.jpg,1416,1710255710.497551680,0.000000000
1068,1710255710.547551394,cam0/1710255710.547551437.jpg,1417,1710255710.547551394,0.000000000
1069,1710255710.597551107,cam0/1710255710.597551137.jpg,1418,1710255710.597551107,0.000000000
1070,1710255710.647550821,cam0/1710255710.647550937.jpg,1419,1710255710.647550821,0.000000000
1071,1710255710.697550774,cam0/1710255710.697550737.jpg,1420,1710255710.697550774,0.000000000
1072,1710255710.747550488,cam0/1710255710.747550537.jpg,1421,1710255710.747550488,0.000000000
1073,1710255710.797550440,cam0/1710255710.797550337.jpg,1422,1710255710.797550440,0.000000000
1074,1710255710.847550154,cam0/1710255710.847550037.jpg,1423,1710255710.847550154,0.000000000
1075,1710255710.897549868,cam0/1710255710.897549837.jpg,1424,1710255710.897549868,0.000000000
1076,1710255710.947549582,cam0/1710255710.947549537.jpg,1425,1710255710.947549582,0.000000000
1077,1710255710.997549295,cam0/1710255710.997549337.jpg,1426,1710255710.997549295,0.000000000
1078,1710255711.047549009,cam0/1710255711.047549037.jpg,1427,1710255711.047549009,0.000000000
1079,1710255711.097548723,cam0/1710255711.097548837.jpg,1428,1710255711.097548723,0.000000000
1080,1710255711.147548676,cam0/1710255711.147548637.jpg,1429,1710255711.147548676,0.000000000
1081,1710255711.197548389,cam0/1710255711.197548437.jpg,1431,1710255711.197548389,0.000000000
1082,1710255711.247548342,cam0/1710255711.247548237.jpg,1432,1710255711.247548342,0.000000000
1083,1710255711.297548056,cam0/1710255711.297547937.jpg,1433,1710255711.297548056,0.000000000
1084,1710255711.347547770,cam0/1710255711.347547737.jpg,1434,1710255711.347547770,0.000000000
1085,1710255711.397547483,cam0/1710255711.397547537.jpg,1435,1710255711.397547483,0.000000000
1086,1710255711.447547197,cam0/1710255711.447547237.jpg,1436,1710255711.447547197,0.000000000
1087,1710255711.497547150,cam0/1710255711.497547037.jpg,1437,1710255711.497547150,0.000000000
1088,1710255711.547546625,cam0/1710255711.547546737.jpg,1438,1710255711.547546625,0.000000000
1089,1710255711.597546577,cam0/1710255711.597546537.jpg,1439,1710255711.597546577,0.000000000
1090,1710255711.647546291,cam0/1710255711.647546237.jpg,1440,1710255711.647546291,0.000000000
1091,1710255711.697546244,cam0/1710255711.697546137.jpg,1441,1710255711.697546244,0.000000000
1092,1710255711.747545958,cam0/1710255711.747545937.jpg,1442,1710255711.747545958,0.000000000
1093,1710255711.797545671,cam0/1710255711.797545637.jpg,1443,1710255711.797545671,0.000000000
1094,1710255711.847545385,cam0/1710255711.847545437.jpg,1444,1710255711.847545385,0.000000000
1095,1710255711.897545099,cam0/1710255711.897545137.jpg,1445,1710255711.897545099,0.000000000
1096,1710255711.947545052,cam0/1710255711.947544937.jpg,1446,1710255711.947545052,0.000000000
1097,1710255711.997544527,cam0/1710255711.997544637.jpg,1447,1710255711.997544527,0.000000000
1098,1710255712.047544479,cam0/1710255712.047544437.jpg,1448,1710255712.047544479,0.000000000
1099,1710255712.097544193,cam0/1710255712.097544237.jpg,1449,1710255712.097544193,0.000000000
1100,1710255712.147543907,cam0/1710255712.147543937.jpg,1450,1710255712.147543907,0.000000000
1101,1710255712.197543859,cam0/1710255712.197543837.jpg,1451,1710255712.197543859,0.000000000
1102,1710255712.247543573,cam0/1710255712.247543537.jpg,1452,1710255712.247543573,0.000000000
1103,1710255712.297543287,cam0/1710255712.297543337.jpg,1453,1710255712.297543287,0.000000000
1104,1710255712.347543240,cam0/1710255712.347543137.jpg,1454,1710255712.347543240,0.000000000
1105,1710255712.397542953,cam0/1710255712.397542837.jpg,1455,1710255712.397542953,0.000000000
1106,1710255712.447542667,cam0/1710255712.447542637.jpg,1456,1710255712.447542667,0.000000000
1107,1710255712.497542381,cam0/1710255712.497542337.jpg,1457,1710255712.497542381,0.000000000
1108,1710255712.547542095,cam0/1710255712.547542137.jpg,1458,1710255712.547542095,0.000000000
1109,1710255712.597541809,cam0/1710255712.597541837.jpg,1459,1710255712.597541809,0.000000000
1110,1710255712.647541523,cam0/1710255712.647541637.jpg,1460,1710255712.647541523,0.000000000
1111,1710255712.697541475,cam0/1710255712.697541537.jpg,1461,1710255712.697541475,0.000000000
1112,1710255712.747541189,cam0/1710255712.747541237.jpg,1462,1710255712.747541189,0.000000000
1113,1710255712.797541142,cam0/1710255712.797541037.jpg,1463,1710255712.797541142,0.000000000
1114,1710255712.847540855,cam0/1710255712.847540737.jpg,1464,1710255712.847540855,0.000000000
1115,1710255712.897540569,cam0/1710255712.897540537.jpg,1465,1710255712.897540569,0.000000000
1116,1710255712.947540283,cam0/1710255712.947540337.jpg,1466,1710255712.947540283,0.000000000
1117,1710255712.997539997,cam0/1710255712.997540037.jpg,1468,1710255712.997539997,0.000000000
1118,1710255713.047539949,cam0/1710255713.047539837.jpg,1469,1710255713.047539949,0.000000000
1119,1710255713.097539425,cam0/1710255713.097539537.jpg,1470,1710255713.097539425,0.000000000
1120,1710255713.147539377,cam0/1710255713.147539337.jpg,1471,1710255713.147539377,0.000000000
1121,1710255713.197539091,cam0/1710255713.197539137.jpg,1473,1710255713.197539091,0.000000000
1122,1710255713.247539043,cam0/1710255713.247538937.jpg,1474,1710255713.247539043,0.000000000
1123,1710255713.297538757,cam0/1710255713.297538737.jpg,1475,1710255713.297538757,0.000000000
1124,1710255713.347538471,cam0/1710255713.347538437.jpg,1476,1710255713.347538471,0.000000000
1125,1710255713.397538185,cam0/1710255713.397538237.jpg,1478,1710255713.397538185,0.000000000
1126,1710255713.447537899,cam0/1710255713.447537937.jpg,1479,1710255713.447537899,0.000000000
1127,1710255713.497537851,cam0/1710255713.497537737.jpg,1481,1710255713.497537851,0.000000000
1128,1710255713.547537327,cam0/1710255713.547537437.jpg,1482,1710255713.547537327,0.000000000
1129,1710255713.597537279,cam0/1710255713.597537237.jpg,1483,1710255713.597537279,0.000000000
1130,1710255713.647536993,cam0/1710255713.647537037.jpg,1484,1710255713.647536993,0.000000000
1131,1710255713.697536945,cam0/1710255713.697536837.jpg,1485,1710255713.697536945,0.000000000
1132,1710255713.747536659,cam0/1710255713.747536637.jpg,1486,1710255713.747536659,0.000000000
1133,1710255713.797536373,cam0/1710255713.797536337.jpg,1488,1710255713.797536373,0.000000000
1134,1710255713.847536087,cam0/1710255713.847536137.jpg,1489,1710255713.847536087,0.000000000
1135,1710255713.897536039,cam0/1710255713.897535937.jpg,1490,1710255713.897536039,0.000000000
1136,1710255713.947535753,cam0/1710255713.947535637.jpg,1491,1710255713.947535753,0.000000000
1137,1710255713.997535467,cam0/1710255713.997535437.jpg,1492,1710255713.997535467,0.000000000
1138,1710255714.047535181,cam0/1710255714.047535137.jpg,1493,1710255714.047535181,0.000000000
1139,1710255714.097534895,cam0/1710255714.097534937.jpg,1494,1710255714.097534895,0.000000000
1140,1710255714.147534609,cam0/1710255714.147534637.jpg,1495,1710255714.147534609,0.000000000
1141,1710255714.197534561,cam0/1710255714.197534537.jpg,1496,1710255714.197534561,0.000000000
1142,1710255714.247534275,cam0/1710255714.247534337.jpg,1497,1710255714.247534275,0.000000000
1143,1710255714.297533989,cam0/1710255714.297534037.jpg,1498,1710255714.297533989,0.000000000
1144,1710255714.347533941,cam0/1710255714.347533837.jpg,1499,1710255714.347533941,0.000000000
1145,1710255714.397533655,cam0/1710255714.397533537.jpg,1501,1710255714.397533655,0.000000000
1146,1710255714.447533369,cam0/1710255714.447533337.jpg,1502,1710255714.447533369,0.000000000
1147,1710255714.497533083,cam0/1710255714.497533137.jpg,1503,1710255714.497533083,0.000000000
1148,1710255714.547532797,cam0/1710255714.547532837.jpg,1504,1710255714.547532797,0.000000000
1149,1710255714.597532749,cam0/1710255714.597532637.jpg,1505,1710255714.597532749,0.000000000
1150,1710255714.647532225,cam0/1710255714.647532337.jpg,1506,1710255714.647532225,0.000000000
1151,1710255714.697532177,cam0/1710255714.697532237.jpg,1508,1710255714.697532177,0.000000000
1152,1710255714.747531891,cam0/1710255714.747531937.jpg,1509,1710255714.747531891,0.000000000
1153,1710255714.797531843,cam0/1710255714.797531737.jpg,1510,1710255714.797531843,0.000000000
1154,1710255714.847531557,cam0/1710255714.847531537.jpg,1511,1710255714.847531557,0.000000000
1155,1710255714.897531271,cam0/1710255714.897531237.jpg,1512,1710255714.897531271,0.000000000
1156,1710255714.947530985,cam0/1710255714.947531037.jpg,1513,1710255714.947530985,0.000000000
1157,1710255714.997530699,cam0/1710255714.997530737.jpg,1514,1710255714.997530699,0.000000000
1158,1710255715.047530651,cam0/1710255715.047530537.jpg,1515,1710255715.047530651,0.000000000
1159,1710255715.097530365,cam0/1710255715.097530337.jpg,1516,1710255715.097530365,0.000000000
1160,1710255715.147530079,cam0/1710255715.147530037.jpg,1517,1710255715.147530079,0.000000000
1161,1710255715.197530031,cam0/1710255715.197529937.jpg,1518,1710255715.197530031,0.000000000
1162,1710255715.247529745,cam0/1710255715.247529637.jpg,1519,1710255715.247529745,0.000000000
1163,1710255715.297529459,cam0/1710255715.297529437.jpg,1521,1710255715.297529459,0.000000000
1164,1710255715.347529173,cam0/1710255715.347529137.jpg,1522,1710255715.347529173,0.000000000
1165,1710255715.397528887,cam0/1710255715.397528937.jpg,1523,1710255715.397528887,0.000000000
1166,1710255715.447528839,cam0/1710255715.447528737.jpg,1524,1710255715.447528839,0.000000000
1167,1710255715.497516394,cam0/1710255715.497516446.jpg,1525,1710255715.497516394,0.000000000
1168,1710255715.547516108,cam0/1710255715.547516146.jpg,1526,1710255715.547516108,0.000000000
1169,1710255715.597515821,cam0/1710255715.597515846.jpg,1527,1710255715.597515821,0.000000000
1170,1710255715.647515535,cam0/1710255715.647515646.jpg,1528,1710255715.647515535,0.000000000
1171,1710255715.697515488,cam0/1710255715.697515446.jpg,1529,1710255715.697515488,0.000000000
1172,1710255715.747515202,cam0/1710255715.747515146.jpg,1530,1710255715.747515202,0.000000000
1173,1710255715.797514915,cam0/1710255715.797514846.jpg,1531,1710255715.797514915,0.000000000
1174,1710255715.847514629,cam0/1710255715.847514546.jpg,1532,1710255715.847514629,0.000000000
1175,1710255715.897514343,cam0/1710255715.897514346.jpg,1533,1710255715.897514343,0.000000000
1176,1710255715.947514057,cam0/1710255715.947514046.jpg,1534,1710255715.947514057,0.000000000
1177,1710255715.997513771,cam0/1710255715.997513746.jpg,1535,1710255715.997513771,0.000000000
1178,1710255716.047513485,cam0/1710255716.047513446.jpg,1536,1710255716.047513485,0.000000000
1179,1710255716.097513199,cam0/1710255716.097513146.jpg,1537,1710255716.097513199,0.000000000
1180,1710255716.147512913,cam0/1710255716.147512946.jpg,1538,1710255716.147512913,0.000000000
1181,1710255716.197512865,cam0/1710255716.197512746.jpg,1540,1710255716.197512865,0.000000000
1182,1710255716.247512341,cam0/1710255716.247512446.jpg,1541,1710255716.247512341,0.000000000
1183,1710255716.297512054,cam0/1710255716.297512146.jpg,1542,1710255716.297512054,0.000000000
1184,1710255716.347512007,cam0/1710255716.347511946.jpg,1543,1710255716.347512007,0.000000000
1185,1710255716.397511721,cam0/1710255716.397511646.jpg,1544,1710255716.397511721,0.000000000
1186,1710255716.447511435,cam0/1710255716.447511346.jpg,1545,1710255716.447511435,0.000000000
1187,1710255716.497511148,cam0/1710255716.497511046.jpg,1547,1710255716.497511148,0.000000000
1188,1710255716.547510862,cam0/1710255716.547510746.jpg,1548,1710255716.547510862,0.000000000
1189,1710255716.597510576,cam0/1710255716.597510546.jpg,1549,1710255716.597510576,0.000000000
1190,1710255716.647510290,cam0/1710255716.647510246.jpg,1550,1710255716.647510290,0.000000000
1191,1710255716.697510004,cam0/1710255716.697510046.jpg,1551,1710255716.697510004,0.000000000
1192,1710255716.747509718,cam0/1710255716.747509746.jpg,1552,1710255716.747509718,0.000000000
1193,1710255716.797509432,cam0/1710255716.797509446.jpg,1554,1710255716.797509432,0.000000000
1194,1710255716.847509146,cam0/1710255716.847509246.jpg,1555,1710255716.847509146,0.000000000
1195,1710255716.897508860,cam0/1710255716.897508946.jpg,1556,1710255716.897508860,0.000000000
1196,1710255716.947508574,cam0/1710255716.947508646.jpg,1557,1710255716.947508574,0.000000000
1197,1710255716.997508287,cam0/1710255716.997508346.jpg,1558,1710255716.997508287,0.000000000
1198,1710255717.047508001,cam0/1710255717.047508046.jpg,1559,1710255717.047508001,0.000000000
1199,1710255717.097507954,cam0/1710255717.097507846.jpg,1561,1710255717.097507954,0.000000000
1200,1710255717.147507429,cam0/1710255717.147507546.jpg,1562,1710255717.147507429,0.000000000
1201,1710255717.197507381,cam0/1710255717.197507346.jpg,1564,1710255717.197507381,0.000000000
1202,1710255717.247507095,cam0/1710255717.247507046.jpg,1565,1710255717.247507095,0.000000000
1203,1710255717.297506809,cam0/1710255717.297506746.jpg,1566,1710255717.297506809,0.000000000
1204,1710255717.347506523,cam0/1710255717.347506546.jpg,1567,1710255717.347506523,0.000000000
1205,1710255717.397506237,cam0/1710255717.397506246.jpg,1569,1710255717.397506237,0.000000000
1206,1710255717.447505951,cam0/1710255717.447505946.jpg,1570,1710255717.447505951,0.000000000
1207,1710255717.497505665,cam0/1710255717.497505646.jpg,1572,1710255717.497505665,0.000000000
1208,1710255717.547505379,cam0/1710255717.547505346.jpg,1573,1710255717.547505379,0.000000000
1209,1710255717.597505093,cam0/1710255717.597505146.jpg,1574,1710255717.597505093,0.000000000
1210,1710255717.647504807,cam0/1710255717.647504846.jpg,1575,1710255717.647504807,0.000000000
1211,1710255717.697504759,cam0/1710255717.697504646.jpg,1577,1710255717.697504759,0.000000000
1212,1710255717.747504234,cam0/1710255717.747504346.jpg,1578,1710255717.747504234,0.000000000
1213,1710255717.797503948,cam0/1710255717.797504046.jpg,1580,1710255717.797503948,0.000000000
1214,1710255717.847503901,cam0/1710255717.847503846.jpg,1581,1710255717.847503901,0.000000000
1215,1710255717.897503614,cam0/1710255717.897503546.jpg,1583,1710255717.897503614,0.000000000
1216,1710255717.947503328,cam0/1710255717.947503246.jpg,1584,1710255717.947503328,0.000000000
1217,1710255717.997503042,cam0/1710255717.997502946.jpg,1585,1710255717.997503042,0.000000000
1218,1710255718.047502756,cam0/1710255718.047502646.jpg,1586,1710255718.047502756,0.000000000
1219,1710255718.097502470,cam0/1710255718.097502446.jpg,1587,1710255718.097502470,0.000000000
1220,1710255718.147502184,cam0/1710255718.147502146.jpg,1588,1710255718.147502184,0.000000000
1221,1710255718.197501898,cam0/1710255718.197501946.jpg,1589,1710255718.197501898,0.000000000
1222,1710255718.247501612,cam0/1710255718.247501646.jpg,1590,1710255718.247501612,0.000000000
1223,1710255718.297501326,cam0/1710255718.297501346.jpg,1592,1710255718.297501326,0.000000000
1224,1710255718.347501040,cam0/1710255718.347501146.jpg,1593,1710255718.347501040,0.000000000
1225,1710255718.397500753,cam0/1710255718.397500846.jpg,1594,1710255718.397500753,0.000000000
1226,1710255718.447500467,cam0/1710255718.447500546.jpg,1595,1710255718.447500467,0.000000000
1227,1710255718.497500181,cam0/1710255718.497500246.jpg,1596,1710255718.497500181,0.000000000
1228,1710255718.547499895,cam0/1710255718.547499946.jpg,1597,1710255718.547499895,0.000000000
1229,1710255718.597499847,cam0/1710255718.597499746.jpg,1599,1710255718.597499847,0.000000000
1230,1710255718.647499561,cam0/1710255718.647499446.jpg,1600,1710255718.647499561,0.000000000
1231,1710255718.697499275,cam0/1710255718.697499246.jpg,1601,1710255718.697499275,0.000000000
1232,1710255718.747498989,cam0/1710255718.747498946.jpg,1602,1710255718.747498989,0.000000000
1233,1710255718.797498703,cam0/1710255718.797498646.jpg,1603,1710255718.797498703,0.000000000
1234,1710255718.847498417,cam0/1710255718.847498446.jpg,1604,1710255718.847498417,0.000000000
1235,1710255718.897498131,cam0/1710255718.897498146.jpg,1606,1710255718.897498131,0.000000000
1236,1710255718.947497845,cam0/1710255718.947497846.jpg,1607,1710255718.947497845,0.000000000
1237,1710255718.997497559,cam0/1710255718.997497546.jpg,1609,1710255718.997497559,0.000000000
1238,1710255719.047497272,cam0/1710255719.047497246.jpg,1610,1710255719.047497272,0.000000000
1239,1710255719.097496986,cam0/1710255719.097497046.jpg,1612,1710255719.097496986,0.000000000
1240,1710255719.147496700,cam0/1710255719.147496746.jpg,1613,1710255719.147496700,0.000000000
1241,1710255719.197496653,cam0/1710255719.197496546.jpg,1614,1710255719.197496653,0.000000000
1242,1710255719.247496128,cam0/1710255719.247496246.jpg,1615,1710255719.247496128,0.000000000
1243,1710255719.297495842,cam0/1710255719.297495946.jpg,1616,1710255719.297495842,0.000000000
1244,1710255719.347495794,cam0/1710255719.347495746.jpg,1617,1710255719.347495794,0.000000000
1245,1710255719.397495508,cam0/1710255719.397495446.jpg,1619,1710255719.397495508,0.000000000
1246,1710255719.447495222,cam0/1710255719.447495146.jpg,1620,1710255719.447495222,0.000000000
1247,1710255719.497492552,cam0/1710255719.497492515.jpg,1622,1710255719.497492552,0.000000000
1248,1710255719.547492266,cam0/1710255719.547492215.jpg,1623,1710255719.547492266,0.000000000
1249,1710255719.597491980,cam0/1710255719.597492015.jpg,1625,1710255719.597491980,0.000000000
1250,1710255719.647491693,cam0/1710255719.647491715.jpg,1626,1710255719.647491693,0.000000000
1251,1710255719.697491407,cam0/1710255719.697491515.jpg,1628,1710255719.697491407,0.000000000
1252,1710255719.747491121,cam0/1710255719.747491215.jpg,1629,1710255719.747491121,0.000000000
1253,1710255719.797490835,cam0/1710255719.797490915.jpg,1631,1710255719.797490835,0.000000000
1254,1710255719.847490788,cam0/1710255719.847490715.jpg,1632,1710255719.847490788,0.000000000
1255,1710255719.897490501,cam0/1710255719.897490415.jpg,1633,1710255719.897490501,0.000000000
1256,1710255719.947490215,cam0/1710255719.947490115.jpg,1634,1710255719.947490215,0.000000000
1257,1710255719.997489929,cam0/1710255719.997489815.jpg,1636,1710255719.997489929,0.000000000
1258,1710255720.047489405,cam0/1710255720.047489515.jpg,1637,1710255720.047489405,0.000000000
1259,1710255720.097489357,cam0/1710255720.097489315.jpg,1638,1710255720.097489357,0.000000000
1260,1710255720.147489071,cam0/1710255720.147489015.jpg,1639,1710255720.147489071,0.000000000
1261,1710255720.197488785,cam0/1710255720.197488815.jpg,1641,1710255720.197488785,0.000000000
1262,1710255720.247488499,cam0/1710255720.247488515.jpg,1642,1710255720.247488499,0.000000000
1263,1710255720.297488213,cam0/1710255720.297488215.jpg,1644,1710255720.297488213,0.000000000
1264,1710255720.347487926,cam0/1710255720.347488015.jpg,1645,1710255720.347487926,0.000000000
1265,1710255720.397487640,cam0/1710255720.397487715.jpg,1647,1710255720.397487640,0.000000000
1266,1710255720.447487354,cam0/1710255720.447487415.jpg,1648,1710255720.447487354,0.000000000
1267,1710255720.497487068,cam0/1710255720.497487115.jpg,1650,1710255720.497487068,0.000000000
1268,1710255720.547486782,cam0/1710255720.547486815.jpg,1651,1710255720.547486782,0.000000000
1269,1710255720.597486496,cam0/1710255720.597486615.jpg,1653,1710255720.597486496,0.000000000
1270,1710255720.647486210,cam0/1710255720.647486315.jpg,1654,1710255720.647486210,0.000000000
1271,1710255720.697486162,cam0/1710255720.697486115.jpg,1656,1710255720.697486162,0.000000000
1272,1710255720.747485876,cam0/1710255720.747485815.jpg,1657,1710255720.747485876,0.000000000
1273,1710255720.797485590,cam0/1710255720.797485515.jpg,1659,1710255720.797485590,0.000000000
1274,1710255720.847485304,cam0/1710255720.847485315.jpg,1660,1710255720.847485304,0.000000000
1275,1710255720.897485018,cam0/1710255720.897485015.jpg,1662,1710255720.897485018,0.000000000
1276,1710255720.947484732,cam0/1710255720.947484715.jpg,1663,1710255720.947484732,0.000000000
1277,1710255720.997484446,cam0/1710255720.997484415.jpg,1665,1710255720.997484446,0.000000000
1278,1710255721.047484159,cam0/1710255721.047484115.jpg,1666,1710255721.047484159,0.000000000
1279,1710255721.097483873,cam0/1710255721.097483915.jpg,1668,1710255721.097483873,0.000000000
1280,1710255721.147483587,cam0/1710255721.147483615.jpg,1669,1710255721.147483587,0.000000000
1281,1710255721.197483301,cam0/1710255721.197483415.jpg,1670,1710255721.197483301,0.000000000
1282,1710255721.247483015,cam0/1710255721.247483115.jpg,1671,1710255721.247483015,0.000000000
1283,1710255721.297482729,cam0/1710255721.297482815.jpg,1673,1710255721.297482729,0.000000000
1284,1710255721.347482681,cam0/1710255721.347482615.jpg,1674,1710255721.347482681,0.000000000
1285,1710255721.397482395,cam0/1710255721.397482315.jpg,1676,1710255721.397482395,0.000000000
1286,1710255721.447482109,cam0/1710255721.447482015.jpg,1677,1710255721.447482109,0.000000000
1287,1710255721.497481823,cam0/1710255721.497481715.jpg,1679,1710255721.497481823,0.000000000
1288,1710255721.547481298,cam0/1710255721.547481415.jpg,1680,1710255721.547481298,0.000000000
1289,1710255721.597481251,cam0/1710255721.597481215.jpg,1682,1710255721.597481251,0.000000000
1290,1710255721.647480965,cam0/1710255721.647480915.jpg,1683,1710255721.647480965,0.000000000
1291,1710255721.697480679,cam0/1710255721.697480715.jpg,1685,1710255721.697480679,0.000000000
1292,1710255721.747480392,cam0/1710255721.747480415.jpg,1686,1710255721.747480392,0.000000000
1293,1710255721.797480106,cam0/1710255721.797480115.jpg,1688,1710255721.797480106,0.000000000
1294,1710255721.847479820,cam0/1710255721.847479915.jpg,1689,1710255721.847479820,0.000000000
1295,1710255721.897479534,cam0/1710255721.897479615.jpg,1691,1710255721.897479534,0.000000000
1296,1710255721.947479248,cam0/1710255721.947479315.jpg,1692,1710255721.947479248,0.000000000
1297,1710255721.997478962,cam0/1710255721.997479015.jpg,1694,1710255721.997478962,0.000000000
1298,1710255722.047478676,cam0/1710255722.047478715.jpg,1695,1710255722.047478676,0.000000000
1299,1710255722.097478628,cam0/1710255722.097478515.jpg,1697,1710255722.097478628,0.000000000
1300,1710255722.147478104,cam0/1710255722.147478215.jpg,1698,1710255722.147478104,0.000000000
1301,1710255722.197478056,cam0/1710255722.197478015.jpg,1700,1710255722.197478056,0.000000000
1302,1710255722.247477770,cam0/1710255722.247477715.jpg,1701,1710255722.247477770,0.000000000
1303,1710255722.297477484,cam0/1710255722.297477415.jpg,1703,1710255722.297477484,0.000000000
1304,1710255722.347477198,cam0/1710255722.347477215.jpg,1704,1710255722.347477198,0.000000000
1305,1710255722.397476912,cam0/1710255722.397476915.jpg,1706,1710255722.397476912,0.000000000
1306,1710255722.447476625,cam0/1710255722.447476615.jpg,1707,1710255722.447476625,0.000000000
1307,1710255722.497476339,cam0/1710255722.497476315.jpg,1709,1710255722.497476339,0.000000000
1308,1710255722.547476053,cam0/1710255722.547476015.jpg,1710,1710255722.547476053,0.000000000
1309,1710255722.597475767,cam0/1710255722.597475815.jpg,1712,1710255722.597475767,0.000000000
1310,1710255722.647475481,cam0/1710255722.647475515.jpg,1713,1710255722.647475481,0.000000000
1311,1710255722.697475433,cam0/1710255722.697475315.jpg,1715,1710255722.697475433,0.000000000
1312,1710255722.747474909,cam0/1710255722.747475015.jpg,1716,1710255722.747474909,0.000000000
1313,1710255722.797474861,cam0/1710255722.797474815.jpg,1718,1710255722.797474861,0.000000000
1314,1710255722.847474575,cam0/1710255722.847474515.jpg,1719,1710255722.847474575,0.000000000
1315,1710255722.897474289,cam0/1710255722.897474215.jpg,1721,1710255722.897474289,0.000000000
1316,1710255722.947474003,cam0/1710255722.947473915.jpg,1722,1710255722.947474003,0.000000000
1317,1710255722.997473717,cam0/1710255722.997473615.jpg,1724,1710255722.997473717,0.000000000
1318,1710255723.047473431,cam0/1710255723.047473415.jpg,1725,1710255723.047473431,0.000000000
1319,1710255723.097473145,cam0/1710255723.097473115.jpg,1727,1710255723.097473145,0.000000000
1320,1710255723.147472858,cam0/1710255723.147472815.jpg,1728,1710255723.147472858,0.000000000
1321,1710255723.197472572,cam0/1710255723.197472615.jpg,1730,1710255723.197472572,0.000000000
1322,1710255723.247472286,cam0/1710255723.247472315.jpg,1731,1710255723.247472286,0.000000000
1323,1710255723.297472000,cam0/1710255723.297472115.jpg,1733,1710255723.297472000,0.000000000
1324,1710255723.347471714,cam0/1710255723.347471815.jpg,1734,1710255723.347471714,0.000000000
1325,1710255723.397471428,cam0/1710255723.397471515.jpg,1736,1710255723.397471428,0.000000000
1326,1710255723.447471142,cam0/1710255723.447471215.jpg,1737,1710255723.447471142,0.000000000
1327,1710255723.497467041,cam0/1710255723.497467003.jpg,1738,1710255723.497467041,0.000000000
1328,1710255723.547466755,cam0/1710255723.547466703.jpg,1739,1710255723.547466755,0.000000000
1329,1710255723.597466469,cam0/1710255723.597466403.jpg,1741,1710255723.597466469,0.000000000
1330,1710255723.647465944,cam0/1710255723.647466003.jpg,1742,1710255723.647465944,0.000000000
1331,1710255723.697465897,cam0/1710255723.697465803.jpg,1744,1710255723.697465897,0.000000000
1332,1710255723.747465611,cam0/1710255723.747465503.jpg,1745,1710255723.747465611,0.000000000
1333,1710255723.797465086,cam0/1710255723.797465203.jpg,1747,1710255723.797465086,0.000000000
1334,1710255723.847464800,cam0/1710255723.847464903.jpg,1748,1710255723.847464800,0.000000000
1335,1710255723.897464514,cam0/1710255723.897464603.jpg,1750,1710255723.897464514,0.000000000
1336,1710255723.947464228,cam0/1710255723.947464303.jpg,1751,1710255723.947464228,0.000000000
1337,1710255723.997463942,cam0/1710255723.997464003.jpg,1753,1710255723.997463942,0.000000000
1338,1710255724.047463655,cam0/1710255724.047463703.jpg,1754,1710255724.047463655,0.000000000
1339,1710255724.097463369,cam0/1710255724.097463303.jpg,1756,1710255724.097463369,0.000000000
1340,1710255724.147463083,cam0/1710255724.147463003.jpg,1757,1710255724.147463083,0.000000000
1341,1710255724.197462797,cam0/1710255724.197462803.jpg,1758,1710255724.197462797,0.000000000
1342,1710255724.247462511,cam0/1710255724.247462503.jpg,1759,1710255724.247462511,0.000000000
1343,1710255724.297462225,cam0/1710255724.297462203.jpg,1761,1710255724.297462225,0.000000000
1344,1710255724.347461939,cam0/1710255724.347461903.jpg,1762,1710255724.347461939,0.000000000
1345,1710255724.397461653,cam0/1710255724.397461603.jpg,1764,1710255724.397461653,0.000000000
1346,1710255724.447461367,cam0/1710255724.447461303.jpg,1765,1710255724.447461367,0.000000000
1347,1710255724.497460842,cam0/1710255724.497460903.jpg,1767,1710255724.497460842,0.000000000
1348,1710255724.547460556,cam0/1710255724.547460603.jpg,1768,1710255724.547460556,0.000000000
1349,1710255724.597460270,cam0/1710255724.597460303.jpg,1770,1710255724.597460270,0.000000000
1350,1710255724.647459984,cam0/1710255724.647460003.jpg,1771,1710255724.647459984,0.000000000
1351,1710255724.697459698,cam0/1710255724.697459803.jpg,1773,1710255724.697459698,0.000000000
1352,1710255724.747459412,cam0/1710255724.747459503.jpg,1774,1710255724.747459412,0.000000000
1353,1710255724.797459126,cam0/1710255724.797459203.jpg,1776,1710255724.797459126,0.000000000
1354,1710255724.847458839,cam0/1710255724.847458903.jpg,1777,1710255724.847458839,0.000000000
1355,1710255724.897458553,cam0/1710255724.897458503.jpg,1779,1710255724.897458553,0.000000000
1356,1710255724.947458267,cam0/1710255724.947458203.jpg,1780,1710255724.947458267,0.000000000
1357,1710255724.997457981,cam0/1710255724.997457903.jpg,1782,1710255724.997457981,0.000000000
1358,1710255725.047457695,cam0/1710255725.047457603.jpg,1783,1710255725.047457695,0.000000000
1359,1710255725.097457409,cam0/1710255725.097457303.jpg,1785,1710255725.097457409,0.000000000
1360,1710255725.147456884,cam0/1710255725.147457003.jpg,1786,1710255725.147456884,0.000000000
1361,1710255725.197456837,cam0/1710255725.197456803.jpg,1788,1710255725.197456837,0.000000000
1362,1710255725.247456551,cam0/1710255725.247456503.jpg,1789,1710255725.247456551,0.000000000
1363,1710255725.297456264,cam0/1710255725.297456203.jpg,1791,1710255725.297456264,0.000000000
1364,1710255725.347455740,cam0/1710255725.347455803.jpg,1792,1710255725.347455740,0.000000000
1365,1710255725.397455454,cam0/1710255725.397455503.jpg,1794,1710255725.397455454,0.000000000
1366,1710255725.447455168,cam0/1710255725.447455203.jpg,1795,1710255725.447455168,0.000000000
1367,1710255725.497454882,cam0/1710255725.497454903.jpg,1797,1710255725.497454882,0.000000000
1368,1710255725.547454596,cam0/1710255725.547454603.jpg,1798,1710255725.547454596,0.000000000
1369,1710255725.597454309,cam0/1710255725.597454303.jpg,1800,1710255725.597454309,0.000000000
1370,1710255725.647454023,cam0/1710255725.647454003.jpg,1801,1710255725.647454023,0.000000000
1371,1710255725.697453737,cam0/1710255725.697453803.jpg,1803,1710255725.697453737,0.000000000
1372,1710255725.747453451,cam0/1710255725.747453403.jpg,1804,1710255725.747453451,0.000000000
1373,1710255725.797453165,cam0/1710255725.797453103.jpg,1806,1710255725.797453165,0.000000000
1374,1710255725.847452879,cam0/1710255725.847452803.jpg,1807,1710255725.847452879,0.000000000
1375,1710255725.897452593,cam0/1710255725.897452503.jpg,1809,1710255725.897452593,0.000000000
1376,1710255725.947452307,cam0/1710255725.947452203.jpg,1810,1710255725.947452307,0.000000000
1377,1710255725.997452021,cam0/1710255725.997451903.jpg,1812,1710255725.997452021,0.000000000
1378,1710255726.047451496,cam0/1710255726.047451603.jpg,1813,1710255726.047451496,0.000000000
1379,1710255726.097451210,cam0/1710255726.097451303.jpg,1815,1710255726.097451210,0.000000000
1380,1710255726.147450924,cam0/1710255726.147451003.jpg,1816,1710255726.147450924,0.000000000
1381,1710255726.197450638,cam0/1710255726.197450703.jpg,1818,1710255726.197450638,0.000000000
1382,1710255726.247450352,cam0/1710255726.247450403.jpg,1819,1710255726.247450352,0.000000000
1383,1710255726.297450066,cam0/1710255726.297450103.jpg,1821,1710255726.297450066,0.000000000
1384,1710255726.347449780,cam0/1710255726.347449803.jpg,1822,1710255726.347449780,0.000000000
1385,1710255726.397449493,cam0/1710255726.397449503.jpg,1824,1710255726.397449493,0.000000000
1386,1710255726.447449207,cam0/1710255726.447449203.jpg,1825,1710255726.447449207,0.000000000
1387,1710255726.497448921,cam0/1710255726.497448903.jpg,1827,1710255726.497448921,0.000000000
1388,1710255726.547448635,cam0/1710255726.547448603.jpg,1828,1710255726.547448635,0.000000000
1389,1710255726.597448111,cam0/1710255726.597448203.jpg,1830,1710255726.597448111,0.000000000
1390,1710255726.647447824,cam0/1710255726.647447903.jpg,1831,1710255726.647447824,0.000000000
1391,1710255726.697447777,cam0/1710255726.697447703.jpg,1833,1710255726.697447777,0.000000000
1392,1710255726.747447491,cam0/1710255726.747447403.jpg,1834,1710255726.747447491,0.000000000
1393,1710255726.797447205,cam0/1710255726.797447103.jpg,1836,1710255726.797447205,0.000000000
1394,1710255726.847446918,cam0/1710255726.847446803.jpg,1837,1710255726.847446918,0.000000000
1395,1710255726.897446394,cam0/1710255726.897446503.jpg,1839,1710255726.897446394,0.000000000
1396,1710255726.947446108,cam0/1710255726.947446203.jpg,1840,1710255726.947446108,0.000000000
1397,1710255726.997445822,cam0/1710255726.997445803.jpg,1842,1710255726.997445822,0.000000000
1398,1710255727.047445536,cam0/1710255727.047445503.jpg,1843,1710255727.047445536,0.000000000
1399,1710255727.097445250,cam0/1710255727.097445203.jpg,1845,1710255727.097445250,0.000000000
1400,1710255727.147444963,cam0/1710255727.147444903.jpg,1846,1710255727.147444963,0.000000000
1401,1710255727.197444677,cam0/1710255727.197444703.jpg,1848,1710255727.197444677,0.000000000
1402,1710255727.247444391,cam0/1710255727.247444403.jpg,1849,1710255727.247444391,0.000000000
1403,1710255727.297444105,cam0/1710255727.297444103.jpg,1851,1710255727.297444105,0.000000000
1404,1710255727.347443819,cam0/1710255727.347443803.jpg,1852,1710255727.347443819,0.000000000
1405,1710255727.397443533,cam0/1710255727.397443503.jpg,1854,1710255727.397443533,0.000000000
1406,1710255727.447443008,cam0/1710255727.447443103.jpg,1855,1710255727.447443008,0.000000000
1407,1710255727.497442722,cam0/1710255727.497442803.jpg,1857,1710255727.497442722,0.000000000
1408,1710255727.547442436,cam0/1710255727.547442503.jpg,1858,1710255727.547442436,0.000000000
1409,1710255727.597442150,cam0/1710255727.597442203.jpg,1860,1710255727.597442150,0.000000000
1410,1710255727.647441864,cam0/1710255727.647441903.jpg,1861,1710255727.647441864,0.000000000
1411,1710255727.697441816,cam0/1710255727.697441703.jpg,1863,1710255727.697441816,0.000000000
1412,1710255727.747441292,cam0/1710255727.747441403.jpg,1864,1710255727.747441292,0.000000000
1413,1710255727.797441006,cam0/1710255727.797441103.jpg,1866,1710255727.797441006,0.000000000
1414,1710255727.847440720,cam0/1710255727.847440703.jpg,1867,1710255727.847440720,0.000000000
1415,1710255727.897440434,cam0/1710255727.897440403.jpg,1869,1710255727.897440434,0.000000000
1416,1710255727.947440147,cam0/1710255727.947440103.jpg,1870,1710255727.947440147,0.000000000
1417,1710255727.997439861,cam0/1710255727.997439803.jpg,1872,1710255727.997439861,0.000000000
1418,1710255728.047439575,cam0/1710255728.047439503.jpg,1873,1710255728.047439575,0.000000000
1419,1710255728.097439289,cam0/1710255728.097439203.jpg,1875,1710255728.097439289,0.000000000
1420,1710255728.147439003,cam0/1710255728.147438903.jpg,1876,1710255728.147439003,0.000000000
1421,1710255728.197438717,cam0/1710255728.197438703.jpg,1878,1710255728.197438717,0.000000000
1422,1710255728.247438192,cam0/1710255728.247438303.jpg,1879,1710255728.247438192,0.000000000
1423,1710255728.297437906,cam0/1710255728.297438003.jpg,1881,1710255728.297437906,0.000000000
1424,1710255728.347437620,cam0/1710255728.347437703.jpg,1882,1710255728.347437620,0.000000000
1425,1710255728.397437334,cam0/1710255728.397437403.jpg,1884,1710255728.397437334,0.000000000
1426,1710255728.447437048,cam0/1710255728.447437103.jpg,1885,1710255728.447437048,0.000000000
1427,1710255728.497436762,cam0/1710255728.497436803.jpg,1887,1710255728.497436762,0.000000000
1428,1710255728.547436476,cam0/1710255728.547436503.jpg,1888,1710255728.547436476,0.000000000
1429,1710255728.597436190,cam0/1710255728.597436203.jpg,1890,1710255728.597436190,0.000000000
1430,1710255728.647435904,cam0/1710255728.647435903.jpg,1891,1710255728.647435904,0.000000000
1431,1710255728.697435617,cam0/1710255728.697435603.jpg,1893,1710255728.697435617,0.000000000
1432,1710255728.747435331,cam0/1710255728.747435303.jpg,1894,1710255728.747435331,0.000000000
1433,1710255728.797435045,cam0/1710255728.797435003.jpg,1896,1710255728.797435045,0.000000000
1434,1710255728.847434759,cam0/1710255728.847434703.jpg,1897,1710255728.847434759,0.000000000
1435,1710255728.897434473,cam0/1710255728.897434403.jpg,1899,1710255728.897434473,0.000000000
1436,1710255728.947434187,cam0/1710255728.947434103.jpg,1900,1710255728.947434187,0.000000000
1437,1710255728.997433901,cam0/1710255728.997433803.jpg,1902,1710255728.997433901,0.000000000
1438,1710255729.047433615,cam0/1710255729.047433503.jpg,1903,1710255729.047433615,0.000000000
1439,1710255729.097433090,cam0/1710255729.097433103.jpg,1905,1710255729.097433090,0.000000000
1440,1710255729.147432804,cam0/1710255729.147432803.jpg,1906,1710255729.147432804,0.000000000
1441,1710255729.197432518,cam0/1710255729.197432603.jpg,1908,1710255729.197432518,0.000000000
1442,1710255729.247432232,cam0/1710255729.247432303.jpg,1909,1710255729.247432232,0.000000000
1443,1710255729.297431946,cam0/1710255729.297432003.jpg,1911,1710255729.297431946,0.000000000
1444,1710255729.347431660,cam0/1710255729.347431703.jpg,1912,1710255729.347431660,0.000000000
1445,1710255729.397431374,cam0/1710255729.397431403.jpg,1914,1710255729.397431374,0.000000000
1446,1710255729.447431087,cam0/1710255729.447431103.jpg,1915,1710255729.447431087,0.000000000
1447,1710255729.497430801,cam0/1710255729.497430703.jpg,1917,1710255729.497430801,0.000000000
1448,1710255729.547430515,cam0/1710255729.547430403.jpg,1918,1710255729.547430515,0.000000000
1449,1710255729.597429991,cam0/1710255729.597430103.jpg,1920,1710255729.597429991,0.000000000
1450,1710255729.647429705,cam0/1710255729.647429803.jpg,1921,1710255729.647429705,0.000000000
1451,1710255729.697429657,cam0/1710255729.697429603.jpg,1923,1710255729.697429657,0.000000000
1452,1710255729.747429371,cam0/1710255729.747429303.jpg,1924,1710255729.747429371,0.000000000
1453,1710255729.797429085,cam0/1710255729.797429003.jpg,1926,1710255729.797429085,0.000000000
1454,1710255729.847428799,cam0/1710255729.847428703.jpg,1927,1710255729.847428799,0.000000000
1455,1710255729.897428513,cam0/1710255729.897428403.jpg,1929,1710255729.897428513,0.000000000
1456,1710255729.947427988,cam0/1710255729.947428003.jpg,1930,1710255729.947427988,0.000000000
1457,1710255729.997427702,cam0/1710255729.997427703.jpg,1932,1710255729.997427702,0.000000000
1458,1710255730.047427416,cam0/1710255730.047427403.jpg,1933,1710255730.047427416,0.000000000
1459,1710255730.097427130,cam0/1710255730.097427103.jpg,1935,1710255730.097427130,0.000000000
1460,1710255730.147426844,cam0/1710255730.147426803.jpg,1936,1710255730.147426844,0.000000000
1461,1710255730.197426558,cam0/1710255730.197426603.jpg,1938,1710255730.197426558,0.000000000
1462,1710255730.247426271,cam0/1710255730.247426303.jpg,1939,1710255730.247426271,0.000000000
1463,1710255730.297425985,cam0/1710255730.297426003.jpg,1941,1710255730.297425985,0.000000000
1464,1710255730.347425699,cam0/1710255730.347425603.jpg,1942,1710255730.347425699,0.000000000
1465,1710255730.397425413,cam0/1710255730.397425303.jpg,1944,1710255730.397425413,0.000000000
1466,1710255730.447424889,cam0/1710255730.447425003.jpg,1945,1710255730.447424889,0.000000000
1467,1710255730.497424603,cam0/1710255730.497424703.jpg,1947,1710255730.497424603,0.000000000
1468,1710255730.547424316,cam0/1710255730.547424403.jpg,1948,1710255730.547424316,0.000000000
1469,1710255730.597424030,cam0/1710255730.597424103.jpg,1950,1710255730.597424030,0.000000000
1470,1710255730.647423744,cam0/1710255730.647423803.jpg,1951,1710255730.647423744,0.000000000
1471,1710255730.697423697,cam0/1710255730.697423603.jpg,1953,1710255730.697423697,0.000000000
1472,1710255730.747423410,cam0/1710255730.747423303.jpg,1954,1710255730.747423410,0.000000000
1473,1710255730.797422886,cam0/1710255730.797422903.jpg,1956,1710255730.797422886,0.000000000
1474,1710255730.847422600,cam0/1710255730.847422603.jpg,1957,1710255730.847422600,0.000000000
1475,1710255730.897422314,cam0/1710255730.897422303.jpg,1959,1710255730.897422314,0.000000000
1476,1710255730.947422028,cam0/1710255730.947422003.jpg,1960,1710255730.947422028,0.000000000
1477,1710255730.997421741,cam0/1710255730.997421703.jpg,1962,1710255730.997421741,0.000000000
1478,1710255731.047421455,cam0/1710255731.047421403.jpg,1963,1710255731.047421455,0.000000000
1479,1710255731.097421169,cam0/1710255731.097421103.jpg,1965,1710255731.097421169,0.000000000
1480,1710255731.147420883,cam0/1710255731.147420803.jpg,1966,1710255731.147420883,0.000000000
1481,1710255731.197420597,cam0/1710255731.197420503.jpg,1968,1710255731.197420597,0.000000000
1482,1710255731.247420311,cam0/1710255731.247420203.jpg,1969,1710255731.247420311,0.000000000
1483,1710255731.297419786,cam0/1710255731.297419903.jpg,1971,1710255731.297419786,0.000000000
1484,1710255731.347419500,cam0/1710255731.347419603.jpg,1972,1710255731.347419500,0.000000000
1485,1710255731.397419214,cam0/1710255731.397419303.jpg,1974,1710255731.397419214,0.000000000
1486,1710255731.447418928,cam0/1710255731.447419003.jpg,1975,1710255731.447418928,0.000000000
1487,1710255731.497418642,cam0/1710255731.497418703.jpg,1977,1710255731.497418642,0.000000000
1488,1710255731.547418356,cam0/1710255731.547418403.jpg,1978,1710255731.547418356,0.000000000
1489,1710255731.597418070,cam0/1710255731.597418003.jpg,1980,1710255731.597418070,0.000000000
1490,1710255731.647417784,cam0/1710255731.647417703.jpg,1981,1710255731.647417784,0.000000000
1491,1710255731.697417498,cam0/1710255731.697417503.jpg,1983,1710255731.697417498,0.000000000
1492,1710255731.747417212,cam0/1710255731.747417203.jpg,1984,1710255731.747417212,0.000000000
1493,1710255731.797416925,cam0/1710255731.797416903.jpg,1986,1710255731.797416925,0.000000000
1494,1710255731.847416639,cam0/1710255731.847416603.jpg,1987,1710255731.847416639,0.000000000
1495,1710255731.897416353,cam0/1710255731.897416303.jpg,1989,1710255731.897416353,0.000000000
1496,1710255731.947416067,cam0/1710255731.947416003.jpg,1990,1710255731.947416067,0.000000000
1497,1710255731.997415781,cam0/1710255731.997415703.jpg,1992,1710255731.997415781,0.000000000
1498,1710255732.047415257,cam0/1710255732.047415303.jpg,1993,1710255732.047415257,0.000000000
1499,1710255732.097414970,cam0/1710255732.097415003.jpg,1995,1710255732.097414970,0.000000000
1500,1710255732.147414684,cam0/1710255732.147414703.jpg,1996,1710255732.147414684,0.000000000
1501,1710255732.197414398,cam0/1710255732.197414503.jpg,1998,1710255732.197414398,0.000000000
1502,1710255732.247414112,cam0/1710255732.247414203.jpg,1999,1710255732.247414112,0.000000000
1503,1710255732.297413826,cam0/1710255732.297413903.jpg,2001,1710255732.297413826,0.000000000
1504,1710255732.347413540,cam0/1710255732.347413603.jpg,2002,1710255732.347413540,0.000000000
1505,1710255732.397413254,cam0/1710255732.397413303.jpg,2004,1710255732.397413254,0.000000000
1506,1710255732.447412968,cam0/1710255732.447412903.jpg,2005,1710255732.447412968,0.000000000
1507,1710255732.497410059,cam0/1710255732.497410159.jpg,2007,1710255732.497410059,0.000000000
1508,1710255732.547409773,cam0/1710255732.547409859.jpg,2008,1710255732.547409773,0.000000000
1509,1710255732.597409487,cam0/1710255732.597409559.jpg,2010,1710255732.597409487,0.000000000
1510,1710255732.647409201,cam0/1710255732.647409259.jpg,2011,1710255732.647409201,0.000000000
1511,1710255732.697409153,cam0/1710255732.697409059.jpg,2013,1710255732.697409153,0.000000000
1512,1710255732.747408867,cam0/1710255732.747408759.jpg,2014,1710255732.747408867,0.000000000
1513,1710255732.797408342,cam0/1710255732.797408459.jpg,2016,1710255732.797408342,0.000000000
1514,1710255732.847408056,cam0/1710255732.847408059.jpg,2017,1710255732.847408056,0.000000000
1515,1710255732.897407770,cam0/1710255732.897407759.jpg,2019,1710255732.897407770,0.000000000
1516,1710255732.947407484,cam0/1710255732.947407459.jpg,2020,1710255732.947407484,0.000000000
1517,1710255732.997407198,cam0/1710255732.997407159.jpg,2022,1710255732.997407198,0.000000000
1518,1710255733.047406912,cam0/1710255733.047406859.jpg,2023,1710255733.047406912,0.000000000
1519,1710255733.097406626,cam0/1710255733.097406559.jpg,2025,1710255733.097406626,0.000000000
1520,1710255733.147406340,cam0/1710255733.147406259.jpg,2026,1710255733.147406340,0.000000000
1521,1710255733.197406054,cam0/1710255733.197406059.jpg,2028,1710255733.197406054,0.000000000
1522,1710255733.247405767,cam0/1710255733.247405759.jpg,2029,1710255733.247405767,0.000000000
1523,1710255733.297405243,cam0/1710255733.297405359.jpg,2031,1710255733.297405243,0.000000000
1524,1710255733.347404957,cam0/1710255733.347405059.jpg,2032,1710255733.347404957,0.000000000
1525,1710255733.397404671,cam0/1710255733.397404759.jpg,2034,1710255733.397404671,0.000000000
1526,1710255733.447404385,cam0/1710255733.447404459.jpg,2035,1710255733.447404385,0.000000000
1527,1710255733.497404099,cam0/1710255733.497404159.jpg,2037,1710255733.497404099,0.000000000
1528,1710255733.547403812,cam0/1710255733.547403859.jpg,2038,1710255733.547403812,0.000000000
1529,1710255733.597403526,cam0/1710255733.597403559.jpg,2040,1710255733.597403526,0.000000000
1530,1710255733.647403240,cam0/1710255733.647403259.jpg,2041,1710255733.647403240,0.000000000
1531,1710255733.697402954,cam0/1710255733.697402959.jpg,2043,1710255733.697402954,0.000000000
1532,1710255733.747402668,cam0/1710255733.747402659.jpg,2044,1710255733.747402668,0.000000000
1533,1710255733.797402382,cam0/1710255733.797402359.jpg,2046,1710255733.797402382,0.000000000
1534,1710255733.847402096,cam0/1710255733.847402059.jpg,2047,1710255733.847402096,0.000000000
1535,1710255733.897401810,cam0/1710255733.897401759.jpg,2049,1710255733.897401810,0.000000000
1536,1710255733.947401524,cam0/1710255733.947401459.jpg,2050,1710255733.947401524,0.000000000
1537,1710255733.997401237,cam0/1710255733.997401159.jpg,2052,1710255733.997401237,0.000000000
1538,1710255734.047400951,cam0/1710255734.047400859.jpg,2053,1710255734.047400951,0.000000000
1539,1710255734.097400665,cam0/1710255734.097400559.jpg,2055,1710255734.097400665,0.000000000
1540,1710255734.147400141,cam0/1710255734.147400159.jpg,2056,1710255734.147400141,0.000000000
1541,1710255734.197399855,cam0/1710255734.197399959.jpg,2058,1710255734.197399855,0.000000000
1542,1710255734.247399569,cam0/1710255734.247399659.jpg,2059,1710255734.247399569,0.000000000
1543,1710255734.297399282,cam0/1710255734.297399359.jpg,2061,1710255734.297399282,0.000000000
1544,1710255734.347398996,cam0/1710255734.347399059.jpg,2062,1710255734.347398996,0.000000000
1545,1710255734.397398710,cam0/1710255734.397398759.jpg,2064,1710255734.397398710,0.000000000
1546,1710255734.447398424,cam0/1710255734.447398459.jpg,2065,1710255734.447398424,0.000000000
1547,1710255734.497398138,cam0/1710255734.497398159.jpg,2067,1710255734.497398138,0.000000000
1548,1710255734.547397852,cam0/1710255734.547397759.jpg,2068,1710255734.547397852,0.000000000
1549,1710255734.597397566,cam0/1710255734.597397459.jpg,2070,1710255734.597397566,0.000000000
1550,1710255734.647397041,cam0/1710255734.647397159.jpg,2071,1710255734.647397041,0.000000000
1551,1710255734.697396994,cam0/1710255734.697396959.jpg,2073,1710255734.697396994,0.000000000
1552,1710255734.747396708,cam0/1710255734.747396659.jpg,2074,1710255734.747396708,0.000000000
1553,1710255734.797396421,cam0/1710255734.797396359.jpg,2076,1710255734.797396421,0.000000000
1554,1710255734.847396135,cam0/1710255734.847396059.jpg,2077,1710255734.847396135,0.000000000
1555,1710255734.897395849,cam0/1710255734.897395759.jpg,2079,1710255734.897395849,0.000000000
1556,1710255734.947395325,cam0/1710255734.947395359.jpg,2080,1710255734.947395325,0.000000000
1557,1710255734.997395039,cam0/1710255734.997395059.jpg,2082,1710255734.997395039,0.000000000
1558,1710255735.047394753,cam0/1710255735.047394759.jpg,2083,1710255735.047394753,0.000000000
1559,1710255735.097394466,cam0/1710255735.097394459.jpg,2085,1710255735.097394466,0.000000000
1560,1710255735.147394180,cam0/1710255735.147394159.jpg,2086,1710255735.147394180,0.000000000
1561,1710255735.197393894,cam0/1710255735.197393959.jpg,2088,1710255735.197393894,0.000000000
1562,1710255735.247393608,cam0/1710255735.247393659.jpg,2089,1710255735.247393608,0.000000000
1563,1710255735.297393322,cam0/1710255735.297393359.jpg,2091,1710255735.297393322,0.000000000
1564,1710255735.347393036,cam0/1710255735.347393059.jpg,2092,1710255735.347393036,0.000000000
1565,1710255735.397392750,cam0/1710255735.397392659.jpg,2094,1710255735.397392750,0.000000000
1566,1710255735.447392464,cam0/1710255735.447392359.jpg,2095,1710255735.447392464,0.000000000
1567,1710255735.497392178,cam0/1710255735.497392059.jpg,2097,1710255735.497392178,0.000000000
1568,1710255735.547391653,cam0/1710255735.547391759.jpg,2098,1710255735.547391653,0.000000000
1569,1710255735.597391367,cam0/1710255735.597391459.jpg,2100,1710255735.597391367,0.000000000
1570,1710255735.647391081,cam0/1710255735.647391159.jpg,2101,1710255735.647391081,0.000000000
1571,1710255735.697391033,cam0/1710255735.697390959.jpg,2103,1710255735.697391033,0.000000000
1572,1710255735.747390747,cam0/1710255735.747390659.jpg,2104,1710255735.747390747,0.000000000
1573,1710255735.797390223,cam0/1710255735.797390259.jpg,2106,1710255735.797390223,0.000000000
1574,1710255735.847389936,cam0/1710255735.847389959.jpg,2107,1710255735.847389936,0.000000000
1575,1710255735.897389650,cam0/1710255735.897389659.jpg,2109,1710255735.897389650,0.000000000
1576,1710255735.947389364,cam0/1710255735.947389359.jpg,2110,1710255735.947389364,0.000000000
1577,1710255735.997389078,cam0/1710255735.997389059.jpg,2112,1710255735.997389078,0.000000000
1578,1710255736.047388792,cam0/1710255736.047388759.jpg,2113,1710255736.047388792,0.000000000
1579,1710255736.097388506,cam0/1710255736.097388459.jpg,2115,1710255736.097388506,0.000000000
1580,1710255736.147388220,cam0/1710255736.147388159.jpg,2116,1710255736.147388220,0.000000000
1581,1710255736.197387934,cam0/1710255736.197387859.jpg,2118,1710255736.197387934,0.000000000
1582,1710255736.247387648,cam0/1710255736.247387559.jpg,2119,1710255736.247387648,0.000000000
1583,1710255736.297387362,cam0/1710255736.297387259.jpg,2121,1710255736.297387362,0.000000000
1584,1710255736.347387075,cam0/1710255736.347386959.jpg,2122,1710255736.347387075,0.000000000
1585,1710255736.397386551,cam0/1710255736.397386659.jpg,2124,1710255736.397386551,0.000000000
1586,1710255736.447386265,cam0/1710255736.447386359.jpg,2125,1710255736.447386265,0.000000000
1587,1710255736.497383356,cam0/1710255736.497383253.jpg,2127,1710255736.497383356,0.000000000
1588,1710255736.547382832,cam0/1710255736.547382853.jpg,2128,1710255736.547382832,0.000000000
1589,1710255736.597382545,cam0/1710255736.597382553.jpg,2130,1710255736.597382545,0.000000000
1590,1710255736.647382259,cam0/1710255736.647382153.jpg,2131,1710255736.647382259,0.000000000
1591,1710255736.697381973,cam0/1710255736.697381953.jpg,2133,1710255736.697381973,0.000000000
1592,1710255736.747381687,cam0/1710255736.747381653.jpg,2134,1710255736.747381687,0.000000000
1593,1710255736.797381163,cam0/1710255736.797381253.jpg,2136,1710255736.797381163,0.000000000
1594,1710255736.847380877,cam0/1710255736.847380953.jpg,2137,1710255736.847380877,0.000000000
1595,1710255736.897380590,cam0/1710255736.897380653.jpg,2139,1710255736.897380590,0.000000000
1596,1710255736.947380304,cam0/1710255736.947380253.jpg,2140,1710255736.947380304,0.000000000
1597,1710255736.997380018,cam0/1710255736.997379953.jpg,2142,1710255736.997380018,0.000000000
1598,1710255737.047379494,cam0/1710255737.047379553.jpg,2143,1710255737.047379494,0.000000000
1599,1710255737.097379208,cam0/1710255737.097379253.jpg,2145,1710255737.097379208,0.000000000
1600,1710255737.147378922,cam0/1710255737.147378953.jpg,2146,1710255737.147378922,0.000000000
1601,1710255737.197378635,cam0/1710255737.197378653.jpg,2148,1710255737.197378635,0.000000000
1602,1710255737.247378349,cam0/1710255737.247378353.jpg,2149,1710255737.247378349,0.000000000
1603,1710255737.297378063,cam0/1710255737.297377953.jpg,2151,1710255737.297378063,0.000000000
1604,1710255737.347377539,cam0/1710255737.347377653.jpg,2152,1710255737.347377539,0.000000000
1605,1710255737.397377253,cam0/1710255737.397377353.jpg,2154,1710255737.397377253,0.000000000
1606,1710255737.447376966,cam0/1710255737.447376953.jpg,2155,1710255737.447376966,0.000000000
1607,1710255737.497376680,cam0/1710255737.497376653.jpg,2157,1710255737.497376680,0.000000000
1608,1710255737.547376156,cam0/1710255737.547376253.jpg,2158,1710255737.547376156,0.000000000
1609,1710255737.597375870,cam0/1710255737.597375953.jpg,2160,1710255737.597375870,0.000000000
1610,1710255737.647375584,cam0/1710255737.647375653.jpg,2161,1710255737.647375584,0.000000000
1611,1710255737.697375298,cam0/1710255737.697375353.jpg,2163,1710255737.697375298,0.000000000
1612,1710255737.747375011,cam0/1710255737.747375053.jpg,2164,1710255737.747375011,0.000000000
1613,1710255737.897374153,cam0/1710255737.897374053.jpg,2166,1710255737.897374153,0.000000000
1614,1710255737.947373629,cam0/1710255737.947373653.jpg,2167,1710255737.947373629,0.000000000
1615,1710255737.997373343,cam0/1710255737.997373353.jpg,2169,1710255737.997373343,0.000000000
1616,1710255738.047373056,cam0/1710255738.047373053.jpg,2170,1710255738.047373056,0.000000000
1617,1710255738.097372770,cam0/1710255738.097372653.jpg,2172,1710255738.097372770,0.000000000
1618,1710255738.147372246,cam0/1710255738.147372353.jpg,2173,1710255738.147372246,0.000000000
1619,1710255738.197371960,cam0/1710255738.197372053.jpg,2175,1710255738.197371960,0.000000000
1620,1710255738.247371674,cam0/1710255738.247371753.jpg,2176,1710255738.247371674,0.000000000
1621,1710255738.297371387,cam0/1710255738.297371453.jpg,2178,1710255738.297371387,0.000000000
1622,1710255738.347371101,cam0/1710255738.347371053.jpg,2179,1710255738.347371101,0.000000000
1623,1710255738.397370815,cam0/1710255738.397370753.jpg,2181,1710255738.397370815,0.000000000
1624,1710255738.447370529,cam0/1710255738.447370453.jpg,2182,1710255738.447370529,0.000000000
1625,1710255738.497370005,cam0/1710255738.497370053.jpg,2184,1710255738.497370005,0.000000000
1626,1710255738.547369719,cam0/1710255738.547369753.jpg,2185,1710255738.547369719,0.000000000
1627,1710255738.597369432,cam0/1710255738.597369353.jpg,2187,1710255738.597369432,0.000000000
1628,1710255738.647369146,cam0/1710255738.647369053.jpg,2188,1710255738.647369146,0.000000000
1629,1710255738.697368860,cam0/1710255738.697368853.jpg,2190,1710255738.697368860,0.000000000
1630,1710255738.747368336,cam0/1710255738.747368453.jpg,2191,1710255738.747368336,0.000000000
1631,1710255738.797368050,cam0/1710255738.797368153.jpg,2193,1710255738.797368050,0.000000000
1632,1710255738.847367764,cam0/1710255738.847367753.jpg,2194,1710255738.847367764,0.000000000
1633,1710255738.897367477,cam0/1710255738.897367453.jpg,2196,1710255738.897367477,0.000000000
1634,1710255738.947367191,cam0/1710255738.947367153.jpg,2197,1710255738.947367191,0.000000000
1635,1710255738.997366667,cam0/1710255738.997366753.jpg,2199,1710255738.997366667,0.000000000
1636,1710255739.047366381,cam0/1710255739.047366453.jpg,2200,1710255739.047366381,0.000000000
1637,1710255739.097366095,cam0/1710255739.097366053.jpg,2202,1710255739.097366095,0.000000000
1638,1710255739.147365808,cam0/1710255739.147365753.jpg,2203,1710255739.147365808,0.000000000
1639,1710255739.197365522,cam0/1710255739.197365553.jpg,2205,1710255739.197365522,0.000000000
1640,1710255739.247365236,cam0/1710255739.247365153.jpg,2206,1710255739.247365236,0.000000000
1641,1710255739.297364950,cam0/1710255739.297364853.jpg,2208,1710255739.297364950,0.000000000
1642,1710255739.347364664,cam0/1710255739.347364553.jpg,2209,1710255739.347364664,0.000000000
1643,1710255739.397364140,cam0/1710255739.397364153.jpg,2210,1710255739.397364140,0.000000000
1644,1710255739.447363853,cam0/1710255739.447363853.jpg,2211,1710255739.447363853,0.000000000
1645,1710255739.497363567,cam0/1710255739.497363453.jpg,2212,1710255739.497363567,0.000000000
1646,1710255739.547363043,cam0/1710255739.547363153.jpg,2213,1710255739.547363043,0.000000000
1647,1710255739.597362757,cam0/1710255739.597362853.jpg,2214,1710255739.597362757,0.000000000
1648,1710255739.647362471,cam0/1710255739.647362453.jpg,2215,1710255739.647362471,0.000000000
1649,1710255739.697362185,cam0/1710255739.697362253.jpg,2216,1710255739.697362185,0.000000000
1650,1710255739.747361898,cam0/1710255739.747361853.jpg,2217,1710255739.747361898,0.000000000
1651,1710255739.797361612,cam0/1710255739.797361553.jpg,2218,1710255739.797361612,0.000000000
1652,1710255739.847361326,cam0/1710255739.847361253.jpg,2219,1710255739.847361326,0.000000000
1653,1710255739.897360802,cam0/1710255739.897360853.jpg,2220,1710255739.897360802,0.000000000
1654,1710255739.947360516,cam0/1710255739.947360553.jpg,2221,1710255739.947360516,0.000000000
1655,1710255739.997360229,cam0/1710255739.997360253.jpg,2222,1710255739.997360229,0.000000000
1656,1710255740.047359943,cam0/1710255740.047359853.jpg,2223,1710255740.047359943,0.000000000
1657,1710255740.097359657,cam0/1710255740.097359553.jpg,2224,1710255740.097359657,0.000000000
1658,1710255740.147359133,cam0/1710255740.147359153.jpg,2225,1710255740.147359133,0.000000000
1659,1710255740.197358847,cam0/1710255740.197358953.jpg,2226,1710255740.197358847,0.000000000
1660,1710255740.247358561,cam0/1710255740.247358653.jpg,2227,1710255740.247358561,0.000000000
1661,1710255740.297358274,cam0/1710255740.297358253.jpg,2228,1710255740.297358274,0.000000000
1662,1710255740.347357988,cam0/1710255740.347357953.jpg,2229,1710255740.347357988,0.000000000
1663,1710255740.397357464,cam0/1710255740.397357553.jpg,2230,1710255740.397357464,0.000000000
1664,1710255740.447357178,cam0/1710255740.447357253.jpg,2231,1710255740.447357178,0.000000000
1665,1710255740.497356892,cam0/1710255740.497356953.jpg,2232,1710255740.497356892,0.000000000
1666,1710255740.547356606,cam0/1710255740.547356553.jpg,2233,1710255740.547356606,0.000000000
1667,1710255740.597356319,cam0/1710255740.597356253.jpg,2234,1710255740.597356319,0.000000000
1668,1710255740.647355795,cam0/1710255740.647355853.jpg,2235,1710255740.647355795,0.000000000
1669,1710255740.697355747,cam0/1710255740.697355653.jpg,2236,1710255740.697355747,0.000000000
1670,1710255740.747355461,cam0/1710255740.747355353.jpg,2237,1710255740.747355461,0.000000000
1671,1710255740.797354937,cam0/1710255740.797354953.jpg,2238,1710255740.797354937,0.000000000
1672,1710255740.847354650,cam0/1710255740.847354653.jpg,2239,1710255740.847354650,0.000000000
1673,1710255740.897354364,cam0/1710255740.897354353.jpg,2240,1710255740.897354364,0.000000000
1674,1710255740.947353840,cam0/1710255740.947353953.jpg,2241,1710255740.947353840,0.000000000
1675,1710255740.997353554,cam0/1710255740.997353653.jpg,2242,1710255740.997353554,0.000000000
1676,1710255741.047353268,cam0/1710255741.047353253.jpg,2243,1710255741.047353268,0.000000000
1677,1710255741.097352982,cam0/1710255741.097352953.jpg,2244,1710255741.097352982,0.000000000
1678,1710255741.147352695,cam0/1710255741.147352653.jpg,2245,1710255741.147352695,0.000000000
1679,1710255741.197352409,cam0/1710255741.197352353.jpg,2246,1710255741.197352409,0.000000000
1680,1710255741.247352123,cam0/1710255741.247352053.jpg,2247,1710255741.247352123,0.000000000
1681,1710255741.297351599,cam0/1710255741.297351653.jpg,2248,1710255741.297351599,0.000000000
1682,1710255741.347351313,cam0/1710255741.347351353.jpg,2249,1710255741.347351313,0.000000000
1683,1710255741.397351027,cam0/1710255741.397351053.jpg,2250,1710255741.397351027,0.000000000
1684,1710255741.447350740,cam0/1710255741.447350653.jpg,2251,1710255741.447350740,0.000000000
1685,1710255741.497348309,cam0/1710255741.497348249.jpg,2252,1710255741.497348309,0.000000000
1686,1710255741.547347784,cam0/1710255741.547347849.jpg,2253,1710255741.547347784,0.000000000
1687,1710255741.597347498,cam0/1710255741.597347549.jpg,2254,1710255741.597347498,0.000000000
1688,1710255741.647347212,cam0/1710255741.647347249.jpg,2255,1710255741.647347212,0.000000000
1689,1710255741.697346926,cam0/1710255741.697346949.jpg,2256,1710255741.697346926,0.000000000
1690,1710255741.747346640,cam0/1710255741.747346649.jpg,2257,1710255741.747346640,0.000000000
1691,1710255741.797346354,cam0/1710255741.797346349.jpg,2258,1710255741.797346354,0.000000000
1692,1710255741.847346067,cam0/1710255741.847345949.jpg,2259,1710255741.847346067,0.000000000
1693,1710255741.897345543,cam0/1710255741.897345649.jpg,2260,1710255741.897345543,0.000000000
1694,1710255741.947345257,cam0/1710255741.947345249.jpg,2261,1710255741.947345257,0.000000000
1695,1710255741.997344971,cam0/1710255741.997344949.jpg,2262,1710255741.997344971,0.000000000
1696,1710255742.047344685,cam0/1710255742.047344649.jpg,2263,1710255742.047344685,0.000000000
1697,1710255742.097344160,cam0/1710255742.097344249.jpg,2264,1710255742.097344160,0.000000000
1698,1710255742.147343874,cam0/1710255742.147343949.jpg,2265,1710255742.147343874,0.000000000
1699,1710255742.197343588,cam0/1710255742.197343649.jpg,2266,1710255742.197343588,0.000000000
1700,1710255742.247343302,cam0/1710255742.247343349.jpg,2267,1710255742.247343302,0.000000000
1701,1710255742.297343016,cam0/1710255742.297343049.jpg,2268,1710255742.297343016,0.000000000
1702,1710255742.347342730,cam0/1710255742.347342649.jpg,2269,1710255742.347342730,0.000000000
1703,1710255742.397342443,cam0/1710255742.397342349.jpg,2270,1710255742.397342443,0.000000000
1704,1710255742.447342157,cam0/1710255742.447342049.jpg,2271,1710255742.447342157,0.000000000
1705,1710255742.497341633,cam0/1710255742.497341649.jpg,2272,1710255742.497341633,0.000000000
1706,1710255742.547341347,cam0/1710255742.547341349.jpg,2273,1710255742.547341347,0.000000000
1707,1710255742.597341061,cam0/1710255742.597340949.jpg,2274,1710255742.597341061,0.000000000
1708,1710255742.647340536,cam0/1710255742.647340649.jpg,2275,1710255742.647340536,0.000000000
1709,1710255742.697340488,cam0/1710255742.697340449.jpg,2276,1710255742.697340488,0.000000000
1710,1710255742.747339964,cam0/1710255742.747340049.jpg,2277,1710255742.747339964,0.000000000
1711,1710255742.797339678,cam0/1710255742.797339749.jpg,2278,1710255742.797339678,0.000000000
1712,1710255742.847339392,cam0/1710255742.847339349.jpg,2279,1710255742.847339392,0.000000000
1713,1710255742.897339106,cam0/1710255742.897339049.jpg,2280,1710255742.897339106,0.000000000
1714,1710255742.947338820,cam0/1710255742.947338749.jpg,2281,1710255742.947338820,0.000000000
1715,1710255742.997338295,cam0/1710255742.997338349.jpg,2282,1710255742.997338295,0.000000000
1716,1710255743.047338009,cam0/1710255743.047338049.jpg,2283,1710255743.047338009,0.000000000
1717,1710255743.097337723,cam0/1710255743.097337649.jpg,2284,1710255743.097337723,0.000000000
1718,1710255743.147337437,cam0/1710255743.147337349.jpg,2285,1710255743.147337437,0.000000000
1719,1710255743.247336864,cam0/1710255743.247336749.jpg,2286,1710255743.247336864,0.000000000
1720,1710255743.297336340,cam0/1710255743.297336449.jpg,2287,1710255743.297336340,0.000000000
1721,1710255743.347336054,cam0/1710255743.347336149.jpg,2288,1710255743.347336054,0.000000000
1722,1710255743.397335768,cam0/1710255743.397335749.jpg,2289,1710255743.397335768,0.000000000
1723,1710255743.447335482,cam0/1710255743.447335449.jpg,2290,1710255743.447335482,0.000000000
1724,1710255743.497334957,cam0/1710255743.497335049.jpg,2291,1710255743.497334957,0.000000000
1725,1710255743.547334671,cam0/1710255743.547334749.jpg,2292,1710255743.547334671,0.000000000
1726,1710255743.597334385,cam0/1710255743.597334449.jpg,2293,1710255743.597334385,0.000000000
1727,1710255743.647334099,cam0/1710255743.647334049.jpg,2294,1710255743.647334099,0.000000000
1728,1710255743.697333813,cam0/1710255743.697333849.jpg,2295,1710255743.697333813,0.000000000
1729,1710255743.747333527,cam0/1710255743.747333449.jpg,2296,1710255743.747333527,0.000000000
1730,1710255743.797333241,cam0/1710255743.797333149.jpg,2297,1710255743.797333241,0.000000000
1731,1710255743.847332954,cam0/1710255743.847332849.jpg,2298,1710255743.847332954,0.000000000
1732,1710255743.897332430,cam0/1710255743.897332449.jpg,2299,1710255743.897332430,0.000000000
1733,1710255743.947332144,cam0/1710255743.947332149.jpg,2300,1710255743.947332144,0.000000000
1734,1710255743.997331858,cam0/1710255743.997331849.jpg,2301,1710255743.997331858,0.000000000
1735,1710255744.047331333,cam0/1710255744.047331449.jpg,2302,1710255744.047331333,0.000000000
1736,1710255744.097331047,cam0/1710255744.097331149.jpg,2303,1710255744.097331047,0.000000000
1737,1710255744.147330761,cam0/1710255744.147330749.jpg,2304,1710255744.147330761,0.000000000
1738,1710255744.197330475,cam0/1710255744.197330549.jpg,2305,1710255744.197330475,0.000000000
1739,1710255744.247330189,cam0/1710255744.247330249.jpg,2306,1710255744.247330189,0.000000000
1740,1710255744.297329903,cam0/1710255744.297329849.jpg,2307,1710255744.297329903,0.000000000
1741,1710255744.347329617,cam0/1710255744.347329549.jpg,2308,1710255744.347329617,0.000000000
1742,1710255744.397329092,cam0/1710255744.397329149.jpg,2309,1710255744.397329092,0.000000000
1743,1710255744.447328806,cam0/1710255744.447328849.jpg,2310,1710255744.447328806,0.000000000
1744,1710255744.497328520,cam0/1710255744.497328549.jpg,2311,1710255744.497328520,0.000000000
1745,1710255744.547328234,cam0/1710255744.547328149.jpg,2312,1710255744.547328234,0.000000000
1746,1710255744.597327948,cam0/1710255744.597327849.jpg,2313,1710255744.597327948,0.000000000
1747,1710255744.647327423,cam0/1710255744.647327449.jpg,2314,1710255744.647327423,0.000000000
1748,1710255744.697327137,cam0/1710255744.697327249.jpg,2315,1710255744.697327137,0.000000000
1749,1710255744.747326851,cam0/1710255744.747326949.jpg,2316,1710255744.747326851,0.000000000
1750,1710255744.797326565,cam0/1710255744.797326549.jpg,2317,1710255744.797326565,0.000000000
1751,1710255744.847326279,cam0/1710255744.847326249.jpg,2318,1710255744.847326279,0.000000000
1752,1710255744.897325993,cam0/1710255744.897325949.jpg,2319,1710255744.897325993,0.000000000
1753,1710255744.947325468,cam0/1710255744.947325549.jpg,2320,1710255744.947325468,0.000000000
1754,1710255744.997325182,cam0/1710255744.997325249.jpg,2321,1710255744.997325182,0.000000000
1755,1710255745.047324896,cam0/1710255745.047324849.jpg,2322,1710255745.047324896,0.000000000
1756,1710255745.097324610,cam0/1710255745.097324549.jpg,2323,1710255745.097324610,0.000000000
1757,1710255745.147324324,cam0/1710255745.147324249.jpg,2324,1710255745.147324324,0.000000000
1758,1710255745.197324038,cam0/1710255745.197323949.jpg,2325,1710255745.197324038,0.000000000
1759,1710255745.247323751,cam0/1710255745.247323649.jpg,2326,1710255745.247323751,0.000000000
1760,1710255745.297323227,cam0/1710255745.297323249.jpg,2327,1710255745.297323227,0.000000000
1761,1710255745.347322941,cam0/1710255745.347322949.jpg,2328,1710255745.347322941,0.000000000
1762,1710255745.397322655,cam0/1710255745.397322649.jpg,2329,1710255745.397322655,0.000000000
1763,1710255745.447322130,cam0/1710255745.447322249.jpg,2330,1710255745.447322130,0.000000000
1764,1710255745.497318983,cam0/1710255745.497318963.jpg,2331,1710255745.497318983,0.000000000
1765,1710255745.547318697,cam0/1710255745.547318663.jpg,2332,1710255745.547318697,0.000000000
1766,1710255745.597318172,cam0/1710255745.597318263.jpg,2333,1710255745.597318172,0.000000000
1767,1710255745.647317886,cam0/1710255745.647317863.jpg,2334,1710255745.647317886,0.000000000
1768,1710255745.697317600,cam0/1710255745.697317663.jpg,2335,1710255745.697317600,0.000000000
1769,1710255745.747317314,cam0/1710255745.747317263.jpg,2336,1710255745.747317314,0.000000000
1770,1710255745.797316790,cam0/1710255745.797316863.jpg,2337,1710255745.797316790,0.000000000
1771,1710255745.847316504,cam0/1710255745.847316563.jpg,2338,1710255745.847316504,0.000000000
1772,1710255745.897316217,cam0/1710255745.897316163.jpg,2339,1710255745.897316217,0.000000000
1773,1710255745.947315693,cam0/1710255745.947315763.jpg,2340,1710255745.947315693,0.000000000
1774,1710255745.997315407,cam0/1710255745.997315463.jpg,2341,1710255745.997315407,0.000000000
1775,1710255746.047315121,cam0/1710255746.047315063.jpg,2342,1710255746.047315121,0.000000000
1776,1710255746.097314835,cam0/1710255746.097314763.jpg,2343,1710255746.097314835,0.000000000
1777,1710255746.147314310,cam0/1710255746.147314363.jpg,2345,1710255746.147314310,0.000000000
1778,1710255746.197314024,cam0/1710255746.197314063.jpg,2346,1710255746.197314024,0.000000000
1779,1710255746.247313738,cam0/1710255746.247313763.jpg,2347,1710255746.247313738,0.000000000
1780,1710255746.297313452,cam0/1710255746.297313363.jpg,2348,1710255746.297313452,0.000000000
1781,1710255746.347312927,cam0/1710255746.347312963.jpg,2349,1710255746.347312927,0.000000000
1782,1710255746.397312641,cam0/1710255746.397312663.jpg,2350,1710255746.397312641,0.000000000
1783,1710255746.447312355,cam0/1710255746.447312263.jpg,2352,1710255746.447312355,0.000000000
1784,1710255746.497311831,cam0/1710255746.497311863.jpg,2353,1710255746.497311831,0.000000000
1785,1710255746.547311544,cam0/1710255746.547311563.jpg,2354,1710255746.547311544,0.000000000
1786,1710255746.597311258,cam0/1710255746.597311163.jpg,2355,1710255746.597311258,0.000000000
1787,1710255746.647310734,cam0/1710255746.647310763.jpg,2356,1710255746.647310734,0.000000000
1788,1710255746.697310448,cam0/1710255746.697310563.jpg,2357,1710255746.697310448,0.000000000
1789,1710255746.747310162,cam0/1710255746.747310163.jpg,2358,1710255746.747310162,0.000000000
1790,1710255746.797309875,cam0/1710255746.797309763.jpg,2359,1710255746.797309875,0.000000000
1791,1710255746.847309351,cam0/1710255746.847309463.jpg,2360,1710255746.847309351,0.000000000
1792,1710255746.897309065,cam0/1710255746.897309063.jpg,2361,1710255746.897309065,0.000000000
1793,1710255746.947308779,cam0/1710255746.947308663.jpg,2362,1710255746.947308779,0.000000000
1794,1710255746.997308254,cam0/1710255746.997308363.jpg,2363,1710255746.997308254,0.000000000
1795,1710255747.047307968,cam0/1710255747.047307963.jpg,2364,1710255747.047307968,0.000000000
1796,1710255747.097307682,cam0/1710255747.097307563.jpg,2365,1710255747.097307682,0.000000000
1797,1710255747.147307158,cam0/1710255747.147307263.jpg,2366,1710255747.147307158,0.000000000
1798,1710255747.197306871,cam0/1710255747.197306963.jpg,2367,1710255747.197306871,0.000000000
1799,1710255747.247306585,cam0/1710255747.247306563.jpg,2368,1710255747.247306585,0.000000000
1800,1710255747.297306299,cam0/1710255747.297306263.jpg,2369,1710255747.297306299,0.000000000
1801,1710255747.347305775,cam0/1710255747.347305863.jpg,2371,1710255747.347305775,0.000000000
1802,1710255747.397305489,cam0/1710255747.397305463.jpg,2372,1710255747.397305489,0.000000000
1803,1710255747.447305202,cam0/1710255747.447305163.jpg,2373,1710255747.447305202,0.000000000
1804,1710255747.497304678,cam0/1710255747.497304763.jpg,2374,1710255747.497304678,0.000000000
1805,1710255747.547304392,cam0/1710255747.547304363.jpg,2375,1710255747.547304392,0.000000000
1806,1710255747.597304106,cam0/1710255747.597304063.jpg,2376,1710255747.597304106,0.000000000
1807,1710255747.647303581,cam0/1710255747.647303663.jpg,2377,1710255747.647303581,0.000000000
1808,1710255747.697303295,cam0/1710255747.697303363.jpg,2378,1710255747.697303295,0.000000000
1809,1710255747.747303009,cam0/1710255747.747303063.jpg,2379,1710255747.747303009,0.000000000
1810,1710255747.797302723,cam0/1710255747.797302663.jpg,2380,1710255747.797302723,0.000000000
1811,1710255747.847302198,cam0/1710255747.847302263.jpg,2382,1710255747.847302198,0.000000000
1812,1710255747.897301912,cam0/1710255747.897301963.jpg,2383,1710255747.897301912,0.000000000
1813,1710255747.947301626,cam0/1710255747.947301563.jpg,2384,1710255747.947301626,0.000000000
1814,1710255747.997301102,cam0/1710255747.997301163.jpg,2385,1710255747.997301102,0.000000000
1815,1710255748.047300816,cam0/1710255748.047300863.jpg,2386,1710255748.047300816,0.000000000
1816,1710255748.097300529,cam0/1710255748.097300463.jpg,2387,1710255748.097300529,0.000000000
1817,1710255748.147300005,cam0/1710255748.147300063.jpg,2388,1710255748.147300005,0.000000000
1818,1710255748.197299957,cam0/1710255748.197299863.jpg,2389,1710255748.197299957,0.000000000
1819,1710255748.247299433,cam0/1710255748.247299463.jpg,2390,1710255748.247299433,0.000000000
1820,1710255748.297299147,cam0/1710255748.297299163.jpg,2391,1710255748.297299147,0.000000000
1821,1710255748.347298861,cam0/1710255748.347298763.jpg,2392,1710255748.347298861,0.000000000
1822,1710255748.397298336,cam0/1710255748.397298363.jpg,2393,1710255748.397298336,0.000000000
1823,1710255748.447298050,cam0/1710255748.447298063.jpg,2394,1710255748.447298050,0.000000000
1824,1710255748.497297764,cam0/1710255748.497297663.jpg,2395,1710255748.497297764,0.000000000
1825,1710255748.547297239,cam0/1710255748.547297263.jpg,2397,1710255748.547297239,0.000000000
1826,1710255748.597296953,cam0/1710255748.597296963.jpg,2398,1710255748.597296953,0.000000000
1827,1710255748.647296667,cam0/1710255748.647296563.jpg,2399,1710255748.647296667,0.000000000
1828,1710255748.697296381,cam0/1710255748.697296263.jpg,2400,1710255748.697296381,0.000000000
1829,1710255748.747295856,cam0/1710255748.747295963.jpg,2402,1710255748.747295856,0.000000000
1830,1710255748.797295570,cam0/1710255748.797295563.jpg,2403,1710255748.797295570,0.000000000
1831,1710255748.847295046,cam0/1710255748.847295163.jpg,2405,1710255748.847295046,0.000000000
1832,1710255748.897294760,cam0/1710255748.897294863.jpg,2406,1710255748.897294760,0.000000000
1833,1710255748.947294474,cam0/1710255748.947294463.jpg,2407,1710255748.947294474,0.000000000
1834,1710255748.997293949,cam0/1710255748.997294063.jpg,2408,1710255748.997293949,0.000000000
1835,1710255749.047293663,cam0/1710255749.047293763.jpg,2409,1710255749.047293663,0.000000000
1836,1710255749.097293377,cam0/1710255749.097293363.jpg,2410,1710255749.097293377,0.000000000
1837,1710255749.147292852,cam0/1710255749.147292963.jpg,2412,1710255749.147292852,0.000000000
1838,1710255749.197292805,cam0/1710255749.197292763.jpg,2413,1710255749.197292805,0.000000000
1839,1710255749.247292280,cam0/1710255749.247292363.jpg,2415,1710255749.247292280,0.000000000
1840,1710255749.297291994,cam0/1710255749.297291963.jpg,2416,1710255749.297291994,0.000000000
1841,1710255749.347291708,cam0/1710255749.347291663.jpg,2417,1710255749.347291708,0.000000000
1842,1710255749.397291183,cam0/1710255749.397291263.jpg,2418,1710255749.397291183,0.000000000
1843,1710255749.447290897,cam0/1710255749.447290863.jpg,2419,1710255749.447290897,0.000000000
1844,1710255749.497288227,cam0/1710255749.497288189.jpg,2420,1710255749.497288227,0.000000000
1845,1710255749.547287703,cam0/1710255749.547287789.jpg,2421,1710255749.547287703,0.000000000
1846,1710255749.597287416,cam0/1710255749.597287389.jpg,2422,1710255749.597287416,0.000000000
1847,1710255749.647287130,cam0/1710255749.647287089.jpg,2424,1710255749.647287130,0.000000000
1848,1710255749.697286844,cam0/1710255749.697286789.jpg,2425,1710255749.697286844,0.000000000
1849,1710255749.747286320,cam0/1710255749.747286389.jpg,2426,1710255749.747286320,0.000000000
1850,1710255749.797286034,cam0/1710255749.797286089.jpg,2427,1710255749.797286034,0.000000000
1851,1710255749.847285748,cam0/1710255749.847285689.jpg,2428,1710255749.847285748,0.000000000
1852,1710255749.897285223,cam0/1710255749.897285289.jpg,2429,1710255749.897285223,0.000000000
1853,1710255749.947284937,cam0/1710255749.947284989.jpg,2430,1710255749.947284937,0.000000000
1854,1710255749.997284651,cam0/1710255749.997284589.jpg,2431,1710255749.997284651,0.000000000
1855,1710255750.047284126,cam0/1710255750.047284189.jpg,2432,1710255750.047284126,0.000000000
1856,1710255750.097283840,cam0/1710255750.097283889.jpg,2433,1710255750.097283840,0.000000000
1857,1710255750.147283554,cam0/1710255750.147283489.jpg,2434,1710255750.147283554,0.000000000
1858,1710255750.197283268,cam0/1710255750.197283189.jpg,2435,1710255750.197283268,0.000000000
1859,1710255750.247282982,cam0/1710255750.247282889.jpg,2436,1710255750.247282982,0.000000000
1860,1710255750.297282457,cam0/1710255750.297282489.jpg,2437,1710255750.297282457,0.000000000
1861,1710255750.347282171,cam0/1710255750.347282189.jpg,2439,1710255750.347282171,0.000000000
1862,1710255750.397281885,cam0/1710255750.397281789.jpg,2440,1710255750.397281885,0.000000000
1863,1710255750.447281361,cam0/1710255750.447281389.jpg,2441,1710255750.447281361,0.000000000
1864,1710255750.497281075,cam0/1710255750.497281089.jpg,2442,1710255750.497281075,0.000000000
1865,1710255750.547280788,cam0/1710255750.547280689.jpg,2443,1710255750.547280788,0.000000000
1866,1710255750.597280264,cam0/1710255750.597280289.jpg,2444,1710255750.597280264,0.000000000
1867,1710255750.647279978,cam0/1710255750.647279989.jpg,2446,1710255750.647279978,0.000000000
1868,1710255750.697279692,cam0/1710255750.697279689.jpg,2447,1710255750.697279692,0.000000000
1869,1710255750.747279406,cam0/1710255750.747279289.jpg,2448,1710255750.747279406,0.000000000
1870,1710255750.797278881,cam0/1710255750.797278989.jpg,2449,1710255750.797278881,0.000000000
1871,1710255750.847278595,cam0/1710255750.847278589.jpg,2450,1710255750.847278595,0.000000000
1872,1710255750.897278070,cam0/1710255750.897278189.jpg,2451,1710255750.897278070,0.000000000
1873,1710255750.947277784,cam0/1710255750.947277889.jpg,2452,1710255750.947277784,0.000000000
1874,1710255750.997277498,cam0/1710255750.997277489.jpg,2453,1710255750.997277498,0.000000000
1875,1710255751.047276974,cam0/1710255751.047277089.jpg,2454,1710255751.047276974,0.000000000
1876,1710255751.097276688,cam0/1710255751.097276789.jpg,2455,1710255751.097276688,0.000000000
1877,1710255751.147276402,cam0/1710255751.147276389.jpg,2457,1710255751.147276402,0.000000000
1878,1710255751.197276115,cam0/1710255751.197276089.jpg,2458,1710255751.197276115,0.000000000
1879,1710255751.247275829,cam0/1710255751.247275789.jpg,2460,1710255751.247275829,0.000000000
1880,1710255751.297275305,cam0/1710255751.297275389.jpg,2461,1710255751.297275305,0.000000000
1881,1710255751.347275019,cam0/1710255751.347274989.jpg,2462,1710255751.347275019,0.000000000
1882,1710255751.397274733,cam0/1710255751.397274689.jpg,2463,1710255751.397274733,0.000000000
1883,1710255751.447274208,cam0/1710255751.447274289.jpg,2464,1710255751.447274208,0.000000000
1884,1710255751.497273922,cam0/1710255751.497273889.jpg,2465,1710255751.497273922,0.000000000
1885,1710255751.547273636,cam0/1710255751.547273589.jpg,2467,1710255751.547273636,0.000000000
1886,1710255751.597273111,cam0/1710255751.597273189.jpg,2468,1710255751.597273111,0.000000000
1887,1710255751.647272825,cam0/1710255751.647272789.jpg,2469,1710255751.647272825,0.000000000
1888,1710255751.697272539,cam0/1710255751.697272589.jpg,2470,1710255751.697272539,0.000000000
1889,1710255751.747272253,cam0/1710255751.747272189.jpg,2471,1710255751.747272253,0.000000000
1890,1710255751.797271729,cam0/1710255751.797271789.jpg,2472,1710255751.797271729,0.000000000
1891,1710255751.847271442,cam0/1710255751.847271489.jpg,2473,1710255751.847271442,0.000000000
1892,1710255751.897271156,cam0/1710255751.897271089.jpg,2474,1710255751.897271156,0.000000000
1893,1710255751.947270632,cam0/1710255751.947270689.jpg,2475,1710255751.947270632,0.000000000
1894,1710255751.997270346,cam0/1710255751.997270389.jpg,2476,1710255751.997270346,0.000000000
1895,1710255752.047270060,cam0/1710255752.047269989.jpg,2477,1710255752.047270060,0.000000000
1896,1710255752.097269535,cam0/1710255752.097269589.jpg,2478,1710255752.097269535,0.000000000
1897,1710255752.147269249,cam0/1710255752.147269289.jpg,2480,1710255752.147269249,0.000000000
1898,1710255752.197268963,cam0/1710255752.197268989.jpg,2481,1710255752.197268963,0.000000000
1899,1710255752.247268677,cam0/1710255752.247268589.jpg,2483,1710255752.247268677,0.000000000
1900,1710255752.297268391,cam0/1710255752.297268289.jpg,2484,1710255752.297268391,0.000000000
1901,1710255752.347267866,cam0/1710255752.347267889.jpg,2486,1710255752.347267866,0.000000000
1902,1710255752.397267580,cam0/1710255752.397267489.jpg,2487,1710255752.397267580,0.000000000
1903,1710255752.447267294,cam0/1710255752.447267189.jpg,2489,1710255752.447267294,0.000000000
1904,1710255752.497266769,cam0/1710255752.497266789.jpg,2490,1710255752.497266769,0.000000000
1905,1710255752.547266483,cam0/1710255752.547266489.jpg,2491,1710255752.547266483,0.000000000
1906,1710255752.597266197,cam0/1710255752.597266089.jpg,2492,1710255752.597266197,0.000000000
1907,1710255752.647265673,cam0/1710255752.647265689.jpg,2493,1710255752.647265673,0.000000000
1908,1710255752.697265387,cam0/1710255752.697265489.jpg,2494,1710255752.697265387,0.000000000
1909,1710255752.747265100,cam0/1710255752.747265089.jpg,2496,1710255752.747265100,0.000000000
1910,1710255752.797264576,cam0/1710255752.797264689.jpg,2497,1710255752.797264576,0.000000000
1911,1710255752.847264290,cam0/1710255752.847264389.jpg,2499,1710255752.847264290,0.000000000
1912,1710255752.897264004,cam0/1710255752.897263989.jpg,2500,1710255752.897264004,0.000000000
1913,1710255752.947263479,cam0/1710255752.947263589.jpg,2501,1710255752.947263479,0.000000000
1914,1710255752.997263193,cam0/1710255752.997263289.jpg,2502,1710255752.997263193,0.000000000
1915,1710255753.047262907,cam0/1710255753.047262889.jpg,2504,1710255753.047262907,0.000000000
1916,1710255753.097262383,cam0/1710255753.097262489.jpg,2505,1710255753.097262383,0.000000000
1917,1710255753.147262096,cam0/1710255753.147262189.jpg,2507,1710255753.147262096,0.000000000
1918,1710255753.197261810,cam0/1710255753.197261889.jpg,2508,1710255753.197261810,0.000000000
1919,1710255753.247261524,cam0/1710255753.247261489.jpg,2510,1710255753.247261524,0.000000000
1920,1710255753.297261238,cam0/1710255753.297261189.jpg,2511,1710255753.297261238,0.000000000
1921,1710255753.347260714,cam0/1710255753.347260789.jpg,2513,1710255753.347260714,0.000000000
1922,1710255753.397260427,cam0/1710255753.397260389.jpg,2514,1710255753.397260427,0.000000000
1923,1710255753.447260141,cam0/1710255753.447260089.jpg,2516,1710255753.447260141,0.000000000
1924,1710255753.497256756,cam0/1710255753.497256651.jpg,2517,1710255753.497256756,0.000000000
1925,1710255753.547256231,cam0/1710255753.547256251.jpg,2518,1710255753.547256231,0.000000000
1926,1710255753.597255945,cam0/1710255753.597255851.jpg,2519,1710255753.597255945,0.000000000
1927,1710255753.647255421,cam0/1710255753.647255451.jpg,2520,1710255753.647255421,0.000000000
1928,1710255753.697255135,cam0/1710255753.697255251.jpg,2521,1710255753.697255135,0.000000000
1929,1710255753.747254848,cam0/1710255753.747254851.jpg,2523,1710255753.747254848,0.000000000
1930,1710255753.797254562,cam0/1710255753.797254451.jpg,2524,1710255753.797254562,0.000000000
1931,1710255753.847254038,cam0/1710255753.847254051.jpg,2525,1710255753.847254038,0.000000000
1932,1710255753.897253752,cam0/1710255753.897253651.jpg,2526,1710255753.897253752,0.000000000
1933,1710255753.947253227,cam0/1710255753.947253251.jpg,2528,1710255753.947253227,0.000000000
1934,1710255753.997252941,cam0/1710255753.997252851.jpg,2529,1710255753.997252941,0.000000000
1935,1710255754.047252417,cam0/1710255754.047252451.jpg,2531,1710255754.047252417,0.000000000
1936,1710255754.097252131,cam0/1710255754.097252051.jpg,2532,1710255754.097252131,0.000000000
1937,1710255754.147251606,cam0/1710255754.147251651.jpg,2534,1710255754.147251606,0.000000000
1938,1710255754.197251320,cam0/1710255754.197251351.jpg,2535,1710255754.197251320,0.000000000
1939,1710255754.247251034,cam0/1710255754.247250951.jpg,2537,1710255754.247251034,0.000000000
1940,1710255754.297250509,cam0/1710255754.297250551.jpg,2538,1710255754.297250509,0.000000000
1941,1710255754.347250223,cam0/1710255754.347250151.jpg,2539,1710255754.347250223,0.000000000
1942,1710255754.397249937,cam0/1710255754.397249851.jpg,2540,1710255754.397249937,0.000000000
1943,1710255754.447249413,cam0/1710255754.447249451.jpg,2541,1710255754.447249413,0.000000000
1944,1710255754.497249126,cam0/1710255754.497249051.jpg,2542,1710255754.497249126,0.000000000
1945,1710255754.547248602,cam0/1710255754.547248651.jpg,2544,1710255754.547248602,0.000000000
1946,1710255754.597248316,cam0/1710255754.597248251.jpg,2545,1710255754.597248316,0.000000000
1947,1710255754.647247791,cam0/1710255754.647247851.jpg,2547,1710255754.647247791,0.000000000
1948,1710255754.697247505,cam0/1710255754.697247551.jpg,2548,1710255754.697247505,0.000000000
1949,1710255754.747247219,cam0/1710255754.747247151.jpg,2550,1710255754.747247219,0.000000000
1950,1710255754.797246695,cam0/1710255754.797246751.jpg,2551,1710255754.797246695,0.000000000
1951,1710255754.847246408,cam0/1710255754.847246351.jpg,2553,1710255754.847246408,0.000000000
1952,1710255754.897245884,cam0/1710255754.897245951.jpg,2554,1710255754.897245884,0.000000000
1953,1710255754.947245598,cam0/1710255754.947245551.jpg,2556,1710255754.947245598,0.000000000
1954,1710255754.997245073,cam0/1710255754.997245151.jpg,2557,1710255754.997245073,0.000000000
1955,1710255755.047244787,cam0/1710255755.047244751.jpg,2559,1710255755.047244787,0.000000000
1956,1710255755.097244501,cam0/1710255755.097244451.jpg,2560,1710255755.097244501,0.000000000
1957,1710255755.147243977,cam0/1710255755.147244051.jpg,2561,1710255755.147243977,0.000000000
1958,1710255755.197243690,cam0/1710255755.197243751.jpg,2562,1710255755.197243690,0.000000000
1959,1710255755.247243404,cam0/1710255755.247243351.jpg,2563,1710255755.247243404,0.000000000
1960,1710255755.297242880,cam0/1710255755.297242951.jpg,2564,1710255755.297242880,0.000000000
1961,1710255755.347242594,cam0/1710255755.347242551.jpg,2565,1710255755.347242594,0.000000000
1962,1710255755.397242069,cam0/1710255755.397242151.jpg,2566,1710255755.397242069,0.000000000
1963,1710255755.447241783,cam0/1710255755.447241751.jpg,2567,1710255755.447241783,0.000000000
1964,1710255755.497241259,cam0/1710255755.497241351.jpg,2568,1710255755.497241259,0.000000000
1965,1710255755.547240973,cam0/1710255755.547240951.jpg,2570,1710255755.547240973,0.000000000
1966,1710255755.597240448,cam0/1710255755.597240551.jpg,2571,1710255755.597240448,0.000000000
1967,1710255755.647240162,cam0/1710255755.647240151.jpg,2573,1710255755.647240162,0.000000000
1968,1710255755.697239876,cam0/1710255755.697239851.jpg,2574,1710255755.697239876,0.000000000
1969,1710255755.747239590,cam0/1710255755.747239551.jpg,2576,1710255755.747239590,0.000000000
1970,1710255755.797239065,cam0/1710255755.797239151.jpg,2577,1710255755.797239065,0.000000000
1971,1710255755.847238779,cam0/1710255755.847238751.jpg,2579,1710255755.847238779,0.000000000
1972,1710255755.897238255,cam0/1710255755.897238351.jpg,2580,1710255755.897238255,0.000000000
1973,1710255755.947237968,cam0/1710255755.947237951.jpg,2582,1710255755.947237968,0.000000000
1974,1710255755.997237444,cam0/1710255755.997237551.jpg,2583,1710255755.997237444,0.000000000
1975,1710255756.047237158,cam0/1710255756.047237151.jpg,2585,1710255756.047237158,0.000000000
1976,1710255756.097236633,cam0/1710255756.097236751.jpg,2586,1710255756.097236633,0.000000000
1977,1710255756.147236347,cam0/1710255756.147236351.jpg,2588,1710255756.147236347,0.000000000
1978,1710255756.197236061,cam0/1710255756.197236051.jpg,2589,1710255756.197236061,0.000000000
1979,1710255756.247235537,cam0/1710255756.247235651.jpg,2591,1710255756.247235537,0.000000000
1980,1710255756.297235250,cam0/1710255756.297235251.jpg,2592,1710255756.297235250,0.000000000
1981,1710255756.347234964,cam0/1710255756.347234851.jpg,2594,1710255756.347234964,0.000000000
1982,1710255756.397234440,cam0/1710255756.397234451.jpg,2595,1710255756.397234440,0.000000000
1983,1710255756.447234154,cam0/1710255756.447234151.jpg,2596,1710255756.447234154,0.000000000
1984,1710255756.497233868,cam0/1710255756.497233751.jpg,2597,1710255756.497233868,0.000000000
1985,1710255756.547233343,cam0/1710255756.547233351.jpg,2599,1710255756.547233343,0.000000000
1986,1710255756.597233057,cam0/1710255756.597232951.jpg,2600,1710255756.597233057,0.000000000
1987,1710255756.647232533,cam0/1710255756.647232551.jpg,2602,1710255756.647232533,0.000000000
1988,1710255756.697232246,cam0/1710255756.697232251.jpg,2603,1710255756.697232246,0.000000000
1989,1710255756.747231960,cam0/1710255756.747231851.jpg,2605,1710255756.747231960,0.000000000
1990,1710255756.797231436,cam0/1710255756.797231451.jpg,2606,1710255756.797231436,0.000000000
1991,1710255756.847231150,cam0/1710255756.847231051.jpg,2607,1710255756.847231150,0.000000000
1992,1710255756.897230625,cam0/1710255756.897230651.jpg,2608,1710255756.897230625,0.000000000
1993,1710255756.947230339,cam0/1710255756.947230251.jpg,2610,1710255756.947230339,0.000000000
1994,1710255756.997229815,cam0/1710255756.997229851.jpg,2611,1710255756.997229815,0.000000000
1995,1710255757.047229528,cam0/1710255757.047229451.jpg,2613,1710255757.047229528,0.000000000
1996,1710255757.097229004,cam0/1710255757.097229051.jpg,2614,1710255757.097229004,0.000000000
1997,1710255757.147228718,cam0/1710255757.147228751.jpg,2615,1710255757.147228718,0.000000000
1998,1710255757.197228432,cam0/1710255757.197228451.jpg,2616,1710255757.197228432,0.000000000
1999,1710255757.247228146,cam0/1710255757.247228051.jpg,2618,1710255757.247228146,0.000000000
2000,1710255757.297227621,cam0/1710255757.297227651.jpg,2619,1710255757.297227621,0.000000000
2001,1710255757.347227335,cam0/1710255757.347227251.jpg,2621,1710255757.347227335,0.000000000
2002,1710255757.397226810,cam0/1710255757.397226851.jpg,2622,1710255757.397226810,0.000000000
2003,1710255757.447226524,cam0/1710255757.447226451.jpg,2624,1710255757.447226524,0.000000000
2004,1710255757.497226000,cam0/1710255757.497226051.jpg,2625,1710255757.497226000,0.000000000
2005,1710255757.547225714,cam0/1710255757.547225651.jpg,2627,1710255757.547225714,0.000000000
2006,1710255757.597225189,cam0/1710255757.597225251.jpg,2628,1710255757.597225189,0.000000000
2007,1710255757.647224903,cam0/1710255757.647224851.jpg,2630,1710255757.647224903,0.000000000
2008,1710255757.697224617,cam0/1710255757.697224551.jpg,2631,1710255757.697224617,0.000000000
2009,1710255757.747224092,cam0/1710255757.747224151.jpg,2632,1710255757.747224092,0.000000000
2010,1710255757.797223806,cam0/1710255757.797223751.jpg,2633,1710255757.797223806,0.000000000
2011,1710255757.847223520,cam0/1710255757.847223451.jpg,2634,1710255757.847223520,0.000000000
2012,1710255757.897222996,cam0/1710255757.897223051.jpg,2635,1710255757.897222996,0.000000000
2013,1710255757.947222710,cam0/1710255757.947222651.jpg,2636,1710255757.947222710,0.000000000
2014,1710255757.997222185,cam0/1710255757.997222251.jpg,2637,1710255757.997222185,0.000000000
2015,1710255758.047221899,cam0/1710255758.047221851.jpg,2639,1710255758.047221899,0.000000000
2016,1710255758.097221375,cam0/1710255758.097221451.jpg,2640,1710255758.097221375,0.000000000
2017,1710255758.147221088,cam0/1710255758.147221051.jpg,2641,1710255758.147221088,0.000000000
2018,1710255758.197220802,cam0/1710255758.197220751.jpg,2642,1710255758.197220802,0.000000000
2019,1710255758.247220278,cam0/1710255758.247220351.jpg,2644,1710255758.247220278,0.000000000
2020,1710255758.297219992,cam0/1710255758.297219951.jpg,2645,1710255758.297219992,0.000000000
2021,1710255758.347219467,cam0/1710255758.347219551.jpg,2647,1710255758.347219467,0.000000000
2022,1710255758.397219181,cam0/1710255758.397219151.jpg,2648,1710255758.397219181,0.000000000
2023,1710255758.447218657,cam0/1710255758.447218751.jpg,2650,1710255758.447218657,0.000000000
2024,1710255758.497220993,cam0/1710255758.497220923.jpg,2651,1710255758.497220993,0.000000000
2025,1710255758.547220469,cam0/1710255758.547220523.jpg,2653,1710255758.547220469,0.000000000
2026,1710255758.597220182,cam0/1710255758.597220123.jpg,2654,1710255758.597220182,0.000000000
2027,1710255758.647219658,cam0/1710255758.647219723.jpg,2656,1710255758.647219658,0.000000000
2028,1710255758.697219372,cam0/1710255758.697219423.jpg,2657,1710255758.697219372,0.000000000
2029,1710255758.747219086,cam0/1710255758.747219023.jpg,2659,1710255758.747219086,0.000000000
2030,1710255758.797218561,cam0/1710255758.797218623.jpg,2660,1710255758.797218561,0.000000000
2031,1710255758.847218275,cam0/1710255758.847218223.jpg,2662,1710255758.847218275,0.000000000
2032,1710255758.897217751,cam0/1710255758.897217823.jpg,2663,1710255758.897217751,0.000000000
2033,1710255758.947217464,cam0/1710255758.947217423.jpg,2665,1710255758.947217464,0.000000000
2034,1710255758.997216940,cam0/1710255758.997217023.jpg,2666,1710255758.997216940,0.000000000
2035,1710255759.047216654,cam0/1710255759.047216623.jpg,2668,1710255759.047216654,0.000000000
2036,1710255759.097216129,cam0/1710255759.097216223.jpg,2669,1710255759.097216129,0.000000000
2037,1710255759.147215843,cam0/1710255759.147215823.jpg,2671,1710255759.147215843,0.000000000
2038,1710255759.197215557,cam0/1710255759.197215623.jpg,2672,1710255759.197215557,0.000000000
2039,1710255759.247215271,cam0/1710255759.247215223.jpg,2674,1710255759.247215271,0.000000000
2040,1710255759.297214746,cam0/1710255759.297214823.jpg,2675,1710255759.297214746,0.000000000
2041,1710255759.347214460,cam0/1710255759.347214423.jpg,2677,1710255759.347214460,0.000000000
2042,1710255759.397213936,cam0/1710255759.397214023.jpg,2678,1710255759.397213936,0.000000000
2043,1710255759.447213650,cam0/1710255759.447213623.jpg,2680,1710255759.447213650,0.000000000
2044,1710255759.497213125,cam0/1710255759.497213223.jpg,2681,1710255759.497213125,0.000000000
2045,1710255759.547212839,cam0/1710255759.547212823.jpg,2683,1710255759.547212839,0.000000000
2046,1710255759.597212315,cam0/1710255759.597212423.jpg,2684,1710255759.597212315,0.000000000
2047,1710255759.647212029,cam0/1710255759.647212023.jpg,2686,1710255759.647212029,0.000000000
2048,1710255759.697211742,cam0/1710255759.697211723.jpg,2687,1710255759.697211742,0.000000000
2049,1710255759.747211218,cam0/1710255759.747211323.jpg,2689,1710255759.747211218,0.000000000
2050,1710255759.797210932,cam0/1710255759.797210923.jpg,2690,1710255759.797210932,0.000000000
2051,1710255759.847210407,cam0/1710255759.847210523.jpg,2692,1710255759.847210407,0.000000000
2052,1710255759.897210121,cam0/1710255759.897210223.jpg,2693,1710255759.897210121,0.000000000
2053,1710255759.947209835,cam0/1710255759.947209823.jpg,2695,1710255759.947209835,0.000000000
2054,1710255759.997209311,cam0/1710255759.997209423.jpg,2696,1710255759.997209311,0.000000000
2055,1710255760.047209024,cam0/1710255760.047209023.jpg,2698,1710255760.047209024,0.000000000
2056,1710255760.097208738,cam0/1710255760.097208623.jpg,2699,1710255760.097208738,0.000000000
2057,1710255760.147208214,cam0/1710255760.147208223.jpg,2701,1710255760.147208214,0.000000000
2058,1710255760.197207928,cam0/1710255760.197207923.jpg,2702,1710255760.197207928,0.000000000
2059,1710255760.247207642,cam0/1710255760.247207523.jpg,2704,1710255760.247207642,0.000000000
2060,1710255760.297207117,cam0/1710255760.297207123.jpg,2705,1710255760.297207117,0.000000000
2061,1710255760.347206831,cam0/1710255760.347206723.jpg,2707,1710255760.347206831,0.000000000
2062,1710255760.397206306,cam0/1710255760.397206323.jpg,2708,1710255760.397206306,0.000000000
2063,1710255760.447206020,cam0/1710255760.447205923.jpg,2710,1710255760.447206020,0.000000000
2064,1710255760.497205496,cam0/1710255760.497205523.jpg,2711,1710255760.497205496,0.000000000
2065,1710255760.547205210,cam0/1710255760.547205223.jpg,2713,1710255760.547205210,0.000000000
2066,1710255760.597204924,cam0/1710255760.597204823.jpg,2714,1710255760.597204924,0.000000000
2067,1710255760.647204399,cam0/1710255760.647204423.jpg,2716,1710255760.647204399,0.000000000
2068,1710255760.697204113,cam0/1710255760.697204123.jpg,2717,1710255760.697204113,0.000000000
2069,1710255760.747203827,cam0/1710255760.747203723.jpg,2719,1710255760.747203827,0.000000000
2070,1710255760.797203302,cam0/1710255760.797203323.jpg,2720,1710255760.797203302,0.000000000
2071,1710255760.847203016,cam0/1710255760.847202923.jpg,2722,1710255760.847203016,0.000000000
2072,1710255760.897202492,cam0/1710255760.897202523.jpg,2723,1710255760.897202492,0.000000000
2073,1710255760.947202206,cam0/1710255760.947202123.jpg,2725,1710255760.947202206,0.000000000
2074,1710255760.997201681,cam0/1710255760.997201723.jpg,2726,1710255760.997201681,0.000000000
2075,1710255761.047201395,cam0/1710255761.047201323.jpg,2728,1710255761.047201395,0.000000000
2076,1710255761.097200871,cam0/1710255761.097200923.jpg,2729,1710255761.097200871,0.000000000
2077,1710255761.147200584,cam0/1710255761.147200523.jpg,2731,1710255761.147200584,0.000000000
2078,1710255761.197200298,cam0/1710255761.197200223.jpg,2732,1710255761.197200298,0.000000000
2079,1710255761.247200012,cam0/1710255761.247199923.jpg,2734,1710255761.247200012,0.000000000
2080,1710255761.297199488,cam0/1710255761.297199523.jpg,2735,1710255761.297199488,0.000000000
2081,1710255761.347199202,cam0/1710255761.347199123.jpg,2737,1710255761.347199202,0.000000000
2082,1710255761.397198677,cam0/1710255761.397198723.jpg,2738,1710255761.397198677,0.000000000
2083,1710255761.447198391,cam0/1710255761.447198323.jpg,2740,1710255761.447198391,0.000000000
2084,1710255761.497197866,cam0/1710255761.497197923.jpg,2741,1710255761.497197866,0.000000000
2085,1710255761.547197580,cam0/1710255761.547197523.jpg,2743,1710255761.547197580,0.000000000
2086,1710255761.597197056,cam0/1710255761.597197123.jpg,2744,1710255761.597197056,0.000000000
2087,1710255761.647196770,cam0/1710255761.647196723.jpg,2746,1710255761.647196770,0.000000000
2088,1710255761.697196484,cam0/1710255761.697196423.jpg,2747,1710255761.697196484,0.000000000
2089,1710255761.747195959,cam0/1710255761.747196023.jpg,2749,1710255761.747195959,0.000000000
2090,1710255761.797195673,cam0/1710255761.797195623.jpg,2750,1710255761.797195673,0.000000000
2091,1710255761.847195148,cam0/1710255761.847195223.jpg,2752,1710255761.847195148,0.000000000
2092,1710255761.897194862,cam0/1710255761.897194823.jpg,2753,1710255761.897194862,0.000000000
2093,1710255761.947194576,cam0/1710255761.947194523.jpg,2755,1710255761.947194576,0.000000000
2094,1710255761.997194052,cam0/1710255761.997194123.jpg,2756,1710255761.997194052,0.000000000
2095,1710255762.047193766,cam0/1710255762.047193723.jpg,2758,1710255762.047193766,0.000000000
2096,1710255762.097193241,cam0/1710255762.097193323.jpg,2759,1710255762.097193241,0.000000000
2097,1710255762.147192955,cam0/1710255762.147192923.jpg,2761,1710255762.147192955,0.000000000
2098,1710255762.197192669,cam0/1710255762.197192623.jpg,2762,1710255762.197192669,0.000000000
2099,1710255762.247192144,cam0/1710255762.247192223.jpg,2764,1710255762.247192144,0.000000000
2100,1710255762.297191858,cam0/1710255762.297191823.jpg,2765,1710255762.297191858,0.000000000
2101,1710255762.347191334,cam0/1710255762.347191423.jpg,2767,1710255762.347191334,0.000000000
2102,1710255762.397191048,cam0/1710255762.397191023.jpg,2768,1710255762.397191048,0.000000000
2103,1710255762.447190523,cam0/1710255762.447190623.jpg,2770,1710255762.447190523,0.000000000
2104,1710255762.497190237,cam0/1710255762.497190223.jpg,2771,1710255762.497190237,0.000000000
2105,1710255762.547189713,cam0/1710255762.547189823.jpg,2773,1710255762.547189713,0.000000000
2106,1710255762.597189426,cam0/1710255762.597189523.jpg,2774,1710255762.597189426,0.000000000
2107,1710255762.647189140,cam0/1710255762.647189123.jpg,2776,1710255762.647189140,0.000000000
2108,1710255762.697188854,cam0/1710255762.697188823.jpg,2777,1710255762.697188854,0.000000000
2109,1710255762.747188330,cam0/1710255762.747188423.jpg,2779,1710255762.747188330,0.000000000
2110,1710255762.797188044,cam0/1710255762.797188023.jpg,2780,1710255762.797188044,0.000000000
2111,1710255762.847187519,cam0/1710255762.847187623.jpg,2782,1710255762.847187519,0.000000000
2112,1710255762.897187233,cam0/1710255762.897187223.jpg,2783,1710255762.897187233,0.000000000
2113,1710255762.947186708,cam0/1710255762.947186823.jpg,2785,1710255762.947186708,0.000000000
2114,1710255762.997186422,cam0/1710255762.997186423.jpg,2786,1710255762.997186422,0.000000000
2115,1710255763.047186136,cam0/1710255763.047186023.jpg,2788,1710255763.047186136,0.000000000
2116,1710255763.097185612,cam0/1710255763.097185623.jpg,2789,1710255763.097185612,0.000000000
2117,1710255763.147185326,cam0/1710255763.147185223.jpg,2791,1710255763.147185326,0.000000000
2118,1710255763.197185040,cam0/1710255763.197184923.jpg,2792,1710255763.197185040,0.000000000
2119,1710255763.247184515,cam0/1710255763.247184523.jpg,2794,1710255763.247184515,0.000000000
2120,1710255763.297184229,cam0/1710255763.297184223.jpg,2795,1710255763.297184229,0.000000000
2121,1710255763.347183704,cam0/1710255763.347183823.jpg,2797,1710255763.347183704,0.000000000
2122,1710255763.397183418,cam0/1710255763.397183423.jpg,2798,1710255763.397183418,0.000000000
2123,1710255763.447183132,cam0/1710255763.447183023.jpg,2800,1710255763.447183132,0.000000000
2124,1710255763.497182608,cam0/1710255763.497182623.jpg,2801,1710255763.497182608,0.000000000
2125,1710255763.547182322,cam0/1710255763.547182223.jpg,2803,1710255763.547182322,0.000000000
2126,1710255763.597181797,cam0/1710255763.597181823.jpg,2804,1710255763.597181797,0.000000000
2127,1710255763.647181511,cam0/1710255763.647181423.jpg,2806,1710255763.647181511,0.000000000
2128,1710255763.697181225,cam0/1710255763.697181123.jpg,2807,1710255763.697181225,0.000000000
2129,1710255763.747180700,cam0/1710255763.747180723.jpg,2809,1710255763.747180700,0.000000000
2130,1710255763.797180414,cam0/1710255763.797180323.jpg,2810,1710255763.797180414,0.000000000
2131,1710255763.847179890,cam0/1710255763.847179923.jpg,2812,1710255763.847179890,0.000000000
2132,1710255763.897179604,cam0/1710255763.897179523.jpg,2813,1710255763.897179604,0.000000000
2133,1710255763.947179079,cam0/1710255763.947179123.jpg,2815,1710255763.947179079,0.000000000
2134,1710255763.997178793,cam0/1710255763.997178823.jpg,2816,1710255763.997178793,0.000000000
2135,1710255764.047178507,cam0/1710255764.047178423.jpg,2818,1710255764.047178507,0.000000000
2136,1710255764.097177982,cam0/1710255764.097178023.jpg,2819,1710255764.097177982,0.000000000
2137,1710255764.147177696,cam0/1710255764.147177623.jpg,2821,1710255764.147177696,0.000000000
2138,1710255764.197177410,cam0/1710255764.197177323.jpg,2822,1710255764.197177410,0.000000000
2139,1710255764.247176886,cam0/1710255764.247176923.jpg,2824,1710255764.247176886,0.000000000
2140,1710255764.297176600,cam0/1710255764.297176523.jpg,2825,1710255764.297176600,0.000000000
2141,1710255764.347176075,cam0/1710255764.347176123.jpg,2827,1710255764.347176075,0.000000000
2142,1710255764.397175789,cam0/1710255764.397175723.jpg,2828,1710255764.397175789,0.000000000
2143,1710255764.447175264,cam0/1710255764.447175323.jpg,2830,1710255764.447175264,0.000000000
2144,1710255764.497174978,cam0/1710255764.497174923.jpg,2831,1710255764.497174978,0.000000000
2145,1710255764.547174454,cam0/1710255764.547174523.jpg,2833,1710255764.547174454,0.000000000
2146,1710255764.597174168,cam0/1710255764.597174123.jpg,2834,1710255764.597174168,0.000000000
2147,1710255764.647173643,cam0/1710255764.647173723.jpg,2836,1710255764.647173643,0.000000000
2148,1710255764.697173595,cam0/1710255764.697173523.jpg,2837,1710255764.697173595,0.000000000
2149,1710255764.747173071,cam0/1710255764.747173123.jpg,2839,1710255764.747173071,0.000000000
2150,1710255764.797172785,cam0/1710255764.797172723.jpg,2840,1710255764.797172785,0.000000000
2151,1710255764.847172260,cam0/1710255764.847172323.jpg,2842,1710255764.847172260,0.000000000
2152,1710255764.897171974,cam0/1710255764.897171923.jpg,2843,1710255764.897171974,0.000000000
2153,1710255764.947171450,cam0/1710255764.947171523.jpg,2845,1710255764.947171450,0.000000000
2154,1710255764.997171164,cam0/1710255764.997171123.jpg,2846,1710255764.997171164,0.000000000
2155,1710255765.047170639,cam0/1710255765.047170723.jpg,2848,1710255765.047170639,0.000000000
2156,1710255765.097170353,cam0/1710255765.097170323.jpg,2849,1710255765.097170353,0.000000000
2157,1710255765.147169828,cam0/1710255765.147169923.jpg,2851,1710255765.147169828,0.000000000
2158,1710255765.197169542,cam0/1710255765.197169623.jpg,2852,1710255765.197169542,0.000000000
2159,1710255765.247169256,cam0/1710255765.247169223.jpg,2854,1710255765.247169256,0.000000000
2160,1710255765.297168732,cam0/1710255765.297168823.jpg,2855,1710255765.297168732,0.000000000
2161,1710255765.347168446,cam0/1710255765.347168523.jpg,2857,1710255765.347168446,0.000000000
2162,1710255765.397168159,cam0/1710255765.397168123.jpg,2858,1710255765.397168159,0.000000000
2163,1710255765.447167635,cam0/1710255765.447167723.jpg,2860,1710255765.447167635,0.000000000
2164,1710255765.497167349,cam0/1710255765.497167323.jpg,2861,1710255765.497167349,0.000000000
2165,1710255765.547166824,cam0/1710255765.547166923.jpg,2863,1710255765.547166824,0.000000000
2166,1710255765.597166538,cam0/1710255765.597166523.jpg,2864,1710255765.597166538,0.000000000
2167,1710255765.647166014,cam0/1710255765.647166123.jpg,2866,1710255765.647166014,0.000000000
2168,1710255765.697165728,cam0/1710255765.697165823.jpg,2867,1710255765.697165728,0.000000000
2169,1710255765.747165442,cam0/1710255765.747165423.jpg,2869,1710255765.747165442,0.000000000
2170,1710255765.797164917,cam0/1710255765.797165023.jpg,2870,1710255765.797164917,0.000000000
2171,1710255765.847164631,cam0/1710255765.847164623.jpg,2872,1710255765.847164631,0.000000000
2172,1710255765.897164106,cam0/1710255765.897164223.jpg,2873,1710255765.897164106,0.000000000
2173,1710255765.947163820,cam0/1710255765.947163823.jpg,2875,1710255765.947163820,0.000000000
2174,1710255765.997163534,cam0/1710255765.997163423.jpg,2876,1710255765.997163534,0.000000000
2175,1710255766.047163010,cam0/1710255766.047163123.jpg,2878,1710255766.047163010,0.000000000
2176,1710255766.097162724,cam0/1710255766.097162723.jpg,2879,1710255766.097162724,0.000000000
2177,1710255766.147162437,cam0/1710255766.147162323.jpg,2881,1710255766.147162437,0.000000000
2178,1710255766.197161913,cam0/1710255766.197162023.jpg,2882,1710255766.197161913,0.000000000
2179,1710255766.247161627,cam0/1710255766.247161623.jpg,2884,1710255766.247161627,0.000000000
2180,1710255766.297161341,cam0/1710255766.297161223.jpg,2885,1710255766.297161341,0.000000000
2181,1710255766.347160816,cam0/1710255766.347160823.jpg,2887,1710255766.347160816,0.000000000
2182,1710255766.397160530,cam0/1710255766.397160423.jpg,2888,1710255766.397160530,0.000000000
2183,1710255766.447160006,cam0/1710255766.447160023.jpg,2890,1710255766.447160006,0.000000000
2184,1710255766.497159719,cam0/1710255766.497159623.jpg,2891,1710255766.497159719,0.000000000
2185,1710255766.547159195,cam0/1710255766.547159223.jpg,2893,1710255766.547159195,0.000000000
2186,1710255766.597158909,cam0/1710255766.597158823.jpg,2894,1710255766.597158909,0.000000000
2187,1710255766.647158384,cam0/1710255766.647158423.jpg,2896,1710255766.647158384,0.000000000
2188,1710255766.697158098,cam0/1710255766.697158123.jpg,2897,1710255766.697158098,0.000000000
2189,1710255766.747157812,cam0/1710255766.747157823.jpg,2899,1710255766.747157812,0.000000000
2190,1710255766.797157526,cam0/1710255766.797157423.jpg,2900,1710255766.797157526,0.000000000
2191,1710255766.847157001,cam0/1710255766.847157023.jpg,2902,1710255766.847157001,0.000000000
2192,1710255766.897156715,cam0/1710255766.897156623.jpg,2903,1710255766.897156715,0.000000000
2193,1710255766.947156191,cam0/1710255766.947156223.jpg,2905,1710255766.947156191,0.000000000
2194,1710255766.997155905,cam0/1710255766.997155823.jpg,2906,1710255766.997155905,0.000000000
2195,1710255767.047155380,cam0/1710255767.047155423.jpg,2908,1710255767.047155380,0.000000000
2196,1710255767.097155094,cam0/1710255767.097155023.jpg,2909,1710255767.097155094,0.000000000
2197,1710255767.147154570,cam0/1710255767.147154623.jpg,2911,1710255767.147154570,0.000000000
2198,1710255767.197154284,cam0/1710255767.197154323.jpg,2912,1710255767.197154284,0.000000000
2199,1710255767.247153997,cam0/1710255767.247153923.jpg,2914,1710255767.247153997,0.000000000
2200,1710255767.297153473,cam0/1710255767.297153523.jpg,2915,1710255767.297153473,0.000000000
2201,1710255767.347153187,cam0/1710255767.347153123.jpg,2917,1710255767.347153187,0.000000000
2202,1710255767.397152901,cam0/1710255767.397152823.jpg,2918,1710255767.397152901,0.000000000
2203,1710255767.447152376,cam0/1710255767.447152423.jpg,2920,1710255767.447152376,0.000000000
2204,1710255767.497152090,cam0/1710255767.497152023.jpg,2921,1710255767.497152090,0.000000000
2205,1710255767.547151566,cam0/1710255767.547151623.jpg,2923,1710255767.547151566,0.000000000
2206,1710255767.597151279,cam0/1710255767.597151223.jpg,2924,1710255767.597151279,0.000000000
2207,1710255767.647150755,cam0/1710255767.647150823.jpg,2926,1710255767.647150755,0.000000000
2208,1710255767.697150469,cam0/1710255767.697150523.jpg,2927,1710255767.697150469,0.000000000
2209,1710255767.747150183,cam0/1710255767.747150123.jpg,2929,1710255767.747150183,0.000000000
2210,1710255767.797149658,cam0/1710255767.797149723.jpg,2930,1710255767.797149658,0.000000000
2211,1710255767.847149372,cam0/1710255767.847149323.jpg,2932,1710255767.847149372,0.000000000
2212,1710255767.897148848,cam0/1710255767.897148923.jpg,2933,1710255767.897148848,0.000000000
2213,1710255767.947148561,cam0/1710255767.947148523.jpg,2935,1710255767.947148561,0.000000000
2214,1710255767.997148037,cam0/1710255767.997148123.jpg,2936,1710255767.997148037,0.000000000
2215,1710255768.047147751,cam0/1710255768.047147723.jpg,2938,1710255768.047147751,0.000000000
2216,1710255768.097147465,cam0/1710255768.097147423.jpg,2939,1710255768.097147465,0.000000000
2217,1710255768.147146940,cam0/1710255768.147147023.jpg,2941,1710255768.147146940,0.000000000
2218,1710255768.197146654,cam0/1710255768.197146723.jpg,2942,1710255768.197146654,0.000000000
2219,1710255768.247146368,cam0/1710255768.247146323.jpg,2944,1710255768.247146368,0.000000000
2220,1710255768.297145844,cam0/1710255768.297145923.jpg,2945,1710255768.297145844,0.000000000
2221,1710255768.347145557,cam0/1710255768.347145523.jpg,2947,1710255768.347145557,0.000000000
2222,1710255768.397145033,cam0/1710255768.397145123.jpg,2948,1710255768.397145033,0.000000000
2223,1710255768.447144747,cam0/1710255768.447144723.jpg,2950,1710255768.447144747,0.000000000
2224,1710255768.497144222,cam0/1710255768.497144323.jpg,2951,1710255768.497144222,0.000000000
2225,1710255768.547143936,cam0/1710255768.547143923.jpg,2953,1710255768.547143936,0.000000000
2226,1710255768.597143412,cam0/1710255768.597143523.jpg,2954,1710255768.597143412,0.000000000
2227,1710255768.647143126,cam0/1710255768.647143123.jpg,2956,1710255768.647143126,0.000000000
2228,1710255768.697142839,cam0/1710255768.697142823.jpg,2957,1710255768.697142839,0.000000000
2229,1710255768.747142315,cam0/1710255768.747142423.jpg,2959,1710255768.747142315,0.000000000
2230,1710255768.797142029,cam0/1710255768.797142123.jpg,2960,1710255768.797142029,0.000000000
2231,1710255768.847141743,cam0/1710255768.847141723.jpg,2962,1710255768.847141743,0.000000000
2232,1710255768.897141218,cam0/1710255768.897141323.jpg,2963,1710255768.897141218,0.000000000
2233,1710255768.947140932,cam0/1710255768.947140923.jpg,2965,1710255768.947140932,0.000000000
2234,1710255768.997140408,cam0/1710255768.997140523.jpg,2966,1710255768.997140408,0.000000000
2235,1710255769.047140121,cam0/1710255769.047140123.jpg,2968,1710255769.047140121,0.000000000
2236,1710255769.097139835,cam0/1710255769.097139723.jpg,2969,1710255769.097139835,0.000000000
2237,1710255769.147139311,cam0/1710255769.147139323.jpg,2971,1710255769.147139311,0.000000000
2238,1710255769.197139025,cam0/1710255769.197139023.jpg,2972,1710255769.197139025,0.000000000
2239,1710255769.247138739,cam0/1710255769.247138623.jpg,2974,1710255769.247138739,0.000000000
2240,1710255769.297138214,cam0/1710255769.297138223.jpg,2975,1710255769.297138214,0.000000000
2241,1710255769.347137928,cam0/1710255769.347137823.jpg,2977,1710255769.347137928,0.000000000
2242,1710255769.397137403,cam0/1710255769.397137423.jpg,2978,1710255769.397137403,0.000000000
2243,1710255769.447137117,cam0/1710255769.447137123.jpg,2980,1710255769.447137117,0.000000000
2244,1710255769.497136831,cam0/1710255769.497136723.jpg,2981,1710255769.497136831,0.000000000
2245,1710255769.547136307,cam0/1710255769.547136323.jpg,2983,1710255769.547136307,0.000000000
2246,1710255769.597136021,cam0/1710255769.597135923.jpg,2984,1710255769.597136021,0.000000000
2247,1710255769.647135496,cam0/1710255769.647135523.jpg,2986,1710255769.647135496,0.000000000
2248,1710255769.697135210,cam0/1710255769.697135223.jpg,2987,1710255769.697135210,0.000000000
2249,1710255769.747134924,cam0/1710255769.747134823.jpg,2989,1710255769.747134924,0.000000000
2250,1710255769.797134399,cam0/1710255769.797134423.jpg,2990,1710255769.797134399,0.000000000
2251,1710255769.847134113,cam0/1710255769.847134023.jpg,2992,1710255769.847134113,0.000000000
2252,1710255769.897133589,cam0/1710255769.897133623.jpg,2993,1710255769.897133589,0.000000000
2253,1710255769.947133303,cam0/1710255769.947133223.jpg,2995,1710255769.947133303,0.000000000
2254,1710255769.997132778,cam0/1710255769.997132823.jpg,2996,1710255769.997132778,0.000000000
2255,1710255770.047132492,cam0/1710255770.047132423.jpg,2998,1710255770.047132492,0.000000000
2256,1710255770.097131968,cam0/1710255770.097132023.jpg,2999,1710255770.097131968,0.000000000
2257,1710255770.147131681,cam0/1710255770.147131723.jpg,3001,1710255770.147131681,0.000000000
2258,1710255770.197131395,cam0/1710255770.197131423.jpg,3002,1710255770.197131395,0.000000000
2259,1710255770.247131109,cam0/1710255770.247131023.jpg,3004,1710255770.247131109,0.000000000
2260,1710255770.297130585,cam0/1710255770.297130623.jpg,3005,1710255770.297130585,0.000000000
2261,1710255770.347130299,cam0/1710255770.347130223.jpg,3007,1710255770.347130299,0.000000000
2262,1710255770.397129774,cam0/1710255770.397129823.jpg,3008,1710255770.397129774,0.000000000
2263,1710255770.447129488,cam0/1710255770.447129423.jpg,3010,1710255770.447129488,0.000000000
2264,1710255770.497128963,cam0/1710255770.497129023.jpg,3011,1710255770.497128963,0.000000000
2265,1710255770.547128677,cam0/1710255770.547128623.jpg,3013,1710255770.547128677,0.000000000
2266,1710255770.597128153,cam0/1710255770.597128223.jpg,3014,1710255770.597128153,0.000000000
2267,1710255770.647127867,cam0/1710255770.647127823.jpg,3016,1710255770.647127867,0.000000000
2268,1710255770.697127581,cam0/1710255770.697127523.jpg,3017,1710255770.697127581,0.000000000
2269,1710255770.747127056,cam0/1710255770.747127123.jpg,3019,1710255770.747127056,0.000000000
2270,1710255770.797126770,cam0/1710255770.797126723.jpg,3020,1710255770.797126770,0.000000000
2271,1710255770.847126484,cam0/1710255770.847126423.jpg,3022,1710255770.847126484,0.000000000
2272,1710255770.897125959,cam0/1710255770.897126023.jpg,3023,1710255770.897125959,0.000000000
2273,1710255770.947125673,cam0/1710255770.947125623.jpg,3025,1710255770.947125673,0.000000000
2274,1710255770.997125149,cam0/1710255770.997125223.jpg,3026,1710255770.997125149,0.000000000
2275,1710255771.047124863,cam0/1710255771.047124823.jpg,3028,1710255771.047124863,0.000000000
2276,1710255771.097124338,cam0/1710255771.097124423.jpg,3029,1710255771.097124338,0.000000000
2277,1710255771.147124052,cam0/1710255771.147124023.jpg,3031,1710255771.147124052,0.000000000
2278,1710255771.197123766,cam0/1710255771.197123723.jpg,3032,1710255771.197123766,0.000000000
2279,1710255771.247123241,cam0/1710255771.247123323.jpg,3034,1710255771.247123241,0.000000000
2280,1710255771.297122955,cam0/1710255771.297122923.jpg,3035,1710255771.297122955,0.000000000
2281,1710255771.347122431,cam0/1710255771.347122523.jpg,3037,1710255771.347122431,0.000000000
2282,1710255771.397122145,cam0/1710255771.397122123.jpg,3038,1710255771.397122145,0.000000000
2283,1710255771.447121620,cam0/1710255771.447121723.jpg,3040,1710255771.447121620,0.000000000
2284,1710255771.497121334,cam0/1710255771.497121423.jpg,3041,1710255771.497121334,0.000000000
2285,1710255771.547121048,cam0/1710255771.547121023.jpg,3043,1710255771.547121048,0.000000000
2286,1710255771.597120523,cam0/1710255771.597120623.jpg,3044,1710255771.597120523,0.000000000
2287,1710255771.647120237,cam0/1710255771.647120223.jpg,3046,1710255771.647120237,0.000000000
2288,1710255771.697119951,cam0/1710255771.697119923.jpg,3047,1710255771.697119951,0.000000000
2289,1710255771.747119427,cam0/1710255771.747119523.jpg,3049,1710255771.747119427,0.000000000
2290,1710255771.797119141,cam0/1710255771.797119123.jpg,3050,1710255771.797119141,0.000000000
2291,1710255771.847118616,cam0/1710255771.847118723.jpg,3052,1710255771.847118616,0.000000000
2292,1710255771.897118330,cam0/1710255771.897118323.jpg,3053,1710255771.897118330,0.000000000
2293,1710255771.947117805,cam0/1710255771.947117923.jpg,3055,1710255771.947117805,0.000000000
2294,1710255771.997117519,cam0/1710255771.997117523.jpg,3056,1710255771.997117519,0.000000000
2295,1710255772.047117233,cam0/1710255772.047117123.jpg,3058,1710255772.047117233,0.000000000
2296,1710255772.097116709,cam0/1710255772.097116723.jpg,3059,1710255772.097116709,0.000000000
2297,1710255772.147116423,cam0/1710255772.147116323.jpg,3060,1710255772.147116423,0.000000000
2298,1710255772.197116137,cam0/1710255772.197116123.jpg,3061,1710255772.197116137,0.000000000
2299,1710255772.247115612,cam0/1710255772.247115723.jpg,3062,1710255772.247115612,0.000000000
2300,1710255772.297115326,cam0/1710255772.297115323.jpg,3063,1710255772.297115326,0.000000000
2301,1710255772.347115040,cam0/1710255772.347114923.jpg,3064,1710255772.347115040,0.000000000
2302,1710255772.397114515,cam0/1710255772.397114523.jpg,3065,1710255772.397114515,0.000000000
2303,1710255772.447114229,cam0/1710255772.447114123.jpg,3066,1710255772.447114229,0.000000000
2304,1710255772.497113705,cam0/1710255772.497113723.jpg,3067,1710255772.497113705,0.000000000
2305,1710255772.547113419,cam0/1710255772.547113323.jpg,3068,1710255772.547113419,0.000000000
2306,1710255772.597112894,cam0/1710255772.597112923.jpg,3069,1710255772.597112894,0.000000000
2307,1710255772.647112608,cam0/1710255772.647112523.jpg,3070,1710255772.647112608,0.000000000
2308,1710255772.697112322,cam0/1710255772.697112223.jpg,3071,1710255772.697112322,0.000000000
2309,1710255772.747111797,cam0/1710255772.747111823.jpg,3072,1710255772.747111797,0.000000000
2310,1710255772.797111511,cam0/1710255772.797111423.jpg,3073,1710255772.797111511,0.000000000
2311,1710255772.847110987,cam0/1710255772.847111023.jpg,3074,1710255772.847110987,0.000000000
2312,1710255772.897110701,cam0/1710255772.897110723.jpg,3075,1710255772.897110701,0.000000000
2313,1710255772.947110415,cam0/1710255772.947110323.jpg,3076,1710255772.947110415,0.000000000
2314,1710255772.997109890,cam0/1710255772.997109923.jpg,3077,1710255772.997109890,0.000000000
2315,1710255773.047109604,cam0/1710255773.047109523.jpg,3078,1710255773.047109604,0.000000000
2316,1710255773.097109079,cam0/1710255773.097109123.jpg,3079,1710255773.097109079,0.000000000
2317,1710255773.147108793,cam0/1710255773.147108723.jpg,3080,1710255773.147108793,0.000000000
2318,1710255773.197108507,cam0/1710255773.197108423.jpg,3081,1710255773.197108507,0.000000000
2319,1710255773.247107983,cam0/1710255773.247108023.jpg,3082,1710255773.247107983,0.000000000
2320,1710255773.297107697,cam0/1710255773.297107623.jpg,3083,1710255773.297107697,0.000000000
2321,1710255773.347107172,cam0/1710255773.347107223.jpg,3084,1710255773.347107172,0.000000000
2322,1710255773.397106886,cam0/1710255773.397106823.jpg,3085,1710255773.397106886,0.000000000
2323,1710255773.447106361,cam0/1710255773.447106423.jpg,3086,1710255773.447106361,0.000000000
2324,1710255773.497106075,cam0/1710255773.497106023.jpg,3087,1710255773.497106075,0.000000000
2325,1710255773.547105551,cam0/1710255773.547105623.jpg,3088,1710255773.547105551,0.000000000
2326,1710255773.597105265,cam0/1710255773.597105323.jpg,3089,1710255773.597105265,0.000000000
2327,1710255773.647104979,cam0/1710255773.647104923.jpg,3090,1710255773.647104979,0.000000000
2328,1710255773.697104692,cam0/1710255773.697104623.jpg,3091,1710255773.697104692,0.000000000
2329,1710255773.747104168,cam0/1710255773.747104223.jpg,3092,1710255773.747104168,0.000000000
2330,1710255773.797103882,cam0/1710255773.797103823.jpg,3093,1710255773.797103882,0.000000000
2331,1710255773.847103357,cam0/1710255773.847103423.jpg,3094,1710255773.847103357,0.000000000
2332,1710255773.897103071,cam0/1710255773.897103023.jpg,3095,1710255773.897103071,0.000000000
2333,1710255773.947102547,cam0/1710255773.947102623.jpg,3096,1710255773.947102547,0.000000000
2334,1710255773.997102261,cam0/1710255773.997102223.jpg,3097,1710255773.997102261,0.000000000
2335,1710255774.047101736,cam0/1710255774.047101823.jpg,3098,1710255774.047101736,0.000000000
2336,1710255774.097101450,cam0/1710255774.097101423.jpg,3099,1710255774.097101450,0.000000000
2337,1710255774.147100925,cam0/1710255774.147101023.jpg,3100,1710255774.147100925,0.000000000
2338,1710255774.197100639,cam0/1710255774.197100723.jpg,3101,1710255774.197100639,0.000000000
2339,1710255774.247100353,cam0/1710255774.247100423.jpg,3102,1710255774.247100353,0.000000000
2340,1710255774.297100067,cam0/1710255774.297100023.jpg,3103,1710255774.297100067,0.000000000
2341,1710255774.347099543,cam0/1710255774.347099623.jpg,3104,1710255774.347099543,0.000000000
2342,1710255774.397099257,cam0/1710255774.397099223.jpg,3105,1710255774.397099257,0.000000000
2343,1710255774.447098732,cam0/1710255774.447098823.jpg,3106,1710255774.447098732,0.000000000
2344,1710255774.497098446,cam0/1710255774.497098423.jpg,3107,1710255774.497098446,0.000000000
2345,1710255774.547097921,cam0/1710255774.547098023.jpg,3108,1710255774.547097921,0.000000000
2346,1710255774.597097635,cam0/1710255774.597097623.jpg,3109,1710255774.597097635,0.000000000
2347,1710255774.647097111,cam0/1710255774.647097223.jpg,3110,1710255774.647097111,0.000000000
2348,1710255774.697096825,cam0/1710255774.697096923.jpg,3111,1710255774.697096825,0.000000000
2349,1710255774.747096539,cam0/1710255774.747096523.jpg,3112,1710255774.747096539,0.000000000
2350,1710255774.797096014,cam0/1710255774.797096123.jpg,3113,1710255774.797096014,0.000000000
2351,1710255774.847095728,cam0/1710255774.847095723.jpg,3114,1710255774.847095728,0.000000000
2352,1710255774.897095442,cam0/1710255774.897095323.jpg,3115,1710255774.897095442,0.000000000
2353,1710255774.947094917,cam0/1710255774.947095023.jpg,3116,1710255774.947094917,0.000000000
2354,1710255774.997094631,cam0/1710255774.997094623.jpg,3117,1710255774.997094631,0.000000000
2355,1710255775.047094107,cam0/1710255775.047094223.jpg,3118,1710255775.047094107,0.000000000
2356,1710255775.097093821,cam0/1710255775.097093823.jpg,3119,1710255775.097093821,0.000000000
2357,1710255775.147093534,cam0/1710255775.147093423.jpg,3120,1710255775.147093534,0.000000000
2358,1710255775.197093010,cam0/1710255775.197093123.jpg,3121,1710255775.197093010,0.000000000
2359,1710255775.247092724,cam0/1710255775.247092723.jpg,3122,1710255775.247092724,0.000000000
2360,1710255775.297092438,cam0/1710255775.297092323.jpg,3123,1710255775.297092438,0.000000000
2361,1710255775.347091913,cam0/1710255775.347091923.jpg,3124,1710255775.347091913,0.000000000
2362,1710255775.397091627,cam0/1710255775.397091523.jpg,3125,1710255775.397091627,0.000000000
2363,1710255775.447091103,cam0/1710255775.447091123.jpg,3126,1710255775.447091103,0.000000000
2364,1710255775.497090816,cam0/1710255775.497090723.jpg,3127,1710255775.497090816,0.000000000
2365,1710255775.547090292,cam0/1710255775.547090323.jpg,3128,1710255775.547090292,0.000000000
2366,1710255775.647089720,cam0/1710255775.647089623.jpg,3130,1710255775.647089720,0.000000000
2367,1710255775.697089434,cam0/1710255775.697089323.jpg,3131,1710255775.697089434,0.000000000
2368,1710255775.747088909,cam0/1710255775.747088923.jpg,3132,1710255775.747088909,0.000000000
2369,1710255775.797088623,cam0/1710255775.797088523.jpg,3133,1710255775.797088623,0.000000000
2370,1710255775.847088099,cam0/1710255775.847088123.jpg,3134,1710255775.847088099,0.000000000
2371,1710255775.897087812,cam0/1710255775.897087723.jpg,3135,1710255775.897087812,0.000000000
2372,1710255775.947087288,cam0/1710255775.947087323.jpg,3136,1710255775.947087288,0.000000000
2373,1710255775.997087002,cam0/1710255775.997086923.jpg,3137,1710255775.997087002,0.000000000
2374,1710255776.047086477,cam0/1710255776.047086523.jpg,3138,1710255776.047086477,0.000000000
2375,1710255776.097086191,cam0/1710255776.097086123.jpg,3139,1710255776.097086191,0.000000000
2376,1710255776.147085667,cam0/1710255776.147085723.jpg,3140,1710255776.147085667,0.000000000
2377,1710255776.197085381,cam0/1710255776.197085423.jpg,3141,1710255776.197085381,0.000000000
2378,1710255776.247085094,cam0/1710255776.247085023.jpg,3142,1710255776.247085094,0.000000000
2379,1710255776.297084808,cam0/1710255776.297084723.jpg,3143,1710255776.297084808,0.000000000
2380,1710255776.347084284,cam0/1710255776.347084323.jpg,3144,1710255776.347084284,0.000000000
2381,1710255776.397083998,cam0/1710255776.397083923.jpg,3145,1710255776.397083998,0.000000000
2382,1710255776.447083473,cam0/1710255776.447083523.jpg,3146,1710255776.447083473,0.000000000
2383,1710255776.497083187,cam0/1710255776.497083123.jpg,3147,1710255776.497083187,0.000000000
2384,1710255776.547082663,cam0/1710255776.547082723.jpg,3148,1710255776.547082663,0.000000000
2385,1710255776.597082376,cam0/1710255776.597082323.jpg,3149,1710255776.597082376,0.000000000
2386,1710255776.647081852,cam0/1710255776.647081923.jpg,3150,1710255776.647081852,0.000000000
2387,1710255776.697081566,cam0/1710255776.697081623.jpg,3152,1710255776.697081566,0.000000000
2388,1710255776.747081280,cam0/1710255776.747081223.jpg,3153,1710255776.747081280,0.000000000
2389,1710255776.797080755,cam0/1710255776.797080823.jpg,3154,1710255776.797080755,0.000000000
2390,1710255776.847080469,cam0/1710255776.847080423.jpg,3155,1710255776.847080469,0.000000000
2391,1710255776.897079945,cam0/1710255776.897080023.jpg,3156,1710255776.897079945,0.000000000
2392,1710255776.947079659,cam0/1710255776.947079623.jpg,3157,1710255776.947079659,0.000000000
2393,1710255776.997079372,cam0/1710255776.997079323.jpg,3158,1710255776.997079372,0.000000000
2394,1710255777.047078848,cam0/1710255777.047078923.jpg,3159,1710255777.047078848,0.000000000
2395,1710255777.097078562,cam0/1710255777.097078523.jpg,3160,1710255777.097078562,0.000000000
2396,1710255777.147078037,cam0/1710255777.147078123.jpg,3161,1710255777.147078037,0.000000000
2397,1710255777.197077751,cam0/1710255777.197077823.jpg,3162,1710255777.197077751,0.000000000
2398,1710255777.247077465,cam0/1710255777.247077423.jpg,3163,1710255777.247077465,0.000000000
2399,1710255777.297076941,cam0/1710255777.297077023.jpg,3164,1710255777.297076941,0.000000000
2400,1710255777.347076654,cam0/1710255777.347076623.jpg,3165,1710255777.347076654,0.000000000
2401,1710255777.397076130,cam0/1710255777.397076223.jpg,3166,1710255777.397076130,0.000000000
2402,1710255777.447075844,cam0/1710255777.447075823.jpg,3167,1710255777.447075844,0.000000000
2403,1710255777.497075319,cam0/1710255777.497075423.jpg,3168,1710255777.497075319,0.000000000
2404,1710255777.547075033,cam0/1710255777.547075023.jpg,3169,1710255777.547075033,0.000000000
2405,1710255777.597074509,cam0/1710255777.597074623.jpg,3170,1710255777.597074509,0.000000000
2406,1710255777.647074223,cam0/1710255777.647074223.jpg,3171,1710255777.647074223,0.000000000
2407,1710255777.697073936,cam0/1710255777.697074023.jpg,3172,1710255777.697073936,0.000000000
2408,1710255777.747073650,cam0/1710255777.747073623.jpg,3173,1710255777.747073650,0.000000000
2409,1710255777.797073126,cam0/1710255777.797073223.jpg,3174,1710255777.797073126,0.000000000
2410,1710255777.847072840,cam0/1710255777.847072823.jpg,3175,1710255777.847072840,0.000000000
2411,1710255777.897072315,cam0/1710255777.897072423.jpg,3177,1710255777.897072315,0.000000000
2412,1710255777.947072029,cam0/1710255777.947072023.jpg,3178,1710255777.947072029,0.000000000
2413,1710255777.997071505,cam0/1710255777.997071623.jpg,3179,1710255777.997071505,0.000000000
2414,1710255778.047071218,cam0/1710255778.047071223.jpg,3180,1710255778.047071218,0.000000000
2415,1710255778.097070932,cam0/1710255778.097070823.jpg,3181,1710255778.097070932,0.000000000
2416,1710255778.147070408,cam0/1710255778.147070423.jpg,3182,1710255778.147070408,0.000000000
2417,1710255778.197070122,cam0/1710255778.197070123.jpg,3183,1710255778.197070122,0.000000000
2418,1710255778.247069836,cam0/1710255778.247069723.jpg,3184,1710255778.247069836,0.000000000
2419,1710255778.297069311,cam0/1710255778.297069323.jpg,3185,1710255778.297069311,0.000000000
2420,1710255778.347069025,cam0/1710255778.347069023.jpg,3186,1710255778.347069025,0.000000000
2421,1710255778.397068739,cam0/1710255778.397068623.jpg,3187,1710255778.397068739,0.000000000
2422,1710255778.447068214,cam0/1710255778.447068223.jpg,3188,1710255778.447068214,0.000000000
2423,1710255778.497067928,cam0/1710255778.497067823.jpg,3189,1710255778.497067928,0.000000000
2424,1710255778.547067404,cam0/1710255778.547067423.jpg,3190,1710255778.547067404,0.000000000
2425,1710255778.597067118,cam0/1710255778.597067023.jpg,3191,1710255778.597067118,0.000000000
2426,1710255778.647066593,cam0/1710255778.647066623.jpg,3192,1710255778.647066593,0.000000000
2427,1710255778.697066307,cam0/1710255778.697066323.jpg,3193,1710255778.697066307,0.000000000
2428,1710255778.747066021,cam0/1710255778.747065923.jpg,3194,1710255778.747066021,0.000000000
2429,1710255778.797065496,cam0/1710255778.797065523.jpg,3196,1710255778.797065496,0.000000000
2430,1710255778.847065210,cam0/1710255778.847065123.jpg,3197,1710255778.847065210,0.000000000
2431,1710255778.897064686,cam0/1710255778.897064723.jpg,3198,1710255778.897064686,0.000000000
2432,1710255778.947064400,cam0/1710255778.947064323.jpg,3199,1710255778.947064400,0.000000000
2433,1710255778.997063875,cam0/1710255778.997063923.jpg,3200,1710255778.997063875,0.000000000
2434,1710255779.047063589,cam0/1710255779.047063623.jpg,3201,1710255779.047063589,0.000000000
2435,1710255779.097063303,cam0/1710255779.097063223.jpg,3202,1710255779.097063303,0.000000000
2436,1710255779.147062778,cam0/1710255779.147062823.jpg,3203,1710255779.147062778,0.000000000
2437,1710255779.197062492,cam0/1710255779.197062523.jpg,3204,1710255779.197062492,0.000000000
2438,1710255779.247062206,cam0/1710255779.247062123.jpg,3205,1710255779.247062206,0.000000000
2439,1710255779.297061682,cam0/1710255779.297061723.jpg,3206,1710255779.297061682,0.000000000
2440,1710255779.347061396,cam0/1710255779.347061323.jpg,3207,1710255779.347061396,0.000000000
2441,1710255779.397060871,cam0/1710255779.397060923.jpg,3208,1710255779.397060871,0.000000000
2442,1710255779.447060585,cam0/1710255779.447060523.jpg,3209,1710255779.447060585,0.000000000
2443,1710255779.497060061,cam0/1710255779.497060123.jpg,3210,1710255779.497060061,0.000000000
2444,1710255779.547059774,cam0/1710255779.547059723.jpg,3211,1710255779.547059774,0.000000000
2445,1710255779.597059250,cam0/1710255779.597059323.jpg,3212,1710255779.597059250,0.000000000
2446,1710255779.647058964,cam0/1710255779.647058923.jpg,3213,1710255779.647058964,0.000000000
2447,1710255779.697058678,cam0/1710255779.697058623.jpg,3214,1710255779.697058678,0.000000000
2448,1710255779.747058392,cam0/1710255779.747058323.jpg,3215,1710255779.747058392,0.000000000
2449,1710255779.797057867,cam0/1710255779.797057923.jpg,3216,1710255779.797057867,0.000000000
2450,1710255779.847057581,cam0/1710255779.847057523.jpg,3217,1710255779.847057581,0.000000000
2451,1710255779.897057056,cam0/1710255779.897057123.jpg,3218,1710255779.897057056,0.000000000
2452,1710255779.947056770,cam0/1710255779.947056723.jpg,3219,1710255779.947056770,0.000000000
2453,1710255779.997056246,cam0/1710255779.997056323.jpg,3220,1710255779.997056246,0.000000000
2454,1710255780.047055960,cam0/1710255780.047055923.jpg,3221,1710255780.047055960,0.000000000
2455,1710255780.097055435,cam0/1710255780.097055523.jpg,3222,1710255780.097055435,0.000000000
2456,1710255780.147055149,cam0/1710255780.147055123.jpg,3223,1710255780.147055149,0.000000000
2457,1710255780.197054863,cam0/1710255780.197054823.jpg,3224,1710255780.197054863,0.000000000
2458,1710255780.247054338,cam0/1710255780.247054423.jpg,3225,1710255780.247054338,0.000000000
2459,1710255780.297054052,cam0/1710255780.297054023.jpg,3226,1710255780.297054052,0.000000000
2460,1710255780.347053528,cam0/1710255780.347053623.jpg,3227,1710255780.347053528,0.000000000
2461,1710255780.397053242,cam0/1710255780.397053223.jpg,3228,1710255780.397053242,0.000000000
2462,1710255780.447052956,cam0/1710255780.447052923.jpg,3229,1710255780.447052956,0.000000000
2463,1710255780.497052431,cam0/1710255780.497052523.jpg,3230,1710255780.497052431,0.000000000
2464,1710255780.547052145,cam0/1710255780.547052123.jpg,3231,1710255780.547052145,0.000000000
2465,1710255780.597051620,cam0/1710255780.597051723.jpg,3232,1710255780.597051620,0.000000000
2466,1710255780.647051334,cam0/1710255780.647051323.jpg,3233,1710255780.647051334,0.000000000
2467,1710255780.697051048,cam0/1710255780.697051023.jpg,3234,1710255780.697051048,0.000000000
2468,1710255780.747050524,cam0/1710255780.747050623.jpg,3235,1710255780.747050524,0.000000000
2469,1710255780.797050238,cam0/1710255780.797050223.jpg,3236,1710255780.797050238,0.000000000
2470,1710255780.847049713,cam0/1710255780.847049823.jpg,3237,1710255780.847049713,0.000000000
2471,1710255780.897049427,cam0/1710255780.897049423.jpg,3238,1710255780.897049427,0.000000000
2472,1710255780.947049141,cam0/1710255780.947049023.jpg,3239,1710255780.947049141,0.000000000
2473,1710255780.997048616,cam0/1710255780.997048623.jpg,3240,1710255780.997048616,0.000000000
2474,1710255781.047048330,cam0/1710255781.047048223.jpg,3241,1710255781.047048330,0.000000000
2475,1710255781.097047806,cam0/1710255781.097047923.jpg,3242,1710255781.097047806,0.000000000
2476,1710255781.147047520,cam0/1710255781.147047523.jpg,3243,1710255781.147047520,0.000000000
2477,1710255781.197047234,cam0/1710255781.197047223.jpg,3244,1710255781.197047234,0.000000000
2478,1710255781.247046709,cam0/1710255781.247046823.jpg,3245,1710255781.247046709,0.000000000
2479,1710255781.297046423,cam0/1710255781.297046423.jpg,3247,1710255781.297046423,0.000000000
2480,1710255781.347046137,cam0/1710255781.347046023.jpg,3248,1710255781.347046137,0.000000000
2481,1710255781.397045612,cam0/1710255781.397045623.jpg,3249,1710255781.397045612,0.000000000
2482,1710255781.447045326,cam0/1710255781.447045223.jpg,3250,1710255781.447045326,0.000000000
2483,1710255781.497044802,cam0/1710255781.497044823.jpg,3251,1710255781.497044802,0.000000000
2484,1710255781.547044516,cam0/1710255781.547044423.jpg,3252,1710255781.547044516,0.000000000
2485,1710255781.597043991,cam0/1710255781.597044023.jpg,3253,1710255781.597043991,0.000000000
2486,1710255781.647043705,cam0/1710255781.647043623.jpg,3254,1710255781.647043705,0.000000000
2487,1710255781.697043419,cam0/1710255781.697043323.jpg,3255,1710255781.697043419,0.000000000
2488,1710255781.747042894,cam0/1710255781.747042923.jpg,3256,1710255781.747042894,0.000000000
2489,1710255781.797042608,cam0/1710255781.797042623.jpg,3257,1710255781.797042608,0.000000000
2490,1710255781.847042322,cam0/1710255781.847042223.jpg,3258,1710255781.847042322,0.000000000
2491,1710255781.897041798,cam0/1710255781.897041823.jpg,3259,1710255781.897041798,0.000000000
2492,1710255781.947041512,cam0/1710255781.947041423.jpg,3260,1710255781.947041512,0.000000000
2493,1710255781.997040987,cam0/1710255781.997041023.jpg,3261,1710255781.997040987,0.000000000
2494,1710255782.047040701,cam0/1710255782.047040623.jpg,3262,1710255782.047040701,0.000000000
2495,1710255782.097040176,cam0/1710255782.097040223.jpg,3263,1710255782.097040176,0.000000000
2496,1710255782.147039890,cam0/1710255782.147039823.jpg,3264,1710255782.147039890,0.000000000
2497,1710255782.197039604,cam0/1710255782.197039523.jpg,3265,1710255782.197039604,0.000000000
2498,1710255782.247039080,cam0/1710255782.247039123.jpg,3266,1710255782.247039080,0.000000000
2499,1710255782.297038794,cam0/1710255782.297038723.jpg,3267,1710255782.297038794,0.000000000
2500,1710255782.347038269,cam0/1710255782.347038323.jpg,3268,1710255782.347038269,0.000000000
2501,1710255782.397037983,cam0/1710255782.397037923.jpg,3269,1710255782.397037983,0.000000000
2502,1710255782.447037458,cam0/1710255782.447037523.jpg,3270,1710255782.447037458,0.000000000
2503,1710255782.497037172,cam0/1710255782.497037223.jpg,3271,1710255782.497037172,0.000000000
2504,1710255782.547036886,cam0/1710255782.547036823.jpg,3272,1710255782.547036886,0.000000000
2505,1710255782.597036362,cam0/1710255782.597036423.jpg,3273,1710255782.597036362,0.000000000
2506,1710255782.647036076,cam0/1710255782.647036023.jpg,3274,1710255782.647036076,0.000000000
2507,1710255782.697035789,cam0/1710255782.697035723.jpg,3275,1710255782.697035789,0.000000000
2508,1710255782.747035265,cam0/1710255782.747035323.jpg,3276,1710255782.747035265,0.000000000
2509,1710255782.797034979,cam0/1710255782.797034923.jpg,3277,1710255782.797034979,0.000000000
2510,1710255782.847034454,cam0/1710255782.847034523.jpg,3278,1710255782.847034454,0.000000000
2511,1710255782.897034168,cam0/1710255782.897034123.jpg,3279,1710255782.897034168,0.000000000
2512,1710255782.947033644,cam0/1710255782.947033723.jpg,3280,1710255782.947033644,0.000000000
2513,1710255782.997033358,cam0/1710255782.997033323.jpg,3282,1710255782.997033358,0.000000000
2514,1710255783.047032833,cam0/1710255783.047032923.jpg,3283,1710255783.047032833,0.000000000
2515,1710255783.097032547,cam0/1710255783.097032523.jpg,3284,1710255783.097032547,0.000000000
2516,1710255783.147032261,cam0/1710255783.147032223.jpg,3285,1710255783.147032261,0.000000000
2517,1710255783.197031975,cam0/1710255783.197031923.jpg,3286,1710255783.197031975,0.000000000
2518,1710255783.247031450,cam0/1710255783.247031523.jpg,3287,1710255783.247031450,0.000000000
2519,1710255783.297031164,cam0/1710255783.297031123.jpg,3289,1710255783.297031164,0.000000000
2520,1710255783.347030640,cam0/1710255783.347030723.jpg,3290,1710255783.347030640,0.000000000
2521,1710255783.397030354,cam0/1710255783.397030323.jpg,3291,1710255783.397030354,0.000000000
2522,1710255783.447029829,cam0/1710255783.447029923.jpg,3292,1710255783.447029829,0.000000000
2523,1710255783.497029543,cam0/1710255783.497029523.jpg,3293,1710255783.497029543,0.000000000
2524,1710255783.547029018,cam0/1710255783.547029123.jpg,3294,1710255783.547029018,0.000000000
2525,1710255783.597028732,cam0/1710255783.597028723.jpg,3296,1710255783.597028732,0.000000000
2526,1710255783.647028208,cam0/1710255783.647028323.jpg,3297,1710255783.647028208,0.000000000
2527,1710255783.697027922,cam0/1710255783.697028023.jpg,3298,1710255783.697027922,0.000000000
2528,1710255783.747027636,cam0/1710255783.747027623.jpg,3299,1710255783.747027636,0.000000000
2529,1710255783.797027111,cam0/1710255783.797027223.jpg,3300,1710255783.797027111,0.000000000
2530,1710255783.847026825,cam0/1710255783.847026923.jpg,3301,1710255783.847026825,0.000000000
2531,1710255783.897026539,cam0/1710255783.897026523.jpg,3302,1710255783.897026539,0.000000000
2532,1710255783.947026014,cam0/1710255783.947026123.jpg,3303,1710255783.947026014,0.000000000
2533,1710255783.997025728,cam0/1710255783.997025723.jpg,3304,1710255783.997025728,0.000000000
2534,1710255784.047025442,cam0/1710255784.047025323.jpg,3305,1710255784.047025442,0.000000000
2535,1710255784.097024918,cam0/1710255784.097024923.jpg,3306,1710255784.097024918,0.000000000
2536,1710255784.147024632,cam0/1710255784.147024523.jpg,3307,1710255784.147024632,0.000000000
2537,1710255784.197024107,cam0/1710255784.197024223.jpg,3308,1710255784.197024107,0.000000000
2538,1710255784.247023821,cam0/1710255784.247023823.jpg,3309,1710255784.247023821,0.000000000
2539,1710255784.297023535,cam0/1710255784.297023423.jpg,3310,1710255784.297023535,0.000000000
2540,1710255784.347023010,cam0/1710255784.347023023.jpg,3311,1710255784.347023010,0.000000000
2541,1710255784.397022724,cam0/1710255784.397022623.jpg,3312,1710255784.397022724,0.000000000
2542,1710255784.447022200,cam0/1710255784.447022223.jpg,3313,1710255784.447022200,0.000000000
2543,1710255784.497021914,cam0/1710255784.497021823.jpg,3315,1710255784.497021914,0.000000000
2544,1710255784.547021627,cam0/1710255784.547021523.jpg,3316,1710255784.547021627,0.000000000
2545,1710255784.597021103,cam0/1710255784.597021123.jpg,3317,1710255784.597021103,0.000000000
2546,1710255784.647020817,cam0/1710255784.647020723.jpg,3318,1710255784.647020817,0.000000000
2547,1710255784.697020531,cam0/1710255784.697020423.jpg,3320,1710255784.697020531,0.000000000
2548,1710255784.747020006,cam0/1710255784.747020023.jpg,3321,1710255784.747020006,0.000000000
2549,1710255784.797019720,cam0/1710255784.797019623.jpg,3323,1710255784.797019720,0.000000000
2550,1710255784.847019196,cam0/1710255784.847019223.jpg,3324,1710255784.847019196,0.000000000
2551,1710255784.897018909,cam0/1710255784.897018823.jpg,3325,1710255784.897018909,0.000000000
2552,1710255784.947018385,cam0/1710255784.947018423.jpg,3326,1710255784.947018385,0.000000000
2553,1710255784.997018099,cam0/1710255784.997018023.jpg,3327,1710255784.997018099,0.000000000
2554,1710255785.047017574,cam0/1710255785.047017623.jpg,3328,1710255785.047017574,0.000000000
2555,1710255785.097017288,cam0/1710255785.097017223.jpg,3330,1710255785.097017288,0.000000000
2556,1710255785.147016764,cam0/1710255785.147016823.jpg,3331,1710255785.147016764,0.000000000
2557,1710255785.197016716,cam0/1710255785.197016623.jpg,3332,1710255785.197016716,0.000000000
2558,1710255785.247016191,cam0/1710255785.247016223.jpg,3333,1710255785.247016191,0.000000000
2559,1710255785.297015905,cam0/1710255785.297015823.jpg,3334,1710255785.297015905,0.000000000
2560,1710255785.347015381,cam0/1710255785.347015423.jpg,3335,1710255785.347015381,0.000000000
2561,1710255785.397015095,cam0/1710255785.397015023.jpg,3337,1710255785.397015095,0.000000000
2562,1710255785.447014570,cam0/1710255785.447014623.jpg,3338,1710255785.447014570,0.000000000
2563,1710255785.497014284,cam0/1710255785.497014223.jpg,3339,1710255785.497014284,0.000000000
2564,1710255785.547013760,cam0/1710255785.547013823.jpg,3340,1710255785.547013760,0.000000000
2565,1710255785.597013474,cam0/1710255785.597013423.jpg,3341,1710255785.597013474,0.000000000
2566,1710255785.647012949,cam0/1710255785.647013023.jpg,3342,1710255785.647012949,0.000000000
2567,1710255785.697012663,cam0/1710255785.697012723.jpg,3343,1710255785.697012663,0.000000000
2568,1710255785.747012377,cam0/1710255785.747012323.jpg,3344,1710255785.747012377,0.000000000
2569,1710255785.797025919,cam0/1710255785.797025903.jpg,3345,1710255785.797025919,0.000000000
2570,1710255785.847025633,cam0/1710255785.847025603.jpg,3346,1710255785.847025633,0.000000000
2571,1710255785.897025108,cam0/1710255785.897025203.jpg,3347,1710255785.897025108,0.000000000
2572,1710255785.947024822,cam0/1710255785.947024903.jpg,3348,1710255785.947024822,0.000000000
2573,1710255785.997024536,cam0/1710255785.997024503.jpg,3350,1710255785.997024536,0.000000000
2574,1710255786.047024250,cam0/1710255786.047024203.jpg,3351,1710255786.047024250,0.000000000
2575,1710255786.097023726,cam0/1710255786.097023803.jpg,3352,1710255786.097023726,0.000000000
2576,1710255786.147023439,cam0/1710255786.147023503.jpg,3353,1710255786.147023439,0.000000000
2577,1710255786.197023153,cam0/1710255786.197023203.jpg,3354,1710255786.197023153,0.000000000
2578,1710255786.247022867,cam0/1710255786.247022903.jpg,3355,1710255786.247022867,0.000000000
2579,1710255786.297022581,cam0/1710255786.297022503.jpg,3357,1710255786.297022581,0.000000000
2580,1710255786.347022295,cam0/1710255786.347022203.jpg,3358,1710255786.347022295,0.000000000
2581,1710255786.397021770,cam0/1710255786.397021803.jpg,3360,1710255786.397021770,0.000000000
2582,1710255786.447021484,cam0/1710255786.447021403.jpg,3361,1710255786.447021484,0.000000000
2583,1710255786.497021198,cam0/1710255786.497021103.jpg,3363,1710255786.497021198,0.000000000
2584,1710255786.547020674,cam0/1710255786.547020703.jpg,3364,1710255786.547020674,0.000000000
2585,1710255786.597020388,cam0/1710255786.597020403.jpg,3366,1710255786.597020388,0.000000000
2586,1710255786.647020102,cam0/1710255786.647020003.jpg,3367,1710255786.647020102,0.000000000
2587,1710255786.697019815,cam0/1710255786.697019803.jpg,3368,1710255786.697019815,0.000000000
2588,1710255786.747019291,cam0/1710255786.747019403.jpg,3369,1710255786.747019291,0.000000000
2589,1710255786.797019005,cam0/1710255786.797019103.jpg,3371,1710255786.797019005,0.000000000
2590,1710255786.847018719,cam0/1710255786.847018703.jpg,3372,1710255786.847018719,0.000000000
2591,1710255786.897018433,cam0/1710255786.897018403.jpg,3373,1710255786.897018433,0.000000000
2592,1710255786.947017908,cam0/1710255786.947018003.jpg,3374,1710255786.947017908,0.000000000
2593,1710255786.997017622,cam0/1710255786.997017703.jpg,3376,1710255786.997017622,0.000000000
2594,1710255787.047017336,cam0/1710255787.047017303.jpg,3377,1710255787.047017336,0.000000000
2595,1710255787.097017050,cam0/1710255787.097017003.jpg,3379,1710255787.097017050,0.000000000
2596,1710255787.147016525,cam0/1710255787.147016603.jpg,3380,1710255787.147016525,0.000000000
2597,1710255787.197016478,cam0/1710255787.197016403.jpg,3382,1710255787.197016478,0.000000000
2598,1710255787.247015953,cam0/1710255787.247016003.jpg,3383,1710255787.247015953,0.000000000
2599,1710255787.297015667,cam0/1710255787.297015703.jpg,3384,1710255787.297015667,0.000000000
2600,1710255787.347015381,cam0/1710255787.347015303.jpg,3385,1710255787.347015381,0.000000000
2601,1710255787.397015095,cam0/1710255787.397015003.jpg,3387,1710255787.397015095,0.000000000
2602,1710255787.447014570,cam0/1710255787.447014603.jpg,3388,1710255787.447014570,0.000000000
2603,1710255787.497014284,cam0/1710255787.497014303.jpg,3390,1710255787.497014284,0.000000000
2604,1710255787.547013998,cam0/1710255787.547013903.jpg,3391,1710255787.547013998,0.000000000
2605,1710255787.597013712,cam0/1710255787.597013603.jpg,3393,1710255787.597013712,0.000000000
2606,1710255787.647013187,cam0/1710255787.647013203.jpg,3394,1710255787.647013187,0.000000000
2607,1710255787.697012901,cam0/1710255787.697012903.jpg,3396,1710255787.697012901,0.000000000
2608,1710255787.747012615,cam0/1710255787.747012603.jpg,3397,1710255787.747012615,0.000000000
2609,1710255787.797012091,cam0/1710255787.797012203.jpg,3399,1710255787.797012091,0.000000000
2610,1710255787.847011805,cam0/1710255787.847011903.jpg,3400,1710255787.847011805,0.000000000
2611,1710255787.897011518,cam0/1710255787.897011503.jpg,3402,1710255787.897011518,0.000000000
2612,1710255787.947011232,cam0/1710255787.947011203.jpg,3403,1710255787.947011232,0.000000000
2613,1710255787.997010708,cam0/1710255787.997010803.jpg,3405,1710255787.997010708,0.000000000
2614,1710255788.047010422,cam0/1710255788.047010503.jpg,3406,1710255788.047010422,0.000000000
2615,1710255788.097010136,cam0/1710255788.097010103.jpg,3408,1710255788.097010136,0.000000000
2616,1710255788.147009850,cam0/1710255788.147009803.jpg,3409,1710255788.147009850,0.000000000
2617,1710255788.197009563,cam0/1710255788.197009503.jpg,3411,1710255788.197009563,0.000000000
2618,1710255788.247009277,cam0/1710255788.247009203.jpg,3412,1710255788.247009277,0.000000000
2619,1710255788.297008753,cam0/1710255788.297008803.jpg,3414,1710255788.297008753,0.000000000
2620,1710255788.347008467,cam0/1710255788.347008503.jpg,3415,1710255788.347008467,0.000000000
2621,1710255788.397008181,cam0/1710255788.397008103.jpg,3417,1710255788.397008181,0.000000000
2622,1710255788.447007895,cam0/1710255788.447007803.jpg,3418,1710255788.447007895,0.000000000
2623,1710255788.497007370,cam0/1710255788.497007403.jpg,3420,1710255788.497007370,0.000000000
2624,1710255788.547007084,cam0/1710255788.547007103.jpg,3421,1710255788.547007084,0.000000000
2625,1710255788.597006798,cam0/1710255788.597006703.jpg,3423,1710255788.597006798,0.000000000
2626,1710255788.647006512,cam0/1710255788.647006403.jpg,3424,1710255788.647006512,0.000000000
2627,1710255788.697005987,cam0/1710255788.697006103.jpg,3426,1710255788.697005987,0.000000000
2628,1710255788.747005701,cam0/1710255788.747005803.jpg,3427,1710255788.747005701,0.000000000
2629,1710255788.797005415,cam0/1710255788.797005403.jpg,3429,1710255788.797005415,0.000000000
2630,1710255788.847005129,cam0/1710255788.847005103.jpg,3430,1710255788.847005129,0.000000000
2631,1710255788.897004604,cam0/1710255788.897004703.jpg,3432,1710255788.897004604,0.000000000
2632,1710255788.947004318,cam0/1710255788.947004403.jpg,3433,1710255788.947004318,0.000000000
2633,1710255789.097003222,cam0/1710255789.097003303.jpg,3435,1710255789.097003222,0.000000000
2634,1710255789.147002935,cam0/1710255789.147002903.jpg,3436,1710255789.147002935,0.000000000
2635,1710255789.197002649,cam0/1710255789.197002703.jpg,3438,1710255789.197002649,0.000000000
2636,1710255789.247002363,cam0/1710255789.247002303.jpg,3439,1710255789.247002363,0.000000000
2637,1710255789.297002077,cam0/1710255789.297002003.jpg,3441,1710255789.297002077,0.000000000
2638,1710255789.347001553,cam0/1710255789.347001603.jpg,3442,1710255789.347001553,0.000000000
2639,1710255789.397001266,cam0/1710255789.397001303.jpg,3444,1710255789.397001266,0.000000000
2640,1710255789.447000980,cam0/1710255789.447000903.jpg,3445,1710255789.447000980,0.000000000
2641,1710255789.497000694,cam0/1710255789.497000603.jpg,3447,1710255789.497000694,0.000000000
2642,1710255789.547000170,cam0/1710255789.547000203.jpg,3448,1710255789.547000170,0.000000000
2643,1710255789.596999884,cam0/1710255789.596999903.jpg,3450,1710255789.596999884,0.000000000
2644,1710255789.646999598,cam0/1710255789.646999503.jpg,3451,1710255789.646999598,0.000000000
2645,1710255789.696999311,cam0/1710255789.696999303.jpg,3453,1710255789.696999311,0.000000000
2646,1710255789.746998787,cam0/1710255789.746998903.jpg,3454,1710255789.746998787,0.000000000
2647,1710255789.796996117,cam0/1710255789.796996228.jpg,3456,1710255789.796996117,0.000000000
2648,1710255789.846995831,cam0/1710255789.846995828.jpg,3457,1710255789.846995831,0.000000000
2649,1710255789.896995544,cam0/1710255789.896995528.jpg,3459,1710255789.896995544,0.000000000
2650,1710255789.946995020,cam0/1710255789.946995128.jpg,3460,1710255789.946995020,0.000000000
2651,1710255789.996994734,cam0/1710255789.996994828.jpg,3462,1710255789.996994734,0.000000000
2652,1710255790.046994448,cam0/1710255790.046994428.jpg,3463,1710255790.046994448,0.000000000
2653,1710255790.096994162,cam0/1710255790.096994128.jpg,3465,1710255790.096994162,0.000000000
2654,1710255790.146993637,cam0/1710255790.146993728.jpg,3466,1710255790.146993637,0.000000000
2655,1710255790.196993589,cam0/1710255790.196993528.jpg,3468,1710255790.196993589,0.000000000
2656,1710255790.246993065,cam0/1710255790.246993128.jpg,3469,1710255790.246993065,0.000000000
2657,1710255790.296992779,cam0/1710255790.296992828.jpg,3471,1710255790.296992779,0.000000000
2658,1710255790.346992493,cam0/1710255790.346992428.jpg,3472,1710255790.346992493,0.000000000
2659,1710255790.396991968,cam0/1710255790.396992028.jpg,3474,1710255790.396991968,0.000000000
2660,1710255790.446991682,cam0/1710255790.446991728.jpg,3475,1710255790.446991682,0.000000000
2661,1710255790.496991396,cam0/1710255790.496991328.jpg,3477,1710255790.496991396,0.000000000
2662,1710255790.546991110,cam0/1710255790.546991028.jpg,3478,1710255790.546991110,0.000000000
2663,1710255790.596990585,cam0/1710255790.596990628.jpg,3480,1710255790.596990585,0.000000000
2664,1710255790.646990299,cam0/1710255790.646990328.jpg,3481,1710255790.646990299,0.000000000
2665,1710255790.696990013,cam0/1710255790.696990028.jpg,3483,1710255790.696990013,0.000000000
2666,1710255790.746989727,cam0/1710255790.746989728.jpg,3484,1710255790.746989727,0.000000000
2667,1710255790.796989441,cam0/1710255790.796989328.jpg,3486,1710255790.796989441,0.000000000
2668,1710255790.846988916,cam0/1710255790.846989028.jpg,3487,1710255790.846988916,0.000000000
2669,1710255790.896988630,cam0/1710255790.896988628.jpg,3489,1710255790.896988630,0.000000000
2670,1710255790.946988344,cam0/1710255790.946988328.jpg,3490,1710255790.946988344,0.000000000
2671,1710255790.996987820,cam0/1710255790.996987928.jpg,3492,1710255790.996987820,0.000000000
2672,1710255791.046987534,cam0/1710255791.046987628.jpg,3493,1710255791.046987534,0.000000000
2673,1710255791.096987247,cam0/1710255791.096987228.jpg,3495,1710255791.096987247,0.000000000
2674,1710255791.146986961,cam0/1710255791.146986928.jpg,3496,1710255791.146986961,0.000000000
2675,1710255791.196986675,cam0/1710255791.196986628.jpg,3498,1710255791.196986675,0.000000000
2676,1710255791.246986389,cam0/1710255791.246986328.jpg,3499,1710255791.246986389,0.000000000
2677,1710255791.296985865,cam0/1710255791.296985928.jpg,3501,1710255791.296985865,0.000000000
2678,1710255791.346985579,cam0/1710255791.346985628.jpg,3502,1710255791.346985579,0.000000000
2679,1710255791.396985292,cam0/1710255791.396985228.jpg,3504,1710255791.396985292,0.000000000
2680,1710255791.446985006,cam0/1710255791.446984928.jpg,3505,1710255791.446985006,0.000000000
2681,1710255791.496984482,cam0/1710255791.496984528.jpg,3507,1710255791.496984482,0.000000000
2682,1710255791.546984196,cam0/1710255791.546984228.jpg,3508,1710255791.546984196,0.000000000
2683,1710255791.596983910,cam0/1710255791.596983828.jpg,3510,1710255791.596983910,0.000000000
2684,1710255791.646983385,cam0/1710255791.646983428.jpg,3511,1710255791.646983385,0.000000000
2685,1710255791.696983337,cam0/1710255791.696983228.jpg,3513,1710255791.696983337,0.000000000
2686,1710255791.746982813,cam0/1710255791.746982828.jpg,3514,1710255791.746982813,0.000000000
2687,1710255791.796982527,cam0/1710255791.796982528.jpg,3516,1710255791.796982527,0.000000000
2688,1710255791.846982241,cam0/1710255791.846982128.jpg,3517,1710255791.846982241,0.000000000
2689,1710255791.896981716,cam0/1710255791.896981828.jpg,3519,1710255791.896981716,0.000000000
2690,1710255791.946981430,cam0/1710255791.946981428.jpg,3520,1710255791.946981430,0.000000000
2691,1710255791.996981144,cam0/1710255791.996981128.jpg,3522,1710255791.996981144,0.000000000
2692,1710255792.046980619,cam0/1710255792.046980728.jpg,3523,1710255792.046980619,0.000000000
2693,1710255792.096980333,cam0/1710255792.096980428.jpg,3525,1710255792.096980333,0.000000000
2694,1710255792.146980047,cam0/1710255792.146980028.jpg,3526,1710255792.146980047,0.000000000
2695,1710255792.196979761,cam0/1710255792.196979828.jpg,3528,1710255792.196979761,0.000000000
2696,1710255792.246979475,cam0/1710255792.246979428.jpg,3529,1710255792.246979475,0.000000000
2697,1710255792.296979189,cam0/1710255792.296979128.jpg,3531,1710255792.296979189,0.000000000
2698,1710255792.346978664,cam0/1710255792.346978728.jpg,3532,1710255792.346978664,0.000000000
2699,1710255792.396978378,cam0/1710255792.396978428.jpg,3534,1710255792.396978378,0.000000000
2700,1710255792.446978092,cam0/1710255792.446978028.jpg,3535,1710255792.446978092,0.000000000
2701,1710255792.496977806,cam0/1710255792.496977728.jpg,3537,1710255792.496977806,0.000000000
2702,1710255792.546977282,cam0/1710255792.546977328.jpg,3538,1710255792.546977282,0.000000000
2703,1710255792.596976995,cam0/1710255792.596977028.jpg,3540,1710255792.596976995,0.000000000
2704,1710255792.646976709,cam0/1710255792.646976628.jpg,3541,1710255792.646976709,0.000000000
2705,1710255792.696976423,cam0/1710255792.696976428.jpg,3543,1710255792.696976423,0.000000000
2706,1710255792.746976137,cam0/1710255792.746976028.jpg,3544,1710255792.746976137,0.000000000
2707,1710255792.796975613,cam0/1710255792.796975728.jpg,3546,1710255792.796975613,0.000000000
2708,1710255792.846975327,cam0/1710255792.846975328.jpg,3547,1710255792.846975327,0.000000000
2709,1710255792.896975040,cam0/1710255792.896975028.jpg,3549,1710255792.896975040,0.000000000
2710,1710255792.946974516,cam0/1710255792.946974628.jpg,3550,1710255792.946974516,0.000000000
2711,1710255792.996974230,cam0/1710255792.996974228.jpg,3552,1710255792.996974230,0.000000000
2712,1710255793.046973944,cam0/1710255793.046973928.jpg,3553,1710255793.046973944,0.000000000
2713,1710255793.096973419,cam0/1710255793.096973528.jpg,3555,1710255793.096973419,0.000000000
2714,1710255793.146973133,cam0/1710255793.146973228.jpg,3556,1710255793.146973133,0.000000000
2715,1710255793.196972847,cam0/1710255793.196972928.jpg,3558,1710255793.196972847,0.000000000
2716,1710255793.246972561,cam0/1710255793.246972628.jpg,3559,1710255793.246972561,0.000000000
2717,1710255793.296972275,cam0/1710255793.296972228.jpg,3561,1710255793.296972275,0.000000000
2718,1710255793.346971989,cam0/1710255793.346971928.jpg,3562,1710255793.346971989,0.000000000
2719,1710255793.396971464,cam0/1710255793.396971528.jpg,3564,1710255793.396971464,0.000000000
2720,1710255793.446971178,cam0/1710255793.446971228.jpg,3565,1710255793.446971178,0.000000000
2721,1710255793.496970892,cam0/1710255793.496970828.jpg,3567,1710255793.496970892,0.000000000
2722,1710255793.546970606,cam0/1710255793.546970528.jpg,3568,1710255793.546970606,0.000000000
2723,1710255793.596970081,cam0/1710255793.596970128.jpg,3570,1710255793.596970081,0.000000000
2724,1710255793.646969795,cam0/1710255793.646969828.jpg,3571,1710255793.646969795,0.000000000
2725,1710255793.696969509,cam0/1710255793.696969528.jpg,3573,1710255793.696969509,0.000000000
2726,1710255793.746969223,cam0/1710255793.746969228.jpg,3574,1710255793.746969223,0.000000000
2727,1710255793.796965599,cam0/1710255793.796965557.jpg,3576,1710255793.796965599,0.000000000
2728,1710255793.846965075,cam0/1710255793.846965157.jpg,3577,1710255793.846965075,0.000000000
2729,1710255793.896964788,cam0/1710255793.896964757.jpg,3579,1710255793.896964788,0.000000000
2730,1710255793.946964264,cam0/1710255793.946964357.jpg,3580,1710255793.946964264,0.000000000
2731,1710255793.996963978,cam0/1710255793.996964057.jpg,3582,1710255793.996963978,0.000000000
2732,1710255794.046963692,cam0/1710255794.046963657.jpg,3583,1710255794.046963692,0.000000000
2733,1710255794.096963167,cam0/1710255794.096963257.jpg,3585,1710255794.096963167,0.000000000
2734,1710255794.146962881,cam0/1710255794.146962857.jpg,3586,1710255794.146962881,0.000000000
2735,1710255794.196962595,cam0/1710255794.196962557.jpg,3588,1710255794.196962595,0.000000000
2736,1710255794.246962070,cam0/1710255794.246962157.jpg,3589,1710255794.246962070,0.000000000
2737,1710255794.296961784,cam0/1710255794.296961757.jpg,3591,1710255794.296961784,0.000000000
2738,1710255794.346961260,cam0/1710255794.346961357.jpg,3592,1710255794.346961260,0.000000000
2739,1710255794.396960974,cam0/1710255794.396960957.jpg,3594,1710255794.396960974,0.000000000
2740,1710255794.446960449,cam0/1710255794.446960557.jpg,3595,1710255794.446960449,0.000000000
2741,1710255794.496960163,cam0/1710255794.496960157.jpg,3597,1710255794.496960163,0.000000000
2742,1710255794.546959639,cam0/1710255794.546959757.jpg,3598,1710255794.546959639,0.000000000
2743,1710255794.596959352,cam0/1710255794.596959457.jpg,3600,1710255794.596959352,0.000000000
2744,1710255794.646959066,cam0/1710255794.646959057.jpg,3601,1710255794.646959066,0.000000000
2745,1710255794.696958780,cam0/1710255794.696958757.jpg,3603,1710255794.696958780,0.000000000
2746,1710255794.746958256,cam0/1710255794.746958357.jpg,3604,1710255794.746958256,0.000000000
2747,1710255794.796957970,cam0/1710255794.796957957.jpg,3606,1710255794.796957970,0.000000000
2748,1710255794.846957445,cam0/1710255794.846957557.jpg,3607,1710255794.846957445,0.000000000
2749,1710255794.896957159,cam0/1710255794.896957157.jpg,3609,1710255794.896957159,0.000000000
2750,1710255794.946956873,cam0/1710255794.946956757.jpg,3610,1710255794.946956873,0.000000000
2751,1710255794.996956348,cam0/1710255794.996956357.jpg,3612,1710255794.996956348,0.000000000
2752,1710255795.046956062,cam0/1710255795.046955957.jpg,3613,1710255795.046956062,0.000000000
2753,1710255795.096955538,cam0/1710255795.096955557.jpg,3615,1710255795.096955538,0.000000000
2754,1710255795.146955252,cam0/1710255795.146955257.jpg,3616,1710255795.146955252,0.000000000
2755,1710255795.196954966,cam0/1710255795.196954957.jpg,3618,1710255795.196954966,0.000000000
2756,1710255795.246954441,cam0/1710255795.246954557.jpg,3619,1710255795.246954441,0.000000000
2757,1710255795.296954155,cam0/1710255795.296954157.jpg,3621,1710255795.296954155,0.000000000
2758,1710255795.346953869,cam0/1710255795.346953757.jpg,3622,1710255795.346953869,0.000000000
2759,1710255795.396953344,cam0/1710255795.396953357.jpg,3624,1710255795.396953344,0.000000000
2760,1710255795.446953058,cam0/1710255795.446952957.jpg,3625,1710255795.446953058,0.000000000
2761,1710255795.496952534,cam0/1710255795.496952557.jpg,3627,1710255795.496952534,0.000000000
2762,1710255795.546952248,cam0/1710255795.546952157.jpg,3628,1710255795.546952248,0.000000000
2763,1710255795.596951723,cam0/1710255795.596951757.jpg,3630,1710255795.596951723,0.000000000
2764,1710255795.646951437,cam0/1710255795.646951357.jpg,3631,1710255795.646951437,0.000000000
2765,1710255795.696951151,cam0/1710255795.696951157.jpg,3633,1710255795.696951151,0.000000000
2766,1710255795.746950865,cam0/1710255795.746950757.jpg,3634,1710255795.746950865,0.000000000
2767,1710255795.796950340,cam0/1710255795.796950357.jpg,3636,1710255795.796950340,0.000000000
2768,1710255795.846950054,cam0/1710255795.846949957.jpg,3637,1710255795.846950054,0.000000000
2769,1710255795.896949530,cam0/1710255795.896949557.jpg,3639,1710255795.896949530,0.000000000
2770,1710255795.946949244,cam0/1710255795.946949157.jpg,3640,1710255795.946949244,0.000000000
2771,1710255795.996948719,cam0/1710255795.996948757.jpg,3642,1710255795.996948719,0.000000000
2772,1710255796.046948433,cam0/1710255796.046948357.jpg,3643,1710255796.046948433,0.000000000
2773,1710255796.096947908,cam0/1710255796.096947957.jpg,3645,1710255796.096947908,0.000000000
2774,1710255796.146947622,cam0/1710255796.146947557.jpg,3646,1710255796.146947622,0.000000000
2775,1710255796.196947336,cam0/1710255796.196947257.jpg,3648,1710255796.196947336,0.000000000
2776,1710255796.246947050,cam0/1710255796.246946957.jpg,3649,1710255796.246947050,0.000000000
2777,1710255796.296946526,cam0/1710255796.296946557.jpg,3651,1710255796.296946526,0.000000000
2778,1710255796.346946239,cam0/1710255796.346946157.jpg,3652,1710255796.346946239,0.000000000
2779,1710255796.396945715,cam0/1710255796.396945757.jpg,3654,1710255796.396945715,0.000000000
2780,1710255796.446945429,cam0/1710255796.446945357.jpg,3655,1710255796.446945429,0.000000000
2781,1710255796.496944904,cam0/1710255796.496944957.jpg,3657,1710255796.496944904,0.000000000
2782,1710255796.546944618,cam0/1710255796.546944557.jpg,3658,1710255796.546944618,0.000000000
2783,1710255796.596944094,cam0/1710255796.596944157.jpg,3660,1710255796.596944094,0.000000000
2784,1710255796.646943808,cam0/1710255796.646943757.jpg,3661,1710255796.646943808,0.000000000
2785,1710255796.696943521,cam0/1710255796.696943457.jpg,3663,1710255796.696943521,0.000000000
2786,1710255796.746942997,cam0/1710255796.746943057.jpg,3664,1710255796.746942997,0.000000000
2787,1710255796.796942711,cam0/1710255796.796942757.jpg,3666,1710255796.796942711,0.000000000
2788,1710255796.846942425,cam0/1710255796.846942357.jpg,3667,1710255796.846942425,0.000000000
2789,1710255796.896941900,cam0/1710255796.896941957.jpg,3669,1710255796.896941900,0.000000000
2790,1710255796.946941614,cam0/1710255796.946941557.jpg,3670,1710255796.946941614,0.000000000
2791,1710255796.996941090,cam0/1710255796.996941157.jpg,3672,1710255796.996941090,0.000000000
2792,1710255797.046940804,cam0/1710255797.046940757.jpg,3673,1710255797.046940804,0.000000000
2793,1710255797.096940279,cam0/1710255797.096940357.jpg,3675,1710255797.096940279,0.000000000
2794,1710255797.146939993,cam0/1710255797.146939957.jpg,3676,1710255797.146939993,0.000000000
2795,1710255797.196939707,cam0/1710255797.196939657.jpg,3678,1710255797.196939707,0.000000000
2796,1710255797.246939182,cam0/1710255797.246939257.jpg,3679,1710255797.246939182,0.000000000
2797,1710255797.296938896,cam0/1710255797.296938857.jpg,3681,1710255797.296938896,0.000000000
2798,1710255797.346938610,cam0/1710255797.346938557.jpg,3682,1710255797.346938610,0.000000000
2799,1710255797.396938086,cam0/1710255797.396938157.jpg,3684,1710255797.396938086,0.000000000
2800,1710255797.446937799,cam0/1710255797.446937757.jpg,3685,1710255797.446937799,0.000000000
2801,1710255797.496937275,cam0/1710255797.496937357.jpg,3687,1710255797.496937275,0.000000000
2802,1710255797.546936989,cam0/1710255797.546936957.jpg,3688,1710255797.546936989,0.000000000
2803,1710255797.596936464,cam0/1710255797.596936557.jpg,3690,1710255797.596936464,0.000000000
2804,1710255797.646936178,cam0/1710255797.646936157.jpg,3691,1710255797.646936178,0.000000000
2805,1710255797.696935892,cam0/1710255797.696935857.jpg,3693,1710255797.696935892,0.000000000
2806,1710255797.746935368,cam0/1710255797.746935457.jpg,3694,1710255797.746935368,0.000000000
2807,1710255797.796935081,cam0/1710255797.796935057.jpg,3696,1710255797.796935081,0.000000000
2808,1710255797.846934557,cam0/1710255797.846934657.jpg,3697,1710255797.846934557,0.000000000
2809,1710255797.896934271,cam0/1710255797.896934357.jpg,3699,1710255797.896934271,0.000000000
2810,1710255797.946933985,cam0/1710255797.946933957.jpg,3700,1710255797.946933985,0.000000000
2811,1710255797.996933460,cam0/1710255797.996933557.jpg,3702,1710255797.996933460,0.000000000
2812,1710255798.046933174,cam0/1710255798.046933157.jpg,3703,1710255798.046933174,0.000000000
2813,1710255798.096932650,cam0/1710255798.096932757.jpg,3705,1710255798.096932650,0.000000000
2814,1710255798.146932364,cam0/1710255798.146932357.jpg,3706,1710255798.146932364,0.000000000
2815,1710255798.196932077,cam0/1710255798.196932057.jpg,3708,1710255798.196932077,0.000000000
2816,1710255798.246931553,cam0/1710255798.246931657.jpg,3709,1710255798.246931553,0.000000000
2817,1710255798.296931267,cam0/1710255798.296931257.jpg,3711,1710255798.296931267,0.000000000
2818,1710255798.346930742,cam0/1710255798.346930857.jpg,3712,1710255798.346930742,0.000000000
2819,1710255798.396930456,cam0/1710255798.396930457.jpg,3714,1710255798.396930456,0.000000000
2820,1710255798.446930170,cam0/1710255798.446930157.jpg,3715,1710255798.446930170,0.000000000
2821,1710255798.496929646,cam0/1710255798.496929757.jpg,3717,1710255798.496929646,0.000000000
2822,1710255798.546929359,cam0/1710255798.546929357.jpg,3718,1710255798.546929359,0.000000000
2823,1710255798.596929073,cam0/1710255798.596928957.jpg,3720,1710255798.596929073,0.000000000
2824,1710255798.646928549,cam0/1710255798.646928557.jpg,3721,1710255798.646928549,0.000000000
2825,1710255798.696928263,cam0/1710255798.696928257.jpg,3723,1710255798.696928263,0.000000000
2826,1710255798.746927738,cam0/1710255798.746927857.jpg,3724,1710255798.746927738,0.000000000
2827,1710255798.796927452,cam0/1710255798.796927457.jpg,3726,1710255798.796927452,0.000000000
2828,1710255798.846927166,cam0/1710255798.846927057.jpg,3727,1710255798.846927166,0.000000000
2829,1710255798.896926641,cam0/1710255798.896926657.jpg,3729,1710255798.896926641,0.000000000
2830,1710255798.946926355,cam0/1710255798.946926257.jpg,3730,1710255798.946926355,0.000000000
2831,1710255798.996926069,cam0/1710255798.996925957.jpg,3732,1710255798.996926069,0.000000000
2832,1710255799.046925545,cam0/1710255799.046925557.jpg,3733,1710255799.046925545,0.000000000
2833,1710255799.096925259,cam0/1710255799.096925157.jpg,3735,1710255799.096925259,0.000000000
2834,1710255799.146924734,cam0/1710255799.146924757.jpg,3736,1710255799.146924734,0.000000000
2835,1710255799.196924448,cam0/1710255799.196924457.jpg,3738,1710255799.196924448,0.000000000
2836,1710255799.246924162,cam0/1710255799.246924057.jpg,3739,1710255799.246924162,0.000000000
2837,1710255799.296923637,cam0/1710255799.296923657.jpg,3741,1710255799.296923637,0.000000000
2838,1710255799.346923351,cam0/1710255799.346923257.jpg,3742,1710255799.346923351,0.000000000
2839,1710255799.396922827,cam0/1710255799.396922857.jpg,3744,1710255799.396922827,0.000000000
2840,1710255799.446922541,cam0/1710255799.446922457.jpg,3745,1710255799.446922541,0.000000000
2841,1710255799.496922016,cam0/1710255799.496922057.jpg,3747,1710255799.496922016,0.000000000
2842,1710255799.546921730,cam0/1710255799.546921757.jpg,3748,1710255799.546921730,0.000000000
2843,1710255799.596921444,cam0/1710255799.596921357.jpg,3750,1710255799.596921444,0.000000000
2844,1710255799.646920919,cam0/1710255799.646920957.jpg,3751,1710255799.646920919,0.000000000
2845,1710255799.696920633,cam0/1710255799.696920657.jpg,3753,1710255799.696920633,0.000000000
2846,1710255799.746920347,cam0/1710255799.746920257.jpg,3754,1710255799.746920347,0.000000000
2847,1710255799.796919823,cam0/1710255799.796919857.jpg,3756,1710255799.796919823,0.000000000
2848,1710255799.846919537,cam0/1710255799.846919457.jpg,3757,1710255799.846919537,0.000000000
2849,1710255799.896919012,cam0/1710255799.896919057.jpg,3759,1710255799.896919012,0.000000000
2850,1710255799.946918726,cam0/1710255799.946918657.jpg,3760,1710255799.946918726,0.000000000
2851,1710255799.996918201,cam0/1710255799.996918257.jpg,3762,1710255799.996918201,0.000000000
2852,1710255800.046917915,cam0/1710255800.046917857.jpg,3763,1710255800.046917915,0.000000000
2853,1710255800.096917391,cam0/1710255800.096917457.jpg,3765,1710255800.096917391,0.000000000
2854,1710255800.146917105,cam0/1710255800.146917157.jpg,3766,1710255800.146917105,0.000000000
2855,1710255800.196916819,cam0/1710255800.196916857.jpg,3768,1710255800.196916819,0.000000000
2856,1710255800.246916533,cam0/1710255800.246916457.jpg,3769,1710255800.246916533,0.000000000
2857,1710255800.296916008,cam0/1710255800.296916057.jpg,3771,1710255800.296916008,0.000000000
2858,1710255800.346915722,cam0/1710255800.346915657.jpg,3772,1710255800.346915722,0.000000000
2859,1710255800.396915197,cam0/1710255800.396915257.jpg,3774,1710255800.396915197,0.000000000
2860,1710255800.446914911,cam0/1710255800.446914857.jpg,3775,1710255800.446914911,0.000000000
2861,1710255800.496914387,cam0/1710255800.496914457.jpg,3777,1710255800.496914387,0.000000000
2862,1710255800.546914101,cam0/1710255800.546914057.jpg,3778,1710255800.546914101,0.000000000
2863,1710255800.596913576,cam0/1710255800.596913657.jpg,3780,1710255800.596913576,0.000000000
2864,1710255800.646913290,cam0/1710255800.646913257.jpg,3781,1710255800.646913290,0.000000000
2865,1710255800.696913004,cam0/1710255800.696913057.jpg,3783,1710255800.696913004,0.000000000
2866,1710255800.746912718,cam0/1710255800.746912657.jpg,3784,1710255800.746912718,0.000000000
2867,1710255800.796912193,cam0/1710255800.796912257.jpg,3786,1710255800.796912193,0.000000000
2868,1710255800.846911907,cam0/1710255800.846911857.jpg,3787,1710255800.846911907,0.000000000
2869,1710255800.896911383,cam0/1710255800.896911457.jpg,3789,1710255800.896911383,0.000000000
2870,1710255800.946911097,cam0/1710255800.946911057.jpg,3790,1710255800.946911097,0.000000000
2871,1710255800.996910572,cam0/1710255800.996910657.jpg,3792,1710255800.996910572,0.000000000
2872,1710255801.046910286,cam0/1710255801.046910257.jpg,3793,1710255801.046910286,0.000000000
2873,1710255801.096909761,cam0/1710255801.096909857.jpg,3795,1710255801.096909761,0.000000000
2874,1710255801.146909475,cam0/1710255801.146909457.jpg,3796,1710255801.146909475,0.000000000
2875,1710255801.196909189,cam0/1710255801.196909157.jpg,3798,1710255801.196909189,0.000000000
2876,1710255801.246908903,cam0/1710255801.246908857.jpg,3799,1710255801.246908903,0.000000000
2877,1710255801.296908379,cam0/1710255801.296908457.jpg,3801,1710255801.296908379,0.000000000
2878,1710255801.346908092,cam0/1710255801.346908057.jpg,3802,1710255801.346908092,0.000000000
2879,1710255801.396907568,cam0/1710255801.396907657.jpg,3804,1710255801.396907568,0.000000000
2880,1710255801.446907282,cam0/1710255801.446907257.jpg,3805,1710255801.446907282,0.000000000
2881,1710255801.496906757,cam0/1710255801.496906857.jpg,3807,1710255801.496906757,0.000000000
2882,1710255801.546906471,cam0/1710255801.546906457.jpg,3808,1710255801.546906471,0.000000000
2883,1710255801.596905947,cam0/1710255801.596906057.jpg,3810,1710255801.596905947,0.000000000
2884,1710255801.646905661,cam0/1710255801.646905657.jpg,3811,1710255801.646905661,0.000000000
2885,1710255801.696905375,cam0/1710255801.696905357.jpg,3813,1710255801.696905375,0.000000000
2886,1710255801.746904850,cam0/1710255801.746904957.jpg,3814,1710255801.746904850,0.000000000
2887,1710255801.796904564,cam0/1710255801.796904657.jpg,3816,1710255801.796904564,0.000000000
2888,1710255801.846904278,cam0/1710255801.846904257.jpg,3817,1710255801.846904278,0.000000000
2889,1710255801.896903753,cam0/1710255801.896903857.jpg,3819,1710255801.896903753,0.000000000
2890,1710255801.946903467,cam0/1710255801.946903457.jpg,3820,1710255801.946903467,0.000000000
2891,1710255801.996902943,cam0/1710255801.996903057.jpg,3822,1710255801.996902943,0.000000000
2892,1710255802.046902657,cam0/1710255802.046902657.jpg,3823,1710255802.046902657,0.000000000
2893,1710255802.146901846,cam0/1710255802.146901857.jpg,3825,1710255802.146901846,0.000000000
2894,1710255802.196901560,cam0/1710255802.196901557.jpg,3827,1710255802.196901560,0.000000000
2895,1710255802.246901274,cam0/1710255802.246901157.jpg,3828,1710255802.246901274,0.000000000
2896,1710255802.296900749,cam0/1710255802.296900757.jpg,3830,1710255802.296900749,0.000000000
2897,1710255802.346900463,cam0/1710255802.346900457.jpg,3831,1710255802.346900463,0.000000000
2898,1710255802.396899939,cam0/1710255802.396900057.jpg,3832,1710255802.396899939,0.000000000
2899,1710255802.446899652,cam0/1710255802.446899657.jpg,3833,1710255802.446899652,0.000000000
2900,1710255802.496899366,cam0/1710255802.496899257.jpg,3835,1710255802.496899366,0.000000000
2901,1710255802.546898842,cam0/1710255802.546898857.jpg,3836,1710255802.546898842,0.000000000
2902,1710255802.596898556,cam0/1710255802.596898457.jpg,3837,1710255802.596898556,0.000000000
2903,1710255802.646898031,cam0/1710255802.646898057.jpg,3838,1710255802.646898031,0.000000000
2904,1710255802.696897745,cam0/1710255802.696897757.jpg,3839,1710255802.696897745,0.000000000
2905,1710255802.746897459,cam0/1710255802.746897357.jpg,3840,1710255802.746897459,0.000000000
2906,1710255802.796894312,cam0/1710255802.796894394.jpg,3841,1710255802.796894312,0.000000000
2907,1710255802.846894026,cam0/1710255802.846893994.jpg,3842,1710255802.846894026,0.000000000
2908,1710255802.896893740,cam0/1710255802.896893694.jpg,3843,1710255802.896893740,0.000000000
2909,1710255802.946893215,cam0/1710255802.946893294.jpg,3844,1710255802.946893215,0.000000000
2910,1710255803.096892118,cam0/1710255803.096892094.jpg,3846,1710255803.096892118,0.000000000
2911,1710255803.146891594,cam0/1710255803.146891694.jpg,3847,1710255803.146891594,0.000000000
2912,1710255803.196891308,cam0/1710255803.196891394.jpg,3848,1710255803.196891308,0.000000000
2913,1710255803.246891022,cam0/1710255803.246890994.jpg,3849,1710255803.246891022,0.000000000
2914,1710255803.296890497,cam0/1710255803.296890594.jpg,3850,1710255803.296890497,0.000000000
2915,1710255803.346890211,cam0/1710255803.346890194.jpg,3851,1710255803.346890211,0.000000000
2916,1710255803.396889687,cam0/1710255803.396889794.jpg,3852,1710255803.396889687,0.000000000
2917,1710255803.446889400,cam0/1710255803.446889494.jpg,3853,1710255803.446889400,0.000000000
2918,1710255803.496889114,cam0/1710255803.496889094.jpg,3854,1710255803.496889114,0.000000000
2919,1710255803.546888590,cam0/1710255803.546888694.jpg,3855,1710255803.546888590,0.000000000
2920,1710255803.596888304,cam0/1710255803.596888294.jpg,3856,1710255803.596888304,0.000000000
2921,1710255803.646887779,cam0/1710255803.646887894.jpg,3857,1710255803.646887779,0.000000000
2922,1710255803.696887493,cam0/1710255803.696887594.jpg,3858,1710255803.696887493,0.000000000
2923,1710255803.746887207,cam0/1710255803.746887194.jpg,3859,1710255803.746887207,0.000000000
2924,1710255803.796886683,cam0/1710255803.796886794.jpg,3860,1710255803.796886683,0.000000000
2925,1710255803.846886396,cam0/1710255803.846886394.jpg,3861,1710255803.846886396,0.000000000
2926,1710255803.896886110,cam0/1710255803.896885994.jpg,3862,1710255803.896886110,0.000000000
2927,1710255803.946885586,cam0/1710255803.946885594.jpg,3863,1710255803.946885586,0.000000000
2928,1710255803.996885300,cam0/1710255803.996885294.jpg,3864,1710255803.996885300,0.000000000
2929,1710255804.046884775,cam0/1710255804.046884894.jpg,3865,1710255804.046884775,0.000000000
2930,1710255804.096884489,cam0/1710255804.096884494.jpg,3866,1710255804.096884489,0.000000000
2931,1710255804.146884203,cam0/1710255804.146884094.jpg,3867,1710255804.146884203,0.000000000
2932,1710255804.196883678,cam0/1710255804.196883794.jpg,3868,1710255804.196883678,0.000000000
2933,1710255804.246883392,cam0/1710255804.246883394.jpg,3869,1710255804.246883392,0.000000000
2934,1710255804.296883106,cam0/1710255804.296882994.jpg,3870,1710255804.296883106,0.000000000
2935,1710255804.346882582,cam0/1710255804.346882594.jpg,3871,1710255804.346882582,0.000000000
2936,1710255804.396882296,cam0/1710255804.396882194.jpg,3872,1710255804.396882296,0.000000000
2937,1710255804.446881771,cam0/1710255804.446881794.jpg,3873,1710255804.446881771,0.000000000
2938,1710255804.496881485,cam0/1710255804.496881394.jpg,3874,1710255804.496881485,0.000000000
2939,1710255804.546881199,cam0/1710255804.546881094.jpg,3875,1710255804.546881199,0.000000000
2940,1710255804.596880674,cam0/1710255804.596880694.jpg,3876,1710255804.596880674,0.000000000
2941,1710255804.646880388,cam0/1710255804.646880294.jpg,3877,1710255804.646880388,0.000000000
2942,1710255804.696880102,cam0/1710255804.696879994.jpg,3878,1710255804.696880102,0.000000000
2943,1710255804.746879578,cam0/1710255804.746879594.jpg,3879,1710255804.746879578,0.000000000
2944,1710255804.846878767,cam0/1710255804.846878794.jpg,3880,1710255804.846878767,0.000000000
2945,1710255804.946877956,cam0/1710255804.946877994.jpg,3881,1710255804.946877956,0.000000000
2946,1710255804.996877670,cam0/1710255804.996877594.jpg,3882,1710255804.996877670,0.000000000
2947,1710255805.046877146,cam0/1710255805.046877194.jpg,3883,1710255805.046877146,0.000000000
2948,1710255805.096876860,cam0/1710255805.096876794.jpg,3884,1710255805.096876860,0.000000000
2949,1710255805.146876574,cam0/1710255805.146876494.jpg,3885,1710255805.146876574,0.000000000
2950,1710255805.196876287,cam0/1710255805.196876194.jpg,3886,1710255805.196876287,0.000000000
2951,1710255805.246875763,cam0/1710255805.246875794.jpg,3887,1710255805.246875763,0.000000000
2952,1710255805.296875477,cam0/1710255805.296875394.jpg,3888,1710255805.296875477,0.000000000
2953,1710255805.346874952,cam0/1710255805.346874994.jpg,3889,1710255805.346874952,0.000000000
2954,1710255805.396874666,cam0/1710255805.396874594.jpg,3890,1710255805.396874666,0.000000000
2955,1710255805.446874142,cam0/1710255805.446874194.jpg,3891,1710255805.446874142,0.000000000
2956,1710255805.496873856,cam0/1710255805.496873794.jpg,3892,1710255805.496873856,0.000000000
2957,1710255805.546873331,cam0/1710255805.546873394.jpg,3893,1710255805.546873331,0.000000000
2958,1710255805.596873045,cam0/1710255805.596872994.jpg,3894,1710255805.596873045,0.000000000
2959,1710255805.646872520,cam0/1710255805.646872594.jpg,3895,1710255805.646872520,0.000000000
2960,1710255805.696872473,cam0/1710255805.696872394.jpg,3896,1710255805.696872473,0.000000000
2961,1710255805.746871948,cam0/1710255805.746871994.jpg,3897,1710255805.746871948,0.000000000
2962,1710255805.796871662,cam0/1710255805.796871594.jpg,3898,1710255805.796871662,0.000000000
2963,1710255805.846871138,cam0/1710255805.846871194.jpg,3899,1710255805.846871138,0.000000000
2964,1710255805.896870852,cam0/1710255805.896870794.jpg,3900,1710255805.896870852,0.000000000
2965,1710255805.946870327,cam0/1710255805.946870394.jpg,3901,1710255805.946870327,0.000000000
2966,1710255805.996870041,cam0/1710255805.996869994.jpg,3902,1710255805.996870041,0.000000000
2967,1710255806.046869516,cam0/1710255806.046869594.jpg,3903,1710255806.046869516,0.000000000
2968,1710255806.096869230,cam0/1710255806.096869194.jpg,3904,1710255806.096869230,0.000000000
2969,1710255806.146868706,cam0/1710255806.146868794.jpg,3905,1710255806.146868706,0.000000000
2970,1710255806.196868420,cam0/1710255806.196868494.jpg,3906,1710255806.196868420,0.000000000
2971,1710255806.246868134,cam0/1710255806.246868194.jpg,3907,1710255806.246868134,0.000000000
2972,1710255806.296867847,cam0/1710255806.296867794.jpg,3908,1710255806.296867847,0.000000000
2973,1710255806.346867323,cam0/1710255806.346867394.jpg,3909,1710255806.346867323,0.000000000
2974,1710255806.396867037,cam0/1710255806.396866994.jpg,3910,1710255806.396867037,0.000000000
2975,1710255806.446866512,cam0/1710255806.446866594.jpg,3911,1710255806.446866512,0.000000000
2976,1710255806.496866226,cam0/1710255806.496866194.jpg,3912,1710255806.496866226,0.000000000
2977,1710255806.546865702,cam0/1710255806.546865794.jpg,3913,1710255806.546865702,0.000000000
2978,1710255806.596865416,cam0/1710255806.596865394.jpg,3914,1710255806.596865416,0.000000000
2979,1710255806.646864891,cam0/1710255806.646864994.jpg,3916,1710255806.646864891,0.000000000
2980,1710255806.696864605,cam0/1710255806.696864694.jpg,3917,1710255806.696864605,0.000000000
2981,1710255806.746864319,cam0/1710255806.746864294.jpg,3918,1710255806.746864319,0.000000000
2982,1710255806.796864033,cam0/1710255806.796863994.jpg,3919,1710255806.796864033,0.000000000
2983,1710255806.846863508,cam0/1710255806.846863594.jpg,3920,1710255806.846863508,0.000000000
2984,1710255806.896863222,cam0/1710255806.896863194.jpg,3921,1710255806.896863222,0.000000000
2985,1710255806.946862698,cam0/1710255806.946862794.jpg,3922,1710255806.946862698,0.000000000
2986,1710255806.996862411,cam0/1710255806.996862394.jpg,3923,1710255806.996862411,0.000000000
2987,1710255807.046861887,cam0/1710255807.046861994.jpg,3924,1710255807.046861887,0.000000000
2988,1710255807.096861601,cam0/1710255807.096861594.jpg,3925,1710255807.096861601,0.000000000
2989,1710255807.146861076,cam0/1710255807.146861194.jpg,3926,1710255807.146861076,0.000000000
2990,1710255807.196860790,cam0/1710255807.196860894.jpg,3927,1710255807.196860790,0.000000000
2991,1710255807.246860504,cam0/1710255807.246860494.jpg,3928,1710255807.246860504,0.000000000
2992,1710255807.296859980,cam0/1710255807.296860094.jpg,3929,1710255807.296859980,0.000000000
2993,1710255807.346859694,cam0/1710255807.346859794.jpg,3930,1710255807.346859694,0.000000000
2994,1710255807.396859407,cam0/1710255807.396859394.jpg,3931,1710255807.396859407,0.000000000
2995,1710255807.446858883,cam0/1710255807.446858994.jpg,3932,1710255807.446858883,0.000000000
2996,1710255807.496858597,cam0/1710255807.496858594.jpg,3933,1710255807.496858597,0.000000000
2997,1710255807.546858311,cam0/1710255807.546858194.jpg,3934,1710255807.546858311,0.000000000
2998,1710255807.596857786,cam0/1710255807.596857794.jpg,3935,1710255807.596857786,0.000000000
2999,1710255807.646857500,cam0/1710255807.646857394.jpg,3936,1710255807.646857500,0.000000000
3000,1710255807.696856976,cam0/1710255807.696857094.jpg,3937,1710255807.696856976,0.000000000
3001,1710255807.746856689,cam0/1710255807.746856694.jpg,3938,1710255807.746856689,0.000000000
3002,1710255807.796856403,cam0/1710255807.796856294.jpg,3939,1710255807.796856403,0.000000000
3003,1710255807.846855879,cam0/1710255807.846855894.jpg,3940,1710255807.846855879,0.000000000
3004,1710255807.896855593,cam0/1710255807.896855594.jpg,3941,1710255807.896855593,0.000000000
3005,1710255807.946855307,cam0/1710255807.946855194.jpg,3942,1710255807.946855307,0.000000000
3006,1710255807.996854782,cam0/1710255807.996854794.jpg,3943,1710255807.996854782,0.000000000
3007,1710255808.046854496,cam0/1710255808.046854394.jpg,3944,1710255808.046854496,0.000000000
3008,1710255808.096853971,cam0/1710255808.096853994.jpg,3945,1710255808.096853971,0.000000000
3009,1710255808.146853685,cam0/1710255808.146853594.jpg,3946,1710255808.146853685,0.000000000
3010,1710255808.196853399,cam0/1710255808.196853294.jpg,3947,1710255808.196853399,0.000000000
3011,1710255808.246852875,cam0/1710255808.246852894.jpg,3948,1710255808.246852875,0.000000000
3012,1710255808.296852589,cam0/1710255808.296852494.jpg,3949,1710255808.296852589,0.000000000
3013,1710255808.346852064,cam0/1710255808.346852094.jpg,3950,1710255808.346852064,0.000000000
3014,1710255808.396851778,cam0/1710255808.396851694.jpg,3951,1710255808.396851778,0.000000000
3015,1710255808.446851492,cam0/1710255808.446851394.jpg,3952,1710255808.446851492,0.000000000
3016,1710255808.496850967,cam0/1710255808.496850994.jpg,3953,1710255808.496850967,0.000000000
3017,1710255808.546850681,cam0/1710255808.546850594.jpg,3954,1710255808.546850681,0.000000000
3018,1710255808.596850157,cam0/1710255808.596850194.jpg,3955,1710255808.596850157,0.000000000
3019,1710255808.646849871,cam0/1710255808.646849794.jpg,3956,1710255808.646849871,0.000000000
3020,1710255808.696849585,cam0/1710255808.696849494.jpg,3957,1710255808.696849585,0.000000000
3021,1710255808.746849060,cam0/1710255808.746849094.jpg,3958,1710255808.746849060,0.000000000
3022,1710255808.796848774,cam0/1710255808.796848694.jpg,3959,1710255808.796848774,0.000000000
3023,1710255808.846848249,cam0/1710255808.846848294.jpg,3960,1710255808.846848249,0.000000000
3024,1710255808.896847963,cam0/1710255808.896847894.jpg,3961,1710255808.896847963,0.000000000
3025,1710255808.946847439,cam0/1710255808.946847494.jpg,3962,1710255808.946847439,0.000000000
3026,1710255808.996847153,cam0/1710255808.996847194.jpg,3963,1710255808.996847153,0.000000000
3027,1710255809.046846867,cam0/1710255809.046846794.jpg,3964,1710255809.046846867,0.000000000
3028,1710255809.096846342,cam0/1710255809.096846394.jpg,3965,1710255809.096846342,0.000000000
3029,1710255809.146846056,cam0/1710255809.146845994.jpg,3966,1710255809.146846056,0.000000000
3030,1710255809.196845770,cam0/1710255809.196845694.jpg,3967,1710255809.196845770,0.000000000
3031,1710255809.246845245,cam0/1710255809.246845294.jpg,3968,1710255809.246845245,0.000000000
3032,1710255809.296844959,cam0/1710255809.296844894.jpg,3969,1710255809.296844959,0.000000000
3033,1710255809.346844435,cam0/1710255809.346844494.jpg,3971,1710255809.346844435,0.000000000
3034,1710255809.396844149,cam0/1710255809.396844094.jpg,3972,1710255809.396844149,0.000000000
3035,1710255809.446843624,cam0/1710255809.446843694.jpg,3973,1710255809.446843624,0.000000000
3036,1710255809.496843338,cam0/1710255809.496843294.jpg,3974,1710255809.496843338,0.000000000
3037,1710255809.546843052,cam0/1710255809.546842994.jpg,3975,1710255809.546843052,0.000000000
3038,1710255809.596842527,cam0/1710255809.596842594.jpg,3976,1710255809.596842527,0.000000000
3039,1710255809.646842241,cam0/1710255809.646842194.jpg,3978,1710255809.646842241,0.000000000
3040,1710255809.696841955,cam0/1710255809.696841894.jpg,3979,1710255809.696841955,0.000000000
3041,1710255809.746841431,cam0/1710255809.746841494.jpg,3980,1710255809.746841431,0.000000000
3042,1710255809.796841145,cam0/1710255809.796841094.jpg,3981,1710255809.796841145,0.000000000
3043,1710255809.846840620,cam0/1710255809.846840694.jpg,3982,1710255809.846840620,0.000000000
3044,1710255809.896840334,cam0/1710255809.896840294.jpg,3983,1710255809.896840334,0.000000000
3045,1710255809.946839809,cam0/1710255809.946839894.jpg,3984,1710255809.946839809,0.000000000
3046,1710255809.996839523,cam0/1710255809.996839494.jpg,3985,1710255809.996839523,0.000000000
3047,1710255810.046838999,cam0/1710255810.046839094.jpg,3986,1710255810.046838999,0.000000000
3048,1710255810.096838713,cam0/1710255810.096838694.jpg,3987,1710255810.096838713,0.000000000
3049,1710255810.146838427,cam0/1710255810.146838394.jpg,3988,1710255810.146838427,0.000000000
3050,1710255810.196838140,cam0/1710255810.196838094.jpg,3989,1710255810.196838140,0.000000000
3051,1710255810.246837616,cam0/1710255810.246837694.jpg,3990,1710255810.246837616,0.000000000
3052,1710255810.296837330,cam0/1710255810.296837294.jpg,3991,1710255810.296837330,0.000000000
3053,1710255810.346836805,cam0/1710255810.346836894.jpg,3992,1710255810.346836805,0.000000000
3054,1710255810.396836519,cam0/1710255810.396836494.jpg,3993,1710255810.396836519,0.000000000
3055,1710255810.446835995,cam0/1710255810.446836094.jpg,3994,1710255810.446835995,0.000000000
3056,1710255810.496835709,cam0/1710255810.496835694.jpg,3995,1710255810.496835709,0.000000000
3057,1710255810.546835184,cam0/1710255810.546835294.jpg,3996,1710255810.546835184,0.000000000
3058,1710255810.596834898,cam0/1710255810.596834894.jpg,3997,1710255810.596834898,0.000000000
3059,1710255810.646834612,cam0/1710255810.646834494.jpg,3998,1710255810.646834612,0.000000000
3060,1710255810.696834326,cam0/1710255810.696834294.jpg,3999,1710255810.696834326,0.000000000
3061,1710255810.746833801,cam0/1710255810.746833894.jpg,4000,1710255810.746833801,0.000000000
3062,1710255810.796833515,cam0/1710255810.796833494.jpg,4001,1710255810.796833515,0.000000000
3063,1710255810.846832991,cam0/1710255810.846833094.jpg,4003,1710255810.846832991,0.000000000
3064,1710255810.896832705,cam0/1710255810.896832694.jpg,4004,1710255810.896832705,0.000000000
3065,1710255810.946832180,cam0/1710255810.946832294.jpg,4005,1710255810.946832180,0.000000000
3066,1710255810.996831894,cam0/1710255810.996831894.jpg,4006,1710255810.996831894,0.000000000
3067,1710255811.046831608,cam0/1710255811.046831494.jpg,4007,1710255811.046831608,0.000000000
3068,1710255811.096831083,cam0/1710255811.096831094.jpg,4008,1710255811.096831083,0.000000000
3069,1710255811.146830797,cam0/1710255811.146830694.jpg,4009,1710255811.146830797,0.000000000
3070,1710255811.196830511,cam0/1710255811.196830394.jpg,4010,1710255811.196830511,0.000000000
3071,1710255811.246829987,cam0/1710255811.246830094.jpg,4011,1710255811.246829987,0.000000000
3072,1710255811.296829700,cam0/1710255811.296829694.jpg,4012,1710255811.296829700,0.000000000
3073,1710255811.346829176,cam0/1710255811.346829294.jpg,4013,1710255811.346829176,0.000000000
3074,1710255811.396828890,cam0/1710255811.396828894.jpg,4014,1710255811.396828890,0.000000000
3075,1710255811.446828604,cam0/1710255811.446828494.jpg,4016,1710255811.446828604,0.000000000
3076,1710255811.496828079,cam0/1710255811.496828094.jpg,4017,1710255811.496828079,0.000000000
3077,1710255811.546827793,cam0/1710255811.546827694.jpg,4018,1710255811.546827793,0.000000000
3078,1710255811.596827269,cam0/1710255811.596827294.jpg,4019,1710255811.596827269,0.000000000
3079,1710255811.646826982,cam0/1710255811.646826894.jpg,4021,1710255811.646826982,0.000000000
3080,1710255811.696826696,cam0/1710255811.696826594.jpg,4022,1710255811.696826696,0.000000000
3081,1710255811.746826172,cam0/1710255811.746826194.jpg,4023,1710255811.746826172,0.000000000
3082,1710255811.796825886,cam0/1710255811.796825894.jpg,4024,1710255811.796825886,0.000000000
3083,1710255811.846825600,cam0/1710255811.846825494.jpg,4025,1710255811.846825600,0.000000000
3084,1710255811.896825075,cam0/1710255811.896825094.jpg,4026,1710255811.896825075,0.000000000
3085,1710255811.946824789,cam0/1710255811.946824694.jpg,4027,1710255811.946824789,0.000000000
3086,1710255811.996824265,cam0/1710255811.996824294.jpg,4028,1710255811.996824265,0.000000000
3087,1710255812.046823978,cam0/1710255812.046823894.jpg,4030,1710255812.046823978,0.000000000
3088,1710255812.096823454,cam0/1710255812.096823494.jpg,4031,1710255812.096823454,0.000000000
3089,1710255812.146823168,cam0/1710255812.146823094.jpg,4032,1710255812.146823168,0.000000000
3090,1710255812.196822882,cam0/1710255812.196822794.jpg,4033,1710255812.196822882,0.000000000
3091,1710255812.246822357,cam0/1710255812.246822394.jpg,4034,1710255812.246822357,0.000000000
3092,1710255812.296822071,cam0/1710255812.296821994.jpg,4035,1710255812.296822071,0.000000000
3093,1710255812.346821785,cam0/1710255812.346821694.jpg,4037,1710255812.346821785,0.000000000
3094,1710255812.396821260,cam0/1710255812.396821294.jpg,4038,1710255812.396821260,0.000000000
3095,1710255812.446820974,cam0/1710255812.446820894.jpg,4040,1710255812.446820974,0.000000000
3096,1710255812.496820450,cam0/1710255812.496820494.jpg,4041,1710255812.496820450,0.000000000
3097,1710255812.546820164,cam0/1710255812.546820094.jpg,4042,1710255812.546820164,0.000000000
3098,1710255812.596819639,cam0/1710255812.596819694.jpg,4043,1710255812.596819639,0.000000000
3099,1710255812.646819353,cam0/1710255812.646819294.jpg,4045,1710255812.646819353,0.000000000
3100,1710255812.696819067,cam0/1710255812.696818994.jpg,4046,1710255812.696819067,0.000000000
3101,1710255812.746818542,cam0/1710255812.746818594.jpg,4047,1710255812.746818542,0.000000000
3102,1710255812.796818256,cam0/1710255812.796818194.jpg,4048,1710255812.796818256,0.000000000
3103,1710255812.846817732,cam0/1710255812.846817794.jpg,4049,1710255812.846817732,0.000000000
3104,1710255812.896817446,cam0/1710255812.896817494.jpg,4050,1710255812.896817446,0.000000000
3105,1710255812.946817160,cam0/1710255812.946817094.jpg,4052,1710255812.946817160,0.000000000
3106,1710255812.996816635,cam0/1710255812.996816694.jpg,4053,1710255812.996816635,0.000000000
3107,1710255813.046816349,cam0/1710255813.046816294.jpg,4054,1710255813.046816349,0.000000000
3108,1710255813.096815825,cam0/1710255813.096815894.jpg,4055,1710255813.096815825,0.000000000
3109,1710255813.146815538,cam0/1710255813.146815494.jpg,4057,1710255813.146815538,0.000000000
3110,1710255813.196815252,cam0/1710255813.196815194.jpg,4058,1710255813.196815252,0.000000000
3111,1710255813.246814728,cam0/1710255813.246814794.jpg,4060,1710255813.246814728,0.000000000
3112,1710255813.296814442,cam0/1710255813.296814394.jpg,4061,1710255813.296814442,0.000000000
3113,1710255813.346813917,cam0/1710255813.346813994.jpg,4062,1710255813.346813917,0.000000000
3114,1710255813.396813631,cam0/1710255813.396813594.jpg,4063,1710255813.396813631,0.000000000
3115,1710255813.446813345,cam0/1710255813.446813294.jpg,4065,1710255813.446813345,0.000000000
3116,1710255813.496812820,cam0/1710255813.496812894.jpg,4066,1710255813.496812820,0.000000000
3117,1710255813.546812534,cam0/1710255813.546812494.jpg,4067,1710255813.546812534,0.000000000
3118,1710255813.596812010,cam0/1710255813.596812094.jpg,4068,1710255813.596812010,0.000000000
3119,1710255813.646811724,cam0/1710255813.646811694.jpg,4069,1710255813.646811724,0.000000000
3120,1710255813.696811438,cam0/1710255813.696811394.jpg,4070,1710255813.696811438,0.000000000
3121,1710255813.746810913,cam0/1710255813.746810994.jpg,4071,1710255813.746810913,0.000000000
3122,1710255813.796810627,cam0/1710255813.796810594.jpg,4072,1710255813.796810627,0.000000000
3123,1710255813.846810102,cam0/1710255813.846810194.jpg,4074,1710255813.846810102,0.000000000
3124,1710255813.896809816,cam0/1710255813.896809794.jpg,4075,1710255813.896809816,0.000000000
3125,1710255813.946809292,cam0/1710255813.946809394.jpg,4077,1710255813.946809292,0.000000000
3126,1710255813.996809006,cam0/1710255813.996809094.jpg,4078,1710255813.996809006,0.000000000
3127,1710255814.046808720,cam0/1710255814.046808694.jpg,4079,1710255814.046808720,0.000000000
3128,1710255814.096808195,cam0/1710255814.096808294.jpg,4080,1710255814.096808195,0.000000000
3129,1710255814.146807909,cam0/1710255814.146807894.jpg,4081,1710255814.146807909,0.000000000
3130,1710255814.196807623,cam0/1710255814.196807594.jpg,4082,1710255814.196807623,0.000000000
3131,1710255814.246807098,cam0/1710255814.246807194.jpg,4084,1710255814.246807098,0.000000000
3132,1710255814.296806812,cam0/1710255814.296806794.jpg,4085,1710255814.296806812,0.000000000
3133,1710255814.346806288,cam0/1710255814.346806394.jpg,4086,1710255814.346806288,0.000000000
3134,1710255814.396806002,cam0/1710255814.396805994.jpg,4087,1710255814.396806002,0.000000000
3135,1710255814.446805477,cam0/1710255814.446805594.jpg,4089,1710255814.446805477,0.000000000
3136,1710255814.496805191,cam0/1710255814.496805194.jpg,4090,1710255814.496805191,0.000000000
3137,1710255814.546804905,cam0/1710255814.546804894.jpg,4092,1710255814.546804905,0.000000000
3138,1710255814.596804380,cam0/1710255814.596804494.jpg,4093,1710255814.596804380,0.000000000
3139,1710255814.646804094,cam0/1710255814.646804094.jpg,4095,1710255814.646804094,0.000000000
3140,1710255814.696803808,cam0/1710255814.696803794.jpg,4096,1710255814.696803808,0.000000000
3141,1710255814.746803284,cam0/1710255814.746803394.jpg,4098,1710255814.746803284,0.000000000
3142,1710255814.796802998,cam0/1710255814.796802994.jpg,4099,1710255814.796802998,0.000000000
3143,1710255814.846802711,cam0/1710255814.846802594.jpg,4101,1710255814.846802711,0.000000000
3144,1710255814.896802187,cam0/1710255814.896802194.jpg,4102,1710255814.896802187,0.000000000
3145,1710255814.946801901,cam0/1710255814.946801794.jpg,4104,1710255814.946801901,0.000000000
3146,1710255814.996801376,cam0/1710255814.996801394.jpg,4105,1710255814.996801376,0.000000000
3147,1710255815.046801090,cam0/1710255815.046800994.jpg,4107,1710255815.046801090,0.000000000
3148,1710255815.096800566,cam0/1710255815.096800594.jpg,4108,1710255815.096800566,0.000000000
3149,1710255815.146800280,cam0/1710255815.146800294.jpg,4109,1710255815.146800280,0.000000000
3150,1710255815.196799994,cam0/1710255815.196799994.jpg,4110,1710255815.196799994,0.000000000
3151,1710255815.246799707,cam0/1710255815.246799594.jpg,4112,1710255815.246799707,0.000000000
3152,1710255815.296799183,cam0/1710255815.296799194.jpg,4113,1710255815.296799183,0.000000000
3153,1710255815.346798897,cam0/1710255815.346798794.jpg,4115,1710255815.346798897,0.000000000
3154,1710255815.396798372,cam0/1710255815.396798394.jpg,4116,1710255815.396798372,0.000000000
3155,1710255815.446798086,cam0/1710255815.446797994.jpg,4118,1710255815.446798086,0.000000000
3156,1710255815.496797562,cam0/1710255815.496797594.jpg,4119,1710255815.496797562,0.000000000
3157,1710255815.546797276,cam0/1710255815.546797194.jpg,4121,1710255815.546797276,0.000000000
3158,1710255815.596796751,cam0/1710255815.596796794.jpg,4122,1710255815.596796751,0.000000000
3159,1710255815.646796465,cam0/1710255815.646796394.jpg,4124,1710255815.646796465,0.000000000
3160,1710255815.696796179,cam0/1710255815.696796194.jpg,4125,1710255815.696796179,0.000000000
3161,1710255815.746795893,cam0/1710255815.746795794.jpg,4127,1710255815.746795893,0.000000000
3162,1710255815.796795368,cam0/1710255815.796795394.jpg,4128,1710255815.796795368,0.000000000
3163,1710255815.846795082,cam0/1710255815.846794994.jpg,4130,1710255815.846795082,0.000000000
3164,1710255815.896794558,cam0/1710255815.896794594.jpg,4131,1710255815.896794558,0.000000000
3165,1710255815.946794271,cam0/1710255815.946794194.jpg,4133,1710255815.946794271,0.000000000
3166,1710255815.996793747,cam0/1710255815.996793794.jpg,4134,1710255815.996793747,0.000000000
3167,1710255816.046793461,cam0/1710255816.046793394.jpg,4136,1710255816.046793461,0.000000000
3168,1710255816.096792936,cam0/1710255816.096792994.jpg,4137,1710255816.096792936,0.000000000
3169,1710255816.146792650,cam0/1710255816.146792594.jpg,4139,1710255816.146792650,0.000000000
3170,1710255816.196792364,cam0/1710255816.196792294.jpg,4140,1710255816.196792364,0.000000000
3171,1710255816.246792078,cam0/1710255816.246791994.jpg,4142,1710255816.246792078,0.000000000
3172,1710255816.296791553,cam0/1710255816.296791594.jpg,4143,1710255816.296791553,0.000000000
3173,1710255816.346791267,cam0/1710255816.346791194.jpg,4145,1710255816.346791267,0.000000000
3174,1710255816.396790743,cam0/1710255816.396790794.jpg,4146,1710255816.396790743,0.000000000
3175,1710255816.446790457,cam0/1710255816.446790394.jpg,4148,1710255816.446790457,0.000000000
3176,1710255816.496789932,cam0/1710255816.496789994.jpg,4149,1710255816.496789932,0.000000000
3177,1710255816.546789646,cam0/1710255816.546789594.jpg,4150,1710255816.546789646,0.000000000
3178,1710255816.596789122,cam0/1710255816.596789194.jpg,4151,1710255816.596789122,0.000000000
3179,1710255816.646788836,cam0/1710255816.646788794.jpg,4153,1710255816.646788836,0.000000000
3180,1710255816.696788549,cam0/1710255816.696788494.jpg,4154,1710255816.696788549,0.000000000
3181,1710255816.746788025,cam0/1710255816.746788094.jpg,4156,1710255816.746788025,0.000000000
3182,1710255816.796787739,cam0/1710255816.796787794.jpg,4157,1710255816.796787739,0.000000000
3183,1710255816.846787453,cam0/1710255816.846787394.jpg,4159,1710255816.846787453,0.000000000
3184,1710255816.896786928,cam0/1710255816.896786994.jpg,4160,1710255816.896786928,0.000000000
3185,1710255816.946786642,cam0/1710255816.946786594.jpg,4162,1710255816.946786642,0.000000000
3186,1710255816.996786118,cam0/1710255816.996786194.jpg,4163,1710255816.996786118,0.000000000
3187,1710255817.046785831,cam0/1710255817.046785794.jpg,4164,1710255817.046785831,0.000000000
3188,1710255817.096785307,cam0/1710255817.096785394.jpg,4165,1710255817.096785307,0.000000000
3189,1710255817.146785021,cam0/1710255817.146784994.jpg,4167,1710255817.146785021,0.000000000
3190,1710255817.196784735,cam0/1710255817.196784694.jpg,4168,1710255817.196784735,0.000000000
3191,1710255817.246784210,cam0/1710255817.246784294.jpg,4170,1710255817.246784210,0.000000000
3192,1710255817.296783924,cam0/1710255817.296783894.jpg,4171,1710255817.296783924,0.000000000
3193,1710255817.346783638,cam0/1710255817.346783594.jpg,4172,1710255817.346783638,0.000000000
3194,1710255817.396783113,cam0/1710255817.396783194.jpg,4173,1710255817.396783113,0.000000000
3195,1710255817.446782827,cam0/1710255817.446782794.jpg,4174,1710255817.446782827,0.000000000
3196,1710255817.496782303,cam0/1710255817.496782394.jpg,4175,1710255817.496782303,0.000000000
3197,1710255817.546782017,cam0/1710255817.546781994.jpg,4176,1710255817.546782017,0.000000000
3198,1710255817.596781492,cam0/1710255817.596781594.jpg,4177,1710255817.596781492,0.000000000
3199,1710255817.646781206,cam0/1710255817.646781194.jpg,4179,1710255817.646781206,0.000000000
3200,1710255817.696780920,cam0/1710255817.696780894.jpg,4180,1710255817.696780920,0.000000000
3201,1710255817.746780396,cam0/1710255817.746780494.jpg,4182,1710255817.746780396,0.000000000
3202,1710255817.796780109,cam0/1710255817.796780094.jpg,4183,1710255817.796780109,0.000000000
3203,1710255817.846779585,cam0/1710255817.846779694.jpg,4185,1710255817.846779585,0.000000000
3204,1710255817.896779299,cam0/1710255817.896779394.jpg,4186,1710255817.896779299,0.000000000
3205,1710255817.946779013,cam0/1710255817.946778994.jpg,4188,1710255817.946779013,0.000000000
3206,1710255817.996778488,cam0/1710255817.996778594.jpg,4189,1710255817.996778488,0.000000000
3207,1710255818.046778202,cam0/1710255818.046778194.jpg,4191,1710255818.046778202,0.000000000
3208,1710255818.096777678,cam0/1710255818.096777794.jpg,4192,1710255818.096777678,0.000000000
3209,1710255818.146777391,cam0/1710255818.146777394.jpg,4193,1710255818.146777391,0.000000000
3210,1710255818.196777105,cam0/1710255818.196777094.jpg,4194,1710255818.196777105,0.000000000
3211,1710255818.246776581,cam0/1710255818.246776694.jpg,4195,1710255818.246776581,0.000000000
3212,1710255818.296776295,cam0/1710255818.296776294.jpg,4196,1710255818.296776295,0.000000000
3213,1710255818.346776009,cam0/1710255818.346775894.jpg,4197,1710255818.346776009,0.000000000
3214,1710255818.396775484,cam0/1710255818.396775494.jpg,4198,1710255818.396775484,0.000000000
3215,1710255818.446775198,cam0/1710255818.446775194.jpg,4199,1710255818.446775198,0.000000000
3216,1710255818.496774912,cam0/1710255818.496774794.jpg,4200,1710255818.496774912,0.000000000
3217,1710255818.546774387,cam0/1710255818.546774394.jpg,4202,1710255818.546774387,0.000000000
3218,1710255818.596774101,cam0/1710255818.596773994.jpg,4203,1710255818.596774101,0.000000000
3219,1710255818.646773577,cam0/1710255818.646773594.jpg,4205,1710255818.646773577,0.000000000
3220,1710255818.696773291,cam0/1710255818.696773294.jpg,4206,1710255818.696773291,0.000000000
3221,1710255818.746773005,cam0/1710255818.746772894.jpg,4208,1710255818.746773005,0.000000000
3222,1710255818.796772480,cam0/1710255818.796772494.jpg,4209,1710255818.796772480,0.000000000
3223,1710255818.846772194,cam0/1710255818.846772094.jpg,4211,1710255818.846772194,0.000000000
3224,1710255818.896771669,cam0/1710255818.896771694.jpg,4212,1710255818.896771669,0.000000000
3225,1710255818.946771383,cam0/1710255818.946771294.jpg,4214,1710255818.946771383,0.000000000
3226,1710255818.996771097,cam0/1710255818.996770994.jpg,4215,1710255818.996771097,0.000000000
3227,1710255819.046770573,cam0/1710255819.046770594.jpg,4217,1710255819.046770573,0.000000000
3228,1710255819.096770287,cam0/1710255819.096770194.jpg,4218,1710255819.096770287,0.000000000
3229,1710255819.146769762,cam0/1710255819.146769794.jpg,4220,1710255819.146769762,0.000000000
3230,1710255819.196769476,cam0/1710255819.196769494.jpg,4221,1710255819.196769476,0.000000000
3231,1710255819.246769190,cam0/1710255819.246769094.jpg,4223,1710255819.246769190,0.000000000
3232,1710255819.296768665,cam0/1710255819.296768694.jpg,4224,1710255819.296768665,0.000000000
3233,1710255819.346768379,cam0/1710255819.346768294.jpg,4226,1710255819.346768379,0.000000000
3234,1710255819.396767855,cam0/1710255819.396767894.jpg,4227,1710255819.396767855,0.000000000
3235,1710255819.446767569,cam0/1710255819.446767494.jpg,4228,1710255819.446767569,0.000000000
3236,1710255819.496767044,cam0/1710255819.496767094.jpg,4229,1710255819.496767044,0.000000000
3237,1710255819.546766758,cam0/1710255819.546766794.jpg,4231,1710255819.546766758,0.000000000
3238,1710255819.596766472,cam0/1710255819.596766394.jpg,4232,1710255819.596766472,0.000000000
3239,1710255819.646765947,cam0/1710255819.646765994.jpg,4234,1710255819.646765947,0.000000000
3240,1710255819.696765661,cam0/1710255819.696765694.jpg,4235,1710255819.696765661,0.000000000
3241,1710255819.746765375,cam0/1710255819.746765294.jpg,4237,1710255819.746765375,0.000000000
3242,1710255819.796764851,cam0/1710255819.796764894.jpg,4238,1710255819.796764851,0.000000000
3243,1710255819.846764565,cam0/1710255819.846764494.jpg,4240,1710255819.846764565,0.000000000
3244,1710255819.896764040,cam0/1710255819.896764094.jpg,4241,1710255819.896764040,0.000000000
3245,1710255819.946763754,cam0/1710255819.946763694.jpg,4243,1710255819.946763754,0.000000000
3246,1710255819.996763229,cam0/1710255819.996763294.jpg,4244,1710255819.996763229,0.000000000
3247,1710255820.046762943,cam0/1710255820.046762894.jpg,4246,1710255820.046762943,0.000000000
3248,1710255820.096762419,cam0/1710255820.096762494.jpg,4247,1710255820.096762419,0.000000000
3249,1710255820.146762133,cam0/1710255820.146762194.jpg,4248,1710255820.146762133,0.000000000
3250,1710255820.196761847,cam0/1710255820.196761894.jpg,4249,1710255820.196761847,0.000000000
3251,1710255820.246761560,cam0/1710255820.246761494.jpg,4251,1710255820.246761560,0.000000000
3252,1710255820.296761036,cam0/1710255820.296761094.jpg,4252,1710255820.296761036,0.000000000
3253,1710255820.346760750,cam0/1710255820.346760694.jpg,4253,1710255820.346760750,0.000000000
3254,1710255820.396760225,cam0/1710255820.396760294.jpg,4254,1710255820.396760225,0.000000000
3255,1710255820.446759939,cam0/1710255820.446759894.jpg,4256,1710255820.446759939,0.000000000
3256,1710255820.496759415,cam0/1710255820.496759494.jpg,4257,1710255820.496759415,0.000000000
3257,1710255820.546759129,cam0/1710255820.546759094.jpg,4259,1710255820.546759129,0.000000000
3258,1710255820.596758604,cam0/1710255820.596758694.jpg,4260,1710255820.596758604,0.000000000
3259,1710255820.646758318,cam0/1710255820.646758294.jpg,4261,1710255820.646758318,0.000000000
3260,1710255820.696758032,cam0/1710255820.696758094.jpg,4262,1710255820.696758032,0.000000000
3261,1710255820.746757746,cam0/1710255820.746757694.jpg,4264,1710255820.746757746,0.000000000
3262,1710255820.796757221,cam0/1710255820.796757294.jpg,4265,1710255820.796757221,0.000000000
3263,1710255820.846756935,cam0/1710255820.846756894.jpg,4267,1710255820.846756935,0.000000000
3264,1710255820.896756411,cam0/1710255820.896756494.jpg,4268,1710255820.896756411,0.000000000
3265,1710255820.946756124,cam0/1710255820.946756094.jpg,4270,1710255820.946756124,0.000000000
3266,1710255820.996755600,cam0/1710255820.996755694.jpg,4271,1710255820.996755600,0.000000000
3267,1710255821.046755314,cam0/1710255821.046755294.jpg,4273,1710255821.046755314,0.000000000
3268,1710255821.096754789,cam0/1710255821.096754894.jpg,4274,1710255821.096754789,0.000000000
3269,1710255821.146754503,cam0/1710255821.146754494.jpg,4276,1710255821.146754503,0.000000000
3270,1710255821.196754217,cam0/1710255821.196754194.jpg,4277,1710255821.196754217,0.000000000
3271,1710255821.246753931,cam0/1710255821.246753894.jpg,4279,1710255821.246753931,0.000000000
3272,1710255821.296753407,cam0/1710255821.296753494.jpg,4280,1710255821.296753407,0.000000000
3273,1710255821.346753120,cam0/1710255821.346753094.jpg,4282,1710255821.346753120,0.000000000
3274,1710255821.396752596,cam0/1710255821.396752694.jpg,4283,1710255821.396752596,0.000000000
3275,1710255821.446752310,cam0/1710255821.446752294.jpg,4284,1710255821.446752310,0.000000000
3276,1710255821.496751785,cam0/1710255821.496751894.jpg,4285,1710255821.496751785,0.000000000
3277,1710255821.546751499,cam0/1710255821.546751494.jpg,4287,1710255821.546751499,0.000000000
3278,1710255821.596751213,cam0/1710255821.596751094.jpg,4288,1710255821.596751213,0.000000000
3279,1710255821.646750689,cam0/1710255821.646750694.jpg,4290,1710255821.646750689,0.000000000
3280,1710255821.696750402,cam0/1710255821.696750394.jpg,4291,1710255821.696750402,0.000000000
3281,1710255821.746749878,cam0/1710255821.746749994.jpg,4293,1710255821.746749878,0.000000000
3282,1710255821.796749592,cam0/1710255821.796749694.jpg,4294,1710255821.796749592,0.000000000
3283,1710255821.846749306,cam0/1710255821.846749294.jpg,4296,1710255821.846749306,0.000000000
3284,1710255821.896748781,cam0/1710255821.896748894.jpg,4297,1710255821.896748781,0.000000000
3285,1710255821.946748495,cam0/1710255821.946748494.jpg,4299,1710255821.946748495,0.000000000
3286,1710255821.996748209,cam0/1710255821.996748094.jpg,4300,1710255821.996748209,0.000000000
3287,1710255822.046747684,cam0/1710255822.046747694.jpg,4302,1710255822.046747684,0.000000000
3288,1710255822.146746874,cam0/1710255822.146746894.jpg,4304,1710255822.146746874,0.000000000
3289,1710255822.196746588,cam0/1710255822.196746594.jpg,4305,1710255822.196746588,0.000000000
3290,1710255822.246746302,cam0/1710255822.246746194.jpg,4306,1710255822.246746302,0.000000000
3291,1710255822.296745777,cam0/1710255822.296745794.jpg,4307,1710255822.296745777,0.000000000
3292,1710255822.346745491,cam0/1710255822.346745494.jpg,4309,1710255822.346745491,0.000000000
3293,1710255822.396745205,cam0/1710255822.396745094.jpg,4310,1710255822.396745205,0.000000000
3294,1710255822.446744680,cam0/1710255822.446744694.jpg,4312,1710255822.446744680,0.000000000
3295,1710255822.496744394,cam0/1710255822.496744294.jpg,4313,1710255822.496744394,0.000000000
3296,1710255822.546743870,cam0/1710255822.546743894.jpg,4315,1710255822.546743870,0.000000000
3297,1710255822.596743584,cam0/1710255822.596743494.jpg,4316,1710255822.596743584,0.000000000
3298,1710255822.646743059,cam0/1710255822.646743094.jpg,4318,1710255822.646743059,0.000000000
3299,1710255822.696742773,cam0/1710255822.696742794.jpg,4319,1710255822.696742773,0.000000000
3300,1710255822.746742487,cam0/1710255822.746742394.jpg,4321,1710255822.746742487,0.000000000
3301,1710255822.796741962,cam0/1710255822.796741994.jpg,4322,1710255822.796741962,0.000000000
3302,1710255822.846741676,cam0/1710255822.846741594.jpg,4324,1710255822.846741676,0.000000000
3303,1710255822.896741390,cam0/1710255822.896741294.jpg,4325,1710255822.896741390,0.000000000
3304,1710255822.946740866,cam0/1710255822.946740894.jpg,4327,1710255822.946740866,0.000000000
3305,1710255822.996740580,cam0/1710255822.996740494.jpg,4328,1710255822.996740580,0.000000000
3306,1710255823.046740055,cam0/1710255823.046740094.jpg,4330,1710255823.046740055,0.000000000
3307,1710255823.096739769,cam0/1710255823.096739694.jpg,4331,1710255823.096739769,0.000000000
3308,1710255823.146739244,cam0/1710255823.146739294.jpg,4333,1710255823.146739244,0.000000000
3309,1710255823.196738958,cam0/1710255823.196738994.jpg,4334,1710255823.196738958,0.000000000
3310,1710255823.246738672,cam0/1710255823.246738594.jpg,4336,1710255823.246738672,0.000000000
3311,1710255823.296738148,cam0/1710255823.296738194.jpg,4337,1710255823.296738148,0.000000000
3312,1710255823.346737862,cam0/1710255823.346737794.jpg,4339,1710255823.346737862,0.000000000
3313,1710255823.396737337,cam0/1710255823.396737394.jpg,4340,1710255823.396737337,0.000000000
3314,1710255823.446737051,cam0/1710255823.446737094.jpg,4342,1710255823.446737051,0.000000000
3315,1710255823.496736765,cam0/1710255823.496736694.jpg,4343,1710255823.496736765,0.000000000
3316,1710255823.546736240,cam0/1710255823.546736294.jpg,4345,1710255823.546736240,0.000000000
3317,1710255823.596735954,cam0/1710255823.596735894.jpg,4346,1710255823.596735954,0.000000000
3318,1710255823.646735430,cam0/1710255823.646735494.jpg,4348,1710255823.646735430,0.000000000
3319,1710255823.696735144,cam0/1710255823.696735194.jpg,4349,1710255823.696735144,0.000000000
3320,1710255823.746734858,cam0/1710255823.746734794.jpg,4351,1710255823.746734858,0.000000000
3321,1710255823.796734333,cam0/1710255823.796734394.jpg,4352,1710255823.796734333,0.000000000
3322,1710255823.846734047,cam0/1710255823.846733994.jpg,4354,1710255823.846734047,0.000000000
3323,1710255823.896733522,cam0/1710255823.896733594.jpg,4355,1710255823.896733522,0.000000000
3324,1710255823.946733236,cam0/1710255823.946733194.jpg,4357,1710255823.946733236,0.000000000
3325,1710255823.996732950,cam0/1710255823.996732894.jpg,4358,1710255823.996732950,0.000000000
3326,1710255824.046732426,cam0/1710255824.046732494.jpg,4360,1710255824.046732426,0.000000000
3327,1710255824.096732140,cam0/1710255824.096732094.jpg,4361,1710255824.096732140,0.000000000
3328,1710255824.146731615,cam0/1710255824.146731694.jpg,4363,1710255824.146731615,0.000000000
3329,1710255824.196731329,cam0/1710255824.196731394.jpg,4364,1710255824.196731329,0.000000000
3330,1710255824.246731043,cam0/1710255824.246730994.jpg,4366,1710255824.246731043,0.000000000
3331,1710255824.296730518,cam0/1710255824.296730594.jpg,4367,1710255824.296730518,0.000000000
3332,1710255824.346730232,cam0/1710255824.346730194.jpg,4369,1710255824.346730232,0.000000000
3333,1710255824.396729708,cam0/1710255824.396729794.jpg,4370,1710255824.396729708,0.000000000
3334,1710255824.446729422,cam0/1710255824.446729394.jpg,4372,1710255824.446729422,0.000000000
3335,1710255824.496728897,cam0/1710255824.496728994.jpg,4373,1710255824.496728897,0.000000000
3336,1710255824.546728611,cam0/1710255824.546728694.jpg,4375,1710255824.546728611,0.000000000
3337,1710255824.596728325,cam0/1710255824.596728294.jpg,4376,1710255824.596728325,0.000000000
3338,1710255824.646727800,cam0/1710255824.646727894.jpg,4378,1710255824.646727800,0.000000000
3339,1710255824.696727514,cam0/1710255824.696727594.jpg,4379,1710255824.696727514,0.000000000
3340,1710255824.746727228,cam0/1710255824.746727194.jpg,4381,1710255824.746727228,0.000000000
3341,1710255824.796726704,cam0/1710255824.796726794.jpg,4382,1710255824.796726704,0.000000000
3342,1710255824.846726418,cam0/1710255824.846726394.jpg,4384,1710255824.846726418,0.000000000
3343,1710255824.896725893,cam0/1710255824.896725994.jpg,4385,1710255824.896725893,0.000000000
3344,1710255824.946725607,cam0/1710255824.946725594.jpg,4387,1710255824.946725607,0.000000000
3345,1710255824.996725082,cam0/1710255824.996725194.jpg,4388,1710255824.996725082,0.000000000
3346,1710255825.046724796,cam0/1710255825.046724794.jpg,4390,1710255825.046724796,0.000000000
3347,1710255825.096724510,cam0/1710255825.096724494.jpg,4391,1710255825.096724510,0.000000000
3348,1710255825.146723986,cam0/1710255825.146724094.jpg,4393,1710255825.146723986,0.000000000
3349,1710255825.196723700,cam0/1710255825.196723794.jpg,4394,1710255825.196723700,0.000000000
3350,1710255825.246723413,cam0/1710255825.246723394.jpg,4396,1710255825.246723413,0.000000000
3351,1710255825.296722889,cam0/1710255825.296722994.jpg,4397,1710255825.296722889,0.000000000
3352,1710255825.346722603,cam0/1710255825.346722594.jpg,4399,1710255825.346722603,0.000000000
3353,1710255825.396722078,cam0/1710255825.396722194.jpg,4400,1710255825.396722078,0.000000000
3354,1710255825.446721792,cam0/1710255825.446721794.jpg,4402,1710255825.446721792,0.000000000
3355,1710255825.496721506,cam0/1710255825.496721394.jpg,4403,1710255825.496721506,0.000000000
3356,1710255825.546720982,cam0/1710255825.546720994.jpg,4405,1710255825.546720982,0.000000000
3357,1710255825.596720695,cam0/1710255825.596720594.jpg,4406,1710255825.596720695,0.000000000
3358,1710255825.646720171,cam0/1710255825.646720194.jpg,4408,1710255825.646720171,0.000000000
3359,1710255825.696719885,cam0/1710255825.696719994.jpg,4409,1710255825.696719885,0.000000000
3360,1710255825.746719599,cam0/1710255825.746719594.jpg,4411,1710255825.746719599,0.000000000
3361,1710255825.796719313,cam0/1710255825.796719194.jpg,4412,1710255825.796719313,0.000000000
3362,1710255825.846718788,cam0/1710255825.846718794.jpg,4414,1710255825.846718788,0.000000000
3363,1710255825.896718502,cam0/1710255825.896718394.jpg,4415,1710255825.896718502,0.000000000
3364,1710255825.946717978,cam0/1710255825.946717994.jpg,4417,1710255825.946717978,0.000000000
3365,1710255825.996717691,cam0/1710255825.996717594.jpg,4418,1710255825.996717691,0.000000000
3366,1710255826.046717167,cam0/1710255826.046717194.jpg,4420,1710255826.046717167,0.000000000
3367,1710255826.096716881,cam0/1710255826.096716794.jpg,4421,1710255826.096716881,0.000000000
3368,1710255826.146716356,cam0/1710255826.146716394.jpg,4423,1710255826.146716356,0.000000000
3369,1710255826.196716070,cam0/1710255826.196716094.jpg,4424,1710255826.196716070,0.000000000
3370,1710255826.246715784,cam0/1710255826.246715794.jpg,4426,1710255826.246715784,0.000000000
3371,1710255826.296715498,cam0/1710255826.296715394.jpg,4427,1710255826.296715498,0.000000000
3372,1710255826.346714973,cam0/1710255826.346714994.jpg,4429,1710255826.346714973,0.000000000
3373,1710255826.396714687,cam0/1710255826.396714594.jpg,4430,1710255826.396714687,0.000000000
3374,1710255826.446714163,cam0/1710255826.446714194.jpg,4432,1710255826.446714163,0.000000000
3375,1710255826.496713877,cam0/1710255826.496713794.jpg,4433,1710255826.496713877,0.000000000
3376,1710255826.546713352,cam0/1710255826.546713394.jpg,4434,1710255826.546713352,0.000000000
3377,1710255826.596713066,cam0/1710255826.596712994.jpg,4435,1710255826.596713066,0.000000000
3378,1710255826.646712542,cam0/1710255826.646712594.jpg,4436,1710255826.646712542,0.000000000
3379,1710255826.696712255,cam0/1710255826.696712294.jpg,4437,1710255826.696712255,0.000000000
3380,1710255826.746711969,cam0/1710255826.746711894.jpg,4438,1710255826.746711969,0.000000000
3381,1710255826.796711683,cam0/1710255826.796711594.jpg,4439,1710255826.796711683,0.000000000
3382,1710255826.846711159,cam0/1710255826.846711194.jpg,4440,1710255826.846711159,0.000000000
3383,1710255826.896710873,cam0/1710255826.896710794.jpg,4441,1710255826.896710873,0.000000000
3384,1710255826.946710348,cam0/1710255826.946710394.jpg,4442,1710255826.946710348,0.000000000
3385,1710255826.996710062,cam0/1710255826.996709994.jpg,4443,1710255826.996710062,0.000000000
3386,1710255827.046709538,cam0/1710255827.046709594.jpg,4444,1710255827.046709538,0.000000000
3387,1710255827.096709251,cam0/1710255827.096709194.jpg,4445,1710255827.096709251,0.000000000
3388,1710255827.146708727,cam0/1710255827.146708794.jpg,4446,1710255827.146708727,0.000000000
3389,1710255827.196708441,cam0/1710255827.196708494.jpg,4447,1710255827.196708441,0.000000000
3390,1710255827.246708155,cam0/1710255827.246708094.jpg,4448,1710255827.246708155,0.000000000
3391,1710255827.296707630,cam0/1710255827.296707694.jpg,4449,1710255827.296707630,0.000000000
3392,1710255827.346707344,cam0/1710255827.346707394.jpg,4450,1710255827.346707344,0.000000000
3393,1710255827.396707058,cam0/1710255827.396706994.jpg,4451,1710255827.396707058,0.000000000
3394,1710255827.446706533,cam0/1710255827.446706594.jpg,4452,1710255827.446706533,0.000000000
3395,1710255827.496706247,cam0/1710255827.496706194.jpg,4453,1710255827.496706247,0.000000000
3396,1710255827.546705723,cam0/1710255827.546705794.jpg,4454,1710255827.546705723,0.000000000
3397,1710255827.596705437,cam0/1710255827.596705394.jpg,4455,1710255827.596705437,0.000000000
3398,1710255827.646704912,cam0/1710255827.646704994.jpg,4456,1710255827.646704912,0.000000000
3399,1710255827.696704626,cam0/1710255827.696704694.jpg,4457,1710255827.696704626,0.000000000
3400,1710255827.746704340,cam0/1710255827.746704294.jpg,4458,1710255827.746704340,0.000000000
3401,1710255827.796703815,cam0/1710255827.796703894.jpg,4459,1710255827.796703815,0.000000000
3402,1710255827.846703529,cam0/1710255827.846703494.jpg,4460,1710255827.846703529,0.000000000
3403,1710255827.896703243,cam0/1710255827.896703194.jpg,4461,1710255827.896703243,0.000000000
3404,1710255827.946702719,cam0/1710255827.946702794.jpg,4462,1710255827.946702719,0.000000000
3405,1710255827.996702433,cam0/1710255827.996702394.jpg,4463,1710255827.996702433,0.000000000
3406,1710255828.046701908,cam0/1710255828.046701994.jpg,4464,1710255828.046701908,0.000000000
3407,1710255828.096701622,cam0/1710255828.096701594.jpg,4465,1710255828.096701622,0.000000000
3408,1710255828.146701097,cam0/1710255828.146701194.jpg,4466,1710255828.146701097,0.000000000
3409,1710255828.196700811,cam0/1710255828.196700894.jpg,4467,1710255828.196700811,0.000000000
3410,1710255828.246700525,cam0/1710255828.246700494.jpg,4468,1710255828.246700525,0.000000000
3411,1710255828.296700001,cam0/1710255828.296700094.jpg,4469,1710255828.296700001,0.000000000
3412,1710255828.346699715,cam0/1710255828.346699694.jpg,4470,1710255828.346699715,0.000000000
3413,1710255828.396699190,cam0/1710255828.396699294.jpg,4471,1710255828.396699190,0.000000000
3414,1710255828.446698904,cam0/1710255828.446698994.jpg,4472,1710255828.446698904,0.000000000
3415,1710255828.496698618,cam0/1710255828.496698594.jpg,4473,1710255828.496698618,0.000000000
3416,1710255828.546698093,cam0/1710255828.546698194.jpg,4474,1710255828.546698093,0.000000000
3417,1710255828.596697807,cam0/1710255828.596697794.jpg,4475,1710255828.596697807,0.000000000
3418,1710255828.646697283,cam0/1710255828.646697394.jpg,4476,1710255828.646697283,0.000000000
3419,1710255828.696696997,cam0/1710255828.696697094.jpg,4477,1710255828.696696997,0.000000000
3420,1710255828.746696711,cam0/1710255828.746696694.jpg,4478,1710255828.746696711,0.000000000
3421,1710255828.796696186,cam0/1710255828.796696294.jpg,4479,1710255828.796696186,0.000000000
3422,1710255828.846695900,cam0/1710255828.846695894.jpg,4480,1710255828.846695900,0.000000000
3423,1710255828.896695375,cam0/1710255828.896695494.jpg,4481,1710255828.896695375,0.000000000
3424,1710255828.946695089,cam0/1710255828.946695094.jpg,4482,1710255828.946695089,0.000000000
3425,1710255828.996694803,cam0/1710255828.996694794.jpg,4483,1710255828.996694803,0.000000000
3426,1710255829.046694279,cam0/1710255829.046694394.jpg,4484,1710255829.046694279,0.000000000
3427,1710255829.096693993,cam0/1710255829.096693994.jpg,4485,1710255829.096693993,0.000000000
3428,1710255829.146693707,cam0/1710255829.146693594.jpg,4486,1710255829.146693707,0.000000000
3429,1710255829.196693182,cam0/1710255829.196693294.jpg,4487,1710255829.196693182,0.000000000
3430,1710255829.246692896,cam0/1710255829.246692894.jpg,4488,1710255829.246692896,0.000000000
3431,1710255829.296692610,cam0/1710255829.296692494.jpg,4489,1710255829.296692610,0.000000000
3432,1710255829.346692085,cam0/1710255829.346692094.jpg,4490,1710255829.346692085,0.000000000
3433,1710255829.396691799,cam0/1710255829.396691694.jpg,4491,1710255829.396691799,0.000000000
3434,1710255829.446691275,cam0/1710255829.446691294.jpg,4492,1710255829.446691275,0.000000000
3435,1710255829.496690989,cam0/1710255829.496690894.jpg,4493,1710255829.496690989,0.000000000
3436,1710255829.546690702,cam0/1710255829.546690594.jpg,4494,1710255829.546690702,0.000000000
3437,1710255829.596690178,cam0/1710255829.596690194.jpg,4495,1710255829.596690178,0.000000000
3438,1710255829.646689892,cam0/1710255829.646689794.jpg,4496,1710255829.646689892,0.000000000
3439,1710255829.696689606,cam0/1710255829.696689494.jpg,4497,1710255829.696689606,0.000000000
3440,1710255829.746689081,cam0/1710255829.746689094.jpg,4498,1710255829.746689081,0.000000000
3441,1710255829.796688795,cam0/1710255829.796688694.jpg,4499,1710255829.796688795,0.000000000
3442,1710255829.846688271,cam0/1710255829.846688294.jpg,4500,1710255829.846688271,0.000000000
3443,1710255829.896687984,cam0/1710255829.896687894.jpg,4501,1710255829.896687984,0.000000000
3444,1710255829.946687460,cam0/1710255829.946687494.jpg,4502,1710255829.946687460,0.000000000
3445,1710255829.996687174,cam0/1710255829.996687094.jpg,4503,1710255829.996687174,0.000000000
3446,1710255830.046686649,cam0/1710255830.046686694.jpg,4504,1710255830.046686649,0.000000000
3447,1710255830.096686363,cam0/1710255830.096686394.jpg,4505,1710255830.096686363,0.000000000
3448,1710255830.146686077,cam0/1710255830.146685994.jpg,4506,1710255830.146686077,0.000000000
3449,1710255830.196685791,cam0/1710255830.196685694.jpg,4507,1710255830.196685791,0.000000000
3450,1710255830.246685266,cam0/1710255830.246685294.jpg,4508,1710255830.246685266,0.000000000
3451,1710255830.296684980,cam0/1710255830.296684894.jpg,4509,1710255830.296684980,0.000000000
3452,1710255830.346684456,cam0/1710255830.346684494.jpg,4510,1710255830.346684456,0.000000000
3453,1710255830.396684170,cam0/1710255830.396684094.jpg,4511,1710255830.396684170,0.000000000
3454,1710255830.446683645,cam0/1710255830.446683694.jpg,4512,1710255830.446683645,0.000000000
3455,1710255830.496683359,cam0/1710255830.496683294.jpg,4513,1710255830.496683359,0.000000000
3456,1710255830.546682835,cam0/1710255830.546682894.jpg,4514,1710255830.546682835,0.000000000
3457,1710255830.596682549,cam0/1710255830.596682494.jpg,4515,1710255830.596682549,0.000000000
3458,1710255830.646682024,cam0/1710255830.646682094.jpg,4516,1710255830.646682024,0.000000000
3459,1710255830.696681976,cam0/1710255830.696681894.jpg,4517,1710255830.696681976,0.000000000
3460,1710255830.746681452,cam0/1710255830.746681494.jpg,4518,1710255830.746681452,0.000000000
3461,1710255830.796681166,cam0/1710255830.796681094.jpg,4519,1710255830.796681166,0.000000000
3462,1710255830.846680641,cam0/1710255830.846680694.jpg,4520,1710255830.846680641,0.000000000
3463,1710255830.896680355,cam0/1710255830.896680294.jpg,4521,1710255830.896680355,0.000000000
3464,1710255830.946679831,cam0/1710255830.946679894.jpg,4522,1710255830.946679831,0.000000000
3465,1710255830.996679544,cam0/1710255830.996679494.jpg,4523,1710255830.996679544,0.000000000
3466,1710255831.046679020,cam0/1710255831.046679094.jpg,4524,1710255831.046679020,0.000000000
3467,1710255831.096678734,cam0/1710255831.096678694.jpg,4525,1710255831.096678734,0.000000000
3468,1710255831.146678209,cam0/1710255831.146678294.jpg,4526,1710255831.146678209,0.000000000
3469,1710255831.196677923,cam0/1710255831.196677994.jpg,4527,1710255831.196677923,0.000000000
3470,1710255831.246608257,cam0/1710255831.246608241.jpg,4528,1710255831.246608257,0.000000000
3471,1710255831.296607733,cam0/1710255831.296607741.jpg,4529,1710255831.296607733,0.000000000
3472,1710255831.346607208,cam0/1710255831.346607241.jpg,4530,1710255831.346607208,0.000000000
3473,1710255831.396606922,cam0/1710255831.396606841.jpg,4531,1710255831.396606922,0.000000000
3474,1710255831.446606398,cam0/1710255831.446606341.jpg,4532,1710255831.446606398,0.000000000
3475,1710255831.496605873,cam0/1710255831.496605841.jpg,4533,1710255831.496605873,0.000000000
3476,1710255831.546605349,cam0/1710255831.546605441.jpg,4534,1710255831.546605349,0.000000000
3477,1710255831.596604824,cam0/1710255831.596604941.jpg,4535,1710255831.596604824,0.000000000
3478,1710255831.646604538,cam0/1710255831.646604441.jpg,4536,1710255831.646604538,0.000000000
3479,1710255831.696604252,cam0/1710255831.696604141.jpg,4537,1710255831.696604252,0.000000000
3480,1710255831.746603727,cam0/1710255831.746603641.jpg,4538,1710255831.746603727,0.000000000
3481,1710255831.796603203,cam0/1710255831.796603141.jpg,4539,1710255831.796603203,0.000000000
3482,1710255831.846602678,cam0/1710255831.846602741.jpg,4540,1710255831.846602678,0.000000000
3483,1710255831.896602154,cam0/1710255831.896602241.jpg,4541,1710255831.896602154,0.000000000
3484,1710255831.946601629,cam0/1710255831.946601741.jpg,4542,1710255831.946601629,0.000000000
3485,1710255831.996601343,cam0/1710255831.996601341.jpg,4543,1710255831.996601343,0.000000000
3486,1710255832.046600819,cam0/1710255832.046600841.jpg,4544,1710255832.046600819,0.000000000
3487,1710255832.096600294,cam0/1710255832.096600341.jpg,4545,1710255832.096600294,0.000000000
3488,1710255832.146599770,cam0/1710255832.146599841.jpg,4546,1710255832.146599770,0.000000000
3489,1710255832.196599483,cam0/1710255832.196599541.jpg,4547,1710255832.196599483,0.000000000
3490,1710255832.246598959,cam0/1710255832.246599041.jpg,4548,1710255832.246598959,0.000000000
3491,1710255832.296598434,cam0/1710255832.296598541.jpg,4549,1710255832.296598434,0.000000000
3492,1710255832.346598148,cam0/1710255832.346598141.jpg,4550,1710255832.346598148,0.000000000
3493,1710255832.396597624,cam0/1710255832.396597641.jpg,4551,1710255832.396597624,0.000000000
3494,1710255832.446597099,cam0/1710255832.446597141.jpg,4552,1710255832.446597099,0.000000000
3495,1710255832.496596813,cam0/1710255832.496596741.jpg,4553,1710255832.496596813,0.000000000
3496,1710255832.546596289,cam0/1710255832.546596241.jpg,4554,1710255832.546596289,0.000000000
3497,1710255832.596595764,cam0/1710255832.596595741.jpg,4555,1710255832.596595764,0.000000000
3498,1710255832.646595240,cam0/1710255832.646595341.jpg,4556,1710255832.646595240,0.000000000
3499,1710255832.696594954,cam0/1710255832.696594941.jpg,4557,1710255832.696594954,0.000000000
3500,1710255832.746594429,cam0/1710255832.746594441.jpg,4558,1710255832.746594429,0.000000000
3501,1710255832.796594143,cam0/1710255832.796594041.jpg,4559,1710255832.796594143,0.000000000
3502,1710255832.846593618,cam0/1710255832.846593541.jpg,4560,1710255832.846593618,0.000000000
3503,1710255832.896593094,cam0/1710255832.896593041.jpg,4561,1710255832.896593094,0.000000000
3504,1710255832.946592569,cam0/1710255832.946592641.jpg,4562,1710255832.946592569,0.000000000
3505,1710255832.996592045,cam0/1710255832.996592141.jpg,4563,1710255832.996592045,0.000000000
3506,1710255833.046591759,cam0/1710255833.046591641.jpg,4564,1710255833.046591759,0.000000000
3507,1710255833.096591234,cam0/1710255833.096591241.jpg,4565,1710255833.096591234,0.000000000
3508,1710255833.146590710,cam0/1710255833.146590741.jpg,4566,1710255833.146590710,0.000000000
3509,1710255833.196590424,cam0/1710255833.196590341.jpg,4567,1710255833.196590424,0.000000000
3510,1710255833.246589899,cam0/1710255833.246589941.jpg,4568,1710255833.246589899,0.000000000
3511,1710255833.296589375,cam0/1710255833.296589441.jpg,4569,1710255833.296589375,0.000000000
3512,1710255833.346588850,cam0/1710255833.346588941.jpg,4570,1710255833.346588850,0.000000000
3513,1710255833.396588564,cam0/1710255833.396588541.jpg,4571,1710255833.396588564,0.000000000
3514,1710255833.446588039,cam0/1710255833.446588041.jpg,4572,1710255833.446588039,0.000000000
3515,1710255833.496587515,cam0/1710255833.496587541.jpg,4573,1710255833.496587515,0.000000000
3516,1710255833.546587229,cam0/1710255833.546587141.jpg,4574,1710255833.546587229,0.000000000
3517,1710255833.596586704,cam0/1710255833.596586641.jpg,4575,1710255833.596586704,0.000000000
3518,1710255833.646586180,cam0/1710255833.646586141.jpg,4576,1710255833.646586180,0.000000000
3519,1710255833.696585894,cam0/1710255833.696585841.jpg,4577,1710255833.696585894,0.000000000
3520,1710255833.746585369,cam0/1710255833.746585341.jpg,4578,1710255833.746585369,0.000000000
3521,1710255833.796584845,cam0/1710255833.796584841.jpg,4579,1710255833.796584845,0.000000000
3522,1710255833.846584558,cam0/1710255833.846584441.jpg,4580,1710255833.846584558,0.000000000
3523,1710255833.896584034,cam0/1710255833.896583941.jpg,4581,1710255833.896584034,0.000000000
3524,1710255833.946583509,cam0/1710255833.946583441.jpg,4582,1710255833.946583509,0.000000000
3525,1710255833.996582985,cam0/1710255833.996583041.jpg,4583,1710255833.996582985,0.000000000
3526,1710255834.046582460,cam0/1710255834.046582541.jpg,4584,1710255834.046582460,0.000000000
3527,1710255834.096581936,cam0/1710255834.096582041.jpg,4585,1710255834.096581936,0.000000000
3528,1710255834.146581650,cam0/1710255834.146581641.jpg,4586,1710255834.146581650,0.000000000
3529,1710255834.196581125,cam0/1710255834.196581241.jpg,4587,1710255834.196581125,0.000000000
3530,1710255834.246580839,cam0/1710255834.246580741.jpg,4588,1710255834.246580839,0.000000000
3531,1710255834.296580315,cam0/1710255834.296580241.jpg,4589,1710255834.296580315,0.000000000
3532,1710255834.346579790,cam0/1710255834.346579841.jpg,4590,1710255834.346579790,0.000000000
3533,1710255834.396579266,cam0/1710255834.396579341.jpg,4591,1710255834.396579266,0.000000000
3534,1710255834.446578741,cam0/1710255834.446578841.jpg,4592,1710255834.446578741,0.000000000
3535,1710255834.496578455,cam0/1710255834.496578441.jpg,4593,1710255834.496578455,0.000000000
3536,1710255834.546577930,cam0/1710255834.546577941.jpg,4594,1710255834.546577930,0.000000000
3537,1710255834.596577406,cam0/1710255834.596577441.jpg,4595,1710255834.596577406,0.000000000
3538,1710255834.646577120,cam0/1710255834.646577041.jpg,4596,1710255834.646577120,0.000000000
3539,1710255834.696576595,cam0/1710255834.696576641.jpg,4597,1710255834.696576595,0.000000000
3540,1710255834.746576071,cam0/1710255834.746576141.jpg,4598,1710255834.746576071,0.000000000
3541,1710255834.796575785,cam0/1710255834.796575741.jpg,4599,1710255834.796575785,0.000000000
3542,1710255834.846575260,cam0/1710255834.846575241.jpg,4600,1710255834.846575260,0.000000000
3543,1710255834.896574736,cam0/1710255834.896574741.jpg,4601,1710255834.896574736,0.000000000
3544,1710255834.946574450,cam0/1710255834.946574341.jpg,4602,1710255834.946574450,0.000000000
3545,1710255834.996573925,cam0/1710255834.996573841.jpg,4603,1710255834.996573925,0.000000000
3546,1710255835.046573400,cam0/1710255835.046573341.jpg,4604,1710255835.046573400,0.000000000
3547,1710255835.096572876,cam0/1710255835.096572941.jpg,4605,1710255835.096572876,0.000000000
3548,1710255835.146572351,cam0/1710255835.146572441.jpg,4606,1710255835.146572351,0.000000000
3549,1710255835.196572065,cam0/1710255835.196572041.jpg,4607,1710255835.196572065,0.000000000
3550,1710255835.246571541,cam0/1710255835.246571641.jpg,4608,1710255835.246571541,0.000000000
3551,1710255835.296571255,cam0/1710255835.296571141.jpg,4609,1710255835.296571255,0.000000000
3552,1710255835.346570730,cam0/1710255835.346570641.jpg,4610,1710255835.346570730,0.000000000
3553,1710255835.396570206,cam0/1710255835.396570241.jpg,4611,1710255835.396570206,0.000000000
3554,1710255835.446569681,cam0/1710255835.446569741.jpg,4612,1710255835.446569681,0.000000000
3555,1710255835.496569157,cam0/1710255835.496569241.jpg,4613,1710255835.496569157,0.000000000
3556,1710255835.546568871,cam0/1710255835.546568841.jpg,4614,1710255835.546568871,0.000000000
3557,1710255835.596568346,cam0/1710255835.596568341.jpg,4615,1710255835.596568346,0.000000000
3558,1710255835.646567822,cam0/1710255835.646567841.jpg,4616,1710255835.646567822,0.000000000
3559,1710255835.696567535,cam0/1710255835.696567541.jpg,4617,1710255835.696567535,0.000000000
3560,1710255835.746567011,cam0/1710255835.746567041.jpg,4618,1710255835.746567011,0.000000000
3561,1710255835.796566486,cam0/1710255835.796566541.jpg,4620,1710255835.796566486,0.000000000
3562,1710255835.846566200,cam0/1710255835.846566141.jpg,4621,1710255835.846566200,0.000000000
3563,1710255835.896565676,cam0/1710255835.896565641.jpg,4622,1710255835.896565676,0.000000000
3564,1710255835.946565151,cam0/1710255835.946565141.jpg,4623,1710255835.946565151,0.000000000
3565,1710255835.996564627,cam0/1710255835.996564741.jpg,4624,1710255835.996564627,0.000000000
3566,1710255836.046564341,cam0/1710255836.046564241.jpg,4625,1710255836.046564341,0.000000000
3567,1710255836.096563816,cam0/1710255836.096563741.jpg,4626,1710255836.096563816,0.000000000
3568,1710255836.146563292,cam0/1710255836.146563341.jpg,4627,1710255836.146563292,0.000000000
3569,1710255836.196563005,cam0/1710255836.196562941.jpg,4628,1710255836.196563005,0.000000000
3570,1710255836.246562481,cam0/1710255836.246562441.jpg,4629,1710255836.246562481,0.000000000
3571,1710255836.296561956,cam0/1710255836.296562041.jpg,4630,1710255836.296561956,0.000000000
3572,1710255836.346561432,cam0/1710255836.346561541.jpg,4631,1710255836.346561432,0.000000000
3573,1710255836.396561146,cam0/1710255836.396561041.jpg,4632,1710255836.396561146,0.000000000
3574,1710255836.446560621,cam0/1710255836.446560541.jpg,4633,1710255836.446560621,0.000000000
3575,1710255836.496560097,cam0/1710255836.496560141.jpg,4634,1710255836.496560097,0.000000000
3576,1710255836.546559572,cam0/1710255836.546559641.jpg,4635,1710255836.546559572,0.000000000
3577,1710255836.596559048,cam0/1710255836.596559141.jpg,4636,1710255836.596559048,0.000000000
3578,1710255836.646558762,cam0/1710255836.646558741.jpg,4637,1710255836.646558762,0.000000000
3579,1710255836.696558237,cam0/1710255836.696558341.jpg,4638,1710255836.696558237,0.000000000
3580,1710255836.746557951,cam0/1710255836.746557841.jpg,4639,1710255836.746557951,0.000000000
3581,1710255836.796557426,cam0/1710255836.796557441.jpg,4640,1710255836.796557426,0.000000000
3582,1710255836.846556902,cam0/1710255836.846556941.jpg,4641,1710255836.846556902,0.000000000
3583,1710255836.896556377,cam0/1710255836.896556441.jpg,4643,1710255836.896556377,0.000000000
3584,1710255836.946556091,cam0/1710255836.946556041.jpg,4644,1710255836.946556091,0.000000000
3585,1710255836.996555567,cam0/1710255836.996555541.jpg,4645,1710255836.996555567,0.000000000
3586,1710255837.046555042,cam0/1710255837.046555041.jpg,4646,1710255837.046555042,0.000000000
3587,1710255837.096554756,cam0/1710255837.096554641.jpg,4647,1710255837.096554756,0.000000000
3588,1710255837.146554232,cam0/1710255837.146554141.jpg,4648,1710255837.146554232,0.000000000
3589,1710255837.196553707,cam0/1710255837.196553741.jpg,4650,1710255837.196553707,0.000000000
3590,1710255837.246553421,cam0/1710255837.246553341.jpg,4651,1710255837.246553421,0.000000000
3591,1710255837.296552896,cam0/1710255837.296552841.jpg,4652,1710255837.296552896,0.000000000
3592,1710255837.346552372,cam0/1710255837.346552341.jpg,4653,1710255837.346552372,0.000000000
3593,1710255837.396551847,cam0/1710255837.396551941.jpg,4654,1710255837.396551847,0.000000000
3594,1710255837.446551323,cam0/1710255837.446551441.jpg,4655,1710255837.446551323,0.000000000
3595,1710255837.496551037,cam0/1710255837.496550941.jpg,4656,1710255837.496551037,0.000000000
3596,1710255837.546550512,cam0/1710255837.546550541.jpg,4657,1710255837.546550512,0.000000000
3597,1710255837.596549988,cam0/1710255837.596550041.jpg,4658,1710255837.596549988,0.000000000
3598,1710255837.646549463,cam0/1710255837.646549541.jpg,4659,1710255837.646549463,0.000000000
3599,1710255837.696549177,cam0/1710255837.696549241.jpg,4661,1710255837.696549177,0.000000000
3600,1710255837.746548653,cam0/1710255837.746548741.jpg,4662,1710255837.746548653,0.000000000
3601,1710255837.796548128,cam0/1710255837.796548241.jpg,4663,1710255837.796548128,0.000000000
3602,1710255837.846547842,cam0/1710255837.846547841.jpg,4664,1710255837.846547842,0.000000000
3603,1710255837.896547318,cam0/1710255837.896547341.jpg,4666,1710255837.896547318,0.000000000
3604,1710255837.946546793,cam0/1710255837.946546841.jpg,4667,1710255837.946546793,0.000000000
3605,1710255837.996546507,cam0/1710255837.996546441.jpg,4669,1710255837.996546507,0.000000000
3606,1710255838.046545982,cam0/1710255838.046545941.jpg,4670,1710255838.046545982,0.000000000
3607,1710255838.096545458,cam0/1710255838.096545441.jpg,4672,1710255838.096545458,0.000000000
3608,1710255838.146544933,cam0/1710255838.146545041.jpg,4673,1710255838.146544933,0.000000000
3609,1710255838.196544647,cam0/1710255838.196544641.jpg,4675,1710255838.196544647,0.000000000
3610,1710255838.246544123,cam0/1710255838.246544141.jpg,4676,1710255838.246544123,0.000000000
3611,1710255838.296543837,cam0/1710255838.296543741.jpg,4678,1710255838.296543837,0.000000000
3612,1710255838.346543312,cam0/1710255838.346543241.jpg,4679,1710255838.346543312,0.000000000
3613,1710255838.396542788,cam0/1710255838.396542741.jpg,4680,1710255838.396542788,0.000000000
3614,1710255838.446542263,cam0/1710255838.446542241.jpg,4681,1710255838.446542263,0.000000000
3615,1710255838.496541739,cam0/1710255838.496541841.jpg,4683,1710255838.496541739,0.000000000
3616,1710255838.546541452,cam0/1710255838.546541341.jpg,4684,1710255838.546541452,0.000000000
3617,1710255838.596540928,cam0/1710255838.596540841.jpg,4686,1710255838.596540928,0.000000000
3618,1710255838.646540403,cam0/1710255838.646540441.jpg,4687,1710255838.646540403,0.000000000
3619,1710255838.696540117,cam0/1710255838.696540041.jpg,4689,1710255838.696540117,0.000000000
3620,1710255838.746539593,cam0/1710255838.746539541.jpg,4690,1710255838.746539593,0.000000000
3621,1710255838.796539068,cam0/1710255838.796539141.jpg,4692,1710255838.796539068,0.000000000
3622,1710255838.846538544,cam0/1710255838.846538641.jpg,4693,1710255838.846538544,0.000000000
3623,1710255838.896538258,cam0/1710255838.896538141.jpg,4695,1710255838.896538258,0.000000000
3624,1710255838.946537733,cam0/1710255838.946537741.jpg,4696,1710255838.946537733,0.000000000
3625,1710255838.996537209,cam0/1710255838.996537241.jpg,4697,1710255838.996537209,0.000000000
3626,1710255839.046536684,cam0/1710255839.046536741.jpg,4698,1710255839.046536684,0.000000000
3627,1710255839.096536398,cam0/1710255839.096536341.jpg,4699,1710255839.096536398,0.000000000
3628,1710255839.146535873,cam0/1710255839.146535841.jpg,4700,1710255839.146535873,0.000000000
3629,1710255839.196535349,cam0/1710255839.196535441.jpg,4702,1710255839.196535349,0.000000000
3630,1710255839.246535063,cam0/1710255839.246535041.jpg,4703,1710255839.246535063,0.000000000
3631,1710255839.296534538,cam0/1710255839.296534541.jpg,4705,1710255839.296534538,0.000000000
3632,1710255839.346534014,cam0/1710255839.346534041.jpg,4706,1710255839.346534014,0.000000000
3633,1710255839.396533728,cam0/1710255839.396533641.jpg,4708,1710255839.396533728,0.000000000
3634,1710255839.446533203,cam0/1710255839.446533141.jpg,4709,1710255839.446533203,0.000000000
3635,1710255839.496532679,cam0/1710255839.496532641.jpg,4710,1710255839.496532679,0.000000000
3636,1710255839.546532154,cam0/1710255839.546532241.jpg,4711,1710255839.546532154,0.000000000
3637,1710255839.596531630,cam0/1710255839.596531741.jpg,4713,1710255839.596531630,0.000000000
3638,1710255839.646531343,cam0/1710255839.646531241.jpg,4714,1710255839.646531343,0.000000000
3639,1710255839.696531057,cam0/1710255839.696530941.jpg,4716,1710255839.696531057,0.000000000
3640,1710255839.746530533,cam0/1710255839.746530441.jpg,4717,1710255839.746530533,0.000000000
3641,1710255839.796530008,cam0/1710255839.796529941.jpg,4718,1710255839.796530008,0.000000000
3642,1710255839.846529484,cam0/1710255839.846529541.jpg,4719,1710255839.846529484,0.000000000
3643,1710255839.946528435,cam0/1710255839.946528541.jpg,4721,1710255839.946528435,0.000000000
3644,1710255839.996528149,cam0/1710255839.996528141.jpg,4723,1710255839.996528149,0.000000000
3645,1710255840.046527624,cam0/1710255840.046527641.jpg,4724,1710255840.046527624,0.000000000
3646,1710255840.096527100,cam0/1710255840.096527141.jpg,4725,1710255840.096527100,0.000000000
3647,1710255840.146526814,cam0/1710255840.146526741.jpg,4726,1710255840.146526814,0.000000000
3648,1710255840.196526289,cam0/1710255840.196526341.jpg,4728,1710255840.196526289,0.000000000
3649,1710255840.246522903,cam0/1710255840.246522852.jpg,4729,1710255840.246522903,0.000000000
3650,1710255840.296522379,cam0/1710255840.296522452.jpg,4731,1710255840.296522379,0.000000000
3651,1710255840.346521854,cam0/1710255840.346521952.jpg,4732,1710255840.346521854,0.000000000
3652,1710255840.396521568,cam0/1710255840.396521452.jpg,4734,1710255840.396521568,0.000000000
3653,1710255840.446521044,cam0/1710255840.446521052.jpg,4735,1710255840.446521044,0.000000000
3654,1710255840.496520519,cam0/1710255840.496520552.jpg,4737,1710255840.496520519,0.000000000
3655,1710255840.546519995,cam0/1710255840.546520052.jpg,4738,1710255840.546519995,0.000000000
3656,1710255840.596519470,cam0/1710255840.596519552.jpg,4740,1710255840.596519470,0.000000000
3657,1710255840.646519184,cam0/1710255840.646519152.jpg,4741,1710255840.646519184,0.000000000
3658,1710255840.696518660,cam0/1710255840.696518752.jpg,4743,1710255840.696518660,0.000000000
3659,1710255840.746518135,cam0/1710255840.746518252.jpg,4744,1710255840.746518135,0.000000000
3660,1710255840.796517849,cam0/1710255840.796517852.jpg,4746,1710255840.796517849,0.000000000
3661,1710255840.846517324,cam0/1710255840.846517352.jpg,4747,1710255840.846517324,0.000000000
3662,1710255840.896516800,cam0/1710255840.896516852.jpg,4749,1710255840.896516800,0.000000000
3663,1710255840.946516514,cam0/1710255840.946516452.jpg,4750,1710255840.946516514,0.000000000
3664,1710255840.996515989,cam0/1710255840.996515952.jpg,4752,1710255840.996515989,0.000000000
3665,1710255841.046515465,cam0/1710255841.046515452.jpg,4753,1710255841.046515465,0.000000000
3666,1710255841.096514940,cam0/1710255841.096515052.jpg,4755,1710255841.096514940,0.000000000
3667,1710255841.146514654,cam0/1710255841.146514552.jpg,4756,1710255841.146514654,0.000000000
3668,1710255841.196514130,cam0/1710255841.196514152.jpg,4758,1710255841.196514130,0.000000000
3669,1710255841.246513844,cam0/1710255841.246513752.jpg,4759,1710255841.246513844,0.000000000
3670,1710255841.296513319,cam0/1710255841.296513252.jpg,4761,1710255841.296513319,0.000000000
3671,1710255841.346512794,cam0/1710255841.346512752.jpg,4762,1710255841.346512794,0.000000000
3672,1710255841.396512270,cam0/1710255841.396512352.jpg,4764,1710255841.396512270,0.000000000
3673,1710255841.446511745,cam0/1710255841.446511852.jpg,4765,1710255841.446511745,0.000000000
3674,1710255841.496511459,cam0/1710255841.496511352.jpg,4767,1710255841.496511459,0.000000000
3675,1710255841.546510935,cam0/1710255841.546510952.jpg,4768,1710255841.546510935,0.000000000
3676,1710255841.596510410,cam0/1710255841.596510452.jpg,4770,1710255841.596510410,0.000000000
3677,1710255841.646509886,cam0/1710255841.646509952.jpg,4771,1710255841.646509886,0.000000000
3678,1710255841.696509600,cam0/1710255841.696509652.jpg,4773,1710255841.696509600,0.000000000
3679,1710255841.746509075,cam0/1710255841.746509152.jpg,4774,1710255841.746509075,0.000000000
3680,1710255841.796508551,cam0/1710255841.796508652.jpg,4776,1710255841.796508551,0.000000000
3681,1710255841.846508265,cam0/1710255841.846508252.jpg,4777,1710255841.846508265,0.000000000
3682,1710255841.896507740,cam0/1710255841.896507752.jpg,4779,1710255841.896507740,0.000000000
3683,1710255841.946507215,cam0/1710255841.946507252.jpg,4780,1710255841.946507215,0.000000000
3684,1710255841.996506929,cam0/1710255841.996506852.jpg,4782,1710255841.996506929,0.000000000
3685,1710255842.046506405,cam0/1710255842.046506352.jpg,4783,1710255842.046506405,0.000000000
3686,1710255842.096505880,cam0/1710255842.096505852.jpg,4785,1710255842.096505880,0.000000000
3687,1710255842.146505356,cam0/1710255842.146505452.jpg,4786,1710255842.146505356,0.000000000
3688,1710255842.196505070,cam0/1710255842.196505052.jpg,4788,1710255842.196505070,0.000000000
3689,1710255842.246504545,cam0/1710255842.246504552.jpg,4789,1710255842.246504545,0.000000000
3690,1710255842.296504259,cam0/1710255842.296504152.jpg,4791,1710255842.296504259,0.000000000
3691,1710255842.346503735,cam0/1710255842.346503652.jpg,4792,1710255842.346503735,0.000000000
3692,1710255842.396503210,cam0/1710255842.396503152.jpg,4794,1710255842.396503210,0.000000000
3693,1710255842.446502686,cam0/1710255842.446502752.jpg,4795,1710255842.446502686,0.000000000
3694,1710255842.496502161,cam0/1710255842.496502252.jpg,4797,1710255842.496502161,0.000000000
3695,1710255842.546501637,cam0/1710255842.546501752.jpg,4798,1710255842.546501637,0.000000000
3696,1710255842.596501350,cam0/1710255842.596501352.jpg,4800,1710255842.596501350,0.000000000
3697,1710255842.646500826,cam0/1710255842.646500852.jpg,4801,1710255842.646500826,0.000000000
3698,1710255842.696500540,cam0/1710255842.696500452.jpg,4803,1710255842.696500540,0.000000000
3699,1710255842.746500015,cam0/1710255842.746499952.jpg,4804,1710255842.746500015,0.000000000
3700,1710255842.796499491,cam0/1710255842.796499552.jpg,4806,1710255842.796499491,0.000000000
3701,1710255842.846498966,cam0/1710255842.846499052.jpg,4807,1710255842.846498966,0.000000000
3702,1710255842.896498442,cam0/1710255842.896498552.jpg,4809,1710255842.896498442,0.000000000
3703,1710255842.946498156,cam0/1710255842.946498152.jpg,4810,1710255842.946498156,0.000000000
3704,1710255842.996497631,cam0/1710255842.996497652.jpg,4812,1710255842.996497631,0.000000000
3705,1710255843.046497107,cam0/1710255843.046497152.jpg,4813,1710255843.046497107,0.000000000
3706,1710255843.096496820,cam0/1710255843.096496752.jpg,4815,1710255843.096496820,0.000000000
3707,1710255843.146496296,cam0/1710255843.146496252.jpg,4816,1710255843.146496296,0.000000000
3708,1710255843.196495771,cam0/1710255843.196495852.jpg,4818,1710255843.196495771,0.000000000
3709,1710255843.246495485,cam0/1710255843.246495452.jpg,4819,1710255843.246495485,0.000000000
3710,1710255843.296494961,cam0/1710255843.296494952.jpg,4821,1710255843.296494961,0.000000000
3711,1710255843.346494436,cam0/1710255843.346494452.jpg,4822,1710255843.346494436,0.000000000
3712,1710255843.396494150,cam0/1710255843.396494052.jpg,4824,1710255843.396494150,0.000000000
3713,1710255843.446493626,cam0/1710255843.446493552.jpg,4825,1710255843.446493626,0.000000000
3714,1710255843.496493101,cam0/1710255843.496493052.jpg,4827,1710255843.496493101,0.000000000
3715,1710255843.546492577,cam0/1710255843.546492652.jpg,4828,1710255843.546492577,0.000000000
3716,1710255843.596492052,cam0/1710255843.596492152.jpg,4830,1710255843.596492052,0.000000000
3717,1710255843.646491766,cam0/1710255843.646491652.jpg,4831,1710255843.646491766,0.000000000
3718,1710255843.696491241,cam0/1710255843.696491352.jpg,4833,1710255843.696491241,0.000000000
3719,1710255843.746490955,cam0/1710255843.746490852.jpg,4834,1710255843.746490955,0.000000000
3720,1710255843.796490431,cam0/1710255843.796490352.jpg,4836,1710255843.796490431,0.000000000
3721,1710255843.846489906,cam0/1710255843.846489952.jpg,4837,1710255843.846489906,0.000000000
3722,1710255843.896489382,cam0/1710255843.896489452.jpg,4839,1710255843.896489382,0.000000000
3723,1710255843.946488857,cam0/1710255843.946488952.jpg,4840,1710255843.946488857,0.000000000
3724,1710255843.996488571,cam0/1710255843.996488552.jpg,4842,1710255843.996488571,0.000000000
3725,1710255844.046488047,cam0/1710255844.046488052.jpg,4843,1710255844.046488047,0.000000000
3726,1710255844.096487522,cam0/1710255844.096487552.jpg,4845,1710255844.096487522,0.000000000
3727,1710255844.146487236,cam0/1710255844.146487152.jpg,4846,1710255844.146487236,0.000000000
3728,1710255844.196486712,cam0/1710255844.196486752.jpg,4848,1710255844.196486712,0.000000000
3729,1710255844.246481180,cam0/1710255844.246481163.jpg,4849,1710255844.246481180,0.000000000
3730,1710255844.296480656,cam0/1710255844.296480663.jpg,4851,1710255844.296480656,0.000000000
3731,1710255844.346480131,cam0/1710255844.346480063.jpg,4852,1710255844.346480131,0.000000000
3732,1710255844.396479607,cam0/1710255844.396479563.jpg,4854,1710255844.396479607,0.000000000
3733,1710255844.446479082,cam0/1710255844.446479063.jpg,4855,1710255844.446479082,0.000000000
3734,1710255844.496478558,cam0/1710255844.496478563.jpg,4857,1710255844.496478558,0.000000000
3735,1710255844.546478033,cam0/1710255844.546478063.jpg,4858,1710255844.546478033,0.000000000
3736,1710255844.596477509,cam0/1710255844.596477563.jpg,4860,1710255844.596477509,0.000000000
3737,1710255844.646476984,cam0/1710255844.646477063.jpg,4861,1710255844.646476984,0.000000000
3738,1710255844.696476698,cam0/1710255844.696476663.jpg,4863,1710255844.696476698,0.000000000
3739,1710255844.746476173,cam0/1710255844.746476163.jpg,4864,1710255844.746476173,0.000000000
3740,1710255844.796475649,cam0/1710255844.796475663.jpg,4866,1710255844.796475649,0.000000000
3741,1710255844.846475124,cam0/1710255844.846475063.jpg,4867,1710255844.846475124,0.000000000
3742,1710255844.896474600,cam0/1710255844.896474563.jpg,4869,1710255844.896474600,0.000000000
3743,1710255844.946474075,cam0/1710255844.946474063.jpg,4870,1710255844.946474075,0.000000000
3744,1710255844.996473551,cam0/1710255844.996473563.jpg,4872,1710255844.996473551,0.000000000
3745,1710255845.046473026,cam0/1710255845.046473063.jpg,4873,1710255845.046473026,0.000000000
3746,1710255845.096472502,cam0/1710255845.096472563.jpg,4875,1710255845.096472502,0.000000000
3747,1710255845.146471977,cam0/1710255845.146472063.jpg,4876,1710255845.146471977,0.000000000
3748,1710255845.196471691,cam0/1710255845.196471663.jpg,4878,1710255845.196471691,0.000000000
3749,1710255845.246471167,cam0/1710255845.246471163.jpg,4879,1710255845.246471167,0.000000000
3750,1710255845.296470642,cam0/1710255845.296470663.jpg,4881,1710255845.296470642,0.000000000
3751,1710255845.346470118,cam0/1710255845.346470063.jpg,4882,1710255845.346470118,0.000000000
3752,1710255845.396469593,cam0/1710255845.396469563.jpg,4884,1710255845.396469593,0.000000000
3753,1710255845.446469069,cam0/1710255845.446469063.jpg,4885,1710255845.446469069,0.000000000
3754,1710255845.496468544,cam0/1710255845.496468563.jpg,4887,1710255845.496468544,0.000000000
3755,1710255845.546468019,cam0/1710255845.546468063.jpg,4888,1710255845.546468019,0.000000000
3756,1710255845.596467495,cam0/1710255845.596467563.jpg,4890,1710255845.596467495,0.000000000
3757,1710255845.646466970,cam0/1710255845.646467063.jpg,4891,1710255845.646466970,0.000000000
3758,1710255845.696466684,cam0/1710255845.696466663.jpg,4893,1710255845.696466684,0.000000000
3759,1710255845.746466160,cam0/1710255845.746466163.jpg,4894,1710255845.746466160,0.000000000
3760,1710255845.796465635,cam0/1710255845.796465663.jpg,4896,1710255845.796465635,0.000000000
3761,1710255845.846465111,cam0/1710255845.846465063.jpg,4897,1710255845.846465111,0.000000000
3762,1710255845.896464586,cam0/1710255845.896464563.jpg,4899,1710255845.896464586,0.000000000
3763,1710255845.946464062,cam0/1710255845.946464063.jpg,4900,1710255845.946464062,0.000000000
3764,1710255845.996463537,cam0/1710255845.996463563.jpg,4902,1710255845.996463537,0.000000000
3765,1710255846.046463013,cam0/1710255846.046463063.jpg,4903,1710255846.046463013,0.000000000
3766,1710255846.096462488,cam0/1710255846.096462563.jpg,4905,1710255846.096462488,0.000000000
3767,1710255846.146461964,cam0/1710255846.146462063.jpg,4906,1710255846.146461964,0.000000000
3768,1710255846.196461678,cam0/1710255846.196461663.jpg,4908,1710255846.196461678,0.000000000
3769,1710255846.246461153,cam0/1710255846.246461163.jpg,4909,1710255846.246461153,0.000000000
3770,1710255846.296460629,cam0/1710255846.296460663.jpg,4911,1710255846.296460629,0.000000000
3771,1710255846.346460104,cam0/1710255846.346460163.jpg,4912,1710255846.346460104,0.000000000
3772,1710255846.396459579,cam0/1710255846.396459563.jpg,4914,1710255846.396459579,0.000000000
3773,1710255846.446459055,cam0/1710255846.446459063.jpg,4915,1710255846.446459055,0.000000000
3774,1710255846.496458530,cam0/1710255846.496458563.jpg,4917,1710255846.496458530,0.000000000
3775,1710255846.546458006,cam0/1710255846.546458063.jpg,4918,1710255846.546458006,0.000000000
3776,1710255846.596457481,cam0/1710255846.596457563.jpg,4920,1710255846.596457481,0.000000000
3777,1710255846.646456957,cam0/1710255846.646457063.jpg,4921,1710255846.646456957,0.000000000
3778,1710255846.696456671,cam0/1710255846.696456663.jpg,4923,1710255846.696456671,0.000000000
3779,1710255846.746456146,cam0/1710255846.746456163.jpg,4924,1710255846.746456146,0.000000000
3780,1710255846.796455622,cam0/1710255846.796455663.jpg,4926,1710255846.796455622,0.000000000
3781,1710255846.846455097,cam0/1710255846.846455163.jpg,4927,1710255846.846455097,0.000000000
3782,1710255846.896454573,cam0/1710255846.896454563.jpg,4929,1710255846.896454573,0.000000000
3783,1710255846.946454048,cam0/1710255846.946454063.jpg,4930,1710255846.946454048,0.000000000
3784,1710255846.996453524,cam0/1710255846.996453563.jpg,4932,1710255846.996453524,0.000000000
3785,1710255847.046452999,cam0/1710255847.046453063.jpg,4933,1710255847.046452999,0.000000000
3786,1710255847.096452475,cam0/1710255847.096452563.jpg,4935,1710255847.096452475,0.000000000
3787,1710255847.146451950,cam0/1710255847.146452063.jpg,4936,1710255847.146451950,0.000000000
3788,1710255847.196451664,cam0/1710255847.196451663.jpg,4938,1710255847.196451664,0.000000000
3789,1710255847.246451139,cam0/1710255847.246451163.jpg,4939,1710255847.246451139,0.000000000
3790,1710255847.296450615,cam0/1710255847.296450663.jpg,4941,1710255847.296450615,0.000000000
3791,1710255847.346450090,cam0/1710255847.346450163.jpg,4942,1710255847.346450090,0.000000000
3792,1710255847.396449566,cam0/1710255847.396449563.jpg,4944,1710255847.396449566,0.000000000
3793,1710255847.446449041,cam0/1710255847.446449063.jpg,4945,1710255847.446449041,0.000000000
3794,1710255847.496448517,cam0/1710255847.496448563.jpg,4947,1710255847.496448517,0.000000000
3795,1710255847.546447992,cam0/1710255847.546448063.jpg,4948,1710255847.546447992,0.000000000
3796,1710255847.596447468,cam0/1710255847.596447563.jpg,4950,1710255847.596447468,0.000000000
3797,1710255847.646447182,cam0/1710255847.646447063.jpg,4951,1710255847.646447182,0.000000000
3798,1710255847.696446657,cam0/1710255847.696446663.jpg,4953,1710255847.696446657,0.000000000
3799,1710255847.746446133,cam0/1710255847.746446163.jpg,4954,1710255847.746446133,0.000000000
3800,1710255847.796445608,cam0/1710255847.796445663.jpg,4956,1710255847.796445608,0.000000000
3801,1710255847.846445084,cam0/1710255847.846445163.jpg,4957,1710255847.846445084,0.000000000
3802,1710255847.896444559,cam0/1710255847.896444563.jpg,4958,1710255847.896444559,0.000000000
3803,1710255847.946444035,cam0/1710255847.946444063.jpg,4959,1710255847.946444035,0.000000000
3804,1710255847.996443510,cam0/1710255847.996443563.jpg,4960,1710255847.996443510,0.000000000
3805,1710255848.046442986,cam0/1710255848.046443063.jpg,4961,1710255848.046442986,0.000000000
3806,1710255848.096442461,cam0/1710255848.096442563.jpg,4962,1710255848.096442461,0.000000000
3807,1710255848.146442175,cam0/1710255848.146442063.jpg,4963,1710255848.146442175,0.000000000
3808,1710255848.196441650,cam0/1710255848.196441663.jpg,4964,1710255848.196441650,0.000000000
3809,1710255848.246441126,cam0/1710255848.246441163.jpg,4965,1710255848.246441126,0.000000000
3810,1710255848.296440601,cam0/1710255848.296440663.jpg,4966,1710255848.296440601,0.000000000
3811,1710255848.346440077,cam0/1710255848.346440163.jpg,4967,1710255848.346440077,0.000000000
3812,1710255848.396439552,cam0/1710255848.396439663.jpg,4968,1710255848.396439552,0.000000000
3813,1710255848.446439028,cam0/1710255848.446439063.jpg,4969,1710255848.446439028,0.000000000
3814,1710255848.496438503,cam0/1710255848.496438563.jpg,4970,1710255848.496438503,0.000000000
3815,1710255848.546437979,cam0/1710255848.546438063.jpg,4971,1710255848.546437979,0.000000000
3816,1710255848.596437454,cam0/1710255848.596437563.jpg,4972,1710255848.596437454,0.000000000
3817,1710255848.646437168,cam0/1710255848.646437063.jpg,4973,1710255848.646437168,0.000000000
3818,1710255848.696436644,cam0/1710255848.696436663.jpg,4974,1710255848.696436644,0.000000000
3819,1710255848.746436119,cam0/1710255848.746436163.jpg,4975,1710255848.746436119,0.000000000
3820,1710255848.796435595,cam0/1710255848.796435663.jpg,4976,1710255848.796435595,0.000000000
3821,1710255848.846435070,cam0/1710255848.846435163.jpg,4977,1710255848.846435070,0.000000000
3822,1710255848.896434546,cam0/1710255848.896434663.jpg,4978,1710255848.896434546,0.000000000
3823,1710255848.946434021,cam0/1710255848.946434063.jpg,4979,1710255848.946434021,0.000000000
3824,1710255848.996433496,cam0/1710255848.996433563.jpg,4980,1710255848.996433496,0.000000000
3825,1710255849.046432972,cam0/1710255849.046433063.jpg,4981,1710255849.046432972,0.000000000
3826,1710255849.096432447,cam0/1710255849.096432563.jpg,4982,1710255849.096432447,0.000000000
3827,1710255849.146432161,cam0/1710255849.146432063.jpg,4983,1710255849.146432161,0.000000000
3828,1710255849.196431637,cam0/1710255849.196431663.jpg,4984,1710255849.196431637,0.000000000
3829,1710255849.246431112,cam0/1710255849.246431163.jpg,4985,1710255849.246431112,0.000000000
3830,1710255849.296430588,cam0/1710255849.296430663.jpg,4986,1710255849.296430588,0.000000000
3831,1710255849.346430063,cam0/1710255849.346430163.jpg,4987,1710255849.346430063,0.000000000
3832,1710255849.396429777,cam0/1710255849.396429663.jpg,4988,1710255849.396429777,0.000000000
3833,1710255849.446429014,cam0/1710255849.446429063.jpg,4989,1710255849.446429014,0.000000000
3834,1710255849.496428490,cam0/1710255849.496428563.jpg,4990,1710255849.496428490,0.000000000
3835,1710255849.546427965,cam0/1710255849.546428063.jpg,4991,1710255849.546427965,0.000000000
3836,1710255849.596427679,cam0/1710255849.596427563.jpg,4992,1710255849.596427679,0.000000000
3837,1710255849.646427155,cam0/1710255849.646427063.jpg,4993,1710255849.646427155,0.000000000
3838,1710255849.696426630,cam0/1710255849.696426663.jpg,4994,1710255849.696426630,0.000000000
3839,1710255849.746426105,cam0/1710255849.746426163.jpg,4995,1710255849.746426105,0.000000000
3840,1710255849.796425581,cam0/1710255849.796425663.jpg,4996,1710255849.796425581,0.000000000
3841,1710255849.846425056,cam0/1710255849.846425163.jpg,4997,1710255849.846425056,0.000000000
3842,1710255849.896424770,cam0/1710255849.896424663.jpg,4998,1710255849.896424770,0.000000000
3843,1710255849.946424007,cam0/1710255849.946424063.jpg,4999,1710255849.946424007,0.000000000
3844,1710255849.996423483,cam0/1710255849.996423563.jpg,5000,1710255849.996423483,0.000000000
3845,1710255850.046422958,cam0/1710255850.046423063.jpg,5001,1710255850.046422958,0.000000000
3846,1710255850.096422672,cam0/1710255850.096422563.jpg,5002,1710255850.096422672,0.000000000
3847,1710255850.146422148,cam0/1710255850.146422063.jpg,5003,1710255850.146422148,0.000000000
3848,1710255850.196421623,cam0/1710255850.196421663.jpg,5004,1710255850.196421623,0.000000000
3849,1710255850.246418476,cam0/1710255850.246418393.jpg,5005,1710255850.246418476,0.000000000
3850,1710255850.296417952,cam0/1710255850.296417893.jpg,5006,1710255850.296417952,0.000000000
3851,1710255850.346417427,cam0/1710255850.346417393.jpg,5007,1710255850.346417427,0.000000000
3852,1710255850.396416903,cam0/1710255850.396416893.jpg,5008,1710255850.396416903,0.000000000
3853,1710255850.446416378,cam0/1710255850.446416393.jpg,5009,1710255850.446416378,0.000000000
3854,1710255850.496415854,cam0/1710255850.496415793.jpg,5010,1710255850.496415854,0.000000000
3855,1710255850.546415329,cam0/1710255850.546415293.jpg,5011,1710255850.546415329,0.000000000
3856,1710255850.596414804,cam0/1710255850.596414793.jpg,5012,1710255850.596414804,0.000000000
3857,1710255850.646414280,cam0/1710255850.646414293.jpg,5013,1710255850.646414280,0.000000000
3858,1710255850.696413994,cam0/1710255850.696413893.jpg,5014,1710255850.696413994,0.000000000
3859,1710255850.746413469,cam0/1710255850.746413393.jpg,5015,1710255850.746413469,0.000000000
3860,1710255850.796412945,cam0/1710255850.796412893.jpg,5016,1710255850.796412945,0.000000000
3861,1710255850.846412420,cam0/1710255850.846412393.jpg,5017,1710255850.846412420,0.000000000
3862,1710255850.896411896,cam0/1710255850.896411893.jpg,5018,1710255850.896411896,0.000000000
3863,1710255850.946411371,cam0/1710255850.946411393.jpg,5019,1710255850.946411371,0.000000000
3864,1710255850.996410847,cam0/1710255850.996410793.jpg,5020,1710255850.996410847,0.000000000
3865,1710255851.046410322,cam0/1710255851.046410293.jpg,5021,1710255851.046410322,0.000000000
3866,1710255851.096409798,cam0/1710255851.096409793.jpg,5022,1710255851.096409798,0.000000000
3867,1710255851.146409273,cam0/1710255851.146409293.jpg,5023,1710255851.146409273,0.000000000
3868,1710255851.196408987,cam0/1710255851.196408893.jpg,5024,1710255851.196408987,0.000000000
3869,1710255851.246408463,cam0/1710255851.246408393.jpg,5025,1710255851.246408463,0.000000000
3870,1710255851.296407938,cam0/1710255851.296407893.jpg,5026,1710255851.296407938,0.000000000
3871,1710255851.346407413,cam0/1710255851.346407393.jpg,5027,1710255851.346407413,0.000000000
3872,1710255851.396406889,cam0/1710255851.396406893.jpg,5028,1710255851.396406889,0.000000000
3873,1710255851.446406364,cam0/1710255851.446406393.jpg,5029,1710255851.446406364,0.000000000
3874,1710255851.496405840,cam0/1710255851.496405793.jpg,5030,1710255851.496405840,0.000000000
3875,1710255851.546405315,cam0/1710255851.546405293.jpg,5031,1710255851.546405315,0.000000000
3876,1710255851.596404791,cam0/1710255851.596404793.jpg,5032,1710255851.596404791,0.000000000
3877,1710255851.646404266,cam0/1710255851.646404293.jpg,5033,1710255851.646404266,0.000000000
3878,1710255851.696403980,cam0/1710255851.696403893.jpg,5034,1710255851.696403980,0.000000000
3879,1710255851.746403456,cam0/1710255851.746403393.jpg,5035,1710255851.746403456,0.000000000
3880,1710255851.796402931,cam0/1710255851.796402893.jpg,5036,1710255851.796402931,0.000000000
3881,1710255851.846402407,cam0/1710255851.846402393.jpg,5037,1710255851.846402407,0.000000000
3882,1710255851.896401882,cam0/1710255851.896401893.jpg,5038,1710255851.896401882,0.000000000
3883,1710255851.946401358,cam0/1710255851.946401393.jpg,5039,1710255851.946401358,0.000000000
3884,1710255851.996400833,cam0/1710255851.996400793.jpg,5040,1710255851.996400833,0.000000000
3885,1710255852.046400309,cam0/1710255852.046400293.jpg,5041,1710255852.046400309,0.000000000
3886,1710255852.096399784,cam0/1710255852.096399793.jpg,5042,1710255852.096399784,0.000000000
3887,1710255852.146399260,cam0/1710255852.146399293.jpg,5043,1710255852.146399260,0.000000000
3888,1710255852.196398973,cam0/1710255852.196398893.jpg,5044,1710255852.196398973,0.000000000
3889,1710255852.246398449,cam0/1710255852.246398393.jpg,5045,1710255852.246398449,0.000000000
3890,1710255852.296397924,cam0/1710255852.296397893.jpg,5046,1710255852.296397924,0.000000000
3891,1710255852.346397400,cam0/1710255852.346397393.jpg,5047,1710255852.346397400,0.000000000
3892,1710255852.396396875,cam0/1710255852.396396893.jpg,5048,1710255852.396396875,0.000000000
3893,1710255852.446396351,cam0/1710255852.446396393.jpg,5049,1710255852.446396351,0.000000000
3894,1710255852.496395826,cam0/1710255852.496395893.jpg,5050,1710255852.496395826,0.000000000
3895,1710255852.546395302,cam0/1710255852.546395293.jpg,5051,1710255852.546395302,0.000000000
3896,1710255852.596394777,cam0/1710255852.596394793.jpg,5052,1710255852.596394777,0.000000000
3897,1710255852.646394253,cam0/1710255852.646394293.jpg,5053,1710255852.646394253,0.000000000
3898,1710255852.696393967,cam0/1710255852.696393893.jpg,5054,1710255852.696393967,0.000000000
3899,1710255852.746393442,cam0/1710255852.746393393.jpg,5055,1710255852.746393442,0.000000000
3900,1710255852.796392918,cam0/1710255852.796392893.jpg,5056,1710255852.796392918,0.000000000
3901,1710255852.846392393,cam0/1710255852.846392393.jpg,5057,1710255852.846392393,0.000000000
3902,1710255852.896391869,cam0/1710255852.896391893.jpg,5058,1710255852.896391869,0.000000000
3903,1710255852.946391344,cam0/1710255852.946391393.jpg,5059,1710255852.946391344,0.000000000
3904,1710255852.996390820,cam0/1710255852.996390893.jpg,5060,1710255852.996390820,0.000000000
3905,1710255853.046390295,cam0/1710255853.046390293.jpg,5061,1710255853.046390295,0.000000000
3906,1710255853.096389771,cam0/1710255853.096389793.jpg,5062,1710255853.096389771,0.000000000
3907,1710255853.146389246,cam0/1710255853.146389293.jpg,5063,1710255853.146389246,0.000000000
3908,1710255853.196388960,cam0/1710255853.196388893.jpg,5064,1710255853.196388960,0.000000000
3909,1710255853.246388435,cam0/1710255853.246388393.jpg,5065,1710255853.246388435,0.000000000
3910,1710255853.296387911,cam0/1710255853.296387893.jpg,5066,1710255853.296387911,0.000000000
3911,1710255853.346387386,cam0/1710255853.346387393.jpg,5067,1710255853.346387386,0.000000000
3912,1710255853.396386862,cam0/1710255853.396386893.jpg,5068,1710255853.396386862,0.000000000
3913,1710255853.446386337,cam0/1710255853.446386393.jpg,5069,1710255853.446386337,0.000000000
3914,1710255853.496385813,cam0/1710255853.496385893.jpg,5070,1710255853.496385813,0.000000000
3915,1710255853.546385288,cam0/1710255853.546385293.jpg,5071,1710255853.546385288,0.000000000
3916,1710255853.596384764,cam0/1710255853.596384793.jpg,5072,1710255853.596384764,0.000000000
3917,1710255853.646384239,cam0/1710255853.646384293.jpg,5073,1710255853.646384239,0.000000000
3918,1710255853.696383953,cam0/1710255853.696383893.jpg,5074,1710255853.696383953,0.000000000
3919,1710255853.746383429,cam0/1710255853.746383393.jpg,5075,1710255853.746383429,0.000000000
3920,1710255853.796382904,cam0/1710255853.796382893.jpg,5076,1710255853.796382904,0.000000000
3921,1710255853.846382380,cam0/1710255853.846382393.jpg,5077,1710255853.846382380,0.000000000
3922,1710255853.896381855,cam0/1710255853.896381893.jpg,5078,1710255853.896381855,0.000000000
3923,1710255853.946381330,cam0/1710255853.946381393.jpg,5079,1710255853.946381330,0.000000000
3924,1710255853.996380806,cam0/1710255853.996380893.jpg,5080,1710255853.996380806,0.000000000
3925,1710255854.046380281,cam0/1710255854.046380293.jpg,5081,1710255854.046380281,0.000000000
3926,1710255854.096379757,cam0/1710255854.096379793.jpg,5082,1710255854.096379757,0.000000000
3927,1710255854.146379232,cam0/1710255854.146379293.jpg,5083,1710255854.146379232,0.000000000
3928,1710255854.196378946,cam0/1710255854.196378893.jpg,5084,1710255854.196378946,0.000000000
3929,1710255854.246378422,cam0/1710255854.246378393.jpg,5085,1710255854.246378422,0.000000000
3930,1710255854.296377897,cam0/1710255854.296377893.jpg,5086,1710255854.296377897,0.000000000
3931,1710255854.346377373,cam0/1710255854.346377393.jpg,5087,1710255854.346377373,0.000000000
3932,1710255854.396376848,cam0/1710255854.396376893.jpg,5088,1710255854.396376848,0.000000000
3933,1710255854.446376324,cam0/1710255854.446376393.jpg,5089,1710255854.446376324,0.000000000
3934,1710255854.496375799,cam0/1710255854.496375893.jpg,5090,1710255854.496375799,0.000000000
3935,1710255854.546375275,cam0/1710255854.546375393.jpg,5091,1710255854.546375275,0.000000000
3936,1710255854.596374750,cam0/1710255854.596374793.jpg,5092,1710255854.596374750,0.000000000
3937,1710255854.646374226,cam0/1710255854.646374293.jpg,5093,1710255854.646374226,0.000000000
3938,1710255854.696373940,cam0/1710255854.696373893.jpg,5094,1710255854.696373940,0.000000000
3939,1710255854.746373415,cam0/1710255854.746373393.jpg,5095,1710255854.746373415,0.000000000
3940,1710255854.796372890,cam0/1710255854.796372893.jpg,5096,1710255854.796372890,0.000000000
3941,1710255854.846372366,cam0/1710255854.846372393.jpg,5097,1710255854.846372366,0.000000000
3942,1710255854.896371841,cam0/1710255854.896371893.jpg,5098,1710255854.896371841,0.000000000
3943,1710255854.946371317,cam0/1710255854.946371393.jpg,5099,1710255854.946371317,0.000000000
3944,1710255854.996370792,cam0/1710255854.996370893.jpg,5100,1710255854.996370792,0.000000000
3945,1710255855.046370506,cam0/1710255855.046370393.jpg,5101,1710255855.046370506,0.000000000
3946,1710255855.096369743,cam0/1710255855.096369793.jpg,5102,1710255855.096369743,0.000000000
3947,1710255855.146369219,cam0/1710255855.146369293.jpg,5103,1710255855.146369219,0.000000000
3948,1710255855.196368933,cam0/1710255855.196368893.jpg,5104,1710255855.196368933,0.000000000
3949,1710255855.246368408,cam0/1710255855.246368393.jpg,5105,1710255855.246368408,0.000000000
3950,1710255855.296367884,cam0/1710255855.296367893.jpg,5106,1710255855.296367884,0.000000000
3951,1710255855.346367359,cam0/1710255855.346367393.jpg,5107,1710255855.346367359,0.000000000
3952,1710255855.396366835,cam0/1710255855.396366893.jpg,5108,1710255855.396366835,0.000000000
3953,1710255855.446366310,cam0/1710255855.446366393.jpg,5109,1710255855.446366310,0.000000000
3954,1710255855.496365786,cam0/1710255855.496365893.jpg,5110,1710255855.496365786,0.000000000
3955,1710255855.546365499,cam0/1710255855.546365393.jpg,5111,1710255855.546365499,0.000000000
3956,1710255855.596364737,cam0/1710255855.596364793.jpg,5112,1710255855.596364737,0.000000000
3957,1710255855.646364212,cam0/1710255855.646364293.jpg,5113,1710255855.646364212,0.000000000
3958,1710255855.696363926,cam0/1710255855.696363893.jpg,5114,1710255855.696363926,0.000000000
3959,1710255855.746363401,cam0/1710255855.746363393.jpg,5115,1710255855.746363401,0.000000000
3960,1710255855.796362877,cam0/1710255855.796362893.jpg,5116,1710255855.796362877,0.000000000
3961,1710255855.846362352,cam0/1710255855.846362393.jpg,5117,1710255855.846362352,0.000000000
3962,1710255855.896361828,cam0/1710255855.896361893.jpg,5118,1710255855.896361828,0.000000000
3963,1710255855.946361303,cam0/1710255855.946361393.jpg,5119,1710255855.946361303,0.000000000
3964,1710255855.996360779,cam0/1710255855.996360893.jpg,5120,1710255855.996360779,0.000000000
3965,1710255856.046360493,cam0/1710255856.046360393.jpg,5121,1710255856.046360493,0.000000000
3966,1710255856.096359968,cam0/1710255856.096359893.jpg,5122,1710255856.096359968,0.000000000
3967,1710255856.146359205,cam0/1710255856.146359293.jpg,5123,1710255856.146359205,0.000000000
3968,1710255856.196358919,cam0/1710255856.196358893.jpg,5124,1710255856.196358919,0.000000000
3969,1710255856.246358395,cam0/1710255856.246358393.jpg,5125,1710255856.246358395,0.000000000
3970,1710255856.296357870,cam0/1710255856.296357893.jpg,5126,1710255856.296357870,0.000000000
3971,1710255856.346357346,cam0/1710255856.346357393.jpg,5127,1710255856.346357346,0.000000000
3972,1710255856.396356821,cam0/1710255856.396356893.jpg,5128,1710255856.396356821,0.000000000
3973,1710255856.446356297,cam0/1710255856.446356393.jpg,5129,1710255856.446356297,0.000000000
3974,1710255856.496356010,cam0/1710255856.496355893.jpg,5130,1710255856.496356010,0.000000000
3975,1710255856.546355486,cam0/1710255856.546355393.jpg,5131,1710255856.546355486,0.000000000
3976,1710255856.596354961,cam0/1710255856.596354893.jpg,5132,1710255856.596354961,0.000000000
3977,1710255856.646354198,cam0/1710255856.646354293.jpg,5133,1710255856.646354198,0.000000000
3978,1710255856.696353912,cam0/1710255856.696353893.jpg,5134,1710255856.696353912,0.000000000
3979,1710255856.746353388,cam0/1710255856.746353393.jpg,5135,1710255856.746353388,0.000000000
3980,1710255856.796352863,cam0/1710255856.796352893.jpg,5136,1710255856.796352863,0.000000000
3981,1710255856.846352339,cam0/1710255856.846352393.jpg,5137,1710255856.846352339,0.000000000
3982,1710255856.896351814,cam0/1710255856.896351893.jpg,5138,1710255856.896351814,0.000000000
3983,1710255856.946351290,cam0/1710255856.946351393.jpg,5139,1710255856.946351290,0.000000000
3984,1710255856.996351004,cam0/1710255856.996350893.jpg,5140,1710255856.996351004,0.000000000
3985,1710255857.046350479,cam0/1710255857.046350393.jpg,5141,1710255857.046350479,0.000000000
3986,1710255857.096349955,cam0/1710255857.096349893.jpg,5142,1710255857.096349955,0.000000000
3987,1710255857.146349192,cam0/1710255857.146349293.jpg,5143,1710255857.146349192,0.000000000
3988,1710255857.196348906,cam0/1710255857.196348893.jpg,5144,1710255857.196348906,0.000000000
3989,1710255857.246348381,cam0/1710255857.246348393.jpg,5145,1710255857.246348381,0.000000000
3990,1710255857.296347857,cam0/1710255857.296347893.jpg,5146,1710255857.296347857,0.000000000
3991,1710255857.346347332,cam0/1710255857.346347393.jpg,5147,1710255857.346347332,0.000000000
3992,1710255857.396346807,cam0/1710255857.396346893.jpg,5148,1710255857.396346807,0.000000000
3993,1710255857.446346283,cam0/1710255857.446346393.jpg,5149,1710255857.446346283,0.000000000
3994,1710255857.496345997,cam0/1710255857.496345893.jpg,5150,1710255857.496345997,0.000000000
3995,1710255857.546345472,cam0/1710255857.546345393.jpg,5151,1710255857.546345472,0.000000000
3996,1710255857.596344948,cam0/1710255857.596344893.jpg,5152,1710255857.596344948,0.000000000
3997,1710255857.646344185,cam0/1710255857.646344293.jpg,5153,1710255857.646344185,0.000000000
3998,1710255857.696343899,cam0/1710255857.696343893.jpg,5154,1710255857.696343899,0.000000000
3999,1710255857.746343374,cam0/1710255857.746343393.jpg,5155,1710255857.746343374,0.000000000
4000,1710255857.796342850,cam0/1710255857.796342893.jpg,5156,1710255857.796342850,0.000000000
4001,1710255857.846342325,cam0/1710255857.846342393.jpg,5157,1710255857.846342325,0.000000000
4002,1710255857.896341801,cam0/1710255857.896341893.jpg,5158,1710255857.896341801,0.000000000
4003,1710255857.946341276,cam0/1710255857.946341393.jpg,5159,1710255857.946341276,0.000000000
4004,1710255857.996340990,cam0/1710255857.996340893.jpg,5160,1710255857.996340990,0.000000000
4005,1710255858.046340466,cam0/1710255858.046340393.jpg,5161,1710255858.046340466,0.000000000
4006,1710255858.096339941,cam0/1710255858.096339893.jpg,5162,1710255858.096339941,0.000000000
4007,1710255858.146339417,cam0/1710255858.146339393.jpg,5163,1710255858.146339417,0.000000000
4008,1710255858.196338892,cam0/1710255858.196338893.jpg,5164,1710255858.196338892,0.000000000
4009,1710255858.246331930,cam0/1710255858.246331928.jpg,5165,1710255858.246331930,0.000000000
4010,1710255858.296331406,cam0/1710255858.296331328.jpg,5166,1710255858.296331406,0.000000000
4011,1710255858.346330881,cam0/1710255858.346330828.jpg,5167,1710255858.346330881,0.000000000
4012,1710255858.396330118,cam0/1710255858.396330228.jpg,5168,1710255858.396330118,0.000000000
4013,1710255858.446329832,cam0/1710255858.446329728.jpg,5169,1710255858.446329832,0.000000000
4014,1710255858.496329069,cam0/1710255858.496329128.jpg,5170,1710255858.496329069,0.000000000
4015,1710255858.546328545,cam0/1710255858.546328528.jpg,5171,1710255858.546328545,0.000000000
4016,1710255858.596328020,cam0/1710255858.596328028.jpg,5172,1710255858.596328020,0.000000000
4017,1710255858.646327496,cam0/1710255858.646327428.jpg,5173,1710255858.646327496,0.000000000
4018,1710255858.696326971,cam0/1710255858.696326928.jpg,5174,1710255858.696326971,0.000000000
4019,1710255858.746326447,cam0/1710255858.746326428.jpg,5175,1710255858.746326447,0.000000000
4020,1710255858.796325922,cam0/1710255858.796325828.jpg,5176,1710255858.796325922,0.000000000
4021,1710255858.846325159,cam0/1710255858.846325228.jpg,5177,1710255858.846325159,0.000000000
4022,1710255858.896324635,cam0/1710255858.896324728.jpg,5178,1710255858.896324635,0.000000000
4023,1710255858.946324110,cam0/1710255858.946324128.jpg,5179,1710255858.946324110,0.000000000
4024,1710255858.996323586,cam0/1710255858.996323528.jpg,5180,1710255858.996323586,0.000000000
4025,1710255859.046323061,cam0/1710255859.046323028.jpg,5181,1710255859.046323061,0.000000000
4026,1710255859.096322536,cam0/1710255859.096322428.jpg,5182,1710255859.096322536,0.000000000
4027,1710255859.146322012,cam0/1710255859.146321928.jpg,5183,1710255859.146322012,0.000000000
4028,1710255859.196321487,cam0/1710255859.196321428.jpg,5184,1710255859.196321487,0.000000000
4029,1710255859.246320724,cam0/1710255859.246320828.jpg,5185,1710255859.246320724,0.000000000
4030,1710255859.296320438,cam0/1710255859.296320328.jpg,5186,1710255859.296320438,0.000000000
4031,1710255859.346319675,cam0/1710255859.346319728.jpg,5187,1710255859.346319675,0.000000000
4032,1710255859.396319151,cam0/1710255859.396319128.jpg,5188,1710255859.396319151,0.000000000
4033,1710255859.446318626,cam0/1710255859.446318628.jpg,5189,1710255859.446318626,0.000000000
4034,1710255859.496318102,cam0/1710255859.496318028.jpg,5190,1710255859.496318102,0.000000000
4035,1710255859.546317339,cam0/1710255859.546317428.jpg,5191,1710255859.546317339,0.000000000
4036,1710255859.596316814,cam0/1710255859.596316928.jpg,5192,1710255859.596316814,0.000000000
4037,1710255859.646316290,cam0/1710255859.646316328.jpg,5193,1710255859.646316290,0.000000000
4038,1710255859.796314716,cam0/1710255859.796314728.jpg,5195,1710255859.796314716,0.000000000
4039,1710255859.846314192,cam0/1710255859.846314228.jpg,5196,1710255859.846314192,0.000000000
4040,1710255859.896313667,cam0/1710255859.896313628.jpg,5197,1710255859.896313667,0.000000000
4041,1710255859.946313143,cam0/1710255859.946313028.jpg,5198,1710255859.946313143,0.000000000
4042,1710255859.996312618,cam0/1710255859.996312528.jpg,5199,1710255859.996312618,0.000000000
4043,1710255860.046311855,cam0/1710255860.046311928.jpg,5200,1710255860.046311855,0.000000000
4044,1710255860.096311331,cam0/1710255860.096311328.jpg,5201,1710255860.096311331,0.000000000
4045,1710255860.146310806,cam0/1710255860.146310828.jpg,5202,1710255860.146310806,0.000000000
4046,1710255860.196310282,cam0/1710255860.196310328.jpg,5203,1710255860.196310282,0.000000000
4047,1710255860.246309757,cam0/1710255860.246309728.jpg,5204,1710255860.246309757,0.000000000
4048,1710255860.296309233,cam0/1710255860.296309228.jpg,5205,1710255860.296309233,0.000000000
4049,1710255860.346308708,cam0/1710255860.346308628.jpg,5206,1710255860.346308708,0.000000000
4050,1710255860.396308184,cam0/1710255860.396308128.jpg,5207,1710255860.396308184,0.000000000
4051,1710255860.446307421,cam0/1710255860.446307528.jpg,5208,1710255860.446307421,0.000000000
4052,1710255860.496306896,cam0/1710255860.496306928.jpg,5209,1710255860.496306896,0.000000000
4053,1710255860.546306372,cam0/1710255860.546306428.jpg,5211,1710255860.546306372,0.000000000
4054,1710255860.596305847,cam0/1710255860.596305828.jpg,5212,1710255860.596305847,0.000000000
4055,1710255860.646305323,cam0/1710255860.646305228.jpg,5213,1710255860.646305323,0.000000000
4056,1710255860.696304798,cam0/1710255860.696304828.jpg,5214,1710255860.696304798,0.000000000
4057,1710255860.746304274,cam0/1710255860.746304228.jpg,5215,1710255860.746304274,0.000000000
4058,1710255860.796303511,cam0/1710255860.796303628.jpg,5216,1710255860.796303511,0.000000000
4059,1710255860.846303225,cam0/1710255860.846303128.jpg,5217,1710255860.846303225,0.000000000
4060,1710255860.896302462,cam0/1710255860.896302528.jpg,5218,1710255860.896302462,0.000000000
4061,1710255860.946301937,cam0/1710255860.946301928.jpg,5219,1710255860.946301937,0.000000000
4062,1710255860.996301413,cam0/1710255860.996301428.jpg,5220,1710255860.996301413,0.000000000
4063,1710255861.046300888,cam0/1710255861.046300828.jpg,5221,1710255861.046300888,0.000000000
4064,1710255861.096300364,cam0/1710255861.096300328.jpg,5222,1710255861.096300364,0.000000000
4065,1710255861.146299839,cam0/1710255861.146299728.jpg,5223,1710255861.146299839,0.000000000
4066,1710255861.196299314,cam0/1710255861.196299228.jpg,5224,1710255861.196299314,0.000000000
4067,1710255861.246298790,cam0/1710255861.246298728.jpg,5225,1710255861.246298790,0.000000000
4068,1710255861.296298027,cam0/1710255861.296298128.jpg,5226,1710255861.296298027,0.000000000
4069,1710255861.346297503,cam0/1710255861.346297528.jpg,5227,1710255861.346297503,0.000000000
4070,1710255861.396296978,cam0/1710255861.396297028.jpg,5228,1710255861.396296978,0.000000000
4071,1710255861.446296453,cam0/1710255861.446296428.jpg,5230,1710255861.446296453,0.000000000
4072,1710255861.496295929,cam0/1710255861.496295828.jpg,5231,1710255861.496295929,0.000000000
4073,1710255861.546295404,cam0/1710255861.546295328.jpg,5232,1710255861.546295404,0.000000000
4074,1710255861.596294641,cam0/1710255861.596294728.jpg,5233,1710255861.596294641,0.000000000
4075,1710255861.646294117,cam0/1710255861.646294128.jpg,5234,1710255861.646294117,0.000000000
4076,1710255861.696293831,cam0/1710255861.696293728.jpg,5235,1710255861.696293831,0.000000000
4077,1710255861.746293068,cam0/1710255861.746293128.jpg,5236,1710255861.746293068,0.000000000
4078,1710255861.796292543,cam0/1710255861.796292628.jpg,5237,1710255861.796292543,0.000000000
4079,1710255861.846292019,cam0/1710255861.846292028.jpg,5238,1710255861.846292019,0.000000000
4080,1710255861.896291494,cam0/1710255861.896291428.jpg,5239,1710255861.896291494,0.000000000
4081,1710255861.946290970,cam0/1710255861.946290928.jpg,5240,1710255861.946290970,0.000000000
4082,1710255861.996290445,cam0/1710255861.996290328.jpg,5241,1710255861.996290445,0.000000000
4083,1710255862.046289682,cam0/1710255862.046289728.jpg,5243,1710255862.046289682,0.000000000
4084,1710255862.096289158,cam0/1710255862.096289228.jpg,5244,1710255862.096289158,0.000000000
4085,1710255862.146288633,cam0/1710255862.146288628.jpg,5246,1710255862.146288633,0.000000000
4086,1710255862.196288109,cam0/1710255862.196288128.jpg,5247,1710255862.196288109,0.000000000
4087,1710255862.246287584,cam0/1710255862.246287628.jpg,5249,1710255862.246287584,0.000000000
4088,1710255862.296287060,cam0/1710255862.296287028.jpg,5250,1710255862.296287060,0.000000000
4089,1710255862.346286535,cam0/1710255862.346286528.jpg,5251,1710255862.346286535,0.000000000
4090,1710255862.396286011,cam0/1710255862.396285928.jpg,5252,1710255862.396286011,0.000000000
4091,1710255862.446285248,cam0/1710255862.446285328.jpg,5253,1710255862.446285248,0.000000000
4092,1710255862.496284723,cam0/1710255862.496284828.jpg,5254,1710255862.496284723,0.000000000
4093,1710255862.546284199,cam0/1710255862.546284228.jpg,5255,1710255862.546284199,0.000000000
4094,1710255862.596283674,cam0/1710255862.596283628.jpg,5256,1710255862.596283674,0.000000000
4095,1710255862.646283150,cam0/1710255862.646283128.jpg,5258,1710255862.646283150,0.000000000
4096,1710255862.696282625,cam0/1710255862.696282628.jpg,5259,1710255862.696282625,0.000000000
4097,1710255862.746282101,cam0/1710255862.746282028.jpg,5260,1710255862.746282101,0.000000000
4098,1710255862.796281576,cam0/1710255862.796281528.jpg,5261,1710255862.796281576,0.000000000
4099,1710255862.846280813,cam0/1710255862.846280928.jpg,5263,1710255862.846280813,0.000000000
4100,1710255862.896280289,cam0/1710255862.896280328.jpg,5264,1710255862.896280289,0.000000000
4101,1710255862.946279764,cam0/1710255862.946279828.jpg,5265,1710255862.946279764,0.000000000
4102,1710255862.996279240,cam0/1710255862.996279228.jpg,5266,1710255862.996279240,0.000000000
4103,1710255863.046278715,cam0/1710255863.046278728.jpg,5267,1710255863.046278715,0.000000000
4104,1710255863.096278191,cam0/1710255863.096278128.jpg,5268,1710255863.096278191,0.000000000
4105,1710255863.146277428,cam0/1710255863.146277528.jpg,5269,1710255863.146277428,0.000000000
4106,1710255863.196277142,cam0/1710255863.196277128.jpg,5270,1710255863.196277142,0.000000000
4107,1710255863.246278524,cam0/1710255863.246278498.jpg,5272,1710255863.246278524,0.000000000
4108,1710255863.296278000,cam0/1710255863.296277898.jpg,5273,1710255863.296278000,0.000000000
4109,1710255863.346277475,cam0/1710255863.346277398.jpg,5274,1710255863.346277475,0.000000000
4110,1710255863.396276712,cam0/1710255863.396276798.jpg,5275,1710255863.396276712,0.000000000
4111,1710255863.446276188,cam0/1710255863.446276198.jpg,5276,1710255863.446276188,0.000000000
4112,1710255863.496275663,cam0/1710255863.496275698.jpg,5277,1710255863.496275663,0.000000000
4113,1710255863.546275139,cam0/1710255863.546275098.jpg,5278,1710255863.546275139,0.000000000
4114,1710255863.596274614,cam0/1710255863.596274598.jpg,5279,1710255863.596274614,0.000000000
4115,1710255863.646274090,cam0/1710255863.646273998.jpg,5280,1710255863.646274090,0.000000000
4116,1710255863.696273565,cam0/1710255863.696273498.jpg,5281,1710255863.696273565,0.000000000
4117,1710255863.746273041,cam0/1710255863.746272998.jpg,5283,1710255863.746273041,0.000000000
4118,1710255863.796272516,cam0/1710255863.796272398.jpg,5284,1710255863.796272516,0.000000000
4119,1710255863.846271753,cam0/1710255863.846271798.jpg,5286,1710255863.846271753,0.000000000
4120,1710255863.896271229,cam0/1710255863.896271298.jpg,5287,1710255863.896271229,0.000000000
4121,1710255863.946270704,cam0/1710255863.946270698.jpg,5288,1710255863.946270704,0.000000000
4122,1710255863.996270180,cam0/1710255863.996270098.jpg,5289,1710255863.996270180,0.000000000
4123,1710255864.046269655,cam0/1710255864.046269598.jpg,5290,1710255864.046269655,0.000000000
4124,1710255864.096268892,cam0/1710255864.096268998.jpg,5291,1710255864.096268892,0.000000000
4125,1710255864.146268368,cam0/1710255864.146268398.jpg,5292,1710255864.146268368,0.000000000
4126,1710255864.196268082,cam0/1710255864.196267998.jpg,5293,1710255864.196268082,0.000000000
4127,1710255864.246267319,cam0/1710255864.246267398.jpg,5294,1710255864.246267319,0.000000000
4128,1710255864.296266794,cam0/1710255864.296266898.jpg,5295,1710255864.296266794,0.000000000
4129,1710255864.346266270,cam0/1710255864.346266298.jpg,5296,1710255864.346266270,0.000000000
4130,1710255864.396265745,cam0/1710255864.396265698.jpg,5297,1710255864.396265745,0.000000000
4131,1710255864.446265221,cam0/1710255864.446265198.jpg,5298,1710255864.446265221,0.000000000
4132,1710255864.496264696,cam0/1710255864.496264598.jpg,5299,1710255864.496264696,0.000000000
4133,1710255864.546263933,cam0/1710255864.546263998.jpg,5300,1710255864.546263933,0.000000000
4134,1710255864.596263409,cam0/1710255864.596263498.jpg,5301,1710255864.596263409,0.000000000
4135,1710255864.646262884,cam0/1710255864.646262898.jpg,5303,1710255864.646262884,0.000000000
4136,1710255864.696262360,cam0/1710255864.696262398.jpg,5304,1710255864.696262360,0.000000000
4137,1710255864.746261835,cam0/1710255864.746261898.jpg,5306,1710255864.746261835,0.000000000
4138,1710255864.796261311,cam0/1710255864.796261298.jpg,5307,1710255864.796261311,0.000000000
4139,1710255864.846260786,cam0/1710255864.846260698.jpg,5309,1710255864.846260786,0.000000000
4140,1710255864.896260262,cam0/1710255864.896260198.jpg,5310,1710255864.896260262,0.000000000
4141,1710255864.946259499,cam0/1710255864.946259598.jpg,5312,1710255864.946259499,0.000000000
4142,1710255864.996259212,cam0/1710255864.996259098.jpg,5313,1710255864.996259212,0.000000000
4143,1710255865.046258450,cam0/1710255865.046258498.jpg,5315,1710255865.046258450,0.000000000
4144,1710255865.096257925,cam0/1710255865.096257898.jpg,5316,1710255865.096257925,0.000000000
4145,1710255865.146257401,cam0/1710255865.146257398.jpg,5318,1710255865.146257401,0.000000000
4146,1710255865.196256876,cam0/1710255865.196256898.jpg,5319,1710255865.196256876,0.000000000
4147,1710255865.246256351,cam0/1710255865.246256298.jpg,5321,1710255865.246256351,0.000000000
4148,1710255865.296255827,cam0/1710255865.296255798.jpg,5322,1710255865.296255827,0.000000000
4149,1710255865.346255302,cam0/1710255865.346255198.jpg,5324,1710255865.346255302,0.000000000
4150,1710255865.396254539,cam0/1710255865.396254598.jpg,5325,1710255865.396254539,0.000000000
4151,1710255865.446254015,cam0/1710255865.446254098.jpg,5327,1710255865.446254015,0.000000000
4152,1710255865.496253490,cam0/1710255865.496253498.jpg,5328,1710255865.496253490,0.000000000
4153,1710255865.546252966,cam0/1710255865.546252998.jpg,5330,1710255865.546252966,0.000000000
4154,1710255865.596252441,cam0/1710255865.596252398.jpg,5331,1710255865.596252441,0.000000000
4155,1710255865.646251917,cam0/1710255865.646251798.jpg,5333,1710255865.646251917,0.000000000
4156,1710255865.696251392,cam0/1710255865.696251398.jpg,5334,1710255865.696251392,0.000000000
4157,1710255865.746250868,cam0/1710255865.746250798.jpg,5336,1710255865.746250868,0.000000000
4158,1710255865.796250105,cam0/1710255865.796250198.jpg,5337,1710255865.796250105,0.000000000
4159,1710255865.846249580,cam0/1710255865.846249698.jpg,5339,1710255865.846249580,0.000000000
4160,1710255865.896249056,cam0/1710255865.896249098.jpg,5340,1710255865.896249056,0.000000000
4161,1710255865.946248531,cam0/1710255865.946248498.jpg,5342,1710255865.946248531,0.000000000
4162,1710255865.996248007,cam0/1710255865.996247998.jpg,5343,1710255865.996248007,0.000000000
4163,1710255866.046247482,cam0/1710255866.046247398.jpg,5345,1710255866.046247482,0.000000000
4164,1710255866.096246719,cam0/1710255866.096246798.jpg,5346,1710255866.096246719,0.000000000
4165,1710255866.146246195,cam0/1710255866.146246298.jpg,5348,1710255866.146246195,0.000000000
4166,1710255866.196245909,cam0/1710255866.196245798.jpg,5349,1710255866.196245909,0.000000000
4167,1710255866.246245384,cam0/1710255866.246245298.jpg,5351,1710255866.246245384,0.000000000
4168,1710255866.296244621,cam0/1710255866.296244698.jpg,5352,1710255866.296244621,0.000000000
4169,1710255866.346244097,cam0/1710255866.346244098.jpg,5354,1710255866.346244097,0.000000000
4170,1710255866.396243572,cam0/1710255866.396243598.jpg,5355,1710255866.396243572,0.000000000
4171,1710255866.446243048,cam0/1710255866.446242998.jpg,5357,1710255866.446243048,0.000000000
4172,1710255866.496242285,cam0/1710255866.496242398.jpg,5358,1710255866.496242285,0.000000000
4173,1710255866.546241999,cam0/1710255866.546241898.jpg,5360,1710255866.546241999,0.000000000
4174,1710255866.596241236,cam0/1710255866.596241298.jpg,5361,1710255866.596241236,0.000000000
4175,1710255866.646240711,cam0/1710255866.646240698.jpg,5363,1710255866.646240711,0.000000000
4176,1710255866.696240187,cam0/1710255866.696240298.jpg,5364,1710255866.696240187,0.000000000
4177,1710255866.746239662,cam0/1710255866.746239698.jpg,5366,1710255866.746239662,0.000000000
4178,1710255866.796239138,cam0/1710255866.796239098.jpg,5367,1710255866.796239138,0.000000000
4179,1710255866.846238613,cam0/1710255866.846238598.jpg,5369,1710255866.846238613,0.000000000
4180,1710255866.896238089,cam0/1710255866.896237998.jpg,5370,1710255866.896238089,0.000000000
4181,1710255866.946237564,cam0/1710255866.946237498.jpg,5372,1710255866.946237564,0.000000000
4182,1710255866.996236801,cam0/1710255866.996236898.jpg,5373,1710255866.996236801,0.000000000
4183,1710255867.046236277,cam0/1710255867.046236298.jpg,5375,1710255867.046236277,0.000000000
4184,1710255867.096235752,cam0/1710255867.096235798.jpg,5376,1710255867.096235752,0.000000000
4185,1710255867.146235228,cam0/1710255867.146235198.jpg,5378,1710255867.146235228,0.000000000
4186,1710255867.196234703,cam0/1710255867.196234698.jpg,5379,1710255867.196234703,0.000000000
4187,1710255867.246239424,cam0/1710255867.246239540.jpg,5381,1710255867.246239424,0.000000000
4188,1710255867.296239138,cam0/1710255867.296239040.jpg,5382,1710255867.296239138,0.000000000
4189,1710255867.446237564,cam0/1710255867.446237540.jpg,5384,1710255867.446237564,0.000000000
4190,1710255867.496237040,cam0/1710255867.496237040.jpg,5385,1710255867.496237040,0.000000000
4191,1710255867.546236515,cam0/1710255867.546236540.jpg,5386,1710255867.546236515,0.000000000
4192,1710255867.596235991,cam0/1710255867.596236040.jpg,5387,1710255867.596235991,0.000000000
4193,1710255867.646235466,cam0/1710255867.646235540.jpg,5389,1710255867.646235466,0.000000000
4194,1710255867.696235180,cam0/1710255867.696235140.jpg,5390,1710255867.696235180,0.000000000
4195,1710255867.746234655,cam0/1710255867.746234640.jpg,5392,1710255867.746234655,0.000000000
4196,1710255867.796234131,cam0/1710255867.796234140.jpg,5393,1710255867.796234131,0.000000000
4197,1710255867.846233606,cam0/1710255867.846233640.jpg,5395,1710255867.846233606,0.000000000
4198,1710255867.896233082,cam0/1710255867.896233140.jpg,5396,1710255867.896233082,0.000000000
4199,1710255867.946232557,cam0/1710255867.946232640.jpg,5398,1710255867.946232557,0.000000000
4200,1710255867.996232033,cam0/1710255867.996232140.jpg,5399,1710255867.996232033,0.000000000
4201,1710255868.046231747,cam0/1710255868.046231640.jpg,5401,1710255868.046231747,0.000000000
4202,1710255868.096231222,cam0/1710255868.096231140.jpg,5402,1710255868.096231222,0.000000000
4203,1710255868.146230698,cam0/1710255868.146230640.jpg,5404,1710255868.146230698,0.000000000
4204,1710255868.196230173,cam0/1710255868.196230240.jpg,5405,1710255868.196230173,0.000000000
4205,1710255868.246229649,cam0/1710255868.246229740.jpg,5407,1710255868.246229649,0.000000000
4206,1710255868.296229124,cam0/1710255868.296229240.jpg,5408,1710255868.296229124,0.000000000
4207,1710255868.346228838,cam0/1710255868.346228740.jpg,5410,1710255868.346228838,0.000000000
4208,1710255868.396228313,cam0/1710255868.396228240.jpg,5411,1710255868.396228313,0.000000000
4209,1710255868.446227789,cam0/1710255868.446227740.jpg,5413,1710255868.446227789,0.000000000
4210,1710255868.496227264,cam0/1710255868.496227240.jpg,5414,1710255868.496227264,0.000000000
4211,1710255868.546226740,cam0/1710255868.546226740.jpg,5416,1710255868.546226740,0.000000000
4212,1710255868.596226215,cam0/1710255868.596226240.jpg,5417,1710255868.596226215,0.000000000
4213,1710255868.646225929,cam0/1710255868.646225840.jpg,5419,1710255868.646225929,0.000000000
4214,1710255868.696225405,cam0/1710255868.696225440.jpg,5420,1710255868.696225405,0.000000000
4215,1710255868.746224880,cam0/1710255868.746224940.jpg,5421,1710255868.746224880,0.000000000
4216,1710255868.796224356,cam0/1710255868.796224440.jpg,5422,1710255868.796224356,0.000000000
4217,1710255868.846223831,cam0/1710255868.846223940.jpg,5424,1710255868.846223831,0.000000000
4218,1710255868.896223545,cam0/1710255868.896223440.jpg,5425,1710255868.896223545,0.000000000
4219,1710255868.946223021,cam0/1710255868.946222940.jpg,5426,1710255868.946223021,0.000000000
4220,1710255868.996222496,cam0/1710255868.996222440.jpg,5427,1710255868.996222496,0.000000000
4221,1710255869.046221972,cam0/1710255869.046221940.jpg,5428,1710255869.046221972,0.000000000
4222,1710255869.096221447,cam0/1710255869.096221440.jpg,5429,1710255869.096221447,0.000000000
4223,1710255869.146220922,cam0/1710255869.146220940.jpg,5430,1710255869.146220922,0.000000000
4224,1710255869.196220636,cam0/1710255869.196220540.jpg,5431,1710255869.196220636,0.000000000
4225,1710255869.246220112,cam0/1710255869.246220040.jpg,5432,1710255869.246220112,0.000000000
4226,1710255869.296219587,cam0/1710255869.296219540.jpg,5433,1710255869.296219587,0.000000000
4227,1710255869.346219063,cam0/1710255869.346219040.jpg,5434,1710255869.346219063,0.000000000
4228,1710255869.396218538,cam0/1710255869.396218540.jpg,5435,1710255869.396218538,0.000000000
4229,1710255869.446218014,cam0/1710255869.446218040.jpg,5436,1710255869.446218014,0.000000000
4230,1710255869.496217489,cam0/1710255869.496217540.jpg,5437,1710255869.496217489,0.000000000
4231,1710255869.546216965,cam0/1710255869.546217040.jpg,5438,1710255869.546216965,0.000000000
4232,1710255869.596216440,cam0/1710255869.596216540.jpg,5439,1710255869.596216440,0.000000000
4233,1710255869.646216154,cam0/1710255869.646216040.jpg,5440,1710255869.646216154,0.000000000
4234,1710255869.696215630,cam0/1710255869.696215640.jpg,5441,1710255869.696215630,0.000000000
4235,1710255869.746215105,cam0/1710255869.746215140.jpg,5442,1710255869.746215105,0.000000000
4236,1710255869.796214581,cam0/1710255869.796214640.jpg,5443,1710255869.796214581,0.000000000
4237,1710255869.846214056,cam0/1710255869.846214140.jpg,5444,1710255869.846214056,0.000000000
4238,1710255869.896213531,cam0/1710255869.896213640.jpg,5445,1710255869.896213531,0.000000000
4239,1710255869.946213245,cam0/1710255869.946213140.jpg,5446,1710255869.946213245,0.000000000
4240,1710255869.996212721,cam0/1710255869.996212640.jpg,5447,1710255869.996212721,0.000000000
4241,1710255870.046212196,cam0/1710255870.046212140.jpg,5448,1710255870.046212196,0.000000000
4242,1710255870.096211672,cam0/1710255870.096211640.jpg,5449,1710255870.096211672,0.000000000
4243,1710255870.146211147,cam0/1710255870.146211140.jpg,5450,1710255870.146211147,0.000000000
4244,1710255870.196210623,cam0/1710255870.196210740.jpg,5451,1710255870.196210623,0.000000000
4245,1710255870.246210337,cam0/1710255870.246210240.jpg,5452,1710255870.246210337,0.000000000
4246,1710255870.296209812,cam0/1710255870.296209740.jpg,5453,1710255870.296209812,0.000000000
4247,1710255870.346209288,cam0/1710255870.346209240.jpg,5454,1710255870.346209288,0.000000000
4248,1710255870.396208763,cam0/1710255870.396208740.jpg,5455,1710255870.396208763,0.000000000
4249,1710255870.446208239,cam0/1710255870.446208240.jpg,5456,1710255870.446208239,0.000000000
4250,1710255870.496207714,cam0/1710255870.496207740.jpg,5457,1710255870.496207714,0.000000000
4251,1710255870.546207190,cam0/1710255870.546207240.jpg,5458,1710255870.546207190,0.000000000
4252,1710255870.596206665,cam0/1710255870.596206740.jpg,5459,1710255870.596206665,0.000000000
4253,1710255870.646206141,cam0/1710255870.646206240.jpg,5460,1710255870.646206141,0.000000000
4254,1710255870.696205854,cam0/1710255870.696205840.jpg,5461,1710255870.696205854,0.000000000
4255,1710255870.746205330,cam0/1710255870.746205340.jpg,5462,1710255870.746205330,0.000000000
4256,1710255870.796204805,cam0/1710255870.796204840.jpg,5463,1710255870.796204805,0.000000000
4257,1710255870.846204281,cam0/1710255870.846204340.jpg,5464,1710255870.846204281,0.000000000
4258,1710255870.896203756,cam0/1710255870.896203840.jpg,5465,1710255870.896203756,0.000000000
4259,1710255870.946203232,cam0/1710255870.946203340.jpg,5466,1710255870.946203232,0.000000000
4260,1710255870.996202946,cam0/1710255870.996202840.jpg,5467,1710255870.996202946,0.000000000
4261,1710255871.046202421,cam0/1710255871.046202340.jpg,5468,1710255871.046202421,0.000000000
4262,1710255871.096201897,cam0/1710255871.096201840.jpg,5469,1710255871.096201897,0.000000000
4263,1710255871.146201372,cam0/1710255871.146201340.jpg,5470,1710255871.146201372,0.000000000
4264,1710255871.196200848,cam0/1710255871.196200940.jpg,5471,1710255871.196200848,0.000000000
4265,1710255871.246200323,cam0/1710255871.246200440.jpg,5472,1710255871.246200323,0.000000000
4266,1710255871.296200037,cam0/1710255871.296199940.jpg,5473,1710255871.296200037,0.000000000
4267,1710255871.346199512,cam0/1710255871.346199440.jpg,5474,1710255871.346199512,0.000000000
4268,1710255871.396198988,cam0/1710255871.396198940.jpg,5475,1710255871.396198988,0.000000000
4269,1710255871.446198463,cam0/1710255871.446198440.jpg,5476,1710255871.446198463,0.000000000
4270,1710255871.496197939,cam0/1710255871.496197940.jpg,5477,1710255871.496197939,0.000000000
4271,1710255871.546197414,cam0/1710255871.546197440.jpg,5478,1710255871.546197414,0.000000000
4272,1710255871.596196890,cam0/1710255871.596196940.jpg,5479,1710255871.596196890,0.000000000
4273,1710255871.646196365,cam0/1710255871.646196440.jpg,5480,1710255871.646196365,0.000000000
4274,1710255871.696196079,cam0/1710255871.696196040.jpg,5481,1710255871.696196079,0.000000000
4275,1710255871.746195555,cam0/1710255871.746195540.jpg,5482,1710255871.746195555,0.000000000
4276,1710255871.796195030,cam0/1710255871.796195040.jpg,5483,1710255871.796195030,0.000000000
4277,1710255871.846194506,cam0/1710255871.846194540.jpg,5484,1710255871.846194506,0.000000000
4278,1710255871.896193981,cam0/1710255871.896194040.jpg,5485,1710255871.896193981,0.000000000
4279,1710255871.946193457,cam0/1710255871.946193540.jpg,5486,1710255871.946193457,0.000000000
4280,1710255871.996192932,cam0/1710255871.996193040.jpg,5487,1710255871.996192932,0.000000000
4281,1710255872.046192646,cam0/1710255872.046192540.jpg,5488,1710255872.046192646,0.000000000
4282,1710255872.096192122,cam0/1710255872.096192040.jpg,5489,1710255872.096192122,0.000000000
4283,1710255872.146191597,cam0/1710255872.146191540.jpg,5490,1710255872.146191597,0.000000000
4284,1710255872.196191072,cam0/1710255872.196191140.jpg,5491,1710255872.196191072,0.000000000
4285,1710255872.246192694,cam0/1710255872.246192726.jpg,5492,1710255872.246192694,0.000000000
4286,1710255872.296192169,cam0/1710255872.296192226.jpg,5493,1710255872.296192169,0.000000000
4287,1710255872.346191645,cam0/1710255872.346191726.jpg,5494,1710255872.346191645,0.000000000
4288,1710255872.396191120,cam0/1710255872.396191226.jpg,5495,1710255872.396191120,0.000000000
4289,1710255872.446190834,cam0/1710255872.446190726.jpg,5496,1710255872.446190834,0.000000000
4290,1710255872.496190310,cam0/1710255872.496190226.jpg,5497,1710255872.496190310,0.000000000
4291,1710255872.546189785,cam0/1710255872.546189726.jpg,5498,1710255872.546189785,0.000000000
4292,1710255872.596189260,cam0/1710255872.596189226.jpg,5499,1710255872.596189260,0.000000000
4293,1710255872.646188736,cam0/1710255872.646188826.jpg,5500,1710255872.646188736,0.000000000
4294,1710255872.696188450,cam0/1710255872.696188426.jpg,5501,1710255872.696188450,0.000000000
4295,1710255872.746187925,cam0/1710255872.746187926.jpg,5502,1710255872.746187925,0.000000000
4296,1710255872.796187401,cam0/1710255872.796187426.jpg,5503,1710255872.796187401,0.000000000
4297,1710255872.846186876,cam0/1710255872.846186926.jpg,5504,1710255872.846186876,0.000000000
4298,1710255872.896186352,cam0/1710255872.896186426.jpg,5505,1710255872.896186352,0.000000000
4299,1710255872.946185827,cam0/1710255872.946185926.jpg,5506,1710255872.946185827,0.000000000
4300,1710255872.996185541,cam0/1710255872.996185426.jpg,5507,1710255872.996185541,0.000000000
4301,1710255873.046185017,cam0/1710255873.046184926.jpg,5508,1710255873.046185017,0.000000000
4302,1710255873.096184492,cam0/1710255873.096184426.jpg,5509,1710255873.096184492,0.000000000
4303,1710255873.146183968,cam0/1710255873.146183926.jpg,5510,1710255873.146183968,0.000000000
4304,1710255873.196183443,cam0/1710255873.196183526.jpg,5511,1710255873.196183443,0.000000000
4305,1710255873.246182919,cam0/1710255873.246183026.jpg,5512,1710255873.246182919,0.000000000
4306,1710255873.296182632,cam0/1710255873.296182526.jpg,5513,1710255873.296182632,0.000000000
4307,1710255873.346182108,cam0/1710255873.346182026.jpg,5514,1710255873.346182108,0.000000000
4308,1710255873.396181583,cam0/1710255873.396181526.jpg,5515,1710255873.396181583,0.000000000
4309,1710255873.446181059,cam0/1710255873.446181026.jpg,5516,1710255873.446181059,0.000000000
4310,1710255873.496180534,cam0/1710255873.496180526.jpg,5517,1710255873.496180534,0.000000000
4311,1710255873.546180010,cam0/1710255873.546180026.jpg,5518,1710255873.546180010,0.000000000
4312,1710255873.596179485,cam0/1710255873.596179526.jpg,5519,1710255873.596179485,0.000000000
4313,1710255873.646178961,cam0/1710255873.646179026.jpg,5520,1710255873.646178961,0.000000000
4314,1710255873.696178675,cam0/1710255873.696178626.jpg,5522,1710255873.696178675,0.000000000
4315,1710255873.746178150,cam0/1710255873.746178126.jpg,5523,1710255873.746178150,0.000000000
4316,1710255873.796177626,cam0/1710255873.796177626.jpg,5524,1710255873.796177626,0.000000000
4317,1710255873.846177101,cam0/1710255873.846177126.jpg,5525,1710255873.846177101,0.000000000
4318,1710255873.896176577,cam0/1710255873.896176626.jpg,5526,1710255873.896176577,0.000000000
4319,1710255873.946176052,cam0/1710255873.946176126.jpg,5527,1710255873.946176052,0.000000000
4320,1710255873.996175528,cam0/1710255873.996175626.jpg,5528,1710255873.996175528,0.000000000
4321,1710255874.046175241,cam0/1710255874.046175126.jpg,5529,1710255874.046175241,0.000000000
4322,1710255874.096174717,cam0/1710255874.096174626.jpg,5530,1710255874.096174717,0.000000000
4323,1710255874.146174192,cam0/1710255874.146174126.jpg,5531,1710255874.146174192,0.000000000
4324,1710255874.196173668,cam0/1710255874.196173726.jpg,5532,1710255874.196173668,0.000000000
4325,1710255874.246173143,cam0/1710255874.246173226.jpg,5533,1710255874.246173143,0.000000000
4326,1710255874.296172619,cam0/1710255874.296172726.jpg,5534,1710255874.296172619,0.000000000
4327,1710255874.346172333,cam0/1710255874.346172226.jpg,5535,1710255874.346172333,0.000000000
4328,1710255874.396171808,cam0/1710255874.396171726.jpg,5536,1710255874.396171808,0.000000000
4329,1710255874.446171284,cam0/1710255874.446171226.jpg,5537,1710255874.446171284,0.000000000
4330,1710255874.496170759,cam0/1710255874.496170726.jpg,5538,1710255874.496170759,0.000000000
4331,1710255874.546170235,cam0/1710255874.546170226.jpg,5539,1710255874.546170235,0.000000000
4332,1710255874.596169710,cam0/1710255874.596169726.jpg,5540,1710255874.596169710,0.000000000
4333,1710255874.646169186,cam0/1710255874.646169226.jpg,5541,1710255874.646169186,0.000000000
4334,1710255874.696168900,cam0/1710255874.696168826.jpg,5542,1710255874.696168900,0.000000000
4335,1710255874.746168375,cam0/1710255874.746168326.jpg,5543,1710255874.746168375,0.000000000
4336,1710255874.796167850,cam0/1710255874.796167826.jpg,5544,1710255874.796167850,0.000000000
4337,1710255874.846167326,cam0/1710255874.846167326.jpg,5545,1710255874.846167326,0.000000000
4338,1710255874.896166801,cam0/1710255874.896166826.jpg,5546,1710255874.896166801,0.000000000
4339,1710255874.946166277,cam0/1710255874.946166326.jpg,5547,1710255874.946166277,0.000000000
4340,1710255874.996165752,cam0/1710255874.996165826.jpg,5548,1710255874.996165752,0.000000000
4341,1710255875.046165228,cam0/1710255875.046165326.jpg,5549,1710255875.046165228,0.000000000
4342,1710255875.096164942,cam0/1710255875.096164826.jpg,5550,1710255875.096164942,0.000000000
4343,1710255875.146164417,cam0/1710255875.146164326.jpg,5551,1710255875.146164417,0.000000000
4344,1710255875.196163893,cam0/1710255875.196163926.jpg,5552,1710255875.196163893,0.000000000
4345,1710255875.246163368,cam0/1710255875.246163426.jpg,5553,1710255875.246163368,0.000000000
4346,1710255875.296162844,cam0/1710255875.296162926.jpg,5554,1710255875.296162844,0.000000000
4347,1710255875.346162319,cam0/1710255875.346162426.jpg,5555,1710255875.346162319,0.000000000
4348,1710255875.396162033,cam0/1710255875.396161926.jpg,5556,1710255875.396162033,0.000000000
4349,1710255875.446161509,cam0/1710255875.446161426.jpg,5557,1710255875.446161509,0.000000000
4350,1710255875.496160984,cam0/1710255875.496160926.jpg,5558,1710255875.496160984,0.000000000
4351,1710255875.546160460,cam0/1710255875.546160426.jpg,5559,1710255875.546160460,0.000000000
4352,1710255875.596159935,cam0/1710255875.596159926.jpg,5560,1710255875.596159935,0.000000000
4353,1710255875.646159410,cam0/1710255875.646159426.jpg,5561,1710255875.646159410,0.000000000
4354,1710255875.696159124,cam0/1710255875.696159026.jpg,5562,1710255875.696159124,0.000000000
4355,1710255875.746158600,cam0/1710255875.746158526.jpg,5563,1710255875.746158600,0.000000000
4356,1710255875.796158075,cam0/1710255875.796158026.jpg,5565,1710255875.796158075,0.000000000
4357,1710255875.846157551,cam0/1710255875.846157526.jpg,5566,1710255875.846157551,0.000000000
4358,1710255875.896157026,cam0/1710255875.896157026.jpg,5567,1710255875.896157026,0.000000000
4359,1710255875.946156502,cam0/1710255875.946156526.jpg,5568,1710255875.946156502,0.000000000
4360,1710255875.996155977,cam0/1710255875.996156026.jpg,5569,1710255875.996155977,0.000000000
4361,1710255876.046155453,cam0/1710255876.046155526.jpg,5570,1710255876.046155453,0.000000000
4362,1710255876.096154928,cam0/1710255876.096155026.jpg,5571,1710255876.096154928,0.000000000
4363,1710255876.146154642,cam0/1710255876.146154526.jpg,5572,1710255876.146154642,0.000000000
4364,1710255876.196154118,cam0/1710255876.196154126.jpg,5573,1710255876.196154118,0.000000000
4365,1710255876.246156931,cam0/1710255876.246157009.jpg,5574,1710255876.246156931,0.000000000
4366,1710255876.296156645,cam0/1710255876.296156609.jpg,5575,1710255876.296156645,0.000000000
4367,1710255876.346156120,cam0/1710255876.346156109.jpg,5576,1710255876.346156120,0.000000000
4368,1710255876.396155596,cam0/1710255876.396155709.jpg,5577,1710255876.396155596,0.000000000
4369,1710255876.446155310,cam0/1710255876.446155209.jpg,5578,1710255876.446155310,0.000000000
4370,1710255876.496154785,cam0/1710255876.496154809.jpg,5579,1710255876.496154785,0.000000000
4371,1710255876.546154261,cam0/1710255876.546154309.jpg,5580,1710255876.546154261,0.000000000
4372,1710255876.596153736,cam0/1710255876.596153809.jpg,5581,1710255876.596153736,0.000000000
4373,1710255876.646153450,cam0/1710255876.646153409.jpg,5582,1710255876.646153450,0.000000000
4374,1710255876.696152925,cam0/1710255876.696153009.jpg,5583,1710255876.696152925,0.000000000
4375,1710255876.746152639,cam0/1710255876.746152609.jpg,5584,1710255876.746152639,0.000000000
4376,1710255876.796152115,cam0/1710255876.796152109.jpg,5585,1710255876.796152115,0.000000000
4377,1710255876.846151590,cam0/1710255876.846151709.jpg,5586,1710255876.846151590,0.000000000
4378,1710255876.896151304,cam0/1710255876.896151209.jpg,5587,1710255876.896151304,0.000000000
4379,1710255876.946150780,cam0/1710255876.946150809.jpg,5588,1710255876.946150780,0.000000000
4380,1710255876.996150255,cam0/1710255876.996150309.jpg,5590,1710255876.996150255,0.000000000
4381,1710255877.046149969,cam0/1710255877.046149909.jpg,5591,1710255877.046149969,0.000000000
4382,1710255877.096149445,cam0/1710255877.096149409.jpg,5592,1710255877.096149445,0.000000000
4383,1710255877.146148920,cam0/1710255877.146149009.jpg,5593,1710255877.146148920,0.000000000
4384,1710255877.196148634,cam0/1710255877.196148609.jpg,5594,1710255877.196148634,0.000000000
4385,1710255877.246148109,cam0/1710255877.246148109.jpg,5595,1710255877.246148109,0.000000000
4386,1710255877.296147823,cam0/1710255877.296147709.jpg,5596,1710255877.296147823,0.000000000
4387,1710255877.346147299,cam0/1710255877.346147209.jpg,5597,1710255877.346147299,0.000000000
4388,1710255877.396146774,cam0/1710255877.396146809.jpg,5598,1710255877.396146774,0.000000000
4389,1710255877.446146250,cam0/1710255877.446146309.jpg,5599,1710255877.446146250,0.000000000
4390,1710255877.496145964,cam0/1710255877.496145909.jpg,5600,1710255877.496145964,0.000000000
4391,1710255877.546145439,cam0/1710255877.546145409.jpg,5601,1710255877.546145439,0.000000000
4392,1710255877.596144915,cam0/1710255877.596145009.jpg,5602,1710255877.596144915,0.000000000
4393,1710255877.646144390,cam0/1710255877.646144509.jpg,5603,1710255877.646144390,0.000000000
4394,1710255877.696144104,cam0/1710255877.696144209.jpg,5604,1710255877.696144104,0.000000000
4395,1710255877.746143818,cam0/1710255877.746143709.jpg,5605,1710255877.746143818,0.000000000
4396,1710255877.796143293,cam0/1710255877.796143209.jpg,5606,1710255877.796143293,0.000000000
4397,1710255877.846142769,cam0/1710255877.846142809.jpg,5607,1710255877.846142769,0.000000000
4398,1710255877.896142244,cam0/1710255877.896142309.jpg,5608,1710255877.896142244,0.000000000
4399,1710255877.946141958,cam0/1710255877.946141909.jpg,5609,1710255877.946141958,0.000000000
4400,1710255877.996141434,cam0/1710255877.996141409.jpg,5610,1710255877.996141434,0.000000000
4401,1710255878.046140909,cam0/1710255878.046141009.jpg,5611,1710255878.046140909,0.000000000
4402,1710255878.096140623,cam0/1710255878.096140509.jpg,5612,1710255878.096140623,0.000000000
4403,1710255878.146140099,cam0/1710255878.146140109.jpg,5613,1710255878.146140099,0.000000000
4404,1710255878.196139812,cam0/1710255878.196139709.jpg,5614,1710255878.196139812,0.000000000
4405,1710255878.246139288,cam0/1710255878.246139309.jpg,5615,1710255878.246139288,0.000000000
4406,1710255878.296138763,cam0/1710255878.296138809.jpg,5616,1710255878.296138763,0.000000000
4407,1710255878.346138477,cam0/1710255878.346138409.jpg,5617,1710255878.346138477,0.000000000
4408,1710255878.396137953,cam0/1710255878.396137909.jpg,5618,1710255878.396137953,0.000000000
4409,1710255878.446137428,cam0/1710255878.446137409.jpg,5619,1710255878.446137428,0.000000000
4410,1710255878.496136904,cam0/1710255878.496137009.jpg,5620,1710255878.496136904,0.000000000
4411,1710255878.546136618,cam0/1710255878.546136509.jpg,5621,1710255878.546136618,0.000000000
4412,1710255878.596136093,cam0/1710255878.596136109.jpg,5622,1710255878.596136093,0.000000000
4413,1710255878.646135569,cam0/1710255878.646135609.jpg,5623,1710255878.646135569,0.000000000
4414,1710255878.696135283,cam0/1710255878.696135309.jpg,5624,1710255878.696135283,0.000000000
